Image,Question,Answer,Predict
ff557f4ea977d3a,What color is the top of the enchiladas,golden-brown,golden brown
ff557f4ea977d3a,What type of dish is positioned on the left side of the plate,enchiladas,savory pie
ff557f4ea977d3a,What color is the filling of the enchiladas,white,light color
ff557f4ea977d3a,Where are the enchiladas located on the plate,on the left side,on the plate
ff557f4ea977d3a,What vegetable is scattered on top of the lettuce,tomatoes,diced tomatoes
5c89583c7d79eac,What color is the baking dish,white,white
5c89583c7d79eac,What has happened to the vegan cheese on top of the bake,melted,has melted
5c89583c7d79eac,What is the vegan cheese doing to the bake,covering,melting
5c89583c7d79eac,What color are the avocado slices,green,light green
5c89583c7d79eac,Where are the sliced olives placed on the bake,across the bake,top of the bake
ec8d556e427215f,What color is the chicken,golden-brown,golden brown
ec8d556e427215f,What type of meat is used in the fajitas,chicken,chicken
ec8d556e427215f,What color is the shredded cheese,yellow,yellow
ec8d556e427215f,Where is the sour cream located,on a plate,left side of plate
4540be4f1b7483a,What color is the cilantro,green,green
4540be4f1b7483a,What herb is shown at the top left of the image,cilantro,cilantro
4540be4f1b7483a,What color is the bowl filled with pico de gallo,yellow,yellow
4540be4f1b7483a,What type of meat is included in the fajita mix,chicken,chicken
4540be4f1b7483a,Where is the fajita mix arranged,on a sheet pan,baking sheet
5466136e2c0ad7d,What type of meat is used in the fajitas,chicken,grilled chicken
5466136e2c0ad7d,What color are the bell peppers,green,red and yellow
5466136e2c0ad7d,Where is the guacamole located,atop the fajita filling,on top
04bc6b3e8a8aea0,What color are the Mahi Mahi pieces,golden-brown,golden brown
04bc6b3e8a8aea0,What type of fish is used in the fajitas,mahi mahi,chicken
04bc6b3e8a8aea0,What color are the sliced bell peppers,red,red and yellow
04bc6b3e8a8aea0,Where are the Mahi Mahi pieces placed,throughout the center,on top
04bc6b3e8a8aea0,What color are the sliced onions,white,golden color
706203205f79559,What is the main protein in the fajitas,steak,beef
706203205f79559,What color is the sliced steak,brownish-red,brown
706203205f79559,Where are the fajitas placed,on the plate,green plate
0fd4b82e0e33a45,What type of vegetables are mixed with the red peppers,mushrooms,asparagus
0fd4b82e0e33a45,What color is the tortilla used for the fajitas,beige,white
a1db7c4c3f6057d,What color are the falafels,golden-brown,golden brown
a1db7c4c3f6057d,What type of food is shown in the image,falafels,fish cakes
a1db7c4c3f6057d,What color is the lemon,yellow,yellow
a1b92188972141f,What color are the farro grains,brown,light brown
a1b92188972141f,What type of ingredient is dark brown and interspersed with the farro,mushrooms,mushrooms
a1b92188972141f,What color is the cilantro sprig,green,green
a1b92188972141f,Where is the cilantro sprig positioned,on top of,top of rice
649f26370757a85,Is the dish suitable for vegetarians,yes,yes
649f26370757a85,What is the main grain used in the skillet,farro,rice
649f26370757a85,What color is the bowl used to serve the dish,orange,orange
649f26370757a85,Where are the black beans located in the dish,throughout,in the dish
649f26370757a85,What vegetable with green skin is mixed within the farro,zucchini,zucchini
1182fb165965c24,What material are the jars made of,glass,glass
1182fb165965c24,What color is the fennel,yellow,green
1182fb165965c24,Where is the fennel contained,contained within,in jars
1182fb165965c24,How are the jars sealed,sealed,fabric lids
1182fb165965c24,What color is the cloth on the jars,red,red and white
dc82292cc9b95bb,What are the rectangular golden-brown items on the plate,feta fingers,pastries
dc82292cc9b95bb,What color are the feta fingers,golden,golden-brown
dc82292cc9b95bb,What color is the dotted pattern on the plate,blue,blue
c21c69d14faa792,What type of dish is shown in the image,salad,salad
c21c69d14faa792,What color is the bowl holding the salad,yellow,yellow
c21c69d14faa792,What color are the chicken pieces in the salad,white,white
c0975f297eda584,What does the fettuccine do in the frame,fills,part of a dish
c0975f297eda584,What type of pasta is shown,fettuccine,spaghetti
c0975f297eda584,What is the texture of the sauce,creamy,smooth and creamy
c0975f297eda584,What is scattered on top of the pasta,cheese,grated cheese
c0975f297eda584,Where are the thin strands of cheese located,on top of,top of the pasta
4a760002afb43b8,What is the color of the base of the dish,white,white
4a760002afb43b8,Where is the fettuccine located in the dish,located throughout,mixed with asparagus
4a760002afb43b8,What type of meat is scattered on top of the pasta,chicken,chicken
4a760002afb43b8,What color are the slightly browned areas on the chicken,asparagus,golden-brown
614c5dee532b78e,What color are the figs,purple,dark purple to black
614c5dee532b78e,What type of fruit is shown in the image,figs,dates
614c5dee532b78e,Where is the goat cheese placed,on top of,top of the dates
614c5dee532b78e,What is the texture of the goat cheese,creamy,crumbly and somewhat moist
614c5dee532b78e,How is the goat cheese distributed,scattered,on top
a31ea68b260d0c2,What color is the interior of the cut filet,pinkish-red,deep red
a31ea68b260d0c2,What type of meat is shown in the image,filet,beef
a31ea68b260d0c2,What color is the seared exterior of the filets,brown,dark brown
a31ea68b260d0c2,Where are the filets placed,on a plate,white plate
a31ea68b260d0c2,How is the exterior of the filets described,seared,well-seared crust
260ac1e7d31775e,What color is the plate,blue,dark blue
260ac1e7d31775e,What type of food is being served,fish,whitefish
260ac1e7d31775e,What herb is scattered on the fish,dill,dill
260ac1e7d31775e,What color is the fish generally,white,white
395a4e305e40a37,What flavor is the fish,lemony,smoky warm
395a4e305e40a37,What type of food is shown in the image,fish,savory pastry
395a4e305e40a37,What color is the plate,orange,orange
395a4e305e40a37,Where is the fish placed,on plate,on a plate
395a4e305e40a37,What color are the herbs on the fish,green,green
a5b87a311528eb8,What color is the plate,yellow,white
a5b87a311528eb8,What type of food is in the center of the plate,fish,whole fish
a5b87a311528eb8,What color is the fish,golden-brown,reddish-orange
a5b87a311528eb8,Where is the fish located,on a plate,on a plate
a5b87a311528eb8,What color are the scallions on the fish,green,green
ce3a724e27e8f9f,What color is the fish,white,light color
ce3a724e27e8f9f,What is the main ingredient in the dish,fish,rice
ce3a724e27e8f9f,What color is the sauce on top of the fish,brown,brown
ce3a724e27e8f9f,Where is the ginger placed,on top of,on top of fish
ce3a724e27e8f9f,What color are the scallions on top of the fish,green,green
27bc4f71b275ae7,What is in the clear glass,drink,beer or frothy drink
27bc4f71b275ae7,What color is the foam on the drink,white,white
27bc4f71b275ae7,What color are the patterns on top of the foam,reddish-orange,orange
27bc4f71b275ae7,Where are the reddish-orange patterns located,on top of,on the surface
c3720ab16e601cc,What is the texture of the flan's top surface,shiny,smooth and shiny
c3720ab16e601cc,What type of dessert is shown in the image,flan,flan
c3720ab16e601cc,What color is the plate,white,white
c3720ab16e601cc,What color is the surface on top of the flan,caramel-colored,caramel-colored
8988bdd592b7b2b,What type of meat is scattered on the flatbread,chicken,chicken
8988bdd592b7b2b,How is the teriyaki sauce applied over the toppings,drizzled,spread over the toppings
8988bdd592b7b2b,What is the color of the onions on the flatbread,purple,purple
a04609d90ed6c41,What color is the pineapple in the dish,yellow,yellow
a04609d90ed6c41,How is the pineapple prepared in the dish,diced,diced into small pieces
a04609d90ed6c41,What fruit is used in the dish,pineapple,pineapple
a04609d90ed6c41,What is the texture of the overall mixture,moist,soft and moist
a04609d90ed6c41,How are the bread and pineapple pieces distributed in the dish,throughout the dish,evenly throughout
df836fe70475d5d,What type of container is the Cranberry Fluff served in,glass,glass serving bowl
df836fe70475d5d,How full is the bowl with the Cranberry Fluff,filling,to the brim
df836fe70475d5d,What fruit pieces are visible in the Cranberry Fluff,cranberries,cranberries
df836fe70475d5d,What fruit halves are prominently visible on the right side of the mound,grapes,cranberries
df836fe70475d5d,Where is the Cranberry Fluff mounded to,to the brim,glass bowl
93caec07215ba61,What color is the interior of the focaccia,yellow,light
93caec07215ba61,What type of bread is shown in the image,focaccia,focaccia bread
93caec07215ba61,What color is the basil on top of the focaccia,green,green
93caec07215ba61,What material is the surface the focaccia is resting on,wooden,wooden surface
82927363da2288b,What color is the fondue in the bowl,yellow,yellow
82927363da2288b,What is the fondue contained in,bowl,a bowl
82927363da2288b,What is the state of the bread's crust,toasted,browned and crispy
82927363da2288b,What color is the crust of the bread,golden-brown,golden brown
82927363da2288b,Where is the fondue dripping from,down from,piece of bread
2d2938a660f6b1d,What color are the pretzel rings,brown,light brown
2d2938a660f6b1d,What type of food item is drizzled with white chocolate,pretzel,cereal mix
82c11793c3b8518,What color is the dessert,brown,brown
82c11793c3b8518,What type of food is shown in the image,dessert,cake or bread
82c11793c3b8518,What shape are the desserts,rectangular,square-shaped
f189044f1aaf168,What color are the slivered almonds on the candies,brown,light beige
f189044f1aaf168,What type of nuts are scattered on the candies,almonds,almond slices
f189044f1aaf168,How are the almonds positioned on the candies,scattered,unevenly distributed
ff63f9d9e982d84,What color is the baking dish,white,white
ff63f9d9e982d84,What type of dish is the Frito Pie Casserole in,casserole,baking dish
ff63f9d9e982d84,How are the chopped green onions arranged on top of the chips,scattered,sprinkled evenly
ff63f9d9e982d84,What color is the mixture underneath the chips,reddish-brown,orange
ff63f9d9e982d84,Where is the layer of Frito chips located,on top,on top
c1995791b9f2571,What color is the pan,black,black
c1995791b9f2571,What color is the base of the frittata,yellow,light yellow
c1995791b9f2571,How are the green herbs distributed in the frittata,scattered,distributed evenly
c1995791b9f2571,What are the bright red slices arranged in the center,tomatoes,tomatoes
c1995791b9f2571,Where are the slices of tomatoes located,in a black pan,top of the dish
76f8eb55a8ddb4a,What color is the frittata primarily,yellow,yellow
76f8eb55a8ddb4a,What vegetable is visible in the frittata,broccoli,broccoli
76f8eb55a8ddb4a,What is the overall tone of the frittata's color,light,light yellow
76f8eb55a8ddb4a,What type of cheese is visible in the frittata,cheddar,mozzarella or cheddar
3fd383827ec0643,What color are the crab fritters,brown,brown
3fd383827ec0643,How are the crab fritters arranged on the plate,clustered,clustered
3fd383827ec0643,What is the food served on,plate,decorative plate
3fd383827ec0643,What color are the lemon wedges,yellow,yellow
3fd383827ec0643,Where are the lemon wedges located,on the left,left side of plate
8fb828778ec290d,What color is the larger fritter,golden-brown,golden brown
8fb828778ec290d,What type of food is on the plate,fritter,potato pancake
8fb828778ec290d,How does the texture of the fritter appear around the edges,crispy,crispy and golden-brown
8fb828778ec290d,What color is the plate,white,white
90566bb352454ee,What is the flavor of the frosting on the stack,chocolate,chocolate
90566bb352454ee,What is the arrangement of the chocolate-frosted items,stack,in a stack
90566bb352454ee,What color is the chocolate frosting,brown,dark brown
90566bb352454ee,Where is the stack of chocolate-frosted items placed,on a plate,on a plate
a238a1570e7fe42,What is the shape of the frosting,swirled,swirl
a238a1570e7fe42,What color is the frosting,pink,pink
a238a1570e7fe42,What is the dessert in the image,cupcake,cupcake
a238a1570e7fe42,What fruit is in the frosting,cherry,raspberries
a238a1570e7fe42,Where is the frosting located,on top of,on top
d5e6b885904e072,What are the containers holding the frosting,bowls,metal bowls
0de51666d9bbd9c,What does the frosting evenly do to the cake,coats,covers the cake
0de51666d9bbd9c,What is the dessert in the image,cake,chocolate cake
0de51666d9bbd9c,What color is the frosting,brown,brown
0de51666d9bbd9c,Where is the cake placed,on the plate,on a plate
97145150b1c3a0a,What color is the plate,blue,light blue
97145150b1c3a0a,What type of dish are shown in the image,fries,loaded fries
97145150b1c3a0a,What color is the melted cheese,orange,yellow
97145150b1c3a0a,Where is the melted cheese located,on top of,on top of fries
a88c7dd881219e4,What color are the French fries in the casserole,yellow,golden brown
a88c7dd881219e4,What type of dish is the food in the image,casserole,baked pasta casserole
17b989adaf9150e,What color is the plate,white,white
17b989adaf9150e,What type of food is described as golden-brown,fries,calzones
17b989adaf9150e,What color are some of the fillings,golden-brown,reddish-orange
17b989adaf9150e,What color are some of the other fillings,orange,reddish
17b989adaf9150e,Where are the green spices sprinkled,on top of,on top
a9c7fa28ed37744,What is the primary color of the fries,yellow,golden brown
a9c7fa28ed37744,What vegetable are the fries made from,potato,potatoes
a9c7fa28ed37744,What color is the skin on some of the fries,reddish-brown,brown
a9c7fa28ed37744,Where are the fries placed,on a plate,on a plate
892b050aed75a1b,What is the primary color of the sweet potato fries,yellow,orange
892b050aed75a1b,What type of food is shown in the image,fries,sweet potato fries
892b050aed75a1b,What is the appearance of the edges of some fries,charred,browned
892b050aed75a1b,Where are the fries arranged on the plate,in the center,somewhat scattered manner
892b050aed75a1b,What color is the napkin under the plate,blue,blue
07cf1edcce84e68,What is the base color of the fudge,white,white
07cf1edcce84e68,What type of food is shown in the image,fudge,fudge or chocolate bark
07cf1edcce84e68,What color are the cranberries in the fudge,red,red
07cf1edcce84e68,What type of nuts are in the fudge,walnuts,walnuts
bf0ab2726eb40b3,What color is the fudge,brown,light brown
bf0ab2726eb40b3,What type of dessert is shown,fudge,fudge
bf0ab2726eb40b3,Where is the fudge located in the image,on the left,center of the image
bf0ab2726eb40b3,What does the surface of the fudge have,sheen,smooth texture
34f562a43a24940,What color is the crust of the galette,golden-brown,golden brown
34f562a43a24940,What color are the cherry tomatoes,red,red
34f562a43a24940,Where are the basil leaves located on the galette,atop the galette,on the galette
34f562a43a24940,What color are the basil leaves,green,green
599a7d7530ff76b,What color is the surface of the Galette des Rois,golden-brown,golden brown
599a7d7530ff76b,What type of food is the Galette des Rois,pastry,french pastry
599a7d7530ff76b,What color is the powdered sugar on the Galette des Rois,white,white
599a7d7530ff76b,How is the powdered sugar distributed on the Galette des Rois,sprinkled,light dusting
5b46052cbc1ded8,What fruit is red and placed towards the top and center,strawberry,strawberries
5b46052cbc1ded8,What color is the crust of the galette,golden-brown,golden brown
5b46052cbc1ded8,What fruit is dark blue and nestled among the strawberry slices,blueberries,blueberry
5b46052cbc1ded8,Where are the strawberry slices placed,towards the top,on top
fb707f2c874780c,What is the color of the outer layers of the garlic,tan,light brown
fb707f2c874780c,What is the main ingredient in the image,garlic,garlic
fb707f2c874780c,What is the color of the exposed cloves of garlic,yellow,golden-brown
fb707f2c874780c,What is the color of the foil surrounding the garlic,silver,silver
014f5ece7199f30,What color is the lemon-lime soda gelatin salad,green,green
014f5ece7199f30,What type of dish is the lemon-lime soda gelatin salad,dessert,gelatin salad
014f5ece7199f30,What is the texture of the lemon-lime soda gelatin salad like,gelatin,smooth and creamy
014f5ece7199f30,What is the overall impression of the lemon-lime soda gelatin salad,creamy,unique and interesting dish
3920c6be53a6f6c,What color is the chicken,golden-brown,brown
3920c6be53a6f6c,What is the chicken served in,bowl,a bowl
3920c6be53a6f6c,How is the chicken arranged,sliced,on top of rice
3920c6be53a6f6c,What color are the garnishes on the chicken,green,green
3920c6be53a6f6c,Where is the chicken placed in relation to the rice,on top of,on top
a3729bd13d1a3ce,"What ingredient adds a warm, spicy flavor to the dish",ginger,seasoning or sauce
a3729bd13d1a3ce,What is the main protein in the dish,chicken,chicken
a3729bd13d1a3ce,What color is the plate,white,white
a3729bd13d1a3ce,Where is the stir-fry placed,on a plate,on a white rectangular plate
a3729bd13d1a3ce,What color are the bell pepper slices primarily located on the left side of the plate,red,red
00e593048406ff1,What is the color of the ginger syrup,translucent,light yellowish hue
00e593048406ff1,What is the syrup contained in,jar,glass jar
00e593048406ff1,What color is the ginger syrup,amber,light yellowish
00e593048406ff1,Where is the jar positioned in the image,in the center,center of the image
fea12437470c358,What color is the crust of the treats,yellow,golden yellow
fea12437470c358,What type of treats are shown in the image,gingerbread,pastries
fea12437470c358,What is on top of the gingerbread treats,chocolate,heart-shaped decoration
fea12437470c358,What color is the plate,beige,beige
e54f96ac6dd17b3,What color is the gingerbread house,brown,brown
e54f96ac6dd17b3,Is the gingerbread house shaped like a house,yes,yes
e54f96ac6dd17b3,What color is the icing on the roof,white,white
e54f96ac6dd17b3,What shape is formed by the light blue and pink candies,flower,flower shape
a39e3415ded2a21,What color are the dots on the tan gingerbread figure in the left center,green,red
a39e3415ded2a21,Where is the dark brown gingerbread man with green icing located,on top,top left corner
59f3fdd700719ff,What type of cookies are on the plate,gingerbread cookies,gingerbread or molasses
59f3fdd700719ff,What color are the gingerbread cookies,brown,brown
59f3fdd700719ff,Where is the glass situated,on a plate,on a plate
40731821312df84,What is the color of the vanilla glaze,beige,creamy white
40731821312df84,What type of baked goods are shown in the image,cookies,oatmeal cookies
40731821312df84,How are the cookies arranged,stacked,stacked on top
40731821312df84,Where is the glaze spread on the cookies,on top of,top of each cookie
e2f346240095e65,What color is the bowl the soup is served in,white,white
e2f346240095e65,What color is the soup base,yellow,light yellow
e2f346240095e65,What meat is scattered throughout the soup,bacon,bacon
e2f346240095e65,Where are the chopped green onions placed,on top,on top
bb9b1c1288afbc7,What type of pasta is pale yellow and scattered on the plate,gnocchi,gnocchi
bb9b1c1288afbc7,What seafood is distributed around the center and left side of the plate,shrimp,shrimp
bb9b1c1288afbc7,What color are the asparagus spears,green,green
f72def05a510d0d,What color is the chicken sausage,brownish-red,light brown
f72def05a510d0d,What type of dumplings are in the dish,gnocchi,gnocchi
f72def05a510d0d,What color are the broccoli florets,green,green
f72def05a510d0d,Where are the food items located,on a plate,in a bowl
0596db289a95c00,What color is the rotini pasta,yellow,light beige
0596db289a95c00,What type of food is the rotini,pasta,pasta dish
0596db289a95c00,What color is the tomato-based sauce,red,red
0596db289a95c00,Where is the sprig of parsley placed,on top of,top of pasta
0596db289a95c00,What color is the sprig of parsley,green,green
24e93d74ec63682,What color is the macaroni in the Goulash Supreme,orange-brown,not visible
24e93d74ec63682,What type of pasta is used in the Goulash Supreme,macaroni,small pasta shapes
24e93d74ec63682,How are the macaroni pieces arranged in the bowl,scattered,interspersed throughout the dish
24e93d74ec63682,What color are the diced tomatoes in the Goulash Supreme,red,red
24e93d74ec63682,Where is the green sprig of parsley located,at the top,top right corner
4fe57bd9df72e3f,How is the ground beef arranged in the bowl,scattered,on top of vegetables
4fe57bd9df72e3f,What type of meat is used in the dish,beef,ground meat
4fe57bd9df72e3f,What color are the potatoes,yellow,light yellow
4fe57bd9df72e3f,What color are the carrots,orange,orange
ba01bc8f6481ce0,What color are the specks of lemon zest in the granita,yellow,yellow
ba01bc8f6481ce0,What fruit is used to flavor the granita,lemon,lemon
ba01bc8f6481ce0,What material is the granita served in,glass,clear glass
e26db2540b79be7,What fruit is used to make the granita,watermelon,watermelon
e26db2540b79be7,What is placed on top of the granita,mint,sprig of mint
56f2be6ebb5a498,What color is the granola,brown,light brown
56f2be6ebb5a498,What type of food is shown in the image,granola,granola
56f2be6ebb5a498,What color are the cranberries in the granola,red,red
1de8bda867af12d,What is the primary color of the granola,brown,golden-brown
1de8bda867af12d,What type of food is being described,granola,granola
1de8bda867af12d,What color are the cranberries in the granola,red,red
1de8bda867af12d,How are the coconut flakes distributed in the granola,scattered,evenly mixed into granola
1de8bda867af12d,Where are the almonds located in the granola,in the mixture,in the granola
c8325a55672f711,What is the color of the creamy sauce,yellow,pale yellow
c8325a55672f711,What is the main ingredient in the dish,potatoes,cheese
c8325a55672f711,What color are the potato slices,yellow,golden-brown
c8325a55672f711,Where are the potatoes placed,in a baking dish,on top of dish
6469a613547241c,What color is the dish,yellow,blue
6469a613547241c,What type of container holds the scallops,dish,a bowl
6469a613547241c,What color are the scallops,white,white
6469a613547241c,What is the color of the sauce surrounding the scallops,yellow,yellow
6469a613547241c,Where is the dish positioned in the frame,in the lower center,lower part
8659c8bf322c959,What is the size of the ham pieces,diced,small cubes
8659c8bf322c959,What type of seafood is in the bowl,shrimp,shrimp
f8f3ab847fbd98e,What color are the carrot pieces,orange,orange
f8f3ab847fbd98e,What is the main liquid in the pot,broth,a broth
f8f3ab847fbd98e,Where are the carrots and celery positioned,on the left,in a pot
37efc4acb95a4cc,What is the food served in,bowl,a bowl
37efc4acb95a4cc,What color is the lemon wedge,lemon,yellow
37efc4acb95a4cc,What color is the lemon wedge,yellow,yellow
37efc4acb95a4cc,Where is the lemon wedge placed in the bowl,on the left side,left side
768d83ac0f75f2c,How are the chicken pieces arranged in the dish,scattered,around a mound
768d83ac0f75f2c,What color is the sauce in the gumbo,brown,dark brown
768d83ac0f75f2c,What type of meat is included in the gumbo besides sausage,chicken,pork
768d83ac0f75f2c,What type of meat is included in the gumbo besides chicken,sausage,sausage
57fcd575d52b6f1,What color is the pita bread,beige,light beige
57fcd575d52b6f1,What type of food is shown in the image,gyros,falafel wrap
57fcd575d52b6f1,What color is the gyro meat,brown,brown
57fcd575d52b6f1,Where are the gyros mostly arranged in the image,on the left side,on a plate
57fcd575d52b6f1,What color are the lettuce leaves,green,green
501fae196787866,What is the texture of the panko crust,crispy,crispy
501fae196787866,What type of fish is shown in the image,halibut,cod
501fae196787866,What color is the halibut,white,white
501fae196787866,What color are the beans,green,green
501fae196787866,Where is the crispy panko crust located,on top,on the fish fillet
ef1a71508ed5873,What color is the crust of the halibut,beige,golden brown
ef1a71508ed5873,What type of fish is being served,halibut,fish fillets
ef1a71508ed5873,What color is the broccoli,green,green
ef1a71508ed5873,What is the broccoli located on,on the right,a plate
8a148819c0cb4f0,What color are the halloumi pieces after frying,golden-brown,golden-brown
8a148819c0cb4f0,What type of cheese is being fried,halloumi,halloumi
8a148819c0cb4f0,What color is the plate,gray,gray
8a148819c0cb4f0,Where is the lemon slice positioned on the plate,on the left,left side
8a148819c0cb4f0,What color is the lemon slice,yellow,yellow
d0a17cef7c0faf3,What fruit is visible on the surface of the ham,apricot,cannot confirm fruit
d0a17cef7c0faf3,What color is the exterior of the ham,reddish-brown,brown
d0a17cef7c0faf3,What is next to the ham in the upper right quadrant of the plate,bowl,brown sauce
d0a17cef7c0faf3,Where is the bowl of brown sugar sauce located,in the upper right,top right corner
5d818c429496351,What color is the ham,pink,light pinkish-brown
5d818c429496351,What type of meat is shown in the image,ham,ham
cc1e04c85b3b6fb,What color is the ham inside the sandwich,pink,pink
cc1e04c85b3b6fb,What is the main food item in the image,sandwich,sandwich
cc1e04c85b3b6fb,What color are the pickle slices,green,green
cc1e04c85b3b6fb,Where are the food items placed,on a plate,white plate
cc1e04c85b3b6fb,What color are the edges of the pickle slices,green,darker green
1c1452434772ef5,What is the primary color of the ham slices,pink,pink
1c1452434772ef5,What type of meat is shown in the image,ham,ham
1c1452434772ef5,What is the appearance of the edges of some ham slices,caramelized,slightly charred or burnt
1c1452434772ef5,Where are the ham slices layered,layered on,on top of greens
1c1452434772ef5,What is the ham layered on top of,lettuce,mixed salad greens
b397bd5d4937bfb,What is the main vegetable in the hash,potato,sweet potato
b397bd5d4937bfb,What color are the cubed sweet potatoes,orange,orange
b397bd5d4937bfb,Where are the sprigs of dill located,throughout,on the plate
b397bd5d4937bfb,What color is the yolk of the fried egg,yellow,yellow
8ba0dca8f0c3725,What color is the Texas Hash,brownish,yellow and brown
8ba0dca8f0c3725,What is the food served on,plate,white plate
8ba0dca8f0c3725,What color is the melted cheese,yellow,golden yellow
8ba0dca8f0c3725,Where are the scallions placed,sprinkled on top,on top
8ba0dca8f0c3725,What color is the plate,white,white
7e60dd9c05f81e5,What color are the sweet potato cubes,orange,orange
7e60dd9c05f81e5,What type of vegetable is used in the hash,potato,diced potatoes
7e60dd9c05f81e5,How is the egg prepared,fried,over easy
7e60dd9c05f81e5,Where is the fried egg placed,on top of,top of pile
7e60dd9c05f81e5,What is the red-colored item in front of the potatoes,bacon,bacon
bae167eccbe36fa,What food item is shown in the image,hash browns,fried bread
bae167eccbe36fa,What color is the top of the top left hash brown,golden-brown,golden-brown
bae167eccbe36fa,Are the hash browns touching each other,yes,yes
bae167eccbe36fa,Where are the hash browns placed,on a plate,white plate
9b5b05482f16491,What color are the hash browns,golden-brown,golden brown
9b5b05482f16491,What are the hash browns served on,plate,brown plate
9b5b05482f16491,What color is the rim of the plate,orange,orange
9b5b05482f16491,What is sprinkled on the white creamy sauce,chives,green onions
71f29ccc1bb79d2,What color are the chicken hearts and mushrooms,brown,brown
71f29ccc1bb79d2,What type of meat is visible in the image,chicken,beef
71f29ccc1bb79d2,What color are the round objects in the upper right corner,yellow,yellow
71f29ccc1bb79d2,"Where are the pale yellow, round objects located in the image",in the upper right,in the background
6af6a4433e4a0c7,What color is the top of the Cornish Game Hen,golden-brown,golden brown
6af6a4433e4a0c7,What type of bird is shown in the image,hen,roasted chicken
6af6a4433e4a0c7,What color are the darker grains in the rice stuffing,brown,shades of brown
6af6a4433e4a0c7,Where is the Cornish Game Hen positioned in the image,at the top left,upper portion of plate
4e8597ee35c2dfd,What type of food is in the bowl,salad,salad
4e8597ee35c2dfd,What colors are present in the salad dressing,green-white,white or light green
4e8597ee35c2dfd,Where is the dressing drizzled,over the salad leaves,over the salad
4e8597ee35c2dfd,What vegetable pieces are in the salad,tomatoes,tomatoes and lettuce
00bf2bb6e5a159a,What type of beans are clustered on top of the hummus,edamame,edamame
00bf2bb6e5a159a,What is the base of the dish made of,hummus,creamy substance
00bf2bb6e5a159a,What color are the small seeds scattered on the hummus,black,black
00bf2bb6e5a159a,Where are the edamame beans located,on top of,center of the bowl
b3642208c36c1c0,What is the color of the hummus,yellow,light beige
b3642208c36c1c0,What is the dip in the bowl,hummus,hummus
b3642208c36c1c0,Where are the crackers placed in relation to the hummus,submerged,on the edge
b3642208c36c1c0,What is served alongside the hummus,crackers,toasted bread
b3642208c36c1c0,Where are the crackers positioned in the bowl,on the right,side of the bowl
1d926823e55a19f,What is the hummus served in,bowl,white bowl
1d926823e55a19f,What color is the hummus,brownish-green,light greenish-brown
1d926823e55a19f,Where is the bowl situated in the image,towards the top left,top left
3c4a5088c3151a4,What color is the hummus,beige,white
3c4a5088c3151a4,What is the name of the food in the bowl,hummus,hummus
3c4a5088c3151a4,What color is the oil in the center of the hummus,yellow,yellow
3c4a5088c3151a4,What is arranged around the rim of the bowl,tomatoes,slices of tomatoes
3c4a5088c3151a4,What is dusted on the hummus,spices,reddish-brown spice
8ee85aedb5b644e,What color is the hummus,yellow-beige,light brown
8ee85aedb5b644e,What is the hummus served in,bowl,a bowl
8ee85aedb5b644e,What color are the carrots,orange,orange
8ee85aedb5b644e,What is the hummus served with,carrots,baby carrots
8ee85aedb5b644e,Where are the carrots placed,on the plate,in a bowl
3d48f6b7482aba6,What color is the jam in the jars,reddish-brown,red
3d48f6b7482aba6,What containers are used to hold the jam,jars,jars
3d48f6b7482aba6,Where are the jars positioned in the frame,in the center,in the foreground
bbf959f60d3b884,What color is the nectarine jam,orange,orange
bbf959f60d3b884,What are the jars made of,jars,glass
bbf959f60d3b884,What material are the lids made of,glass,metal
bbf959f60d3b884,Where are the jars primarily located,in the center,on a table
bbf959f60d3b884,What color is the background,pinkish-white,light color
f065b6f63d2d4a8,Where is the apricot jam located in the image,in the center,center of the image
f065b6f63d2d4a8,Which part of the image contains the jam,bottom half,center of the image
f065b6f63d2d4a8,What color is the apricot jam,orange,orange
f065b6f63d2d4a8,How would you describe the color of the jam,vibrant,orange
38ebbd7b792ff0d,What are the jars made of,glass,glass
38ebbd7b792ff0d,What fruit is used to make the jam,papaya,orange
38ebbd7b792ff0d,How would you describe the papaya used in the jam,fresh,orange hue
38ebbd7b792ff0d,Where are the jars placed,on a white cloth,on a red cloth
252b508f8033600,What color is the coffee jelly,dark brown,dark brown
252b508f8033600,What shape are the coffee jelly pieces,cubes,square-shaped
252b508f8033600,What color is the liquid surrounding the coffee jelly,beige,creamy white
252b508f8033600,How are the coffee jelly cubes distributed in the mugs,scattered,evenly spread across
465a36d85d1bf6d,What color is the jerky,black,dark brown
465a36d85d1bf6d,What color is the jerky described as,dark,black
465a36d85d1bf6d,How is the jerky arranged in the dish,stacked,single layer
465a36d85d1bf6d,What is the jerky placed in,dish,white ceramic dish
465a36d85d1bf6d,Where is the jerky pile located in the frame,in the center,center of the frame
02649a5833f44cd,What is the primary color of the beef jerky,brown,dark brown
02649a5833f44cd,What type of food is shown in the image,beef jerky,cooked meat
02649a5833f44cd,How are the beef jerky pieces arranged in the image,scattered,haphazardly piled
02649a5833f44cd,What color variation is seen in some of the beef jerky pieces,reddish-brown,reddish-brown
02649a5833f44cd,Where are the darkest pieces of beef jerky located,around the edges,throughout the image
f4559d130566a05,What color are the beef jerky pieces,brown,dark brown
f4559d130566a05,What type of food is shown in the image,beef jerky,dried beef
f4559d130566a05,How are the beef jerky pieces arranged,overlapping,overlapping manner
580723682f5811f,What color is the beef jerky,dark brown,brown
580723682f5811f,Where is the beef jerky located,located inside,glass jar
580723682f5811f,What is the beef jerky stored in,jar,mason jar
580723682f5811f,What is the jar doing on the table,sitting,decorative container
580723682f5811f,What is the table made of,wooden,wood
fa7d133f1e16b4d,What color is the filling of the pie,yellow-tan,light brown
fa7d133f1e16b4d,Where is the pie slice placed,plate,on a plate
fa7d133f1e16b4d,What color is the plate,white,white
fa7d133f1e16b4d,How does the surface of the pie filling appear,glazed,slightly glossy and smooth
331b51dc156ef8d,What is the name of the sandwich in the image,sloppy joe,pulled pork barbecue sandwich
331b51dc156ef8d,What color is the meat filling in the Sloppy Joe,reddish-brown,reddish-brown
331b51dc156ef8d,What color are the corn tortilla chips,yellow,yellowish-brown
331b51dc156ef8d,Where is the bottom bun located,on the bottom,base of the sandwich
a82943b9e36974d,What color is the top of the bun,golden-brown,light brown
a82943b9e36974d,What type of meat is in the filling,chicken,chicken
a82943b9e36974d,What color is the chicken filling,orange,light orange
a82943b9e36974d,Where are the jalapeño slices placed,on top,on top
a82943b9e36974d,What is clustered to the right of the Sloppy Joes,chips,potato chips
eb3061e9a1207ac,What color is the top bun,golden-brown,light brown
eb3061e9a1207ac,What is covering the Sloppy Joe filling,bun,green bell peppers
eb3061e9a1207ac,What color is the plate,gray,gray
eb3061e9a1207ac,Where is the filling spilling onto,on a plate,a plate
df79f56de740b5c,What color is the bun,tan,light brown
df79f56de740b5c,Is the food served on a bun,bun,yes
df79f56de740b5c,What color are the kidney beans,red,deep red
df79f56de740b5c,Where are the sesame seeds located,on top,on the bun
df79f56de740b5c,Are there diced carrots in the filling,diced,yes
1b262ba9f1f16d2,What color is the sesame seed juice,beige,light beige
1b262ba9f1f16d2,What type of drink is shown in the image,juice,milk
1b262ba9f1f16d2,Where is the sesame seed juice present,on the table,in the bottle
1b262ba9f1f16d2,What is the sesame seed juice served in,glass,a glass
1b262ba9f1f16d2,Where is the sesame seed juice located,in a glass,right side
199c11f14158f8f,How would you describe the color of the ginger juice at the bottom,vibrant,light brown or tan
199c11f14158f8f,What is the ginger juice served in,glass,wine glass
199c11f14158f8f,What color is the lemon twist,yellow,yellow
27446535c25c7fc,What fruit is used to make the stars,watermelon,watermelon
27446535c25c7fc,What color are the watermelon stars,pink,red
27446535c25c7fc,What fruit is strung together on the skewers,blueberries,watermelon
27446535c25c7fc,What color is the surface the kabobs are placed on,green surface,green
27446535c25c7fc,What holiday do these kabobs represent,4th of july,christmas
8046eb3f2ad1d80,What color is the soup broth,golden-brown,golden-brown
8046eb3f2ad1d80,How is the kale distributed in the soup,dispersed,evenly spread across
8046eb3f2ad1d80,What type of vegetable is deep green and present in the soup,kale,kale
8046eb3f2ad1d80,What is the soup served in,bowl,white bowl
72d522544722a3f,What color are most of the kale chips,green,green
72d522544722a3f,What type of food is shown in the image,chips,roasted kale
72d522544722a3f,What is holding the kale chips,bowl,a bowl
72d522544722a3f,Where is the bowl placed,on a wooden surface,on wooden surface
72d522544722a3f,What color are the edges of some of the kale chips,brownish,brown
c92064eed9436af,What color is the kale in the dish,dark green,green
c92064eed9436af,What type of vegetable is dark green and cooked in the dish,kale,spinach
c92064eed9436af,What color are the peppers in the dish,red,red
c92064eed9436af,Where is the wooden spoon located in the pan,on top of,in the pan
7a5730a599a537b,What is the overall appearance of the kebabs,colorful,colorful and appetizing
7a5730a599a537b,What type of dish is shown in the image,kebabs,shish kebab
7a5730a599a537b,What color are the beef pieces,red,brown
7a5730a599a537b,Where are the kebabs placed,on a plate,on a white plate
7a5730a599a537b,What fruit is included in the kebabs,pineapple,pineapple chunks
7c708793b814120,What color is the plate,white,white
7c708793b814120,What vegetable is shown in the image,kohlrabi,potato
7c708793b814120,How are the kohlrabi pieces placed on the plate,arranged,overlapping manner
7c708793b814120,What color are the roasted edges of the kohlrabi,brown,dark brown
7c708793b814120,Where are the kohlrabi pieces arranged,on a plate,on a plate
dfaa2fddbcc3ce6,What color is the serving dish,yellow,black
dfaa2fddbcc3ce6,What type of food is the kugel made of,noodles,fried potato slices
dfaa2fddbcc3ce6,What color are the noodles in the kugel,yellow,light yellow
dfaa2fddbcc3ce6,Where are the flecks of green parsley scattered,on the top,on top of pasta
0d03349d96e42ba,What is the dominant color of the Kugel,golden-yellow,golden brown
0d03349d96e42ba,What process is the Kugel undergoing in the dish,baking,baking process
0d03349d96e42ba,What is sprinkled on the surface of the Kugel,sprinkling,reddish-brown spice
0d03349d96e42ba,What is the main ingredient visible throughout the Kugel,noodles,pasta
0d03349d96e42ba,What color are the darker elements interspersed throughout the Kugel,brown,brownish-orange
e2f49a9c9cea5ea,What color is the lamb,brown,brown
e2f49a9c9cea5ea,What type of meat is centrally located in the image,lamb,roast pork
e2f49a9c9cea5ea,Where is the lamb nestled,in the center,in a pan
ef59e3403eff7c8,What is the color of the broth in the stew,reddish-brown,red
ef59e3403eff7c8,What type of dish is the lamb being cooked in,stew,stew
ef59e3403eff7c8,What does the broth do to the spaces between the solid ingredients,fills,fills and surrounds spaces
ef59e3403eff7c8,What is the color of the bowl containing the stew,white,white
ef59e3403eff7c8,Where are the lamb pieces located in the stew,throughout the stew,in the stew
cba8c4178e2f10e,What color is the plate the lamb shanks are served on,white,white
cba8c4178e2f10e,What type of meat is featured in the dish,lamb,lamb
cba8c4178e2f10e,What color is the lamb shank,brown,brown
cba8c4178e2f10e,Where are the diced carrots located,scattered around,on the plate
d1f69026ce3c901,What type of meat is shown in the image,lamb,steak or roast
d1f69026ce3c901,What does the color of the lamb shank exhibit,gradient,dark brown and charred
d1f69026ce3c901,What color is the sauce surrounding the lamb shanks,brown,brown
d1f69026ce3c901,What are the translucent pieces in the sauce,onions,onions
d1f69026ce3c901,How are the onions described in the image,cooked,caramelized
cbd2b9ac8a823d3,What color is the bowl holding the lasagna,orange,red
cbd2b9ac8a823d3,What type of dish is being served in the bowl,lasagna,baked pasta
cbd2b9ac8a823d3,What is the texture of the sauce on the lasagna,creamy,creamy and smooth
cbd2b9ac8a823d3,What color is the sauce covering the pasta,white,creamy white
cbd2b9ac8a823d3,Where are the specks of black pepper located,on the surface,on the surface
f5fb0df40b092f8,What color is the top layer of the lasagna,golden-brown,golden brown
f5fb0df40b092f8,What type of dish is shown in the image,lasagna,lasagna
f5fb0df40b092f8,What color is the stovetop,black,black
f5fb0df40b092f8,Where is the lasagna placed,on a black stovetop,baking tray
f5fb0df40b092f8,What color are the visible interior layers of the lasagna,green,light brown
e3a012097af2a98,What color is the lettuce,green,green
e3a012097af2a98,What type of dish is being described,lasagna,taco salad
e3a012097af2a98,What color are the diced tomatoes,red,red
e3a012097af2a98,What color is the melted cheddar cheese,yellow,orange
e3a012097af2a98,Where is the lasagna resting,on top of,on a plate
114e30b0121f8ac,What fruit is used to make the lassi,banana,mango
114e30b0121f8ac,What color is the straw,yellow,yellow
114e30b0121f8ac,Where is the straw placed in the glass,on the left,left side
114e30b0121f8ac,What color is the mint garnish,green,green
2836bea848092dc,What is the color of the glass,clear,clear
2836bea848092dc,What color is the spiced mango lassi,yellow,light brown
2836bea848092dc,Where is the straw inserted,into the lassi,into the smoothie
2836bea848092dc,What color are the leaves in the backdrop,green,green
44bbcb71225e21a,What is the color of the glass mugs,transparent,transparent
44bbcb71225e21a,What color is the tray,white,white
44bbcb71225e21a,What is the primary color of the Eggnog Lattes,tan,light tan
44bbcb71225e21a,Where are the mugs situated,on a plate,on a white tray
9eef702c19b23dd,What color is the foam on the latte,white,white
9eef702c19b23dd,What color is the latte,tan,light brown
9eef702c19b23dd,Where is the shaved white chocolate placed,on top of,on top
9eef702c19b23dd,What fruit is placed to the left of the plate,strawberry,a strawberry
c5cc39a0e3818c9,What color is the cup,white,white
c5cc39a0e3818c9,What type of drink is in the cup,latte,latte
c5cc39a0e3818c9,What does the latte have on top of the foam,shaved chocolate,cinnamon
c5cc39a0e3818c9,What color is the bottom layer of the latte,brown,light brown
c5cc39a0e3818c9,Where is the dusting of brown spice located,on top of,on top
266ba9144fa1bca,What color is the pie filling,yellow,white
266ba9144fa1bca,Where does the pie filling sit,in the center,on a plate
266ba9144fa1bca,What is the dessert described in the image,pie,lemon pie
266ba9144fa1bca,What shape is the pie slice,triangular,triangle
266ba9144fa1bca,Where is the whipped cream located,on the top,top of the pie
aacd533122666f9,What fruit is the cream made from,lemon,banana
aacd533122666f9,What color is the lemon cream,yellow,yellow
aacd533122666f9,What utensil is partially submerged in the cream,spoon,spoon
db621f115a77b33,What color is the lemon curd in the jar closer to the viewer,yellow,vibrant yellow
db621f115a77b33,What containers are used to hold the lemon curd,jars,glass jars
db621f115a77b33,What is the name of the food in the jars,lemon curd,preserve or jam
db621f115a77b33,Where is the spoon placed,on the tray,in the jar
87435fc8c3e3be1,What color are the cookies,tan,light brown
87435fc8c3e3be1,What type of food is shown in the image,cookies,cookies
87435fc8c3e3be1,Where are the cookies placed,on a sheet,aluminum foil
c52015fe496e29e,What color is the strawberry lemonade,pink,pink
c52015fe496e29e,What fruit is used in the drink,strawberry,lemon
c52015fe496e29e,What color is the lemon slice,yellow,yellow
c52015fe496e29e,Where is the lemon slice placed,on the rim,rim of mason jar
8db7653c1d3620f,What is the drink in the glass mug,lemonade,lemonade
8db7653c1d3620f,What is the glass mug filled with,lemonade,iced tea
8db7653c1d3620f,What color is the lemonade,yellow,light yellowish
8db7653c1d3620f,What color is the wooden board,brown,brown
45f6c70dda5c055,What color are the Colombian lentils,brown,light brown
45f6c70dda5c055,What type of food is mostly brown in color,lentils,stew or soup
45f6c70dda5c055,Are the lentils clearly seen in the broth,visible,yes
45f6c70dda5c055,What is the color of the broth-like liquid,light brown,brown
45f6c70dda5c055,Where are the lentils located in the image,dispersed,bowl of soup
3667b2d7425ac3b,What color are the lentils in the bowl,yellowish-orange,golden-brown
3667b2d7425ac3b,What is the base ingredient in the bowl,lentils,lentils or legumes
3667b2d7425ac3b,How are the lentils distributed in the bowl,dispersed,evenly mixed
3667b2d7425ac3b,What color is the kale in the bowl,green,green
3667b2d7425ac3b,Where is the kale primarily concentrated in the bowl,dispersed,center of the bowl
7dcecb69aa246fa,What color are the diced tomatoes in the salad,red,red
7dcecb69aa246fa,What color are the fresh herbs in the salad,green,green
7dcecb69aa246fa,What color are the lentils in the salad,orange-brown,light brown
7dcecb69aa246fa,Where is the dense cluster of curly parsley located,on the left,left side of plate
ec6d2fcde874a93,Where are the pale yellow chips located in relation to the lentil salad,to the right,to the right
ec6d2fcde874a93,What is the light-colored mixture below the salad likely to be,grain,couscous
513dc1eda01a289,What color is the limeade,translucent,yellowish-green
513dc1eda01a289,What material is the glass made of,glass,glass
513dc1eda01a289,What color is the limeade described as,whitish-yellow,clear
513dc1eda01a289,Where is the slice of lime placed,on the rim,on the rim
513dc1eda01a289,What fruit is on the rim of the glass,lime,lime
5a3a373e75ebdb8,What color is the linguine,yellow,white
5a3a373e75ebdb8,What type of pasta is shown in the image,linguine,linguine
5a3a373e75ebdb8,What color are the chives,green,green
5a3a373e75ebdb8,How are the clams distributed throughout the dish,scattered,scattered throughout
0f47aba2c1035e4,What color is the linguine pasta,beige,yellow
0f47aba2c1035e4,What type of food is the main ingredient in the dish,pasta,pasta
0f47aba2c1035e4,What color are the portobello mushrooms,brown,dark brown
0f47aba2c1035e4,What color are the fresh herbs,green,green
0f47aba2c1035e4,Where are the sprigs of fresh green herbs placed,on top of,top of pasta
4a74a640bbcbdae,What color is the plate,white,white
4a74a640bbcbdae,What color is the top of the loaf,golden-brown,golden brown
4a74a640bbcbdae,Where is the loaf placed,on a plate,on a plate
4a74a640bbcbdae,What fruit is visible in the loaf,blueberries,blueberries
6f5968958d46e1b,What material is the cutting board made of,wooden,wood
6f5968958d46e1b,What type of food is on the cutting board,cheese,bread
6f5968958d46e1b,What color is the larger piece of cheese loaf,yellow,golden brown
6f5968958d46e1b,Where is the larger piece of cheese loaf located,on the left,left side
a9a427f82097900,Are the rolls vegan,yes,cannot be definitively said
a9a427f82097900,What color is the plate,white,white
a9a427f82097900,Where are the rolls positioned in the image,in the center,side by side
29b645b9d151199,What color are the lumpia rolls,golden,golden brown
29b645b9d151199,How do the lumpia rolls appear in relation to each other,overlapping,side by side
29b645b9d151199,What is the predominant color of the lumpia rolls,reddish-brown,golden brown
0595fdb82f39b0f,What color is the sauce,reddish-brown,reddish-brown
0595fdb82f39b0f,Where is the small white bowl located,on the right side,on the plate
0595fdb82f39b0f,What is the sauce served in,bowl,white bowl
91fdbd8bb0a8e0e,What color is the mac and cheese,yellow,orange
91fdbd8bb0a8e0e,What is the cheese doing to the macaroni,covering,melting
e1fafe420d478f3,What describes the overall look of the dish,vibrant,golden-brown
e1fafe420d478f3,What is the dish cooked in,skillet,red cast iron skillet
e1fafe420d478f3,What color are the chunks of sausage,browned,brown
e1fafe420d478f3,What color is the macaroni and cheese,yellow,orange
e1fafe420d478f3,Where are the drizzles of hot sauce located,on top of,on top of dish
60ec1726e9600fa,What is the color of the lettuce,green,green
60ec1726e9600fa,Where is the burger located,in the center,in a basket
25898d35cdcbac8,What type of pasta is used in the dish,macaroni,macaroni
25898d35cdcbac8,What color is the macaroni in the dish,yellow,yellow
25898d35cdcbac8,Where is the toasted breadcrumb layer located,on the top,on top
632362f78909a06,What color is the macaroni and cheese,yellow,yellow
632362f78909a06,What type of pasta is on the plate,macaroni,macaroni
632362f78909a06,How is the macaroni and cheese arranged on the plate,clustered,in a pile
632362f78909a06,On which side of the plate is the macaroni and cheese,on the left side,left side
b1e01e4a3f3359e,What flavor is the glaze on the Mahi Mahi,ginger,sweet and savory
b1e01e4a3f3359e,What type of fish is shown in the image,mahi mahi,fish
b1e01e4a3f3359e,What color is the glaze on the Mahi Mahi,brown,dark brown
b1e01e4a3f3359e,Where are the pieces of Mahi Mahi located in the image,in the bottom center,lower half
d3305955d0cfa7b,What color is the Mahi Mahi,golden-brown,golden brown
d3305955d0cfa7b,What type of fish is shown in the image,mahi mahi,grilled fish
d3305955d0cfa7b,What color are the mango cubes,yellow,yellow
d3305955d0cfa7b,What vegetable is on the bottom right of the image,beans,green beans
579368f6acb85bb,What is the color of the filets,white,white
579368f6acb85bb,What color are the grill marks on the filets,reddish-brown,dark brown
579368f6acb85bb,What color are the beans,green,green
29300b2106fa5c0,What color is the creamy sauce in the Rockefeller topping,orange,light yellow
29300b2106fa5c0,What vegetable is included in the Rockefeller topping,spinach,spinach
29300b2106fa5c0,What is the state of the mozzarella cheese on top,melted,melted and slightly browned
c7590e962a199ce,What is the texture of the rice,sticky,sticky texture
c7590e962a199ce,What color are the mango slices,yellow,yellow
c7590e962a199ce,How are the mango slices arranged on the rice,arranged,fan-like pattern
c7590e962a199ce,Where are the mango slices placed on the rice,on top of,top of rice
1d14ca8f5e015c6,What color is the Cadillac Margarita,pink,vibrant pink
1d14ca8f5e015c6,What is the name of the drink,cadillac,cosmopolitan cocktail
1d14ca8f5e015c6,What color are the sugar crystals on the rim of the glass,white,white
1d14ca8f5e015c6,Where is the lime slice attached,on the surface,rim of glass
1d14ca8f5e015c6,What is the color of the lime slice,green,green
a3a640a49817695,What is the color of the margaritas,yellowish-green,yellowish
a3a640a49817695,What is the drink in the image,margaritas,margaritas
a3a640a49817695,What color is the cocktail shaker,silver,silver
c6a5b6d09133e4e,What is the color of the Margarita On The Rocks,yellow-green,white
c6a5b6d09133e4e,What color are the salt crystals on the rim of the glass,white,white
57ae10df5a5ef66,What color is the liquid in the glass,yellow,yellow
57ae10df5a5ef66,What color is the salt on the rim of the glass,white,white
57ae10df5a5ef66,Where are the pineapple leaves positioned,from the top,in the glass
0c5a0aacfe0bef7,What type of drink is being served,margaritas,margaritas
0c5a0aacfe0bef7,What color is the plate,blue,blue
0c5a0aacfe0bef7,Where are the margaritas placed,on the plate,on a plate
0c5a0aacfe0bef7,What color are the lime slices,green,green
28c13c705876e33,What color is the liquid in the glass,red,pink
28c13c705876e33,What fruit is skewered on the stick,blackberries,blackberry
28c13c705876e33,Where are the blackberries and mint leaves placed,on the wooden surface,wooden board
28c13c705876e33,What color are the mint leaves,green,green
0a840a459597f90,What is surrounding the chicken pieces,marinade,dark glossy sauce
0a840a459597f90,Where is the marinade mostly located,surrounding,bottom of the image
0a840a459597f90,What type of meat is shown in the image,chicken,chicken
0a840a459597f90,How does the marinade appear,glossy,rich dark sauce
0a840a459597f90,Where is the marinade located in relation to the chicken pieces,in the background,beneath the chicken
9628adf77ad491d,What is the consistency of the marinade,viscous,thick semi-liquid
9628adf77ad491d,What is the purpose of the green mixture in the bowl,marinade,dressing or marinade
9628adf77ad491d,Where is the marinade contained,in the bowl,small white bowl
9628adf77ad491d,Where is the small white bowl located in the image,in the center,wooden surface
9628adf77ad491d,What fruit is placed to the right of the bowl,lemon,lemon
ff4e68b58369ade,What color is the marinade on the meat skewers,reddish-brown,dark brown
ff4e68b58369ade,What does the marinade do to the surface of the meat skewers,coats,flavor enhancement
ff4e68b58369ade,What are the pieces of meat placed on,skewers,white plate
ff4e68b58369ade,What color is the plate,white,white
1a05e7b22b78c56,What color is the marinade,reddish-brown,reddish-brown
1a05e7b22b78c56,What type of meat is the marinade on,chicken,chicken
1a05e7b22b78c56,Where is the marinade primarily located,on the upper chicken,surface of the chicken
fa17a9ec083ec53,What is the color of the marmalade described as,amber,amber color
fa17a9ec083ec53,What type of preserve is shown in the image,marmalade,fruit preserves
fa17a9ec083ec53,What color is the marmalade,amber,amber
fa17a9ec083ec53,What is the jar made of,glass,glass
820eb7fa401d2f5,What color is the marmalade,orange,reddish-brown
820eb7fa401d2f5,What is the shade of the marmalade's color,amber,reddish-brown
820eb7fa401d2f5,What is the name of the food item in the jar,marmalade,strawberry jam
820eb7fa401d2f5,What pattern is on the surface where the marmalade is placed,striped,striped pattern
820eb7fa401d2f5,Where is the kitchen towel in relation to the marmalade,to its left,left of the marmalade
ee15c597bfb8798,What color is the first marshmallow log,brown,light brown
ee15c597bfb8798,What is the coating on the marshmallow logs,coated,coconut
ee15c597bfb8798,How many marshmallow logs are there,three,three
ee15c597bfb8798,Where is the first marshmallow log located,on the left,left side
ee15c597bfb8798,What is the white coating on the marshmallow logs made of,coconut,shredded coconut
b7538c474cb8e0d,What type of candy is shown in the image,marshmallows,turkish delight
b7538c474cb8e0d,What color are the marshmallows,light pink,pink
b7538c474cb8e0d,Where are the marshmallows placed,on a small plate,on a plate
b7538c474cb8e0d,Where are three of the marshmallows located,bottom,on a plate
d5a84d4b2f83ff9,How would you describe the appearance of the watermelon martini,vibrant,vibrant red color
d5a84d4b2f83ff9,What fruit is used to garnish the drink,watermelon,a lime
d5a84d4b2f83ff9,What color is the watermelon cube on the glass,pink,red
d5a84d4b2f83ff9,Where is the watermelon cube placed,on the top,on the rim
d5a84d4b2f83ff9,What color is the lime wedge,green,green
66ae1600ebb7f91,What color is the liquid in the glasses,red,red
66ae1600ebb7f91,What type of glasses are the drinks served in,stemmed,martini glasses
66ae1600ebb7f91,What color is the granular substance on the rim of the glasses,brown,white
66ae1600ebb7f91,Where is the lemon slice positioned in each glass,on top of,on top
faeaf31da2804f9,What color is the liquid in the martini glass,reddish-purple,dark red
faeaf31da2804f9,What type of drink is in the glass,martini,cocktail
faeaf31da2804f9,What color are the cherries in the martini,red,red
faeaf31da2804f9,What is on the toothpick in the martini,with two bright red cherries,red cherries
faeaf31da2804f9,What is the bottle to the left of the martini glass,agave,organic rose hip nectar
f03641343949289,What nut is used in the marzipan,pistachio,almonds
f03641343949289,What color is the pistachio marzipan,green,green
f03641343949289,What shape is the large block of marzipan,cylindrical,cylindrical
f03641343949289,What shape is the other piece of marzipan,rectangular bar,rectangular
f03641343949289,Where is the cylindrical block positioned,on the left side,green cutting board
b18e700533e57c7,What color is the bowl,white,white
b18e700533e57c7,What color are the diced carrots,orange,orange
b18e700533e57c7,What vegetable is scattered in the soup,carrots,cauliflower
b18e700533e57c7,Where is the soup served,in a bowl,in a bowl
6e5a18f2e850105,How does the chicken skin appear,crispy,brown in color
6e5a18f2e850105,What type of meat is shown in the image,chicken,roasted chicken
6e5a18f2e850105,What color is the plate,white,white
6e5a18f2e850105,What color are the lemon slices,yellow,yellow
6e5a18f2e850105,Where is the chicken placed,on a plate,on a white plate
d7c036841cefce5,What is the name of the condiment in the image,mayo,mayonnaise
d7c036841cefce5,What texture does the 'Thick 'n Tangy Mayo' have,smooth,smooth and creamy
d7c036841cefce5,What color is the pan in the image,gray,silver
d7c036841cefce5,Where is some of the 'Thick 'n Tangy Mayo' located,in the upper left corner,being mixed or spread
7e886250c1c8bd7,What is the condiment served in,bowl,white bowl
7e886250c1c8bd7,What color is the condiment,orange,light orange
7e886250c1c8bd7,What herb is used to top the condiment,basil,basil
7e886250c1c8bd7,Where is the bowl placed,on a light-colored surface,on a table
e4a5cb24b16dcbf,What color is the ramp mayonnaise,light green,green
e4a5cb24b16dcbf,What does the ramp mayonnaise do to the bowl,fills,enhances aesthetic appeal
e4a5cb24b16dcbf,What type of container is the ramp mayonnaise in,bowl,clear plastic container
e4a5cb24b16dcbf,What is positioned to the right of the bowl,leaves,green leaf
e4a5cb24b16dcbf,Where are the leaves and flowers positioned relative to the bowl,to the right of,right of the bowl
dd053255e37ce87,What color are the egg noodles,yellow,yellow
dd053255e37ce87,What is the main protein in the dish,meatballs,meatballs
dd053255e37ce87,Where are the meatballs located,on top,on top of pasta
dd053255e37ce87,What color are the herbs sprinkled on top,green,green
61be719816b9597,What color are the meatballs primarily,orange-brown,reddish-brown
61be719816b9597,What type of sauce is used in the dish,tomato sauce,tomato-based sauce
61be719816b9597,What does the tomato sauce do to the meatballs,covers,coats the meatballs
61be719816b9597,What color are the parsley flakes on top of the dish,green,green
99b06fe64858e3f,What is the flavor of the meatballs,sweet,barbecue or teriyaki
99b06fe64858e3f,What type of food is in the bowl,meatballs,meatballs
99b06fe64858e3f,What color are the meatballs,brownish-red,brown
99b06fe64858e3f,Where are the meatballs placed in the image,in the center,on a plate
99b06fe64858e3f,What is the meatballs served in,bowl,white bowl
3bcec40caadd96c,What is the texture of the sauce on the meatballs,creamy,smooth and creamy
3bcec40caadd96c,What is the main protein in the dish,meatballs,meatballs
3bcec40caadd96c,What color is the sauce on the meatballs,orange,orange
3bcec40caadd96c,Where is the rice located in relation to the meatballs,underneath,underneath the meatballs
3bcec40caadd96c,What color are the beans in the image,green,green
48ff5489da60b8a,What color is the outer layer of the meatloaf,brown,brown
48ff5489da60b8a,What is served alongside the meatloaf,salad,a salad
48ff5489da60b8a,How is the red onion prepared in the salad,sliced,thin strips
48ff5489da60b8a,Where is the All-American Meatloaf located in the image,is in,foreground of the image
48ff5489da60b8a,What color is the bread roll,golden,golden brown
7c05dc76a8b9bbd,What type of dish is shown in the image,meatloaf,meatloaf
7c05dc76a8b9bbd,What is the primary color of the meatloaf,light-brown,brown
7c05dc76a8b9bbd,What color is the sauce on the meatloaf,reddish-brown,dark brown
7c05dc76a8b9bbd,Where on the plate is the meatloaf positioned,towards the right side,right side
5f4fe775f4c81eb,What color is the outer edge of the meatloaf,dark,brown
5f4fe775f4c81eb,What is the main dish in the image,meatloaf,meatloaf
5f4fe775f4c81eb,What color is the plate,white,white
5f4fe775f4c81eb,What is garnished on the meatloaf,with sprigs,thyme
6a7b52c652f8f68,What color are the broccoli florets in the image,bright,green
6a7b52c652f8f68,What vegetable is bright green and scattered in the image,broccoli,broccoli
6a7b52c652f8f68,What color is the diced ham in the image,red,pinkish-red
6a7b52c652f8f68,How do the potato cubes appear in the image,browned,small and evenly cut
6a7b52c652f8f68,Where are the ingredients distributed across the image,across the image,across the entire surface
aa903bd2778d89d,What is the color of the top melon ball,yellow,orange
aa903bd2778d89d,What type of drink is in the glass,smoothie,smoothie or a milkshake
aa903bd2778d89d,What is the glass made of,glass,glass or plastic
aa903bd2778d89d,What is the color of the middle melon ball,white,orange
aa903bd2778d89d,Where are the orange and green melon balls positioned,near to,rim of a glass
fe9f0ffd89fa623,What is the color of the glass pitcher,clear,clear
fe9f0ffd89fa623,What type of container is the flax seed milk in,pitcher,glass pitcher
fe9f0ffd89fa623,What is the color of the flax seed milk,beige,light beige
fe9f0ffd89fa623,Where is the pitcher sitting,in the center-left,on a surface
84e269f9d9b168c,What color is the tiled surface,pink,pink
84e269f9d9b168c,What type of drink is shown in the image,milkshakes,vanilla milkshake
84e269f9d9b168c,Where is the whipped cream located,topped,on top
84e269f9d9b168c,What color is the cherry on each milkshake,red,red
84e269f9d9b168c,Where is the cherry positioned,on each milkshake,on top
97bf53a3c9e3567,What is the top layer of the cheesecake made of,chocolate,chocolate ganache
97bf53a3c9e3567,What color is the cheesecake itself,brown,creamy
97bf53a3c9e3567,Where are the chocolate chunks located,on top,on top of cake
067bfdc6a1b4452,What is the appearance of the water in the pitcher,clear,clear and refreshing
067bfdc6a1b4452,What type of container is the citrus water in,pitcher,glass pitcher
067bfdc6a1b4452,What color are the lemon slices in the pitcher,yellow,yellow
067bfdc6a1b4452,Where is the pitcher placed,on a wooden board,wooden surface
39267ddba7b95b5,What color is the broth in the soup,yellowish,light
39267ddba7b95b5,What ingredient in the soup is white and rectangular,tofu,tofu
39267ddba7b95b5,How are the sliced green scallions arranged in the soup,scattered across,on top
39267ddba7b95b5,What color is the geometric pattern on the bowl's rim,blue,blue
48462df2eb117b1,What color is the Miso Honey Dressing,reddish-brown,reddish-brown
48462df2eb117b1,What type of container is the Miso Honey Dressing in,jar,glass bottle
48462df2eb117b1,What is the texture of the Miso Honey Dressing,viscous,smooth and slightly thick
48462df2eb117b1,Where are the green onion and sesame seeds located,on the top,in a small bottle
48462df2eb117b1,What is placed beside the jar of Miso Honey Dressing,tomatoes,two tomatoes
0bfd3b543549aa0,What is the Chex Mix served in,bowl,glass bowl
0bfd3b543549aa0,How are the ingredients in the bowl arranged,mixed,random but visually balanced
0bfd3b543549aa0,What color are the Chex cereal pieces,brown,light brown
0bfd3b543549aa0,What color are the Goldfish crackers,orange,orange
0bfd3b543549aa0,Where is the Spicy Buffalo Chex Mix placed,in a clear glass bowl,clear glass bowl
b7cc7018ab8a658,What color is the wooden bowl,brown,warm brown
b7cc7018ab8a658,What is the snack mix served in,bowl,wooden bowl
b7cc7018ab8a658,What type of sweet treats are included in the snack mix,candies,candy corn
b7cc7018ab8a658,What color are the Bugles in the snack mix,golden-brown,brown
dc76426a240bd72,What color is the checkered cloth,blue,blue and white
dc76426a240bd72,What material is the surface the bowls are sitting on,wooden,wooden surface
dc76426a240bd72,What type of snack is golden brown in the bowls,pretzels,pretzels
dc76426a240bd72,What color are the cheese-flavored sticks,orange,orange
dc76426a240bd72,Where is the bowl with the blue and white checkered cloth located,on the left,wooden surface
ffed70feaf2c3d8,What color is the caramel corn,beige,golden brown
ffed70feaf2c3d8,What color are the pretzels,brown,light brown
ffed70feaf2c3d8,Where are the pretzels scattered mostly,towards the bottom,throughout the mix
869d6b1bdc93aba,What color is the Mocha au Lait Mix,brown,light brown
869d6b1bdc93aba,What is the container for the Mocha au Lait Mix,jar,glass jar
869d6b1bdc93aba,What is the state of the Mocha au Lait Mix in the jar,filled,finely ground
869d6b1bdc93aba,What color are the pieces in the Mocha au Lait Mix,white,light brown
869d6b1bdc93aba,Where is the jar filled with white powder located,to the left of,background of the image
958fef1593cd2eb,What is the primary color of the mocha drink,brown,brown
958fef1593cd2eb,What is the texture of the top layer of the drink,foamy,whipped cream
958fef1593cd2eb,What is on top of the mocha drink,with whipped cream,whipped cream
958fef1593cd2eb,Where are the chocolate chips located,scattered,on top
638bf82e40fbb3d,What is the hue of the mojito,yellow-green,greenish-yellow
638bf82e40fbb3d,What type of drink is shown in the image,mojito,pitcher of lemonade
638bf82e40fbb3d,What color are the mint leaves in the mojito,green,green
638bf82e40fbb3d,How is the mojito served in the image,by the pitcher,clear glass pitcher
638bf82e40fbb3d,What describes the appearance of the mint leaves,fresh,fresh and vibrant
bc20ea826ad34ab,What color is the mojito located at the top left,green,green
bc20ea826ad34ab,What type of drink is shown in the image,mojito,cocktails
bc20ea826ad34ab,What color is the mojito with mint leaves and a gold straw,yellow,green
bc20ea826ad34ab,What fruit is in the light pink mojito,strawberry,strawberry
f54d9b4f31ab88c,What is the color of the glasses holding the mousse,transparent,clear
f54d9b4f31ab88c,What type of dessert is shown in the image,mousse,mousse
f54d9b4f31ab88c,What color is the coffee powder on top of the mousse,brown,brown
f54d9b4f31ab88c,How would you describe the texture of the mousse,creamy,smooth and creamy
f54d9b4f31ab88c,Where are the mousses placed,on a silver tray,silver tray
42a76678c4704ca,What color is the top of the muffins,golden-yellow,yellow
42a76678c4704ca,What type of baked goods are shown in the image,muffins,muffins
42a76678c4704ca,What is the front muffin doing to the muffin behind it,obscuring,not doing anything
42a76678c4704ca,What color is the serving dish,blue,blue
b65addd2e59de92,What type of drink is the Limoncello Mule,beverage,limoncello mule
b65addd2e59de92,What do the ice cubes fill in the glass,fill,chill the beverage
b65addd2e59de92,What color are the ice cubes,white,clear
b65addd2e59de92,Where is the sprig of mint leaves located,on top of,top of the drink
5a2032b309c2f30,What material is the mug made of,copper,copper
5a2032b309c2f30,What type of drink container is used,mug,copper mug
5a2032b309c2f30,What color is the lime twist on the mug,green,green
5a2032b309c2f30,What color is the candied ginger,yellow,green
5a2032b309c2f30,Where is the slice of lime placed,on the wooden surface,in the copper mug
ea5af326b0c0ae0,What color are the mushrooms,brown,brown
ea5af326b0c0ae0,What type of food is shown in the image,mushrooms,cooked mushrooms
ea5af326b0c0ae0,How does the sauce on the mushrooms appear,glossy,rich dark brown
ea5af326b0c0ae0,What color are the leaves scattered throughout the mushrooms,green,green
ea5af326b0c0ae0,How are the mushrooms arranged,in a pile,casual
49867bb4f0e8a8e,What color are the scrambled eggs,yellow,yellow
49867bb4f0e8a8e,What is the main ingredient mixed with the mushrooms,eggs,scrambled eggs
49867bb4f0e8a8e,What type of vegetable is mixed with the eggs,mushroom,mushrooms
49867bb4f0e8a8e,What color are the mushrooms,brown,light brown
2f23310ae0cd1ac,What is the main protein in the dish,chicken,chicken
2f23310ae0cd1ac,What color is the creamy dijon sauce,brown,light yellow
2f23310ae0cd1ac,Where is the chicken located in the bowl,on the right,in the bowl
2f23310ae0cd1ac,What are the small green specks on the sauce,herbs,parsley
003a0414a7b4b4d,What is the texture of the mushrooms,creamy,soft and moist
003a0414a7b4b4d,What type of food is being cooked,mushrooms,sliced mushrooms
003a0414a7b4b4d,What color is the pan,black,black
003a0414a7b4b4d,Where are the mushrooms being cooked,from the pan,in a pan
003a0414a7b4b4d,What color are the darker parts of the mushrooms,brown,brown
6b9c89697a4e683,What color are the enoki mushrooms in the image,yellow,white
6b9c89697a4e683,What type of mushrooms are shown in the image,enoki mushrooms,enoki mushrooms
6b9c89697a4e683,How do the strands of enoki mushrooms appear in the image,tangled,long thin and white
6b9c89697a4e683,What is the shape of the enoki mushrooms in the image,strands,long thin cylindrical
ae3d0682c44e12e,What is the state of the mussels in the broth,immersed,cooked
ae3d0682c44e12e,What type of seafood is primarily black and in the center of the image,mussels,mussels
ae3d0682c44e12e,What color is the broth surrounding the mussels,orange-red,orange
ae3d0682c44e12e,What color is the chorizo in the broth,brownish-red,reddish
ae3d0682c44e12e,Where is the piece of bread located in the image,on the left,left side
ced462fa8f5ce2e,What is the color of the mustard sauce,yellow-orange,yellow
ced462fa8f5ce2e,What is happening to the mustard sauce above the jar,pouring,being poured from spoon
ced462fa8f5ce2e,What is the mustard sauce stored in,jar,glass jar
ced462fa8f5ce2e,What is the cutting board made of,wooden,wood
ced462fa8f5ce2e,Where is the spoonful of mustard sauce held,above the jar,above a small glass
4fde47f85a2d62f,What material is the jar made of,glass,glass
4fde47f85a2d62f,What type of surface is the jar on,wooden,wooden surface
4fde47f85a2d62f,What condiment is in the jar,mustard,mustard
4fde47f85a2d62f,Where is the jar located relative to the silver spreader,to the right,right of the spreader
832f0e5e873a85a,What type of mustard is in the jars,dijon,mustard
832f0e5e873a85a,What color is the mustard in the jars,tan,light yellow
832f0e5e873a85a,How are the jars arranged in the image,lined up,side by side
832f0e5e873a85a,What containers hold the mustard,jars,glass jars
87b272a4cbacfdb,What is the texture of the vegan nacho cheese,creamy,smooth and creamy
87b272a4cbacfdb,What food is the vegan nacho cheese poured over,nachos,tortilla chips
87b272a4cbacfdb,What color is the vegan nacho cheese,light-orange,creamy yellow
87b272a4cbacfdb,Where is the chopped green onions scattered,on top of,on top
87b272a4cbacfdb,What is the vegan nacho cheese held in,bowl,glass bowl
af8cb9fe3adcc14,What is the base of the dish made of,potato,potato chips
af8cb9fe3adcc14,What color is the plate,white,white
af8cb9fe3adcc14,What color are the potato wedges,golden-brown,golden brown
af8cb9fe3adcc14,What is melted over the potatoes,cheese,melted cheese
af8cb9fe3adcc14,Where are the quick potato nachos placed,on a plate,on a plate
a87e8139eb5bf66,What is drizzled on top of the nachos,chocolate,chocolate
a87e8139eb5bf66,What type of chips are used for the nachos,nachos,tortilla chips
a87e8139eb5bf66,What color are the tortilla chips,brown,light brown
a87e8139eb5bf66,What color is the paper plate,white,white
a87e8139eb5bf66,Where is the ice cream and chocolate sauce primarily concentrated,on top of,tortilla chips
7745d02f7aac9ca,What is the texture of the nectarine refresher,smooth,smooth and slightly frothy
7745d02f7aac9ca,What is the nectarine refresher served in,glass,clear glass
7745d02f7aac9ca,What color is the nectarine refresher,pink,pinkish-orange
7745d02f7aac9ca,What type of drink is in the glass,refresher,smoothie or juice
2bf4c23266f6f36,What type of dish is being described,soup,broth-based soup
2bf4c23266f6f36,What color are the jalapeño slices,green,green
2bf4c23266f6f36,What type of meat is in the soup,chicken,chicken
2bf4c23266f6f36,Where is the lime wedge located,on the lower-right,right side of bowl
35fecfa515fed5b,What color is the bowl,light blue,light blue
35fecfa515fed5b,What is the food served in,bowl,a bowl
35fecfa515fed5b,How much of the bowl do the noodles occupy,fill,most of its surface
35fecfa515fed5b,What color are the noodles,yellow,yellow
35fecfa515fed5b,Where are the noodles located in the image,in the center,in a bowl
2dcd9ac80de058d,What is the texture of the catfish nuggets,crunchy,crispy and crunchy
2dcd9ac80de058d,What type of food is arranged on the plate,nuggets,tater tots
2dcd9ac80de058d,What color is the plate,white,white
2dcd9ac80de058d,Where are the catfish nuggets located on the plate,on the right side,right side
2dcd9ac80de058d,What color is the sauce on the plate,red,reddish-brown
8f2c50a0a19996f,What type of nuts are covered in chocolate,corn nuts,almonds or hazelnuts
8f2c50a0a19996f,What color is the chocolate coating,brown,dark brown
8f2c50a0a19996f,Where is one cluster of chocolate-covered corn nuts located,on the napkin,bottom edge
4c2f9a94422a2e9,What color is the pie crust,golden-brown,golden brown
4c2f9a94422a2e9,What type of pie is shown,oatmeal,coconut cream
4c2f9a94422a2e9,What is inside the pie crust,filling,apples
4c2f9a94422a2e9,What color is the shredded coconut,white,white
4c2f9a94422a2e9,Where is the slice of pie placed,on a white surface,white surface
0bc89d050cedc1c,What color are the overnight buckwheat oats,beige,light brown
0bc89d050cedc1c,What do the buckwheat oats do in the bowl,fill,base for breakfast dishes
0bc89d050cedc1c,What type of berries are dark blue and on top of the oats,blueberries,blueberries
0bc89d050cedc1c,What color are the red berries,red,vibrant shade of red
0bc89d050cedc1c,Where are the blueberries and red berries located,on top,in a bowl
d0530bab5c8a27e,What color is the cooking pot,black,black
d0530bab5c8a27e,What is the main ingredient in the dish besides okra,rice,rice
d0530bab5c8a27e,What color are the okra pieces,green,green
d0530bab5c8a27e,What vegetable is mixed with the rice,okra,celery
d0530bab5c8a27e,In what type of pot is the okra rice cooked,in a black cooking pot,black pot
63259c61ebc63e5,What color is the chicken breast,beige,white or light-colored
63259c61ebc63e5,What type of meat is at the center of the plate,chicken,white meat
63259c61ebc63e5,What color are the olives,green,green
63259c61ebc63e5,Where are the green olives placed,on top,around the dish
63259c61ebc63e5,What are the bright red halved fruits on the chicken,tomatoes,tomatoes
07fd6296d93bc13,What color are most of the olives,golden,green
07fd6296d93bc13,What type of food is shown in the image,olives,jalapeno poppers
07fd6296d93bc13,What has been done to three of the olives,cut,sliced in half
07fd6296d93bc13,Where are the cut olives located,on the bottom,on the plate
07fd6296d93bc13,What color are the insides of the cut olives,green,green
861fbbe85de778d,What material is the cutting board made of,wooden,wood
861fbbe85de778d,What type of bread is displayed,bread,raisin or fruit bread
861fbbe85de778d,What color are the olive pieces in the bread,black,black or deep green
861fbbe85de778d,What color is the crust of the bread,golden-brown,golden brown
861fbbe85de778d,Where is the bread placed,on a wooden cutting board,wooden cutting board
6f5f740fb4a87c2,Are the olives visible in the jar,visible,yes
6f5f740fb4a87c2,What type of food is inside the jar,olives,pickled vegetables
6f5f740fb4a87c2,What material is the jar made of,glass,glass
425e9f115ea8100,What color is the plate,white,white
425e9f115ea8100,What color is the omelet,yellow,yellow
425e9f115ea8100,What is the filling doing to the omelet,spilling out of,adding savory flavor
425e9f115ea8100,What type of meat is in the filling,bacon,bacon
425e9f115ea8100,How are the onions prepared in the filling,mixed,translucent and caramelized
1f5e476034d2636,Where is the spinach located,located on the left side,underneath the egg
1f5e476034d2636,What is the main ingredient of the top layer of the dish,omelette,an egg
1f5e476034d2636,How is the feta cheese distributed in the dish,scattered,small cubed pieces
1f5e476034d2636,What color are the tomato slices,red,red
b78d925a20b5499,What color are the caramelized onions,caramelized,golden brown
b91602b9b0ce9ab,What has happened to the cheese,melted,melted and browned
b91602b9b0ce9ab,What ingredient appears as light brown to dark brown strands and chunks,onions,bacon
b91602b9b0ce9ab,What color are the onions,brown,white or pale yellow
b91602b9b0ce9ab,What ingredient covers the entire top surface of the dish,cheese,melted cheese
b91602b9b0ce9ab,Where are the onions more concentrated,towards the bottom,center of the plate
67117992b296d76,What color is the hot dog,reddish-brown,reddish-brown
67117992b296d76,How is the hot dog positioned in the bun,nestled,inside the split bun
67117992b296d76,What color are the onions,orange,orange
67117992b296d76,Where is the bowl of onions located in relation to the hot dog,to the left of,to the left
1c3a4f30fe5d2a1,What color are the roasted oranges,orange,orange
1c3a4f30fe5d2a1,What are the roasted oranges served on,plate,a plate
1c3a4f30fe5d2a1,How would you describe the color of the roasted oranges,vibrant,vibrant orange
03ad6b911f92ca4,What is the texture of the white layer on top of the drink,thick,creamy and frothy
03ad6b911f92ca4,What type of beverage is the Orange Glorious II,drink,creamy drink
03ad6b911f92ca4,What is the mint leaf used for on the drink,garnished,garnish
03ad6b911f92ca4,What color is the mint leaf used as garnish,green,green
03ad6b911f92ca4,Where are the bright orange pieces from the drink located,at the bottom,bottom of the glass
8442a41c2de89de,What color is the light pink layer,pink,light pink
8442a41c2de89de,Does the dessert contain Oreo,oreo,yes
8442a41c2de89de,Is the whipped topping sprinkled with chocolate chips,sprinkled,yes
8442a41c2de89de,Where are the chocolate chips scattered,on top surface,on top
9ffec9e57522152,What shape is the Cajun Oyster Pie,circular,circular
9ffec9e57522152,What part of the pie is decorated with a star,crust,upper left quadrant
f58a02071aaec42,What shape is the plate,star-shaped,star
f58a02071aaec42,What type of seafood is featured in the image,oysters,oysters
f58a02071aaec42,What color are the herbs on the oysters,green,green
f58a02071aaec42,Where are the oysters placed,on a star-shaped plate,star-shaped plate
421870f09cf9265,What color is the ice bed,white,white
421870f09cf9265,What type of seafood is shown,oysters,oysters
421870f09cf9265,What color is the liquid inside the oyster shells,yellow,yellowish
421870f09cf9265,What color are the cooked bacon pieces,reddish-brown,reddish-brown
bb7bc9e1f7ec7b8,What color is the bowl,white,white
bb7bc9e1f7ec7b8,What color is the rice in the paella,yellow,yellow
bb7bc9e1f7ec7b8,How are the mussels arranged in the bowl,scattered,scattered
bb7bc9e1f7ec7b8,What type of seafood is near the top and bottom of the bowl,shrimp,shrimp
bb7bc9e1f7ec7b8,Where is the squid located in the dish,in a bowl,among the other seafood
246d3e9d0a52a4a,What type of meat is included in the paella besides shrimp,chicken,chicken pieces
246d3e9d0a52a4a,How are the shrimp distributed in the paella,scattered,evenly spread out
246d3e9d0a52a4a,What color are the pieces of chicken in the paella,orange-brown,browned
246d3e9d0a52a4a,What seafood is included in the paella,shrimp,shrimp
5964496678097b7,What color are the green onions in the pancake,green,green
5964496678097b7,What type of food is shown in the image,pancake,scallion pancakes
5964496678097b7,What color is the plate,white,white
5964496678097b7,What color is the pancake's surface,golden brown,brown
5964496678097b7,Where are the pancakes located on the plate,on the left side,on a plate
ca56d40bbb8f833,What is the taste of the pancakes,salty,cannot determine taste
ca56d40bbb8f833,What type of food is shown in the image,pancakes,parathas or scallion pancakes
ca56d40bbb8f833,How were the pancakes prepared,cooking,using batter
ca56d40bbb8f833,What color is the base of the pancakes,yellow,light beige
dabd4bad6169994,What color are the paneer cubes,golden yellow,yellowish-orange
dabd4bad6169994,What is the main ingredient in the dish,paneer,paneer
dabd4bad6169994,What color is the gravy,reddish-brown,orange-brown
dabd4bad6169994,Where are the cilantro leaves placed,on top,on top
dabd4bad6169994,How would you describe the cilantro leaves,vibrant,finely chopped
16f44d88446908d,What color is the Palak Paneer,green,green
16f44d88446908d,What is the shape of the container holding the Palak Paneer,bowl,bowl
16f44d88446908d,What color is the bowl,blue,blue
16f44d88446908d,How are the cubes of Paneer distributed in the Palak Paneer,scattered,evenly mixed
16f44d88446908d,"Where is the thin, white cream drizzled",on top,on top
72baeae4b31f87f,What fruit is used in the parfait,cranberry,raspberry or strawberry
72baeae4b31f87f,What is the bowl made of,glass,glass
72baeae4b31f87f,What color is the bottom layer of the parfait,red,red
72baeae4b31f87f,Where is the bowl placed,on a table,on a table
72baeae4b31f87f,What color is the cream layer in the parfait,white,white
9754b1ddb854f12,What type of dessert is shown in the image,parfaits,parfait
9754b1ddb854f12,What color are the sliced strawberries,red,red
9754b1ddb854f12,Where are the granola pieces sprinkled,on top,top of yogurt
9754b1ddb854f12,What fruit is peeking out from behind the strawberry fan,orange,blueberry
52fcd4430f4183a,What color is the soup,yellow,light orange
52fcd4430f4183a,What does the soup do inside the bowl,fills,blended until smooth
52fcd4430f4183a,What type of soup is it,vegetable,pumpkin or squash
52fcd4430f4183a,What color is the dollop in the center,white,white
52fcd4430f4183a,Where is the dollop located in the soup,in the center,center of the soup
79ced46151bbe7a,What shape is the bowl containing the mashed parsnips,round,round
79ced46151bbe7a,What vegetable is mashed in the bowl,parsnips,potatoes
79ced46151bbe7a,What color are the mashed parsnips,beige,light beige
79ced46151bbe7a,How would you describe the texture of the mashed parsnips,smooth,smooth and creamy
6092f585b9a1ca9,What type of meat is used in the dish,chicken,shredded chicken
6092f585b9a1ca9,What color is the tomato-based sauce,reddish-orange,reddish-orange
6092f585b9a1ca9,What type of pasta is used in the dish,pasta,rotini
6092f585b9a1ca9,Where are the white beans located in the dish,scattered amidst,throughout the pasta dish
6092f585b9a1ca9,What is the size of the red tomatoes in the dish,diced,bite-sized
6fd53226d02f234,What color is the bright cheese on top of the pasta,orange,orange
6fd53226d02f234,What type of food is the main component of the dish,pasta,pasta
6fd53226d02f234,What is the state of the white cheese on top of the pasta,melted,melted and slightly browned
6fd53226d02f234,What color is the base layer of the pasta,brownish-tan,golden-brown
7f8b5fc69d20db3,What color is the pasta in the image,beige,beige
7f8b5fc69d20db3,What type of pasta is in the image,pasta,rigatoni
7f8b5fc69d20db3,What seafood is included in the dish,shrimp,shrimp
7f8b5fc69d20db3,What color are the asparagus spears in the image,green,green
7f8b5fc69d20db3,Where are the capers mostly located in the image,over the shrimp,center of the dish
c16a6bf8525f695,How are the diced chicken pieces distributed in the dish,scattered,evenly spread out
c16a6bf8525f695,What is the base of the dish made of,pasta,pasta
c16a6bf8525f695,What color is the pasta in the dish,yellow,yellow
c16a6bf8525f695,Where is the shredded cheese placed in the dish,on top,on top
be20945d4d2f1af,What is the main component of the dish,dish,pasta
be20945d4d2f1af,What color are the tomatoes,red,red
be20945d4d2f1af,How are the tomatoes arranged in the dish,scattered,evenly distributed
0828e13422d34d9,What vegetable is included in the pasta,eggplant,eggplant
0828e13422d34d9,What color are the pasta tubes,golden-yellow,brown
0828e13422d34d9,Where is the larger portion of pasta served,bowls,white bowl
0828e13422d34d9,What color is the handle of the fork,with a brown wooden handle,brown
0828e13422d34d9,What color is the parmesan cheese on top,white,white
b56fe91729ed59b,What color is the lemon curd,yellow,yellow
b56fe91729ed59b,What fruit is on top of the lemon curd,blueberries,blueberries
b56fe91729ed59b,Where are the blueberries located,nestled among,top of the cake
b56fe91729ed59b,What dessert is being described,pavlova,pavlova
97f31ab9cff2ce8,What is the color of the split pea soup,greenish-yellow,light greenish-yellow
97f31ab9cff2ce8,What type of dish is the greenish-yellow mixture,soup,vegetable soup
97f31ab9cff2ce8,What is the color of the bowls containing the soup,white,white
97f31ab9cff2ce8,Where is the silver spoon in relation to the soup,submerged,in the bowl
080a08688d3f0e9,What type of food is in the bowl,peas,peas
080a08688d3f0e9,Where are the peas located,bowl,white bowl
080a08688d3f0e9,What cuisine do the peas belong to,italian,indian cuisine
080a08688d3f0e9,Where are the peas positioned in the frame,on the right side,center of the frame
bf93c4762564a50,How would you describe the color of the peaches,vibrant,vibrant orange
bf93c4762564a50,What is the spoon doing with the peach slices,holding,serving peach slices
bf93c4762564a50,What color is the skillet,white,white
bf93c4762564a50,Where is the skillet located in the image,in the center,center of the image
af12c2c429e30b2,What color is the liquid in the glasses,yellow-orange,yellow
af12c2c429e30b2,What type of container holds the Peach Bellinis,glasses,glass flutes
af12c2c429e30b2,What material is the board that the glasses are placed on,wooden,wood
af12c2c429e30b2,Where are the peach slices placed on the glasses,on the rim,rims of the glasses
af12c2c429e30b2,What color are the peach slices on the rim of the glasses,reddish-yellow,orange
c37969d9f8d91ec,What type of drink is featured in the image,margaritas,margarita
c37969d9f8d91ec,How are the Peach Margaritas presented,served,in a glass
c37969d9f8d91ec,How would you describe the color of the margaritas,bright,orange
c37969d9f8d91ec,What are the drinks served in,glasses,margarita
c37969d9f8d91ec,Where are the margaritas positioned in the frame,in the center,foreground of the frame
1f020898833f361,What type of beverage is shown in the image,tea,peach juice
1f020898833f361,What is the person in the image doing with the peach tea,drinking,not drinking it
1f020898833f361,What flavor is the tea in the image,peach,peach-flavored
1f020898833f361,What color are the straws in the glasses,yellow,yellow
1f020898833f361,Where is the second glass of peach tea positioned,to the right,behind the first one
e58d9abdaf831a2,What color is the liquid in the pitcher,peachy-orange,pink
e58d9abdaf831a2,What is the sangria served in on the left,pitcher,glass pitcher
e58d9abdaf831a2,What color are the strawberries in the sangria,red,red
e58d9abdaf831a2,Where is the glass pitcher positioned,on the left,left side
2987d882d66a7e8,What color is the peanut butter in the cookie on the left,dark,dark brown
2987d882d66a7e8,What type of butter is used in the cookies,peanut butter,butter or shortening
2987d882d66a7e8,What color is the cookie part of the Peanut Butter Temptations II,golden brown,golden brown
2987d882d66a7e8,Where is the cookie with light brown peanut butter located,on the lower right,foreground
2987d882d66a7e8,What type of dessert is shown in the image,cookie,tarts
a2f7338a23dae10,What color is the peanut butter ice cream topping,light brown,creamy brown
a2f7338a23dae10,What type of food is the topping made of,ice cream,chocolate
a2f7338a23dae10,What is the consistency of the peanut butter ice cream topping,smooth,smooth and creamy
a2f7338a23dae10,Where is the reflective surface particularly noticeable,near the top,top center
d52439fae098204,What color is the plate,yellow,white
d52439fae098204,What type of food is shown in the image,muffins,baked goods
d52439fae098204,How would you describe the appearance of the muffins,perfect,golden-brown
d52439fae098204,What color are the paper liners of the muffins,white,white
d52439fae098204,Where are most of the muffins placed,on the plate,white plate
3b04aeb0107acac,What color are the pears,red,red color
3b04aeb0107acac,Where are the pears located in the image,in the left side,in a white bowl
b076ebd5863251a,What color is the pecan filling,brown,warm brown
b076ebd5863251a,What type of nuts are used in the pie,pecan,pecans
b076ebd5863251a,What color is the whipped cream on one of the pies,white,white
b076ebd5863251a,Where is the pecan filling located,on top,in the jars
b076ebd5863251a,What color are the scattered pecans,reddish-brown,warm brown
3718baab129db6e,What color are the crackers,tan,golden brown
3718baab129db6e,How are the two crackers in the foreground positioned,overlapping,partially on top
3718baab129db6e,What color are the specks on the crackers,brown,brown
3718baab129db6e,Where is the pecan pepper appetizer located,on the cracker,orange and white striped
3718baab129db6e,What type of dish is the pecan pepper mixture,appetizer,condiment or spread
e57b2feba7c0dd2,What type of pasta is in the bowl,penne,penne
e57b2feba7c0dd2,How is the penne pasta arranged in the bowl,distributed,base layer
e57b2feba7c0dd2,What color is the mango chile sauce,red,not applicable
e57b2feba7c0dd2,What herb is scattered on top of the pasta,cilantro,parsley
e57b2feba7c0dd2,Where is the cilantro placed,on top of,on top
3f3ebc236374bd6,What type of pasta is visible in the image,penne,penne
3f3ebc236374bd6,What color are the peppers in the dish,red-orange,red
3f3ebc236374bd6,How are the peppers prepared in the dish,sauteed,sliced into strips
3f3ebc236374bd6,What is distributed throughout the dish alongside the penne,peppers,sausage and red pepper
176aa7a0d1fac3f,What color are the Padron peppers,green,green
176aa7a0d1fac3f,What type of vegetable is shown in the image,peppers,chili peppers
176aa7a0d1fac3f,Where are the peppers scattered across,scattered across,white surface
176aa7a0d1fac3f,How do the peppers appear on the plate,glistening,roasted and slightly charred
c19a3ea29eeebad,What color is the container,white,white
c19a3ea29eeebad,What type of sauce is in the container,pesto,green sauce
c19a3ea29eeebad,What is the chive pesto stored in,container,white rectangular container
c19a3ea29eeebad,How would you describe the green color of the pesto,vibrant,vibrant and rich
e83d92fa9726ea1,How does the walnut pesto appear in terms of texture,textured,smooth and creamy texture
e83d92fa9726ea1,What type of sauce is primarily green and textured,pesto,pesto
e83d92fa9726ea1,What does the walnut pesto fill in the image,fills,sauce or dip
e83d92fa9726ea1,What color is the ceramic bowl,white,white
e83d92fa9726ea1,Where are the fresh basil leaves placed,on top of,around the bowl
ac6d8e898685baa,What is the main protein in the dish,chicken,chicken
ac6d8e898685baa,Where are some of the capers falling,falling onto,on top of chicken
ac6d8e898685baa,What color are the capers,green,green
ac6d8e898685baa,How are the chicken pieces arranged in the image,scattered,overlapping slightly
7f4a3652f38c3ca,What is the main ingredient in the jar,pickles,zucchini
7f4a3652f38c3ca,What material is the jar made of,glass,glass
7f4a3652f38c3ca,Is the jar full or empty,full,full
7f4a3652f38c3ca,What color are some of the zucchini slices,yellow,yellow
7f4a3652f38c3ca,How are the zucchini pickles cut,sliced,round slices
23c54d8ee77e341,What color are the candied dill pickles,yellowish-green,yellow
23c54d8ee77e341,What type of pickles are shown in the image,pickles,dill pickle slices
23c54d8ee77e341,Where is the jar filled with pickles located,on the left side,white surface
23c54d8ee77e341,What color is the bowl on the right side,white,white
80b4940c04976c6,What is the color of the glass jar,clear,clear
80b4940c04976c6,What type of food is inside the jar,pickles,pickles
80b4940c04976c6,What color are the pickles,green,green
80b4940c04976c6,Where are the pickles stored,in a jar,glass jar
f631b6ffa9f8e44,What is the state of the cheese layer on top of the pie,melted,melted and slightly browned
f631b6ffa9f8e44,What type of food is primarily located on the right side of the image,pie,quiche
f631b6ffa9f8e44,What color is the crust of the pie,tan,golden brown
f631b6ffa9f8e44,What color is the baking tin the pie is sitting in,silver,silver
d1323e9519e7ce3,What type of fruit is used in the pies,apricot,apples
d1323e9519e7ce3,What color are the pies,golden-brown,golden brown
d1323e9519e7ce3,What type of dessert is shown in the image,pies,pastry
d1323e9519e7ce3,What is the texture of the pies,uneven,flaky and crispy
e8022d21e4305f3,What type of dessert is shown in the image,pie,pie
e8022d21e4305f3,What color is the ceramic dish,white,white
e8022d21e4305f3,What color is the plate under the dish,green plate,green
d759993231e4ae6,What color are the pierogi,yellow,golden brown
d759993231e4ae6,What type of food is shown in the image,pierogi,pierogies
d759993231e4ae6,Where are the pierogi placed,on the plate,on a plate
d759993231e4ae6,Where is the pierogi located in the middle of the plate,center,middle of plate
9847bc5024dc67b,What color is the plate,white,white
9847bc5024dc67b,What color is the hotdog,pinkish-red,reddish-brown
9847bc5024dc67b,Where are the pigs in a blanket placed,on a plate,white rectangular plate
def28ab9ad33050,What is the main ingredient in the Apricot Almond Pilaf,rice,rice
def28ab9ad33050,Where are all the food items placed,inside the bowl,in orange and blue bowl
da6f20f25f32a9d,What color is the base of the rice,yellow,yellow
da6f20f25f32a9d,How are the slices of red bell peppers arranged,scattered,scattered throughout the dish
da6f20f25f32a9d,What is the main ingredient in the pilaf,rice,rice
da6f20f25f32a9d,What color are the bell pepper slices partially visible beneath the yellow rings,red,red and green
da6f20f25f32a9d,Where are the green bell pepper slices mostly located,on the left,throughout the dish
a6d484ebeacc37e,What size is the glass punch bowl,large,large size
a6d484ebeacc37e,Where is the coconut shell cup located,to the lower left,lower part of image
1c9c8473c25453f,What is the primary flavor of the pinwheels,chocolate,chocolate
1c9c8473c25453f,What color is the dark chocolate component of the pinwheel,brown,deep brown
1c9c8473c25453f,Where is the larger pinwheel located,on the left,left side
d16d3b9f8992526,What is the temperature of the pinwheels,hot,warm or even hot
d16d3b9f8992526,What color are the onion pieces on the pinwheels,brown,golden brown
d16d3b9f8992526,Where are the onion pieces located on the pinwheels,on top,top of the pinwheels
f18e99e9dcc91a3,What type of bread is shown in the image,bread,pita
f18e99e9dcc91a3,What color is the gluten-free pita flatbread,brown,light brown
f18e99e9dcc91a3,Where is part of the bread located,on the plate,on a plate
f18e99e9dcc91a3,What is scattered on the plate under the bread,crumbs,crumbs
c1b6d1ed9795a47,What color is the plate,white,white
c1b6d1ed9795a47,What type of bread is shown in the image,bread,naan
c1b6d1ed9795a47,What color is the napkin,red,red
c1b6d1ed9795a47,What color is the pita bread,tan,light beige
c1b6d1ed9795a47,Where is the pita bread placed,on a white plate,on a white plate
025ee3dfc1e85c2,How are the pear slices arranged on the pizza,arranged,circular pattern
025ee3dfc1e85c2,What fruit is placed on top of the cheese,pear,pear
025ee3dfc1e85c2,Where are the pear slices placed on the pizza,on top of,top of the pizza
09ffcc95dea0190,What color is the pizza pan,silver,silver
09ffcc95dea0190,What type of food is shown in the image,pizza,pizza
09ffcc95dea0190,What color is the tomato sauce,red,red
09ffcc95dea0190,What color is the crust,beige,light beige
09ffcc95dea0190,What is the shape of the pizza pan,on a round,round
03c09164b78a5c8,What color is the crust of the cobbler,golden-brown,golden brown
03c09164b78a5c8,Where is the baking dish located,on the left,on a surface
3a8a01d4826590d,What type of bread is shown in the image,plum bread,muffins
3a8a01d4826590d,What color is the plate,white,white
3a8a01d4826590d,What color is the base of the plum bread,tan,golden-brown
3a8a01d4826590d,What is the texture of the top of the plum bread,cracked,slightly cracked and uneven
3a8a01d4826590d,Where is the plate placed,on a plate,dark reflective surface
9925a351bf1ca8c,What is the color of the watermelon's interior,pink,red
9925a351bf1ca8c,What is the food served on,plate,white plate
9925a351bf1ca8c,What is the color of the watermelon's flesh,red,red
9925a351bf1ca8c,What green herb is beside the watermelon slice,parsley,parsley
e5661bb8414166b,What type of dish is featured in the image,polenta,mashed potatoes and meat
e5661bb8414166b,What color is the polenta,yellow,yellow
e5661bb8414166b,What color is the parsley garnish,green,green
8d5dbc4a9462c53,What is the dish in the lower center of the image,polenta,creamy potato dish
8d5dbc4a9462c53,Where is the polenta located in the image,in the lower center,foreground
8d5dbc4a9462c53,How is the corn prepared in the polenta,roasted,mixed into it
4668800e907780a,What color are the chicken pieces,beige,creamy
4668800e907780a,What type of meat is in the dish,chicken,chicken
4668800e907780a,What color is the cream sauce,yellow,pale yellow
4668800e907780a,What color is the sauce covering the dish,cream,creamy yellow
953f6be44a13027,What color are many of the rice grains coated in,yellow,golden-brown
953f6be44a13027,What is the main grain used in the dish,rice,rice
953f6be44a13027,What color is the ground meat mixed with the cabbage,brown,brown
953f6be44a13027,What color are the pieces of cabbage,in light yellow,yellow and white
6908c6556f00d12,How are the dark brown pieces of meat and green beans distributed in the rice,interspersed,mixed throughout the rice
6908c6556f00d12,What is the main ingredient in the lower half of the image,rice,rice
6908c6556f00d12,What color are the diced tomatoes in the salad,red,red
6908c6556f00d12,What color are the diced cucumbers in the salad,green,green
6908c6556f00d12,Where is the salad located in relation to the rice,above the rice,above the rice
c664b30dc984fe4,What color is the frosting on the cake pop,pink,pink
c664b30dc984fe4,What type of dessert is the food item,cake,cake pop
c664b30dc984fe4,What are the sprinkles on the cake pop like,colorful,small round and colorful
c664b30dc984fe4,Where is the cake pop placed,on a light brown surface,wooden surface
77f4c5b414b903a,What color are the ice pops,brown,beige
77f4c5b414b903a,What type of food is shown in the image,ice pops,frozen dessert
77f4c5b414b903a,What color is the plate,white,white
77f4c5b414b903a,Where are the ice pops placed,on a white plate,white plate
77f4c5b414b903a,What is the state of the background objects,blurred,blurred and out of focus
95c0881264faca7,What color are the gingersnap cookies,brown,brown
95c0881264faca7,What type of baked goods are shown in the image,cookies,cookies
95c0881264faca7,Where are the cookies placed,on a metal baking sheet,on a metal tray
cc8ab18052f66ff,How does the surface of the chicken appear,shiny,browned and slightly crispy
cc8ab18052f66ff,What is the color of the rice,rice,light brown
cc8ab18052f66ff,What is the color of the chicken surface,brown,golden-brown
cc8ab18052f66ff,How are the chicken pieces arranged,stacked on,overlapping manner
efa79f62e1212b8,What color is the bowl,pink,pink
efa79f62e1212b8,What is holding the candied almonds,bowl,a bowl
efa79f62e1212b8,What color are the candied almonds,brown,light brown
a9de64865353ad1,What type of nuts are in the jar,almonds,almonds
a9de64865353ad1,What is the container for the almonds,jar,glass jar
a9de64865353ad1,Where are the scattered almonds located,on the same surface,wooden cutting board
9a2122c94391ed2,What color is the almond tea,orange,light amber
9a2122c94391ed2,What type of surface is the glass sitting on,on the bottom center,wooden surface
9a2122c94391ed2,What color is the background of the image,green,green
0a14bf73604dec2,What color are the sweet potatoes,vibrant,orange
0a14bf73604dec2,What type of vegetable is in the bowl,sweet potatoes,sweet potatoes
0a14bf73604dec2,What color is associated with the sweet potatoes,orange,orange
0a14bf73604dec2,Where are the sweet potatoes mounded,within the bowl,glass bowl
d0501785b532eca,What color are the darker patches on the apples,brown,red
d0501785b532eca,What fruit is shown in the image,apples,peach
d0501785b532eca,What color is the bowl,white,white
d0501785b532eca,What color is the cut apple piece,yellow,orange
d0501785b532eca,Where are the apples placed,in a bowl,in a bowl
47319ad0fa9cdb4,What is the applesauce contained in,applesauce,a bowl
47319ad0fa9cdb4,What color is the bowl,blue,blue
47319ad0fa9cdb4,What color is the apple closer to the bowl,red,red
47319ad0fa9cdb4,Where is the bowl placed,on a surface,on a surface
dc9c9c226ed6f6b,What is the color of the applesauce,applesauce,light brown
dc9c9c226ed6f6b,What is the color of the applesauce in the bowl,golden-brown,light brownish-orange
dc9c9c226ed6f6b,What is being done with the spoon in the image,scooped,scooping applesauce
dc9c9c226ed6f6b,What color is the bowl containing the applesauce,white,white
dc9c9c226ed6f6b,Where is most of the applesauce located,in the bowl,white bowl
e0e667da478e560,What color is the pear-applesauce inside the jar,golden-amber,vibrant orange
e0e667da478e560,What is the container holding the pear-applesauce,jar,glass jar
e0e667da478e560,What color is the apple on the table,yellow,yellow
e0e667da478e560,Where is the jar of pear-applesauce placed,on the table,wooden surface
e0e667da478e560,What color is the small dish containing more pear-applesauce,white,white
996c337701e6c89,What is the main protein in the dish,meat,ground beef
996c337701e6c89,What vegetable is visible in the ground meat mixture,carrots,diced carrots
996c337701e6c89,How are the plantains prepared,fried,by frying
996c337701e6c89,Where is the ground meat mixture located,on the plate,left side of plate
996c337701e6c89,Where is the rice placed relative to the ground meat,adjacent,right of ground meat
e0d807ecc1cc31b,What color are the artichoke hearts,green,green
e0d807ecc1cc31b,What type of vegetable is shown in the lower-left area,artichoke,artichoke
e0d807ecc1cc31b,What color is the plate,white,white
e0d807ecc1cc31b,Where are the lettuce leaves located,to the right,right of artichokes
fa3f82cfa61ea05,What color is the majority of the asparagus,green,green
fa3f82cfa61ea05,What vegetable is featured in the dish,asparagus,asparagus
fa3f82cfa61ea05,How are the asparagus pieces arranged on the plate,arranged,somewhat scattered
dadaf1377287f2d,What color are the asparagus spears,green,green
dadaf1377287f2d,What vegetable is shown in the image,asparagus,asparagus
dadaf1377287f2d,In which direction are the asparagus tips pointing,upwards,upwards
dadaf1377287f2d,Where are the asparagus spears stacked,on top of,white plate
a07fe2567ba507e,What color is the avocado near the center,green,green
a07fe2567ba507e,What fruit is used to hold the baked egg,avocado,avocado
a07fe2567ba507e,What color is the egg white,white,pale yellow
a07fe2567ba507e,Where is the avocado's outer skin described,on its outer skin,green
a07fe2567ba507e,Where are the diced pieces of ham located,scattered,top of the egg
d294dd73f747ba7,What color is the pie filling,green,green
d294dd73f747ba7,What type of dessert is shown in the image,pie,pie
d294dd73f747ba7,What color is the whipped cream on top of the pie,white,white
d294dd73f747ba7,Where is the whipped cream located,on top,on top
e57919c504620ad,What color is the fried batter coating of the avocado bites,golden-brown,golden brown
e57919c504620ad,What is the main ingredient of the bites,avocado,green vegetables
e57919c504620ad,What color is the avocado inside the bites,green,light green
e57919c504620ad,Where are the avocado bites placed,on a white square plate,white plate
e57919c504620ad,Do the avocado bites have the same size and shape,vary,no
bc65d8c82c97c6e,What type of berries are on the Dutch Babies,raspberries,fresh berries
bc65d8c82c97c6e,How are the berries near the left edge arranged,scattered,in a small bowl
bc65d8c82c97c6e,What color are the raspberries,red,red
bc65d8c82c97c6e,Where are the Dutch Babies presented,on the white cloth,cast iron skillet
43f16eb0ce00b22,How does the bacon appear on the surface,glistening,crispy texture
43f16eb0ce00b22,What type of meat is shown in the image,bacon,ham
43f16eb0ce00b22,What color is the exterior of the bacon,dark brown,dark brown
43f16eb0ce00b22,Where are the two pieces of bacon positioned relative to each other,separated by,side by side
603ff0b14e008eb,What type of meat is shown in the image,bacon,rack of ribs
603ff0b14e008eb,Where is the bacon being cooked,oven,in an oven
603ff0b14e008eb,Where is the bacon placed in the oven,on a wire rack,inside the oven
dd10c756d295fd9,What color are the bagel bites,golden-brown,golden brown
dd10c756d295fd9,What type of food is shown in the image,bagel bites,mixed berries
dd10c756d295fd9,Where are the bagel bites located in the image,blue,bottom half
dd10c756d295fd9,How many bagel bites are broken,in the bottom half,one
dd10c756d295fd9,What color is the plate in the image,broken,light blue
4ffc92ecaab59bc,What color are the bagels,golden-brown,golden brown
4ffc92ecaab59bc,What type of food is shown in the image,bagels,bagels
4ffc92ecaab59bc,What gives the bagels a speckled appearance,spice,cinnamon sugar coating
4ffc92ecaab59bc,Where are the bagels placed,on a wire rack,metal cooling rack
cc3286afe2ca6f4,What type of bread are the bagels made of,pumpernickel,whole wheat or multigrain
cc3286afe2ca6f4,What color are the bagels,brown,brown
cc3286afe2ca6f4,What food item is being described,bagels,donut
cc3286afe2ca6f4,Where are the bagels placed,on a black wire rack,wire cooling rack
cc3286afe2ca6f4,What color are the sesame seeds on the bagels,white,white
66d008af21ff8da,What color is the bagel on the left,golden-brown,light brown
66d008af21ff8da,What is the state of the cheese on the right bagel,melted,melted cheddar
66d008af21ff8da,What is the bagel placed on,plate,white plate
66d008af21ff8da,What type of seeds are on the bagel on the left,sesame,sesame seeds
66d008af21ff8da,Where is the golden-brown bagel located,on the left,left side
63f9b9692722870,What color is the baking dish,white,white
63f9b9692722870,What is the main ingredient in the top layer of the bake,cheese,cheese
63f9b9692722870,"What are the small, dark brown pieces within the cheese",sausage,bits of sausage
63f9b9692722870,What color are the cooked sausage pieces,brown,brown
63f9b9692722870,Where are the sausage pieces located,within the cheese,throughout the casserole
3a687442b546d06,What color is the smoothie,beige,light brown
3a687442b546d06,What fruit is used to make the smoothie,bananas,a banana
3a687442b546d06,What color is the straw,yellow,yellow
3a687442b546d06,Where are the bananas located,to the left of,left side
be6202dbef60502,What color are the chocolate chips on top of the loaves,brown,dark brown
be6202dbef60502,What type of chips are on top of the loaves,chocolate,chocolate chips
be6202dbef60502,What shape are the loaves,loaves,rectangular
be6202dbef60502,What color is the crust of the loaves,golden-brown,light brown
be6202dbef60502,Where is one loaf angled towards,towards the center,the camera
eba8e48373f79c5,What type of fries are shown in the image,fries,french fries
eba8e48373f79c5,What color are the fries,brown,golden brown
eba8e48373f79c5,What color is the plate,white,white
eba8e48373f79c5,Where are the fries placed,on a plate,on a plate
4880300b48ec41e,What fruit is used in the dish,bananas,jackfruit
4880300b48ec41e,What color are the bananas,golden-yellow,yellow
4880300b48ec41e,What liquid are the bananas immersed in,in coconut milk,coconut milk
4880300b48ec41e,What is the food served in,bowl,glass container
aa269a3e332dd1e,What color are the banana tempura pieces,golden-brown,golden brown
aa269a3e332dd1e,What fruit is used to make the tempura,banana,banana
aa269a3e332dd1e,How are the banana tempura pieces arranged,together,in a pile
aa269a3e332dd1e,What type of dish is the banana tempura,tempura,banana tempura
aa269a3e332dd1e,What is the shape of the banana tempura pieces,irregular,irregularly shaped
7fbda1224d53057,What color is the banana,yellow,yellow
7fbda1224d53057,What fruit is cut lengthwise into four pieces,banana,a banana
7fbda1224d53057,What color is the bowl,white,white
7fbda1224d53057,Where is the yogurt placed,on top of,in a bowl
7fbda1224d53057,What color are the blueberries,dark blue,blue
79ff76ebd665917,What color are the persimmon bars,golden,brown
79ff76ebd665917,What is the shape of the food items,bars,squares
79ff76ebd665917,What color is the icing on the persimmon bars,white,white
016070192578a84,What color is the chicken,reddish-brown,brown
016070192578a84,What type of meat is shown in the image,chicken,grilled chicken
016070192578a84,What color is the rice,white,white
016070192578a84,Where is the chicken positioned in relation to the rice,on top of,on top
016070192578a84,What color are the lime wedges,green,green
880233b6f196640,What is the barley beef stew a mix of,mix,various ingredients
880233b6f196640,What color is the bowl,white,white
880233b6f196640,How is the barley dispersed in the stew,dispersed,evenly distributed
880233b6f196640,What color are the diced carrots,orange,orange
880233b6f196640,What type of meat is in the stew,of beef,beef
ce69b21f2bd939f,What color is the rice,white,white
ce69b21f2bd939f,What type of meat is on top of the rice,chicken,chicken
ce69b21f2bd939f,What color are the onions,brown,white
ce69b21f2bd939f,What color are the basil leaves,green,green
ce69b21f2bd939f,Where is the rice located,at the bottom,bottom of a bowl
6a5c1c9d36c3e55,How are the Sea Bass fillets arranged in the dish,overlapping,side by side
6a5c1c9d36c3e55,What type of fish is being served,sea bass,salmon or tilapia
6a5c1c9d36c3e55,What color is the interior of the Sea Bass fillets,white,white
6a5c1c9d36c3e55,Where is the first Sea Bass fillet located in the dish,on the left side,left side
6a5c1c9d36c3e55,What color are the scallions sprinkled on top of the fish,green,green
63557262258d2b9,What tint do the sea bass fillets have,yellowish,light off-white
63557262258d2b9,How are the pieces of dill arranged on the fillets,scattered,sprinkled randomly
63557262258d2b9,What type of fish is shown in the image,sea bass,type of fish
63557262258d2b9,Where are the sea bass fillets placed,on the rack,wire cooling rack
63557262258d2b9,What color are the pieces of dill on the fillets,green,green
0681647b77c7278,Does the batter have a smooth texture,smooth,yes
0681647b77c7278,Is the batter made of cottage cheese and brownie ingredients,batter,yes
0681647b77c7278,Is the batter light brown in color,brown,no
0681647b77c7278,Are the chocolate chips on top of the dollop,on top,yes
0681647b77c7278,Are there chocolate chips scattered around the jar,yes,yes
58477a44062ce7f,What is the flavor of the Elaine's Sweet and Tangy Loose Beef BBQ,tangy,sweet and tangy
58477a44062ce7f,What type of meat is used in the Elaine's Sweet and Tangy Loose Beef BBQ,beef,beef
58477a44062ce7f,What color is the top bun of the Elaine's Sweet and Tangy Loose Beef BBQ,tan,light brown
58477a44062ce7f,What color is the plate that the Elaine's Sweet and Tangy Loose Beef BBQ is served on,orange,reddish-orange
4b14434d6c946ae,What is the texture of the meat in the Carolina BBQ,shredded,shredded or pulled
4b14434d6c946ae,What is the main component of the Carolina BBQ,meat,pulled pork
4b14434d6c946ae,What is the appearance of the sauce on the meat,coating,orange-brown
4b14434d6c946ae,What color is the crust of the bun,yellowish,light brown
a6476d1a8bc7334,What type of meat is shown in the image,chicken,chicken
cc4a281c77aaedf,What color is the BBQ sauce,reddish-brown,brown
cc4a281c77aaedf,What type of meat is being grilled,ribs,ribs
cc4a281c77aaedf,Where are the ribs being cooked,grill,on a grill
cc4a281c77aaedf,How is the BBQ sauce distributed across the ribs,unevenly,unevenly
cc4a281c77aaedf,Where is the BBQ sauce primarily located,on the top,surface of the meat
7b7b1a6c35b0571,How do the green beans appear,tasty,cooked and coated
7b7b1a6c35b0571,What is used to cook the green beans,pan,steaming
7b7b1a6c35b0571,What color are the green beans,green,green
7b7b1a6c35b0571,What type of beans are in the pan,green beans,green beans
7b7b1a6c35b0571,Where are the green beans mostly concentrated,in the center,in the pan
4992817db78e3f2,What color are the pinto beans,reddish-brown,brownish-red
4992817db78e3f2,What color are the diced carrots,orange,orange
4992817db78e3f2,What are the pinto beans mixed with,with other ingredients,diced tomatoes
4992817db78e3f2,What is the pinto beans served on,plate,decorative plate
f6a053c5e1893f9,What color are the string beans,green,green
f6a053c5e1893f9,What type of vegetable is in the bottom center of the image,beans,green beans
f6a053c5e1893f9,How are the string beans arranged in the image,tangled,spread out casually
f6a053c5e1893f9,Do the string beans overlap any other food in the image,yes,yes
f6a053c5e1893f9,Where are the string beans located in the image,in the bottom center,on the plate
441fcc9cb344ba1,How would you describe the surface of the beans,glossy,glossy and shiny
441fcc9cb344ba1,What type of vegetable is shown in the image,beans,green beans
441fcc9cb344ba1,What seasoning or characteristic is visible on some of the beans,peppered,oil
441fcc9cb344ba1,How are the beans arranged in the image,overlapping,haphazardly overlapping each other
441fcc9cb344ba1,Where are the beans located in the image,throughout the entire image frame,in the image
993feff14891476,What color are the beans primarily,tan,brown
993feff14891476,What is the food served in,bowl,a bowl
993feff14891476,How much of the bowl do the beans occupy,fill,entire bowl
993feff14891476,What color is the broth surrounding the beans,brown,brown
993feff14891476,Where are the beans located in the broth,in the broth,in the broth
21e2637de941dd5,How are the peppers prepared,sliced,sliced and cooked
21e2637de941dd5,What type of meat is used in the dish,beef,ground beef
21e2637de941dd5,What color is the ground beef,brown,brown
21e2637de941dd5,What is the ground beef mixed with,with peppers,various vegetables
f546b3a3af7abd8,How was the beef cooked,slow,roasted or grilled
f546b3a3af7abd8,What color is the roast beef,reddish-brown,brown
f546b3a3af7abd8,What type of food is shown in the image,meat,roast beef
f546b3a3af7abd8,Where is the roast beef positioned in the frame,in the upper-right portion,center of the plate
253f5d3a1d7e9f7,What color is the slushy at the bottom of the mug,brown,brown
253f5d3a1d7e9f7,What color is the foam at the top of the mug,white,white
253f5d3a1d7e9f7,Where is the thick layer of white foam located,at the top,topmost part of glass
02c1cb3e79e9c55,What are the drinks served in,glasses,glasses
02c1cb3e79e9c55,What color is the shandy in the right glass,amber,light amber
02c1cb3e79e9c55,Where are the lime wedges placed,surface,on the table
344194d426c2abd,What color are most of the beets in the bowl,red,red
344194d426c2abd,What is the main ingredient in the bowl,beets,roasted vegetables
344194d426c2abd,What color are the herbs scattered among the beets,green,green
53e3760a31b1ff1,What color is the base of the cake,yellow,golden brown
53e3760a31b1ff1,What type of dessert is shown in the image,cake,blueberry coffee cake
53e3760a31b1ff1,What is the cake placed on,on a clear glass,glass plate
2a66270884effd6,What color are the biscuits primarily,yellow,golden-brown
2a66270884effd6,What type of baked goods are shown in the image,biscuits,biscuits
2a66270884effd6,How are the biscuits arranged,clustered,in a basket
2a66270884effd6,How do the biscuits appear to be prepared,baked,rustic homemade style
a75733bc0677785,What color is the top of the first biscuit,golden-brown,golden brown
0d09531e7da3c55,What color is the arrowroot biscuit,pale,off-white
0d09531e7da3c55,What is the color of the surface of the biscuit,cream,light beige
0d09531e7da3c55,Where is the arrowroot biscuit located,on a wire rack,wooden surface
72c615959ec4225,What color are the biscuits,beige,golden brown
72c615959ec4225,What type of food is shown in the image,biscuits,biscuits or scones
72c615959ec4225,What color are the flecks on the biscuits,orange,orange
72c615959ec4225,Where are the biscuits located in the image,across the image,white surface
06add82d08c0d34,What texture does the crust of the cranberry brie bites have,flaky,flaky and golden brown
7e6dae689e22dd5,What color is the plate used for the blondies,light-colored,white
7e6dae689e22dd5,What type of dessert is shown in the image,blondies,pancakes
7e6dae689e22dd5,What color are the blondies overall,brown,light brown
7e6dae689e22dd5,Where is the drizzle applied on the blondies,on top,top of blondies
7e6dae689e22dd5,What is the darker brown topping on the blondies,drizzle,caramel drizzle
edcf433b4d8b884,What color are the blueberries,purple,deep purple
edcf433b4d8b884,What type of fruit is being pickled,blueberries,blueberries
eed8781f7c6e76f,What color is the Bologna Salad Sandwich Spread,pink,pink
eed8781f7c6e76f,What is the Bologna Salad Sandwich Spread located in,bowl,white bowl
eed8781f7c6e76f,Where are the crackers located,under the bowl,on a white plate
eed8781f7c6e76f,What color are the crackers,golden-brown,brown
ba6fcc58d8b5770,What color is the bolognese,reddish-brown,deep red
ba6fcc58d8b5770,What is the bolognese doing to the pasta,covering,covering the pasta
ba6fcc58d8b5770,What is the bolognese served on,plate,a plate
ba6fcc58d8b5770,What color is the pasta,yellow,beige
ba6fcc58d8b5770,Where is the bolognese located on the plate,in the center,on top
8f97cf903a03575,What color are the spinach leaves,green,green
8f97cf903a03575,What is one of the main green ingredients in the bowl,spinach,avocado
8f97cf903a03575,What is the color of the avocado cubes closest to the center,avocado,vibrant green
8f97cf903a03575,Where are the pieces of chicken located in relation to the bowl's edge,closer to,center and slightly left
2f105290de1dd3a,What color is the rice in the bowl,tan,brown
2f105290de1dd3a,What type of grain is located on the left side of the bowl,rice,rice
2f105290de1dd3a,Where is the rice located in the bowl,on the left side,left side
2f105290de1dd3a,What color are the avocado slices in the bowl,green,green
902318f170069ad,What color are the brats,reddish-brown,brown
902318f170069ad,What type of sausages are shown,brats,pork sausage
902318f170069ad,What color is the parsley,green,green
902318f170069ad,Where are the onions placed,draped over,top of sausages
902318f170069ad,What is visible underneath the brats,liquid,white surface
441400d5b739292,What ingredient is visible throughout the bread,walnuts,nuts
441400d5b739292,How would you describe the interior of the bread,speckled,dense and moist
441400d5b739292,Where are the walnuts located on the bread,on top,top of the bread
074294b6160f6df,What color is the interior of the bread,white,light
074294b6160f6df,What is the form of the bread on the left side of the frame,loaf,loaf form
074294b6160f6df,What color is the crust of the bread,tan,brown
074294b6160f6df,How are the bread slices arranged on the cutting board,overlapping,fan-like pattern
074294b6160f6df,Where is the loaf of bread positioned,on the board,on a wooden board
21bea6d1906db3a,What color is the interior of the sliced bread,white,white
21bea6d1906db3a,What color is the crust of the sliced bread,golden-brown,light brown
21bea6d1906db3a,How are the three slices arranged,stacked,stacked manner
3ffaff754079068,What color is the crust of the bread,beige,golden-brown
3ffaff754079068,What type of food is shown in the image,bread,loaf of bread
3ffaff754079068,What color is the inside of the bread,creamy,light beige
3ffaff754079068,Where is the bread placed,on a wire rack,wire cooling rack
1e9542136c1c977,What color are the egg whites,bright,white
1e9542136c1c977,What color are the pieces of cheese,orange,orange
1e9542136c1c977,Where are the diced potatoes scattered,around the eggs,throughout the dish
0a72c38706e4f5d,What color is the beef brisket,brown,dark brown
0a72c38706e4f5d,What type of meat is on the plate,beef brisket,beef
0a72c38706e4f5d,What color are the peas on the plate,green,green
0a72c38706e4f5d,What is covering the beef brisket and mashed potatoes,gravy,gravy
0a72c38706e4f5d,Where is the beef brisket located on the plate,on the plate,right side
305b748881067fd,What color is the brittle,golden-brown,golden brown
305b748881067fd,Where are the macadamia nuts located in the brittle,within,throughout the brittle
c052db6181c54f4,What color are the beef pieces,brown,brown
c052db6181c54f4,What type of meat is in the dish,beef,beef
c052db6181c54f4,What color are the broccoli florets,green,green
c052db6181c54f4,Where is the beef and broccoli located,on a plate,on a plate
c052db6181c54f4,What is located underneath the beef and broccoli,rice,white rice
3002415d68ad56f,What vegetable is shown in the image,broccoli,broccoli
3002415d68ad56f,What is the dominant color of the broccoli florets,green,green
3002415d68ad56f,What color is the plate under the broccoli,red,red
3002415d68ad56f,How does the broccoli appear to be prepared,cooked,steamed
3002415d68ad56f,Where is the broccoli located,on a plate,on a plate
097296e0ac0a9cd,What is the main liquid in the pot,broth,broth or stock
097296e0ac0a9cd,What color are the diced celery pieces,green,green
097296e0ac0a9cd,Where are the chunks of chicken located,within the broth,in a large pot
b325c9edcf69610,What shape is the brownie,square,rectangular
b325c9edcf69610,What color is the brownie,brown,dark
b325c9edcf69610,Where are the green mint leaves placed,on top,on top of dessert
b325c9edcf69610,What color are the mint leaves,green,green
dfd187cc612cd0e,What color is the cardboard container,brown,brown
dfd187cc612cd0e,How does the top of the brownie appear,shiny,slightly cracked
dfd187cc612cd0e,What type of nuts are embedded in the brownie,pecans,pecans
8ca33970fcac581,What color are the brownies,brown,dark brown
8ca33970fcac581,What is the dessert shown in the image,brownies,stack of brownies
8ca33970fcac581,What is the texture of the top brownie,cracked,fudgy
8ca33970fcac581,What ingredient is visible in the brownies,walnuts,nuts
8ca33970fcac581,Where are the brownies placed to the plate,on top of,on top
6e6511f7b9124cb,What color are the brownies,dark-brown,dark
6e6511f7b9124cb,How are the brownies placed in the image,arranged,on a white plate
6e6511f7b9124cb,What type of dessert is shown in the image,brownies,brownies
6e6511f7b9124cb,Where are the small nuts or inclusions located,within the chocolate,within the brownies
3c56ae3de51e0ba,What color is the plate,white,white
3c56ae3de51e0ba,What is the name of the dish in the center of the image,bruschetta,bruschetta
3c56ae3de51e0ba,What color are the chopped tomatoes,red,red
3c56ae3de51e0ba,Where is the bruschetta located,on the center,white plate
3c56ae3de51e0ba,What is the base of the bruschetta,toasted,toasted bread
e4642d415d4395f,What has happened to the cheese on the bread,melted,melted
e4642d415d4395f,What is the color of the plate,black,black
e4642d415d4395f,What color are the tomato slices,red,red
e4642d415d4395f,Where are the bright green basil leaves placed,on top,top of the pizza
5d026af492d6a34,What color is the beef,reddish-brown,reddish-brown
5d026af492d6a34,What type of meat is shown in the image,beef,raw fish
5d026af492d6a34,How does the beef appear in the image,glistening,raw and thinly sliced
5d026af492d6a34,Where are the shredded carrots located in the image,on top of,throughout the image
5d026af492d6a34,What color are the shredded carrots,orange,orange
e21891b1b067fb8,What portion of the image do the burgers take up,one-third,two-thirds or more
e21891b1b067fb8,What type of food is the main focus of the image,burgers,meatballs
e21891b1b067fb8,What color is the sauce covering the burgers,brownish-tan,brown
e21891b1b067fb8,What is the sauce covering,of the burgers,meat dish
e21891b1b067fb8,What color are the beans,green,green
31c8d45426631c6,What color is the baking dish,white,white
31c8d45426631c6,What has happened to the cheese on top of the casserole,melted,melted and browned
31c8d45426631c6,What color is the melted cheese mostly,orange,golden yellow
31c8d45426631c6,Where is the burrito casserole,in the dish,in a dish
31c8d45426631c6,How is the casserole arranged,layers,rectangular baking dish
2d3ce990cc41e09,Are the burritos vegan,vegan,no
2d3ce990cc41e09,What type of food is shown in the image,burritos,a burrito
2d3ce990cc41e09,What color are the tofu chunks,tan,white
2d3ce990cc41e09,Where is the cut burrito placed,on top,on a plate
de95b62def287ff,What is the flavor profile of the burritos,sweet,savory
de95b62def287ff,What type of food is shown in the image,burritos,quesadillas
de95b62def287ff,What color is the plate,black,black
de95b62def287ff,Where are the burritos placed,on a black plate,black plate
de95b62def287ff,What color is the sweet potato filling,orange,orange
537825d37055ad1,What is the primary color of the frosting,white,white
537825d37055ad1,What is the dessert in the image,cupcake,a cupcake
537825d37055ad1,What color streaks are incorporated into the frosting besides red,light blue,blue
537825d37055ad1,Where is the frosting placed on the cupcake,on top of,top of the cupcake
d042eca485dd728,What shape is the cake,rectangular,rectangular
d042eca485dd728,What type of dessert is shown in the image,cake,birthday cake
d042eca485dd728,What color is the lettering on the cake,blue,blue
d042eca485dd728,What is the buttercream flavor on the cake,caramel,not specified in image
d042eca485dd728,Where are the orange flowers placed on the cake,around the perimeter,around the edges
ac5a3aa8ca9674b,What is the texture of the cabbage in the image,shredded,shredded or finely chopped
ac5a3aa8ca9674b,What type of vegetable is shown in the image,cabbage,red cabbage
ac5a3aa8ca9674b,Where is the cabbage located in the image,on the top-right,in a bowl
ac5a3aa8ca9674b,What is the color of the bowl in the image,white,white
ac5a3aa8ca9674b,What is the color of the shredded cabbage in the image,pinkish-red,pinkish-red
64226aa9f3056f4,What color is the bowl,white,white
64226aa9f3056f4,What is the shape of the container holding the scalloped cabbage,bowl,round in shape
64226aa9f3056f4,What is visible on top of the golden brown crust,breadcrumbs,breadcrumbs or similar topping
64226aa9f3056f4,What color is the crust on top of the scalloped cabbage,golden,golden brown
a18c5a91e434bbb,What is the texture of the cabbage in the salad,shredded,crisp and fresh
a18c5a91e434bbb,What type of cabbage is used in the salad,green-cabbage,napa or chinese cabbage
a18c5a91e434bbb,What color is the shredded cabbage in the salad,white,white
a18c5a91e434bbb,What color are the carrot slivers in the salad,orange,orange
a18c5a91e434bbb,Where are the carrot slivers located in the salad,within the salad,in the salad
ddd7b62c8f666e1,What color is the bowl,reddish-orange,orange
ddd7b62c8f666e1,What is the main vegetable in the dish,cabbage,cabbage
ddd7b62c8f666e1,What color is the cabbage,yellowish-green,yellowish-green
ddd7b62c8f666e1,What type of beans are in the dish,beans,black beans
ddd7b62c8f666e1,Where is the dish positioned in the image,in the center,center of the image
1f70da84dd0fa82,What is the main vegetable in the dish,cabbage,cabbage
1f70da84dd0fa82,What color is the plate,brown,black
1f70da84dd0fa82,Where is the cabbage placed,on top of the plate,top of the carrots
1f70da84dd0fa82,What color are the diced carrots,orange,orange
8643addc01f5c98,How are the cabbage pieces arranged in the soup,evenly-distributed ,arranged randomly
8643addc01f5c98,Where are the solid ingredients located in the bowl,floating in,throughout the soup
8643addc01f5c98,What color are the tomatoes in the soup,red,red
8643addc01f5c98,What color are the carrot chunks in the soup,orange,orange
c71c9651e38223e,What color is the chicken piece,light-brown,light brown
c71c9651e38223e,What type of meat is featured in the dish,chicken,chicken
c71c9651e38223e,What color are the tomato bits in the sauce,red,red
c71c9651e38223e,Where is the chicken piece positioned on the plate,on the right side,right side
c71c9651e38223e,What type of noodles are under the chicken,spaghetti,spaghetti
3588268d71872c9,What color is the tomato-based sauce,reddish-brown,red
3588268d71872c9,What is the main protein in the dish,chicken,meatloaf
3588268d71872c9,What color are the egg noodles,light-yellow,light beige
3588268d71872c9,Where is the chicken positioned on the plate,in the center,on top
d0e3d9a163d4065,What color is the spaghetti in the dish,light,light tan
d0e3d9a163d4065,What type of meat is used in the dish,chicken,chicken
d0e3d9a163d4065,What color is the tomato sauce in the dish,red,red
d0e3d9a163d4065,What is sprinkled on top of the dish,cheese,grated cheese
a5761726130842d,What color are the calamari rings,golden,golden brown
a5761726130842d,What type of seafood is shown in the image,calamari,calamari
a5761726130842d,How are the calamari rings placed on the plate,arranging,scattered manner
a5761726130842d,What color is the plate,white,white
a5761726130842d,Where is the dark red sauce placed,on the plate,center of a plate
6d770809b93ee86,What color is the bowl,yellow,yellow
6d770809b93ee86,What is the soup served in,bowl,a bowl
6d770809b93ee86,What color is the broth,brown,light yellow
6d770809b93ee86,Where are the avocado slices positioned,on top of,on top
f123e18d594e493,What color is the corn on the cob,yellow,yellow
f123e18d594e493,What is the dish served on,plate,white plate
f123e18d594e493,What type of meat is in the dish,beef,beef
f123e18d594e493,What color is the beef,brown,dark brown
f123e18d594e493,What is the beef submerged in,in broth,yellowish-orange sauce
2334aa188b34959,What color is the interior of the candy,yellow,light yellow
2334aa188b34959,What is the exterior coating of the candy made of,chocolate,chocolate
2334aa188b34959,What type of food is shown in the image,candy,confectionery or dessert
2334aa188b34959,What color is the exterior of the candy,brown,brown
2334aa188b34959,Where is the orange ribbon located in relation to the candy,right of orange ribbon,behind the candy
0d091be8b650e7b,What color are the candies,brown,brown
0d091be8b650e7b,What is the main ingredient of the candies,sugar,nuts
0d091be8b650e7b,What color is the plate,white,white
0d091be8b650e7b,Where is the pink flower positioned,to the left,left side
996b61b45564b37,What color is the meat,brownish-red,brown
996b61b45564b37,What type of food is in the center of the image,meat,roasted meat
996b61b45564b37,What color are the charred edges of the meat,dark brown,dark brown
996b61b45564b37,How would you describe the edges of the meat,charred,well-seared and caramelized
996b61b45564b37,What is not present in the image,vegetables,utensils
b24a6f2ed6a3e36,What is the texture of the candy,hard,crystalline and slightly rough
b24a6f2ed6a3e36,What type of food is shown in the image,candy,candied orange peel
b24a6f2ed6a3e36,What is the dominant color of the candy,orange,orange
b24a6f2ed6a3e36,What is the relationship between the candy and the white powder,coated,covered in white powder
b24a6f2ed6a3e36,Where are the pieces of candy located in the image,throughout,scattered randomly
b4d3f2a98200f70,What color is the plate,green,green
b4d3f2a98200f70,What type of food is shown in the image,candy,gummy bears
b4d3f2a98200f70,What color is the candy,reddish-brown,red
b4d3f2a98200f70,Where is the pile of candy located on the plate,center,on a plate
b4d3f2a98200f70,Where is the candy placed,on the plate,on a plate
95b9f7b9949ffcd,What color is the prickly pear candy,red,deep red
95b9f7b9949ffcd,How was the candy applied to the parchment paper,poured,pouring
95b9f7b9949ffcd,What type of food is shown in the image,candy,not clear
95b9f7b9949ffcd,What is the appearance of the candy in terms of light transmission,translucent,translucent
95b9f7b9949ffcd,Where is the candy located on the parchment paper,on a piece,not visible
163f1ab33bea657,What color is the filling of the pie,yellow,yellowish
163f1ab33bea657,Where is the Cantaloupe Pie located in the image,center of the image,not in image
163f1ab33bea657,How does the meringue topping appear,fluffy and toasted,golden brown
163f1ab33bea657,What is the topping on the pie called,meringue,meringue
163f1ab33bea657,What color is the crust of the pie,silver,golden brown
f2527f9cf419a07,What color is the pasta,light-green,yellow
f2527f9cf419a07,What type of dish is shown in the image,pasta,pasta dish
f2527f9cf419a07,What color is the pepper sprinkled on the pasta,black,black
f2527f9cf419a07,What is the pasta coated in,in a creamy sauce,creamy yellowish sauce
f2527f9cf419a07,What color is the fork,silver,black
359af529a2897e9,What color is the exterior of the meat,brown,light brown
359af529a2897e9,What type of food is being cooked,meat,soup or stew
359af529a2897e9,What is happening to the liquid around the meat,bubbling,simmering
359af529a2897e9,What color is the liquid surrounding the meat,yellow-brown,brownish
eab27a4e2f33b77,What color are the carrots,orange,orange
eab27a4e2f33b77,What vegetable is in the bowl,carrots,carrots
eab27a4e2f33b77,What color is the bowl,white,white
35190d2da66fdbc,What color are the carrots,orange,orange
35190d2da66fdbc,What vegetable is the main focus of the dish,carrots,carrots
35190d2da66fdbc,How do the carrots appear on the plate,glistening,golden-brown
35190d2da66fdbc,Where are the carrots mostly arranged on the plate,in the center,scattered manner
35190d2da66fdbc,What color is the garnish next to the carrots,green,green
cddc2590663c874,What color is the rice besides white,yellowish,yellow
cddc2590663c874,What is the main ingredient in the dish besides rice,rice,carrots
cddc2590663c874,What color are the small pieces distributed throughout the rice,orange,orange
cddc2590663c874,What color is the sprig located on the left side of the rice,green,green
06aa1cd4906fc6e,What type of nuts are shown in the image,cashews,cashew nuts
06aa1cd4906fc6e,What color are the cashews,tan,golden brown
06aa1cd4906fc6e,How are the cashews arranged in the bowl,piled randomly,arranged randomly
06aa1cd4906fc6e,Where is the bowl placed,on a purple surface,on a surface
b07024f19d54163,What shape is the casserole presented in,triangular,rectangular
b07024f19d54163,What type of dish is the food served in,casserole,glass dish
b07024f19d54163,What color is the spinach in the casserole,green,green
b07024f19d54163,What is the bacon mixed with on top of the casserole,with cheese,cheese
b07024f19d54163,What appears as a yellow or off-white layer in the casserole,egg,egg mixture
1c9f4259812306b,What color is the catfish fillet,beige,golden-brown
1c9f4259812306b,What type of fish is featured in the dish,catfish,chicken
1c9f4259812306b,What color is the tomato-based sauce,reddish-orange,red
1c9f4259812306b,Where is the catfish fillet situated in the image,in the upper-center,on top
1c9f4259812306b,How is the dark brown component prepared,fried,curing and cooking
6d22247b721e6d5,What color is the catfish,golden-brown,golden-brown
6d22247b721e6d5,What type of fish is shown in the image,catfish,cannot be determined
6d22247b721e6d5,Where is the catfish located in the image,center,on a plate
6d22247b721e6d5,What color are the beans next to the catfish,green,green
6d22247b721e6d5,Where is the catfish positioned in the image,on the foreground,on a plate
834120a1d388a55,What does the cauliflower purée do to the blue bowl,fills,fills it completely
834120a1d388a55,What vegetable is used to make the purée,cauliflower,potatoes
834120a1d388a55,What color is the bowl,blue,blue
834120a1d388a55,What color is the cauliflower purée,yellow,white
fd20accf5e43db6,What is the texture of the mac-n-cheese,creamy,creamy
fd20accf5e43db6,What dish is being described,mac-n-cheese,macaroni and cheese
fd20accf5e43db6,What color is the bowl,white,white
fd20accf5e43db6,What color are the thin strips of cheddar cheese on top,orange-yellow,yellow
e2f67c2710c00c9,What is the primary color of the cauliflower florets,off-white,white
e2f67c2710c00c9,What vegetable is off-white to light tan in color,cauliflower,cauliflower
e2f67c2710c00c9,What color are the brussels sprouts,green,green
e2f67c2710c00c9,What vegetable is intermixed with the cauliflower,broccoli,broccoli
e2f67c2710c00c9,What vegetable is dark green and scattered throughout the bowl,broccoli,broccoli
5499c0eb50d5cca,What are the jars made of,glass jars,glass
5499c0eb50d5cca,What color is the cauliflower in the jars,white,white
5499c0eb50d5cca,What color are the carrot slices in the jars,orange,orange
5499c0eb50d5cca,Where are the jars placed,on the countertop,countertop
706760a64a27a1f,What color is the exterior of the Challah bread,golden-brown,golden brown
706760a64a27a1f,What type of food is shown in the image,bread,challah
706760a64a27a1f,Where is the Challah bread positioned,on the cutting board,cutting board
706760a64a27a1f,What color is revealed in the inner sections of the Challah bread,yellow,golden-brown
db3b1778b24456b,What color is the Swiss chard,dark green,green
db3b1778b24456b,What type of green vegetable is in the bowl,chard,spinach
db3b1778b24456b,What ingredient is mixed with the Swiss chard,garlic,onions
db3b1778b24456b,What color are the garlic pieces,white,white
db3b1778b24456b,Where is the Swiss chard with garlic located,in a bowl,in a bowl
641396b8036abef,What colors are present in the rainbow chard,rainbow,green and red
641396b8036abef,What type of chard is shown in the image,chard,swiss chard
641396b8036abef,What is the primary color of the chard leaves,green,green
641396b8036abef,Where is the bowl placed in the image,in a bowl,on a cloth
641396b8036abef,What ingredient is mixed in with the chard,vegetables,pomegranate seeds
c2f3350b60c42de,What type of burger is shown in the image,cheeseburger,cheeseburger
c2f3350b60c42de,What color is the cheese on the burger,yellow,yellow
c2f3350b60c42de,What color is the bottom half of the burger bun,golden-brown,light beige
c2f3350b60c42de,What is the pale green item beside the burger,pickle,a pickle
c2f3350b60c42de,Where is the cheeseburger placed,on a white plate,on a white plate
2635e661bc71dc5,What color is the top bun of the burger,tan,light brown
2635e661bc71dc5,What type of food is the main item in the image,burger,sandwich
2635e661bc71dc5,What color are the sweet potato fries next to the burger,orange,orange
2635e661bc71dc5,Where is the burger located in relation to the sweet potato fries,located to the left,left side
ae5fb0be294fa94,What color is the cheesecake,beige,white
ae5fb0be294fa94,What is the cheesecake doing to the silver baking pan,filling,resting inside
ae5fb0be294fa94,Where is the cheesecake located in the image,right side of the image,center of round pan
ae5fb0be294fa94,What color is the baking pan,silver,gray
ae5fb0be294fa94,What color is the crust around the edge of the cheesecake,golden-brown,golden brown
cbe96f00898ea30,What type of dessert is shown in the image,cheesecake,cheesecake
cbe96f00898ea30,What color is the whipped cream on the cheesecake,white,white
cbe96f00898ea30,What is sprinkled on the whipped cream,sprinkled,cocoa powder
9d7d5e0ae2b7c49,What color is the crust of the cheesecake,white,golden brown
9d7d5e0ae2b7c49,What type of dessert is shown in the image,cheesecake,berry tart
9d7d5e0ae2b7c49,What color are the blueberries on the cheesecake,blue,blue
9d7d5e0ae2b7c49,Where are the cheesecake slices placed,on the plate,on a plate
9d7d5e0ae2b7c49,What is drizzled over the berries and cheesecake filling,syrup,caramel sauce
3000aab5c950cd8,What color are the strawberries,red,red
3000aab5c950cd8,What is the dessert served in,jar,glass jar
3000aab5c950cd8,Where are the strawberry halves placed,on top of,top of the dessert
0ac165f57de52dd,What color is the top layer of the cheesecake,dark-brown,brown
0ac165f57de52dd,What type of dessert is shown in the image,cheesecake,chocolate cake
0ac165f57de52dd,What is the texture of the top layer of the cheesecake,glaze,smooth and creamy
0ac165f57de52dd,What fruit is placed on top of the cheesecake,strawberries,strawberry
0ac165f57de52dd,Where are the strawberries located on the cheesecake,on top of,top
76a2efddff0ea38,What is the texture of the base mixed with cherries,creamy,creamy and smooth
76a2efddff0ea38,What fruit is mixed into the creamy base,cherries,strawberry
76a2efddff0ea38,What does the Cherry Cloud do to the bowl,fills,served in the bowl
76a2efddff0ea38,What color are the cherries dispersed throughout the mixture,purple,red
76a2efddff0ea38,Where are the cherries dispersed in the mixture,throughout the bowl,throughout the pink mixture
7651b58f5f3b4b0,What color is the exposed portion of the first cherry,red,red
7651b58f5f3b4b0,What type of fruit is dipped in chocolate,cherries,cherry
7651b58f5f3b4b0,What color is the chocolate coating on the cherries,brown,brown
7651b58f5f3b4b0,Where is the first cherry located,on the left,top left corner
1e3f3ddd8e96695,What color are the diced carrots in the stew,orange,orange
1e3f3ddd8e96695,What is the color of the ground chicken in the stew,browned,brownish-orange
1e3f3ddd8e96695,What type of meat is used in the stew,chicken,chicken
1e3f3ddd8e96695,Where is the stew located in the image,on top of the plate,on top of rice
1e3f3ddd8e96695,What herb is placed on top of the stew,parsley,parsley
f0bc5f6eb400aaf,What color is the chicken on top,golden,brown
f0bc5f6eb400aaf,What color is the chicken on the sides,brown,golden brown
f0bc5f6eb400aaf,What color is the sauce surrounding the chicken,reddish-brown sauce,reddish-brown
f0bc5f6eb400aaf,Where is the reddish-brown sauce located,on and around the chicken,in the pan
061f9094142c1e3,What color is the scramble,yellow,yellow
061f9094142c1e3,What color are the diced tomatoes in the scramble,red,red
061f9094142c1e3,Where are the white shards of cheese located,sprinkled on top,on the plate
061f9094142c1e3,What utensil is placed on the plate,fork,a fork
061f9094142c1e3,What texture do the tortilla chips have,crispy,crispy
7bae9e3e598aff1,What is the size of the pot,large,medium-sized
7bae9e3e598aff1,What is the main ingredient in the dish,chili,ground meat
7bae9e3e598aff1,What color is the broth,red,orange
7bae9e3e598aff1,Where is the chili located,in a pot,in a pot
7bae9e3e598aff1,What type of meat is in the chili,sausage,beef pork chicken
65c82ce184feb05,What color is the chimichurri,green,green
65c82ce184feb05,What is the chimichurri contained in,bowl,bowl
65c82ce184feb05,Where is the chimichurri located,in the bowl,in a bowl
65c82ce184feb05,What color is the bowl,green,copper-colored
65c82ce184feb05,Where is the spoon in relation to the bowl,dip in,inside the bowl
47be8f81c88ee14,How are the chips arranged in the image,scattered,haphazardly
47be8f81c88ee14,What type of food is shown in the image,chips,seaweed
47be8f81c88ee14,What color are some of the chips,green,green
47be8f81c88ee14,What color do some of the chips display,golden-yellow,greenish hue
47be8f81c88ee14,Where are most of the chips located in the frame,towards the central region,center and lower parts
05c9906b7d13f12,What pattern is seen on the chocolates,swirled,marbled pattern
05c9906b7d13f12,What is the predominant color of the chocolates,tan,white and dark brown
05c9906b7d13f12,How many pieces of chocolate are shown in the image,many,36 pieces of chocolate
05c9906b7d13f12,What shape are the chocolates cut into,rectangular,square shapes
05c9906b7d13f12,What material are the chocolates wrapped in,in clear plastic,plastic
0f45ead135cb68e,What type of dish is the dessert served in,dessert,glass baking dish
0f45ead135cb68e,What is the appearance of the glass dish,clear,rectangular clear container
0f45ead135cb68e,What type of fruit is on top of the dessert,raspberries,red berries
0f45ead135cb68e,How are the white chocolate chips arranged around the dish,scattered,scattered around
0f45ead135cb68e,Where are the white chocolate chips placed,on a metallic surface,metal surface
19152d394d56652,What color is the chocolate filling,chocolate,rich brown
19152d394d56652,What color are the pastry layers,brown,golden brown
19152d394d56652,What color is the powdered sugar,golden-brown,white
19152d394d56652,Where are the chocolate clouds positioned,on top of,inside the puff pastries
701a877404f09ee,What is the texture of the topping on the cake,creamy,creamy and smooth
701a877404f09ee,What is the base layer of the food item,cake,chocolate cake
701a877404f09ee,What color is the base cake,brown,brown
701a877404f09ee,Where are the chocolate cookie crumbles located,on top,on top of cream
701a877404f09ee,What is the main flavor of the crumbles on top,chocolate,oreo cookies
a01489b3eac8ec8,What is the sauce doing to the ice cream,drizzled,drizzling over
a01489b3eac8ec8,What is the color of the chocolate sauce,brown,brown
a01489b3eac8ec8,What is the main dessert in the bowl,ice cream,ice cream
a01489b3eac8ec8,What color is the ice cream,white,white
a01489b3eac8ec8,Where has some of the chocolate sauce pooled,at the bottom,bottom of the bowl
85057719a8f7290,What color is the vegetable chowder,yellow,light beige
85057719a8f7290,What is the vegetable chowder served in,bowl,ceramic bowl
85057719a8f7290,How are the diced carrots and herbs distributed in the chowder,dispersed,sprinkled throughout creamy soup
85057719a8f7290,What vegetable is diced and visible in the chowder,carrots,carrot
85057719a8f7290,Where is the sprig of parsley located,on the surface,center of bowl
7e6905e6903434a,What is the main vegetable ingredient in the chowder,corn,corn
7e6905e6903434a,What color are the bacon pieces,brown,brown
7e6905e6903434a,What color are the corn kernels in the chowder,yellow,yellow
7e6905e6903434a,Where are the thinly sliced scallions distributed,across the surface,across the top
4f1f20526bc57a3,What color is the cranberry chutney,red,red
4f1f20526bc57a3,What is the chutney served in,bowl,white bowl
4f1f20526bc57a3,Where is the cranberry chutney located,center of the bowl,white bowl
4f1f20526bc57a3,How much of the bowl does the chutney fill,fills,completely
4f1f20526bc57a3,What is the consistency of the chutney besides whole cranberries,pulpy,thick and chunky
44b56d634060bf5,What is the container for the chutney,jar,a jar
44b56d634060bf5,What color is the chutney,brownish-yellow,brown
44b56d634060bf5,What is the jar filled with,with the chutney,rhubarb chutney
44b56d634060bf5,What is on the jar,label,rhubarb chutney
ec2780b0cdb57b7,What color are the apple slices concentrated at the top and right,red,red
ec2780b0cdb57b7,What fruit is visible in the image,apple,apples
ec2780b0cdb57b7,What are the apple slices submerged in,slices,water
ec2780b0cdb57b7,What color are the apple slices at the bottom and left,green,green
ec2780b0cdb57b7,Where are the green apple slices located,in a clear liquid,bottom left and right
e283a9a4aac5d7e,What color is the bowl,white,white
e283a9a4aac5d7e,What is the cinnamon rice served in,bowl,a bowl
e283a9a4aac5d7e,What color are some of the rice grains,brown,brown
e283a9a4aac5d7e,Where is the rice primarily located in the image,in the center,center of a bowl
7ff22df8804e302,What color is the chowder,off-white,white
7ff22df8804e302,What type of soup is in the bread bowl,chowder,chowder
7ff22df8804e302,Where does the dish sit,sits on,on a plate
7ff22df8804e302,What is the bread bowl like,circle,crusty golden-brown dough
7ff22df8804e302,What is on top of the chowder,herbs,fresh cilantro
cea8aeba6870289,What color is the bowl,white,white
cea8aeba6870289,What type of seafood is in the bowl,clams,clams
cea8aeba6870289,What color are the bands on the clam shells,brown,brown
cea8aeba6870289,Where are the clams placed,in a bowl,in a bowl
cea8aeba6870289,What color are the herbs scattered amongst the clams,green,green
530fe55b9b9c31b,What color is the pumpkin cobbler's top and base,golden-brown,golden brown
530fe55b9b9c31b,What is the main ingredient in the cobbler,pumpkin,apples
530fe55b9b9c31b,What color is the plate,white,white
530fe55b9b9c31b,Where is the pumpkin cobbler slice placed,on the plate,white plate
530fe55b9b9c31b,What is the texture of the cobbler's top and base,crumbly,crumbly and moist
68bd96227109ec0,What is the color of the top crust of the cobbler,golden-brown,golden brown
68bd96227109ec0,What type of dessert is shown in the image,cobbler,baked dessert
68bd96227109ec0,What color are the lighter patches on the cobbler's surface,yellow,light golden brown
68bd96227109ec0,What creates the textured appearance of the cobbler's top crust,with variations,baking process
68bd96227109ec0,What process is indicated by the golden-brown hue and crispy edges of the cobbler,baking,baked
440eb56040e7a70,Is the vegetable juice cocktail homemade,homemade,likely to be homemade
440eb56040e7a70,What are the containers used for the vegetable juice cocktail,jars,mason jars
440eb56040e7a70,Are the jars in the foreground overlapping,yes,yes
440eb56040e7a70,What type of juice is in the jars,vegetable,orange juice
440eb56040e7a70,Are the jars centered in the frame,yes,no
d55b3849c761b7e,What type of drink is in the glass,cocktail,a cocktail
d55b3849c761b7e,What do the cranberries do in the liquid,float,add visual appeal
d55b3849c761b7e,What is the clarity of the glass,clear,clear
d55b3849c761b7e,What type of glass is the cocktail served in,glass,martini glass
d55b3849c761b7e,How are the cranberries arranged in the drink,in a slight curve,on a skewer
eb0547ba26a8d76,What is the color of the glass,clear,clear
eb0547ba26a8d76,What type of glass is the cocktail served in,glass,highball glass
eb0547ba26a8d76,What color is the salt on the rim of the glass,white,white
eb0547ba26a8d76,What is the slight tint of the cocktail,yellow,yellow
eb0547ba26a8d76,Where is the lemon slice placed,on top of,on the rim
87ccb1358aa1510,What color is the liquid in the lower portion of the jar,turquoise-blue,blue
87ccb1358aa1510,What type of container is the cocktail served in,jar,mason jar
87ccb1358aa1510,What color is the layer above the turquoise-blue liquid,red,red
87ccb1358aa1510,Where are the red candies and shark decoration placed,on the rim,in a glass
87ccb1358aa1510,What type of decoration is on the rim of the jar,shark,shark and coral
e58c798c8bc3f13,What is the orange peel used for in the image,garnished,garnish for cocktails
e58c798c8bc3f13,What color are the cocktails in the image,orange,orange
e58c798c8bc3f13,What color is the orange peel in the image,yellow-orange,orange
e58c798c8bc3f13,What is the name of the cocktail in the image,monkey gland,mimosa
e58c798c8bc3f13,Where is the orange peel located in the image,on the surface,top of drinks
14658cd22c153da,Is the hot cocoa sitting on a plate,yes,yes
14658cd22c153da,Is cocoa one of the main ingredients in the drink,cocoa,yes
14658cd22c153da,Is the plate under the mug blue,no,yes
14658cd22c153da,Is the color of the cocoa light brown,yes,yes
14658cd22c153da,Is the cinnamon stick positioned on the upper left side of the mug,on the upper left,yes
f8421d48b298f2d,What is the flavor of the Panforte,spiced,sweet and nutty
f8421d48b298f2d,What color is the base of the slices,chocolate-brown,light color
f8421d48b298f2d,How many slices of Panforte are shown,two,two
f8421d48b298f2d,Where is the top slice located in relation to the bottom slice,on top of,directly above
815579469c0316a,What color is the cod,golden-brown,light brown
815579469c0316a,What type of fish is on the plate,cod,salmon
815579469c0316a,What is the cod doing on the rice,resting,resting on top
815579469c0316a,Where is the cod located in relation to the rice,on top of,on top
76e207eb30185cc,What material is the drink contained in,glass,glass
76e207eb30185cc,What is the color of the lime wedge,green,green
76e207eb30185cc,What color is the lime wedge,green,green
76e207eb30185cc,Where is the lime wedge placed,on the rim,on the rim
76e207eb30185cc,How would you describe the color of the mocktail,vibrant red,vibrant red
a76ca4ec5d52403,What is the color of the coffee in the mug,light,light brown
a76ca4ec5d52403,What is the red and white object in the image,mug,a mug
a76ca4ec5d52403,What color is the mug in the image,red,red
a76ca4ec5d52403,Where are the coffee beans scattered,across a light brown surface,around the red mug
a76ca4ec5d52403,What is scattered across the light brown surface,coffe beans,coffee beans
ee42b0500aad9db,What is the color of the glass mug,clear,clear
ee42b0500aad9db,What type of drink is shown in the image,coffee,latte
ee42b0500aad9db,What color is the coffee foam,brown,light tan
ee42b0500aad9db,What is placed in the mug for drinking,straw,iced coffee
f98b1e40f10ea12,What is the color of the whipped cream,white,white
f98b1e40f10ea12,What beverage is in the glass,coffee,irish coffee
f98b1e40f10ea12,What is the glass made of,glass,clear transparent material
f98b1e40f10ea12,What is on top of the coffee,whipped cream,whipped cream
f98b1e40f10ea12,Where is the sugar coating,on the rim,whipped cream topping
c5e136f52b70509,Where is the Colcannon located in the image,at the center,foreground of the image
c5e136f52b70509,What is positioned on top of the Colcannon,sausages,a fork
c5e136f52b70509,What color are the sausages,brown with a slight char,reddish-brown
c5e136f52b70509,What color is the Colcannon,white,white
c5e136f52b70509,What is the Colcannon doing in the bowl,filling,being prepared
52c7342c98cf6c2,What color is the bowl,white,white
52c7342c98cf6c2,What is the St. Patrick's Colcannon served in,bowl,white bowl
52c7342c98cf6c2,What color are the chopped scallions or green onions,green,bright vibrant green
52c7342c98cf6c2,What color are the chunks of ham,pink,pinkish-red
52c7342c98cf6c2,What is the mixture of colors in the colcannon,multicolored,yellow and green
f0cef0090813252,What is the texture of the coleslaw,creamy,creamy
f0cef0090813252,What is the name of the food item in the bowl,coleslaw,coleslaw
f0cef0090813252,What color are the carrot shreds in the coleslaw,orange,orange
f0cef0090813252,Where is the silver spoon located in the bowl,in the left,left side
f0cef0090813252,What ingredient adds hints of purple to the coleslaw,onion,red onion
8d9999b45e9ce13,What color are the zucchini strands,green,green
8d9999b45e9ce13,What type of utensil is the coleslaw in,bowl,glass bowl
8d9999b45e9ce13,What color are the carrot strands,orange,orange
8d9999b45e9ce13,What is the texture of the sauce,creamy,light and slightly glossy
8d9999b45e9ce13,Where is the coleslaw placed,in a glass bowl,glass bowl
06c11acfce21e0f,What color is the blackberry compote,red-purple,rich red
06c11acfce21e0f,Where is the blackberry compote contained,in the bowl,in a bowl
06c11acfce21e0f,What is the bowl placed on,wooden board,wooden cutting board
06c11acfce21e0f,What is the wooden board used for,cutting and serving,hold the bowl
06c11acfce21e0f,Where is the bowl located in the frame,to the right of,lower right corner
72c8bdc4ed44bc3,Is the peanut butter melted,yes,yes
72c8bdc4ed44bc3,What is the main food item in the image,cookie,chocolate cake
72c8bdc4ed44bc3,What color is the cookie,brown,dark brown
72c8bdc4ed44bc3,Where is the skillet placed,on the pan,on a stove
9607fe377ae1740,What color is the jar,clear,clear
9607fe377ae1740,What is the container for the cookie mix,jar,glass jar
9607fe377ae1740,What color are the chocolate chips,brown,dark brown
9607fe377ae1740,What is tied around the jar's lid,with red ribbon,checkered ribbon
47a6475103a994d,How would you describe the color of the cooler,bright,clear
47a6475103a994d,Where is the cooler placed,on the colorful surface,on a striped cloth
47a6475103a994d,What does the cooler fill,orange juice,yellow smoothie
47a6475103a994d,Where is the straw inserted,into the cooler,lid of the cup
56070b0625b083c,What color is the majority of the corn,yellow,yellow
56070b0625b083c,Is the corn yellow,yes,yes
56070b0625b083c,Where is the corn located on the plate,across the majority of,on the plate
56070b0625b083c,What is the corn topped with,melted and browned cheese,crumbled feta cheese
56070b0625b083c,What color is the larger piece on top of the corn,brownish-orange,golden-brown
dc8b523f5e54193,What is the color of the caramel corn,light,golden brown
dc8b523f5e54193,What shade is the caramel corn,golden-brown,light brown
dc8b523f5e54193,What are the bowls made of,glass,ceramic
dc8b523f5e54193,Where is the second bowl located,on the top-left,left of first bowl
5cc4c378f4527c4,What color are the corn kernels in the salad,yellow,yellow
5cc4c378f4527c4,What is the main ingredient in the salad,corn,corn
5cc4c378f4527c4,How are the ingredients in the salad prepared,mixed,chopping or dicing
5cc4c378f4527c4,What color are the diced bell peppers in the salad,red,red
7a46895d46f89e7,What color are the black beans,brown,dark brown to black
7a46895d46f89e7,What type of food are used in the dish,beans,bean and vegetable mix
7a46895d46f89e7,What color are the pieces of bell pepper,red,red
7a46895d46f89e7,Where is the wooden spoon located,on the right,in the bowl
1e791e94ce68a17,What color is the bowl,white,white
1e791e94ce68a17,How are the corn kernels arranged in the bowl,scattered,evenly distributed
1e791e94ce68a17,What color are the corn kernels,yellow,yellow
1e791e94ce68a17,Where are the red tomato slices,in a bowl,mixed in with corn
1e791e94ce68a17,Where are the purple onion pieces mostly located,in a bowl,bottom of the bowl
a9321bba4920843,What color is the cornbread,golden-yellow,golden brown
a9321bba4920843,What type of bread is shown in the image,cornbread,cornbread
a9321bba4920843,What color is the cast iron pan,black,black
a9321bba4920843,How does the texture of the cornbread appear,coarse,dense and moist
cc61c4260366898,What color is the cornbread,golden,golden brown
cc61c4260366898,What type of bread is shown in the image,cornbread,cornbread
cc61c4260366898,What color is the plate used for serving the cornbread,white,white
cc61c4260366898,Where is the parsley placed in relation to the cornbread stack,on a plate,either side
a264b1ee256e419,What are the green specks in the cornbread embedded with,cornbread,herbs
a264b1ee256e419,What type of bread is shown in the image,cornbread,cornbread
a264b1ee256e419,What color are the scattered pieces of broccoli,green,green
a264b1ee256e419,Where is the smaller piece of cornbread positioned in the image,on the top-left,background left
01c000a5e0c2720,What type of cheese is in the bowl,cottage cheese,cottage cheese
01c000a5e0c2720,What color is the bowl,white,white
01c000a5e0c2720,What color are the bananas,yellow,yellow
01c000a5e0c2720,Where are the bananas placed in relation to the cottage cheese,around the cottage cheese,around
6ff9ae19b3eed61,What is the main protein in the dish,chicken,chicken
6ff9ae19b3eed61,Where is the chicken located in the image,on the pan,in a pan
6ff9ae19b3eed61,What vegetable is mixed with the cottage cheese,spinach,spinach
6ff9ae19b3eed61,What color is the cottage cheese,white,white
6ff9ae19b3eed61,Where is the chicken located in relation to the spinach and cottage cheese mixture,in the foreground,on top
d980f97dbe2a1e9,What color is the couscous,yellow,light beige
d980f97dbe2a1e9,What type of grain is in the bowl,couscous,couscous
d980f97dbe2a1e9,What color is the bowl,white,white
d980f97dbe2a1e9,What color are the herbs in the couscous,green,green
d980f97dbe2a1e9,Where are the lemon wedges placed,on top of,on top of rice
191f4793a5b5caa,What color is the Israeli Couscous,tan,light beige
191f4793a5b5caa,What is the couscous filling in the image,filling,rice-based dish
191f4793a5b5caa,What type of grain is shown in the image,couscous,rice
191f4793a5b5caa,What color is the bowl containing the couscous,white,white
191f4793a5b5caa,What texture does the sauce coating the couscous appear to have,creamy,creamy
df3bd933b12e81f,What is the color of the couscous in the dish,tan,golden-brown
df3bd933b12e81f,What is the main grain used in the dish,couscous,rice
df3bd933b12e81f,What color are the chunks of tomatoes mixed within the couscous,red,red
df3bd933b12e81f,What color are the smaller flecks mixed within the couscous,green,reddish-brown
df3bd933b12e81f,Where is the Jazzed Up Couscous dish located within the image,within the pot,metal bowl
c8be669cf4a7994,What is the couscous served in,bowl,white bowl
c8be669cf4a7994,What color is the couscous,white,light beige
c8be669cf4a7994,What color are the almonds or nuts,beige,brown
c8be669cf4a7994,What shape is the couscous forming,small and round,round shapes
c8be669cf4a7994,Where is the couscous served,in a white bowl,in a bowl
22a6a503038da42,"What is the color of the cauliflower ""couscous""",yellowish-orange,yellow
22a6a503038da42,"What color are the sprigs scattered across the top of the ""couscous""",green,green
22a6a503038da42,Where are the sprigs of green cilantro scattered,across the top,on top of rice
22a6a503038da42,"What is resting partially within the ""couscous""",spoon,wooden spoon
4dc12e07d49694b,What type of food is prominently featured in the image,crab cakes,crab cakes
4dc12e07d49694b,What color are the edges of the crab cakes,golden,golden brown
4dc12e07d49694b,What color are the green flecks scattered throughout the crab cakes,green,parsley
b1cc9100561c3f3,What color are the crab pieces,reddish-orange,red
b1cc9100561c3f3,What seafood is present in the dish,crab,crabs
b1cc9100561c3f3,How are the crab pieces arranged in the dish,clustered,shells intact
b1cc9100561c3f3,What type of meat is distributed around the crab,sausages,sausage
bddadd64cc7bae0,What color is the cranberry filling in the pie,red,deep red
bddadd64cc7bae0,What type of dessert is shown in the image,pie,fruit crumble pie
bddadd64cc7bae0,What color is the crumb topping on the pie,tan,golden brown
bddadd64cc7bae0,What color is the pie crust,golden,golden brown
bddadd64cc7bae0,In which direction is the pie slightly positioned,towards the left,left side
fbf680ba3d3b096,What type of sauce is on the chicken,cranberry,barbecue sauce
fbf680ba3d3b096,What type of meat is shown in the image,chicken,chicken drumsticks
fbf680ba3d3b096,What color is the plate,light blue,blue
fbf680ba3d3b096,What color is the chicken,golden brown,golden brown
fbf680ba3d3b096,Where are the chicken pieces placed,on a plate,on a light blue plate
4581574ec92aee2,What does the pomegranate cranberry sauce/relish do to the bowl,fills,stains the bowl
4581574ec92aee2,What is the pomegranate cranberry sauce/relish served in,bowl,clear glass bowl
4581574ec92aee2,What is the consistency of the pomegranate cranberry sauce/relish,thick,thick and chunky
4581574ec92aee2,What color are the walnuts in the bowl,light brown and red,brown
4581574ec92aee2,Where are the walnuts located in the image,in the center,throughout the image
9a3edf97d4725d1,What type of seafood is visible in the bisque,crawfish,shrimp
9a3edf97d4725d1,What color are the chopped chives in the bisque,green,green
9a3edf97d4725d1,Where is the Louisiana Crawfish Bisque served,within a white bowl,white bowl
4f5150c34518129,What color is the rice described as,beige,yellow
4f5150c34518129,How is the rice arranged on the plate,piled,in a mound
4f5150c34518129,What type of seafood is mixed within the rice,crawfish,shrimp or crab
4f5150c34518129,What color are the crawfish tails,red,reddish-orange
4f5150c34518129,Where are the crawfish tails placed in relation to the rice,on top of,mixed in
d7976d426b5fc7b,What is the texture of the Honey Walnut Cream Cheese,light,creamy and smooth
d7976d426b5fc7b,What type of nuts are mixed into the cream cheese,walnuts,walnuts
d7976d426b5fc7b,What color is the Honey Walnut Cream Cheese,beige,light beige
d7976d426b5fc7b,Where is the walnut half located in relation to the cream cheese,on top,on the cream cheese
d7976d426b5fc7b,What is the container used to hold the Honey Walnut Cream Cheese,bowl,glass bowl
70f1689e82535a7,What is the texture of the chantilly cream,soft,light and fluffy
70f1689e82535a7,What is the main component of the dessert,cream,ice cream
70f1689e82535a7,What color is the chantilly cream,off-white,white
70f1689e82535a7,What does the cream do to the glass dessert dish,fills,adds creamy texture
70f1689e82535a7,Where are the dollops of cream located,on top,top of fruit
feb8da6d4727a62,What color is the plate,white,white
feb8da6d4727a62,What fruit is mixed within the creamy filling of the crepes,blueberries,blueberries
feb8da6d4727a62,What color is the base of the crepes,brown,golden brown
feb8da6d4727a62,What is inside the rolled crepes,blueberries,cream and blueberries
feb8da6d4727a62,Where are the blueberries scattered,on the plate,around the plate
83d9469b7d2e536,What color is the crepe,golden brown,golden-brown
83d9469b7d2e536,What is located in the center of the image,crepe,cooked pancake
83d9469b7d2e536,How would you describe the edges of the crepe,darker,uneven and crispy
83d9469b7d2e536,Where is the crepe located in the image,in the center,center of frying pan
97317ea0a16f6ba,What color is the cloth the rolls are arranged on,purple,purple
97317ea0a16f6ba,What is the shape of the food items in the image,rolls,rolls
97317ea0a16f6ba,What color are the Nutella crescent rolls,golden brown ,golden brown
97317ea0a16f6ba,What is visible in the cut roll,flaky dough,spiral pattern
97317ea0a16f6ba,Where is one of the whole rolls located in relation to the cut roll,on the lower right,left
5dc5bfed7295e6e,What color are the crisps,golden-yellow,yellow
5dc5bfed7295e6e,How are the crisps arranged on the plate,overlap,scattered manner
5dc5bfed7295e6e,What type of food is described as golden-yellow and lacy,cheese,type of cheese
5dc5bfed7295e6e,What texture do the crisps have,lacy,lacy delicate texture
5dc5bfed7295e6e,Where are the crisps located on the plate,on the upper-left,on the plate
7207161ee7fdd3a,What color are the sesame seeds on the crisps,white,white
7207161ee7fdd3a,What color are the edges of some crisps,brown,brown
7207161ee7fdd3a,Where are the Sesame Lemon Crisps placed,on a white plate,white plate
7207161ee7fdd3a,Which crisp appears bigger compared to the others,the crisp in the front,in the foreground
f7e98ee1e808dcc,What color is the plate,green,light green
f7e98ee1e808dcc,What shape are the croissant ice cream cones,cones,crescent shaped
f7e98ee1e808dcc,What color are the croissant ice cream cones,golden-brown,golden brown
f7e98ee1e808dcc,How is one of the cones positioned on the plate,lies,tip pointing towards top
1747472deb3ca10,What color is the front center croquette,brown,brown
1747472deb3ca10,What type of food is shown in the image,croquettes,meatballs or croquettes
1747472deb3ca10,What color is the back croquette,dark,dark brown
1747472deb3ca10,Where are the croquettes placed,on a plate,on a plate
1747472deb3ca10,How are the croquettes positioned on the plate,arranged,slightly overlapping manner
873396a9d5e4f00,How would you describe the croquettes,yummylicious,golden brown
873396a9d5e4f00,What type of food is shown in the image,croquettes,crab cakes
873396a9d5e4f00,What color are the croquettes,golden,golden brown
873396a9d5e4f00,Where are the croquettes placed,on a silver metal rack,baking sheet
873396a9d5e4f00,What color are the darker croquettes,brown,golden-brown
72ee70465299f12,What color is the plate,beige,white
72ee70465299f12,What type of food is shown in the image,croquettes,croquettes or fish cakes
72ee70465299f12,What color is the crust of the croquettes,golden brown,golden brown
72ee70465299f12,Where are the croquettes resting,resting on the plate,on a plate
72ee70465299f12,Is the bottom croquette fully visible,yes,no
f72b411f57d390c,What type of dessert is shown in the image,pie,berry crumble
f72b411f57d390c,What color are the mint leaves,green,green
f72b411f57d390c,What color is the ice cream next to the pie,off-white,white
f72b411f57d390c,Where is the slice of berry crumble pie placed,on a white plate,on a white plate
8dcec925b92152d,What color are the raspberries in the bowl,red,red
8dcec925b92152d,What is the dessert served in,bowl,white ceramic bowl
8dcec925b92152d,What color are the peaches in the bowl,orange,orange
8dcec925b92152d,How are the peaches and raspberries arranged in the bowl,mixed,mixed together
8dcec925b92152d,Where is the crumble topping located in relation to the fruit,on top of,on the right
59b9dea4ab611ae,What color is the berry filling,red,deep red
59b9dea4ab611ae,What is the dessert served in,bowl,white shallow bowl
59b9dea4ab611ae,Is the berry filling covered by the crumble topping,yes,yes
59b9dea4ab611ae,What color is the crumble topping,golden-brown,light brown
59b9dea4ab611ae,Where is the berry filling located,at the bottom,in the center
92211a75310aaef,What type of dessert is shown in the image,pie,berry crumble
92211a75310aaef,What color are the raspberries in the pie filling,red,red
92211a75310aaef,Where is the pie filling located in relation to the crumble topping,beneath,beneath the crumble
8f3db33916b0bc0,What is the color of the crunches in the top center of the image,brown,orange
39bcc4756e74344,What color is the bowl containing the Berry Nut and Seed Crunch,green,green
39bcc4756e74344,How are the berries distributed in the bowl,scattered,mixed throughout
39bcc4756e74344,What color are the nuts in the Berry Nut and Seed Crunch,brown,light brown
39bcc4756e74344,What type of fruit is scattered throughout the bowl,berries,dried cranberries
39bcc4756e74344,Where is the mixture of Berry Nut and Seed Crunch placed,atop,green bowl
286cb0fa3aefa9b,What color is the pie crust,golden-brown,golden brown
286cb0fa3aefa9b,What type of food is shown in the image,pie,pie
286cb0fa3aefa9b,What pattern is formed by the pie crust across the top,lattice,lattice design
286cb0fa3aefa9b,Where is the lattice pattern placed on the pie,across the entire top,top of the pie
286cb0fa3aefa9b,What decorative elements are placed in the lower-center of the pie,leaves,two leaf-shaped designs
71b37d19149e978,What color is the pie crust,yellow,pale yellow
71b37d19149e978,What type of food is shown in the image,pie,pie crust
71b37d19149e978,What part of the pie is in the dish,crust,pastry crust
71b37d19149e978,How is the edge of the pie crust described,crimped,ruffled or crimped
71b37d19149e978,Where is the pie crust located in the image,in the center,foreground
79863139fcf71cc,What color is the pie crust,golden,golden brown
79863139fcf71cc,What type of food is shown in the image,pie,pie
79863139fcf71cc,What color is the filling of the pie,red,red
79863139fcf71cc,What color are the lattice strips on the pie,tan,golden brown
54b457d0076dc63,What is the melted cheese doing on the side of the crust,dripping,melting on hot surface
54b457d0076dc63,What color is the premium pizza crust,tan,golden brown
54b457d0076dc63,What word describes the quality of the pizza crust,premium,golden
54b457d0076dc63,What is the melted ingredient on the pizza,cheese,cheese
54b457d0076dc63,Where is the crust positioned in the image,in the lower portion,around the edge
36e9730c7ccff02,What color are the Persian cucumbers on the inside,green,pale green
36e9730c7ccff02,What type of vegetable is mixed with the yogurt in the image,cucumbers,cucumber
36e9730c7ccff02,What color is the yogurt in the image,white,white
36e9730c7ccff02,What is the texture of the yogurt in the image,creamy,smooth and creamy
36e9730c7ccff02,Where are the cucumber pieces distributed in the image,throughout the image,throughout the image
1750d80b96e62ce,What color is the plate used for the salad,white,white
1750d80b96e62ce,What type of dish is being described in the image,salad,caprese skewers
1750d80b96e62ce,What color are the tomato slices in the salad,red,red
1750d80b96e62ce,Where is the salad placed,on a plate,white rectangular plate
1750d80b96e62ce,What color are the basil leaves in the salad,green,green
0f170af0c72067e,What color are the cucumber slices,green,green
0f170af0c72067e,What type of dish is shown in the image,salad,salad
0f170af0c72067e,Are the seeds in the cucumber slices visible,visible,yes
0f170af0c72067e,What color are the onion slices,white,white
0f170af0c72067e,Where are the salad components placed,inside a transparent bowl,clear glass bowl
b268dae475851c9,What color are the cucumbers,green,green
b268dae475851c9,What vegetable is being described,cucumbers,cucumber
b268dae475851c9,How are the cucumbers cut,sliced,thin round pieces
b268dae475851c9,Where are the small brown specks located,on their surfaces,on the cucumbers
cd9183721a494fa,How would you describe the cucumbers in the bowl,fresh,fresh and crisp
cd9183721a494fa,What type of vegetable is shown in the image,cucumbers,cucumber
cd9183721a494fa,What color is the outer skin of the cucumber slices,green,green
cd9183721a494fa,How are the cucumber slices arranged in the bowl,overlapping,arranged randomly
cfcc90df3d3057d,What color is the margarita liquid,yellow,yellow
cfcc90df3d3057d,What type of drink is shown,margaritas,cocktail
cfcc90df3d3057d,What color is the placemat,white,white
cfcc90df3d3057d,What vegetable is used as a garnish,cucumber,cucumber
cfcc90df3d3057d,Where are the cucumber slices placed,on the rim,rims of martini glasses
3aa798519a72bac,What color is the whole cucumber,green,green
3aa798519a72bac,What vegetable is lying on the left side of the image,cucumber,cucumber
3aa798519a72bac,What type of surface are all the items placed on,wooden,wooden surface
ac0f7b09bbfb88a,What type of vegetable is used in the dish,cucumbers,zucchini
ac0f7b09bbfb88a,What do the cucumbers do in the bowl,fill,are pickled
ac0f7b09bbfb88a,What color are the sesame seeds,white,white
ac0f7b09bbfb88a,Where are the cucumbers placed,in a shallow bowl,in a bowl
bd4d9d9c7ff359f,What color is the surface the walnut cups are placed on,white,white
bd4d9d9c7ff359f,What color is the crust of the walnut cups,golden-brown,golden brown
bd4d9d9c7ff359f,Where are the walnut cups placed,on a white surface,on a plate
a2269fe475bbdeb,What color is the plate in the foreground,pink,pink
a2269fe475bbdeb,What color is the base of the cupcake,reddish-brown,brown
a2269fe475bbdeb,What type of dessert is shown in the image,cupcake,cupcakes
a2269fe475bbdeb,Where is the single cupcake placed,on the plate,pink plate
a72579744b544da,What color is the mango-lime curd,yellow,yellow
a72579744b544da,What is the name of the food in the glass dessert dish,curd,mango-based treat
a72579744b544da,What type of dish is the mango-lime curd in,glass,dessert bowl
a72579744b544da,Where is the spoon in relation to the curd,submerged inside,in the curd
a72579744b544da,What is the texture of the mango-lime curd,smooth,smooth and creamy
21d55487638b1d9,What is the main dish in the image,curry,bowl of curry
21d55487638b1d9,What color is the bowl,white,white
21d55487638b1d9,What color is the curry in certain areas,golden-brown,reddish-brown
21d55487638b1d9,Where are the green onions located,on top of,center of the bowl
b0ca546137615ee,What is the buttercream doing to the cake,covering,decorative pattern
b0ca546137615ee,What is the dessert in the image,cake,a cake
b0ca546137615ee,What do the piped patterns resemble,roses,roses
b0ca546137615ee,How are the piped patterns arranged,swirling,like layered roses
b0ca546137615ee,Where are the roses covering the cake,over the entire surface,on the cake
3bde60851fad917,What color is the frozen custard,yellow,light yellow
3bde60851fad917,What type of dessert is shown in the image,custard,ice cream
3bde60851fad917,Where is the spoon inserted,into the custard,ice cream
938c91ef3f2cc96,What color is the baked pumpkin custard,orange-brown,orange-brown
938c91ef3f2cc96,What type of dessert is in the bowl,custard,pumpkin pie
938c91ef3f2cc96,What does the custard do to the bowl,fills,fills the bottom
938c91ef3f2cc96,What color is the whipped cream,white,white
938c91ef3f2cc96,Where is the bowl placed,on the plate,on a decorative plate
d72be19d8c5e314,What color are the chicken breast cutlets,pale,light creamy color
d72be19d8c5e314,What type of meat is being served,chicken,chicken
d72be19d8c5e314,What color are the capers,brown,greenish hue
d72be19d8c5e314,Where are the sun-dried tomatoes placed,on top,top of chicken
d72be19d8c5e314,What color is the plate,red,red
f9b928117774fd5,What is the color of the Daiquiri,white,white
cc2e00dd885336d,What is the dal doing to the Chakolya pieces,immersing,submerged in the dal
cc2e00dd885336d,What color are the spices in the dish,dark,dark brown
cc2e00dd885336d,What are the small dark items scattered throughout the dish,spices,spices or seasonings
cc2e00dd885336d,Where are the Chakolya pieces scattered,across the bowl,throughout the bowl
7c96df80891e3e6,What fruit is used in the danish filling,raspberry,raspberries
7c96df80891e3e6,What color is the crust of the pastry,golden-brown,golden brown
7c96df80891e3e6,Where is the raspberry danish placed,plate,white plate
7c96df80891e3e6,What color is the raspberry filling,red,red
7c96df80891e3e6,Where are the pieces of raspberry danish located,on a plate,on a white plate
f6fd1014d1b13e4,What type of dessert is shown in the image,turkish delight,turkish delight
f6fd1014d1b13e4,What is covering many of the Turkish Delight pieces,coated,powdered sugar
f6fd1014d1b13e4,What color is the powder coating the Turkish Delight pieces,white,white
f6fd1014d1b13e4,How are the Turkish Delight pieces arranged in the frame,scattered,random pattern
f6fd1014d1b13e4,Where are the Turkish Delight pieces placed in the image,across the frame,on a surface
00c972776282f93,What type of food is the image showing,dessert,strawberry shortcake
00c972776282f93,What is the fork doing to the dessert,taking,lifting a piece
00c972776282f93,What color is the plate under the dessert,white,white
00c972776282f93,Where are the strawberries positioned in the dessert,on top,on top
00c972776282f93,What is the texture of the red sauce on the strawberries,glossy,smooth and glossy
e493d73bc9d382e,What cooking method was used to prepare the dip,baking,baking
e493d73bc9d382e,What is the predominant color of the dip,yellow,yellow
e493d73bc9d382e,What is the texture of the cheese in the dip,melted,melted and slightly browned
e493d73bc9d382e,What type of dish is the dip served in,in a clear glass,glass baking dish
543a807478f983f,What is the black bean dip doing in the bowl,filling,being served
543a807478f983f,What type of dip is shown in the image,bean,chocolate or cocoa dip
543a807478f983f,What color is the black bean dip,brown-black,dark brown
543a807478f983f,Where is the bowl of black bean dip located in the image,in the center-left,center of the image
adfb72af7a0bd14,What color is the base layer of the Chunky Pizza Dip,white,creamy white
adfb72af7a0bd14,What type of dish is the Chunky Pizza Dip,pizza,appetizer or party food
adfb72af7a0bd14,What color are the pepperoni slices on the Chunky Pizza Dip,red,red
adfb72af7a0bd14,Where are the toppings scattered on the Chunky Pizza Dip,across the surface,scattered throughout
adfb72af7a0bd14,What color are the chives used as garnish on the Chunky Pizza Dip,green,green
e4ae0db95c78dcd,What color is the top corn dog,golden-brown,golden brown
e4ae0db95c78dcd,What type of food is shown in the image,corn dogs,sausage rolls
e4ae0db95c78dcd,What color is the sausage inside the second corn dog,reddish-brown,light brown
e4ae0db95c78dcd,Where are the corn dogs placed,on a white plate,white paper plate
b22014db168d51d,What is the main flavor of the donuts,chocolate,chocolate
b22014db168d51d,What type of pastry is shown in the image,donuts,donut
b22014db168d51d,What color is the glaze on the donuts,brown,brown
b22014db168d51d,Where is the partially visible donut located in the image,in the bottom left,top right corner
411cfea46839757,What color is the plate,white,white
411cfea46839757,What type of food is shown in the image,pierogi,ravioli
411cfea46839757,What color are the pierogi dough pieces,beige,light beige
411cfea46839757,Where are the pierogi dough pieces placed,on plate,white plate
411cfea46839757,Are the pierogi dough pieces fried,fried,yes
69e1e4ce9be4696,What color is the doughnut at the bottom of the stack,brown,brown
69e1e4ce9be4696,What type of food is shown in the image,doughnuts,doughnuts
69e1e4ce9be4696,What color is the doughnut to the upper-left of the bottom doughnut,yellow,white
69e1e4ce9be4696,How are the doughnuts arranged on the plate,stacked,pyramid-like formation
69e1e4ce9be4696,Where is the doughnut at the top positioned,on top of,off-center
4a6f40639aa4853,What type of food is shown in the image,doughnuts,doughnut or fritter
4a6f40639aa4853,What color is the powdered sugar on the doughnuts,white,white
4a6f40639aa4853,Where is the vibrant red doughnut located,in the center,center of the image
83c156078f10e36,What color is the doughnuts' hue,orange-brown,light brown
83c156078f10e36,What type of food is shown,doughnuts,donuts
83c156078f10e36,What flavor are the doughnuts,maple,glazed
83c156078f10e36,What color are the mint leaves,green,green
09cff0d234fbcde,What flavor are the doughnuts,vanilla,coconut
09cff0d234fbcde,What color is the doughnut in the front,tan,white
09cff0d234fbcde,Where is the doughnut in the front located in the frame,in the front,two one fifty
69bd3096ba5c8f0,What type of food is the dressing used for,salad,salads
69bd3096ba5c8f0,What is the quality of the salad dressing described as,best,homemade or artisanal
69bd3096ba5c8f0,What color is the bottom portion of the dressing,brownish,darker shade
69bd3096ba5c8f0,What color are the small particles in the dressing,black,black
69bd3096ba5c8f0,Where is the glass carafe located in the image,in the lower-left corner,left side
e06318f6d8379da,What color is the salad dressing,orange,vibrant orange
e06318f6d8379da,What type of dish is shown in the image,salad,salad
e06318f6d8379da,How is the salad dressing applied to the salad,drizzled,drizzled over the top
e06318f6d8379da,Where is the salad dressing mostly concentrated,top of the salad,top of dish
e06318f6d8379da,What is one of the main ingredients in the salad,lettuce,lettuce
fef5d8957367c9c,What color is the bowl,white,white
fef5d8957367c9c,What is the wasabi salad dressing served in,bowl,white bowl
fef5d8957367c9c,What color is the wasabi salad dressing,brown,brown
fef5d8957367c9c,What is the main ingredient in the salad dressing,wasabi,oil
fef5d8957367c9c,Where is the white bowl positioned in the image,towards the upper-right,right side
6dc09e0f572307d,What color is the Dorothy Lynch Style Salad Dressing,orange-red,vibrant orange
6dc09e0f572307d,What does the Dorothy Lynch Style Salad Dressing do to the pitcher,fills,fills it three-quarters
6dc09e0f572307d,What is the container for the Dorothy Lynch Style Salad Dressing,pitcher,clear glass pitcher
6dc09e0f572307d,What color is the surface under the pitcher,white,white
6dc09e0f572307d,Where are the green leaves located relative to the pitcher,to the bottom left,left of the pitcher
2c45c0f2dbad7eb,What color is the bottom layer of the dressing,yellow,creamy white
2c45c0f2dbad7eb,What type of container is the dressing stored in,jar,glass jar
2c45c0f2dbad7eb,What is the texture of the bottom layer of the dressing,creamy,thick and creamy
2c45c0f2dbad7eb,What color is the top layer of the dressing,greenish,light yellow
2c45c0f2dbad7eb,Where is the jar of dressing placed,on a red surface,on a red surface
5d5b67e2f56a8dc,What is the texture of the drumsticks' skin,crispy,crispy and well-seasoned
5d5b67e2f56a8dc,What part of the chicken is shown in the image,drumsticks,drumstick
5d5b67e2f56a8dc,What color is the plate,white,white
5d5b67e2f56a8dc,What color is the checkered cloth in the background,blue,blue and white
5d5b67e2f56a8dc,Where are the drumsticks placed,on a plate,cutting board
5d7534e55a162f9,What is the purpose of the plate in the image,decorative,serve food
5d7534e55a162f9,What type of meat is shown in the image,drumsticks,cooked chicken
5d7534e55a162f9,What color is the drumstick on the left,pinkish-tan,light brown
5d7534e55a162f9,Where is the first drumstick positioned,on the left,left side
5d7534e55a162f9,What color are the sage leaves,green,green
64323bbbf31a300,What color is the duck,pink,pinkish
64323bbbf31a300,What type of meat is shown,duck,ham
64323bbbf31a300,How is the duck prepared,sliced,roasting or baking
64323bbbf31a300,What color is the apple dressing,yellow,yellow and green
64323bbbf31a300,Where is the small ball of dressing located,to the left,upper left section
ab19ecd247fdabc,What is the name of the dish in the center of the plate,duck adobo,beef and onion stir-fry
ab19ecd247fdabc,What is the glossy sauce doing to the rice,covering,seeping into the rice
ab19ecd247fdabc,What color is the rice under the Duck Adobo,white,white
ab19ecd247fdabc,How does the sauce on the Duck Adobo appear,glossy,rich dark brown
ab19ecd247fdabc,Where is the Duck Adobo located on the plate,in the center,four o'clock
08ca42fdeb64a9b,What color is the skin of the roasted duck,brown,golden brown
08ca42fdeb64a9b,What type of meat is being served,duck,roasted chicken
08ca42fdeb64a9b,How would you describe the texture of the duck skin,crispy,crispy and well-cooked
08ca42fdeb64a9b,What color are the rosemary leaves,green,green
08ca42fdeb64a9b,Where is the roasted duck presented,on an oval platter,on a plate
e0039d104925b12,What color are the dumplings,golden-brown,brown
e0039d104925b12,What type of food is shown in the image,dumplings,bread pudding
e0039d104925b12,What material is the baking pan made of,metal,metal
e0039d104925b12,Where are the dumplings arranged,in a metal baking pan,metal baking dish
e0039d104925b12,What color is the syrupy liquid,amber,dark amber
703a17269805495,What color is the yolk of the foremost egg slice,yellow,yellow
703a17269805495,What is the main ingredient of the slices,egg,eggs
703a17269805495,Where are the small brown and red flecks located,sprinkled on,across the surface
703a17269805495,What color is the white ring around the yolk,white,creamy
703a17269805495,What is the appearance of the white ring around the yolk,translucent,fried egg
c8a87f40f3b57c4,What color is the outer layer of the Scotch eggs,golden-brown,brown
c8a87f40f3b57c4,What is inside the sausage meat layer of the Scotch eggs,eggs,ground pork or chicken
c8a87f40f3b57c4,What color is the outer layer of the hard-boiled egg,white,white
c8a87f40f3b57c4,Where are the Scotch eggs placed,on a plate,white rectangular plate
c8a87f40f3b57c4,What color is the yolk of the hard-boiled egg,yellow,yellow
e7b97785c0393ba,What color is the surface of the French toast,golden-brown,golden brown
e7b97785c0393ba,What type of French toast is shown in the image,eggnog,french toast
e7b97785c0393ba,What color is the surface the plate is on,white,white
e7b97785c0393ba,Where is the white powder located,on top,on top
e7b97785c0393ba,What is pooled around the base of the French toast,syrup,pool of syrup
a61dbb321d47ac1,What shape are the eggplant balls,round,spherical or round
a61dbb321d47ac1,What type of vegetable are the balls made of,eggplant,meat
a61dbb321d47ac1,What color is the cheese sprinkled on the eggplant balls,white,white
a61dbb321d47ac1,Where is one of the eggplant balls located in the image,in the top-center,center-left side
ee13d5a702f7c8f,What vegetable is used to make the rollatini,eggplant,zucchini
ee13d5a702f7c8f,What color is the tomato sauce,red,red
ee13d5a702f7c8f,Where is the tomato sauce located,on top of,on the plate
21a17e4674852b9,What color is the top empanada,golden-brown,golden brown
21a17e4674852b9,What type of food is shown in the image,empanada,empanadas
21a17e4674852b9,What color is the plate or napkin,white,white
21a17e4674852b9,Where is the empanada on the right edge placed,on a patterned napkin,on a plate
ad588d1b60cf200,What is the texture of the enchiladas,creamy,rich and hearty
ad588d1b60cf200,What color are the enchiladas,yellow,golden-yellow
ad588d1b60cf200,Where are the diced tomatoes located,scattered across,on top of casserole
ad588d1b60cf200,What color are the diced tomatoes,red,red
ad588d1b60cf200,Where does the reddish sauce appear,peeks,on top of dish
88b5d3061ab9e04,What color is the majority of the popcorn,white,white
88b5d3061ab9e04,What type of food is shown in the image,popcorn,popcorn
88b5d3061ab9e04,Is the popcorn spilling out of the container,spilling out,yes
88b5d3061ab9e04,What color are some of the darker popcorn pieces,brown,light brown
88b5d3061ab9e04,Is the popcorn cup tilted to one side,tilted,yes
6f5bf99a67539bb,What color is some of the popcorn,red,red
6f5bf99a67539bb,What type of food is shown in the image,popcorn,popcorn
6f5bf99a67539bb,What flavor does the popcorn suggest,peppermint,peppermint or minty
6f5bf99a67539bb,What is the bowl made of,glass,glass
6f5bf99a67539bb,Where is the popcorn located,in a bowl,in a bowl
4209d484eabbd49,What color is the bowl,blue,blue
4209d484eabbd49,What is the popcorn served in,bowl,a bowl
4209d484eabbd49,What is the primary color of the popcorn,white,white
9fa6ee09dafbefd,What type of diet do these jalapeño poppers cater to,keto,low-carb
9fa6ee09dafbefd,What are the jalapeño poppers called,poppers,bacon-wrapped jalapeño poppers
9fa6ee09dafbefd,What color are the jalapeños,green,green
9fa6ee09dafbefd,What color is the filling inside the jalapeño poppers,white,creamy white
9fa6ee09dafbefd,Where are the jalapeño poppers placed,on a black metal rack,air fryer basket
f10fc233eb96b8e,What color is the bowl holding the poppers,gray,black
f10fc233eb96b8e,What type of food is shown in the image,poppers,pumpkin pop tarts
f10fc233eb96b8e,How are the poppers presented,wrapped,in a bowl
f10fc233eb96b8e,What color are the stems of some jalapenos,green,green
5870b784e4b8bbc,What color are the jalapeños,green,green
5870b784e4b8bbc,What type of pepper is used in the poppers,jalapeño,jalapeño peppers
5870b784e4b8bbc,What is wrapped around the jalapeños,bacon,bacon
5870b784e4b8bbc,Where are the jalapeño poppers placed,on a white plate,white plate
5870b784e4b8bbc,How does the bacon appear,crisp,crispy
964fde4c4f698ab,What color are the jalapeño poppers,green,green
964fde4c4f698ab,What type of food is shown in the image,poppers,stuffed jalapeños
964fde4c4f698ab,What is the filling inside the jalapeño poppers,cream cheese,cheese
964fde4c4f698ab,What color is the shredded cheese on top of the cream cheese,orange,orange
0d41621d7097dac,What color are the butternut squash chunks,white,orange
0d41621d7097dac,What type of meat is mixed with the posole,chicken,pork chicken beef
0d41621d7097dac,What color are the butternut squash chunks,orange,orange color
0d41621d7097dac,Where are the parsley leaves and shredded cheese placed,on top,on top of soup
0d41621d7097dac,What color is the tortilla,brown,light beige
168e13ac82b3814,What color are the mashed potatoes,light,pale yellowish-white
168e13ac82b3814,What is the main ingredient in the dish,potatoes,rice
168e13ac82b3814,What color is the bowl,black,black
168e13ac82b3814,Where is the green leaf located,at the center,center of bowl
b99d79351a4c043,What is the main ingredient in the dish,potatoes,potatoes
b99d79351a4c043,What color are the potatoes,brown,golden brown
b99d79351a4c043,What color is the sauce coating the potatoes,reddish-brown,brown
b99d79351a4c043,What is the texture of the sauce on the potatoes,coated,glossy and slightly thick
b99d79351a4c043,Where are the potatoes placed,on the plate,on a plate
9f45ef995126187,What color are the air fryer breakfast potatoes,yellow,golden brown
9f45ef995126187,What type of food are the air fryer breakfast potatoes,potatoes,breakfast potatoes
9f45ef995126187,How are the edges of the air fryer breakfast potatoes described,crispy,crispy
9f45ef995126187,What utensil is placed on the left of the air fryer breakfast potatoes,fork,a fork
9f45ef995126187,Where is the fork placed in relation to the air fryer breakfast potatoes,on the left,left of potatoes
96e156d64e6fb9f,What type of seasoning is used on the potatoes,spiced,salt and pepper
96e156d64e6fb9f,What is the main ingredient in the dish,potatoes,potatoes
96e156d64e6fb9f,What color are the potatoes,yellowish-tan,golden brown
96e156d64e6fb9f,Where are the potatoes located in the image,across the entire image,baking dish
96e156d64e6fb9f,What color are some of the potato pieces due to the spices,brown,darker brown
2b756defc8abb5d,What type of vegetable is shown in the image,potato,potato
2b756defc8abb5d,What color are the potato wedges,yellow,golden brown
2b756defc8abb5d,How are the parsley leaves arranged in the dish,scattered,sprinkled on top
2b756defc8abb5d,What cooking method gives the potato wedges a deeper brown color,roasting,roasting
2b756defc8abb5d,Where are the potato wedges located,in the dish,cutting board
27c2a182df0a9c5,What color is the crust of the potato on the left,brown,golden brown
27c2a182df0a9c5,What is the main ingredient in the dish,potatoes,bread
27c2a182df0a9c5,What color are the herbs on top of the potatoes,green,green
27c2a182df0a9c5,Where are the green herbs located,on top,on top
27c2a182df0a9c5,What pattern is visible on the backdrop,checkered,checkered pattern
594dddaf6053392,What color is the base of the pralines,light brown,golden brown
594dddaf6053392,What type of food is scattered on the plate,pralines,pecan brittle
594dddaf6053392,What color are the pecans on top of the pralines,reddish-brown,light brown
594dddaf6053392,Where are the pralines placed,on a plate,on a plate
594dddaf6053392,Is the small portion of the praline at the top right corner visible,visible,yes
f752fd3ed5939df,What color is the plate,white,white
f752fd3ed5939df,What type of seafood is shown in the image,prawns,fried shrimp
f752fd3ed5939df,What color are the prawn tails,orange-brown,reddish-orange
f752fd3ed5939df,Where are the prawns placed,on a plate,white rectangular plate
d1e6cc204da0a91,What is the base color of the pudding,beige,white
d1e6cc204da0a91,What is the name of the dessert in the image,pudding,tiramisu
d1e6cc204da0a91,What spice is sprinkled on top of the pudding,cinnamon,cinnamon
d1e6cc204da0a91,What color is the cinnamon on top of the pudding,brown,light brown
547d8a5e2a6c1c7,What is the primary color of the pudding,golden-yellow,yellow
547d8a5e2a6c1c7,What type of dish is shown in the image,pudding,corn casserole
547d8a5e2a6c1c7,What is the texture of the custard-like substance,creamy,smooth and creamy
547d8a5e2a6c1c7,Where is the pudding placed,on a white plate,on a plate
547d8a5e2a6c1c7,What ingredient is visible within the pudding,corn,corn
5101ecc1b650286,What color is the plate,white,white
5101ecc1b650286,What color is the bun's outer shell,tan,golden brown
5101ecc1b650286,What is the pale yellow part of the bun,filling,cream or custard filling
5101ecc1b650286,How does the bun's outer shell appear,cracked,golden brown
5101ecc1b650286,Where are the crumbs located,to the left,on the plate
655048ef177156b,What color is the base of each loaf,yellow,creamy yellow
655048ef177156b,What are the baked goods in the image called,loaves,cinnamon swirl muffins
655048ef177156b,What color is the swirl on top of each loaf,brown,brown
655048ef177156b,Where is the brown swirl located on each loaf,on top,the center
655048ef177156b,What is the appearance of each loaf described as,mottled,black plastic container
3a3da3679ddc0e2,What color is the pumpkin puree,orange,orange
3a3da3679ddc0e2,What is the pumpkin puree served in,bowl,white decorative bowl
3a3da3679ddc0e2,Does the pumpkin puree fill the bowl,fills,yes
3a3da3679ddc0e2,Is the pumpkin puree thick,thick,yes
3a3da3679ddc0e2,Where is the pumpkin puree mounded,in the center,decorative bowl
15ce12b2011c706,What color is the bowl,white,white
15ce12b2011c706,What is the first container,bowl,white ceramic bowl
15ce12b2011c706,What color is the liquid in the white bowl,beige,light beige
15ce12b2011c706,Where is the transparent bathtub-shaped glass located,at the bottom,foreground right side
a1f27fd1ff6d6de,What material are the glasses made of,glasses,glass
a1f27fd1ff6d6de,What is the board made of,wooden,wood
a1f27fd1ff6d6de,What color are the lime slices,green,green
a1f27fd1ff6d6de,Where are the glasses placed,on a wooden board,cutting board
8b85ed897a11006,What is the punch served in on the lower left of the image,mug,clear glass mug
8b85ed897a11006,What color is the punch in the clear glass mug,red,reddish color
87ae3f463235ec8,What color are the Honduran Quesadillas on top,brown,golden brown
87ae3f463235ec8,What type of food is shown in the image,quesadillas,bread pudding
87ae3f463235ec8,What color is the top of the Honduran Quesadillas,golden,golden brown
87ae3f463235ec8,Where are the Honduran Quesadillas located,on top,glass baking dish
34a7280a47e87fe,What color is the parchment paper,brown,light brown
34a7280a47e87fe,What type of food is shown in the image,quesadillas,quesadillas
34a7280a47e87fe,What color is the andouille sausage,red-orange,reddish-brown
34a7280a47e87fe,Where is the sour cream and parsley located,on top,top of quesadilla
34a7280a47e87fe,What color is the melted cheese,yellow,golden brown
fd753b15d1d0a45,What type of cheese is the queso made with,queso,melted cheese
fd753b15d1d0a45,How does the queso appear on the chips,melted,generously drizzled
fd753b15d1d0a45,What is the texture of the queso,creamy,smooth and creamy
fd753b15d1d0a45,Where is the queso drizzled over,over a pile,tortilla chips
fd753b15d1d0a45,What is the queso coating,chips,creamy white cheese sauce
797b3a03ee421d6,What color is the crust of the quiche,golden-brown,golden brown
797b3a03ee421d6,What color are the broccoli florets in the quiche,green,green
797b3a03ee421d6,Where is the slice of quiche positioned,on a white plate,in the foreground
4de000c2cae8ec6,How would you describe the ingredients in the soup,colorful,colorful mixed vegetables
4de000c2cae8ec6,What type of soup is shown in the image,soup,vegetable soup
4de000c2cae8ec6,What color are the carrot pieces in the soup,orange,orange
4de000c2cae8ec6,Where are the red tomato chunks mainly located,on the right,in the soup
4de000c2cae8ec6,What is sprinkled across the surface of the soup,sprinkled,green herbs
ea990353528fe56,What color is the quinoa besides brown,reddish-brown,green
ea990353528fe56,What is the main ingredient in the dish,quinoa,quinoa
ea990353528fe56,What does the quinoa do in the bowl,fills,prepared dish
ea990353528fe56,What color is the garnish in the center,green,green
ea990353528fe56,Where is the green garnish located,in the center,top of food
5392f467220fdbd,What gives the dish a creamy yellow hue,cheesy,cooked rice
5392f467220fdbd,What is the main grain in the dish,quinoa,quinoa
5392f467220fdbd,What color is the quinoa,yellow,white and red
5392f467220fdbd,What color are the broccoli pieces,green,green
a84bf6988435e9d,What does the quinoa do in the image,fills,serves as a base
a84bf6988435e9d,What is the main grain in the dish,quinoa,quinoa
a84bf6988435e9d,What color is the quinoa,beige,white
a84bf6988435e9d,What color are the pieces of kale,green,green
a84bf6988435e9d,Where are the pieces of kale located,within the quinoa,throughout the dish
60ba3bf86baa0b8,What is the main grain in the dish,quinoa,quinoa
60ba3bf86baa0b8,What color is the cabbage,red,purple
60ba3bf86baa0b8,Where is the quinoa mixture,in,in a bowl
07c95622876fe96,What color are the radishes in the image,pink,pink
07c95622876fe96,What type of vegetable is featured in the image,radishes,red potatoes
07c95622876fe96,What is the radish pile placed in,bowl,a bowl
07c95622876fe96,What color is the spoon in the image,silver,silver
07c95622876fe96,Where is the concentration of radish slices located in the bowl,in the bottom center,center and lower part
7f739d8ffdd41f3,What color are the sautéed radish greens,dark green,green
7f739d8ffdd41f3,What vegetable has a purple outer ring and a white center,radish,radishes
7f739d8ffdd41f3,What color is the outer ring of the radish slices,purple,purple
7f739d8ffdd41f3,Where are the radish greens distributed,distributed throughout,throughout the dish
7f739d8ffdd41f3,What ingredient is scattered throughout the dish in crumbles,cheese,feta cheese
33b96dcfe6d4d33,What color are the daikon radish pieces,white,white
33b96dcfe6d4d33,What type of vegetable are the white pieces,radish,daikon radish
33b96dcfe6d4d33,How are the daikon radish pieces arranged in the dish,dispersed,alongside orange carrots
33b96dcfe6d4d33,What color are the carrot pieces,orange,orange
33b96dcfe6d4d33,Where are most of the carrot pieces located,at the bottom,white bowl
0bcda430641db62,What color is the pie crust,golden-brown,golden brown
0bcda430641db62,What type of food is shown in the image,pie,pie
0bcda430641db62,What material is the pie tin made of,silver,aluminum foil
0bcda430641db62,What ingredient is visible through the cutouts in the star crust,raisins,cherries
133544b12f11fe8,What color is the pie crust,golden brown,golden brown
133544b12f11fe8,What type of dessert is shown in the image,pie,pie
133544b12f11fe8,What color is the meringue on top of the pie,white,golden-brown
133544b12f11fe8,Where is the meringue located on the pie,on top,top of the pie
133544b12f11fe8,What is the topping on the pie called,meringue,meringue
9e015333bc6e4a5,What color are the chopped onions on top of the ramen,green,green
9e015333bc6e4a5,What is the ramen served in,bowl,a bowl
9e015333bc6e4a5,What type of noodles are in the bowl,ramen,ramen
9e015333bc6e4a5,Where is the fried egg located in the bowl,on top,top
ba3faccb0397e1d,What is the main flavor of the noodles,cheesy,spicy
ba3faccb0397e1d,What type of food is shown in the bowl,noodles,asian noodle dish
ba3faccb0397e1d,What color are the noodles,yellow,yellow
ba3faccb0397e1d,Where is the chili oil mixture placed,on top,small bowl on right
ba3faccb0397e1d,What is scattered on top of the noodles,scallions,red chili flakes
f1bb196371ea8a6,What color is the bowl,white,white
f1bb196371ea8a6,What is the ramen served in,bowl,white bowl
f1bb196371ea8a6,What color are the ramen noodles,yellow,yellow
f1bb196371ea8a6,Where are the egg halves located,on top,bowl of soup
f1bb196371ea8a6,What color are the red pepper strips,red,bright red
9a226b3b99e85d3,What color are the noodles in the bowl,yellow,white
9a226b3b99e85d3,What is the Top Ramen served in,bowl,colorful bowl
9a226b3b99e85d3,What is scattered on top of the noodles,scallions,chopped chives
9a226b3b99e85d3,What color are the scallions on top of the noodles,green,green
9a226b3b99e85d3,Where are the scallions located on the noodles,on top of,on top
5688b99c7513d35,What is the condition of the turnovers,fresh,freshly baked
5688b99c7513d35,What type of pastries are shown,turnovers,puff pastry triangles
5688b99c7513d35,What color is the plate,white,white
5688b99c7513d35,What color is the raspberry filling,red,red
5688b99c7513d35,Where are the turnovers located,on a plate,on a white plate
cd33f15258660af,What color is the raspberry coulis,red,red
cd33f15258660af,What type of container holds the raspberry coulis,pitcher,glass pitcher
cd33f15258660af,What material is the surface made of,wooden,wood
cd33f15258660af,Where is the pitcher placed,on the wooden surface,on a wooden surface
b94f18f8c120bfb,What color is the ravioli pasta,yellow,light yellow
b94f18f8c120bfb,What is happening to the edges of the ravioli,browning,becoming soggy
b94f18f8c120bfb,What type of meat is included in the dish,chicken,chicken
b94f18f8c120bfb,What is the texture of the alfredo sauce,creamy,creamy and smooth
b94f18f8c120bfb,Where is the ravioli located in the dish,at the bottom,on a plate
c5f6a8461d681c2,Is the hot dog served hot,hot,cannot be determined
c5f6a8461d681c2,Where are the onions placed on the hot dog,on top of,on the hot dog
c5f6a8461d681c2,What is on top of the hot dog,onions,relish
80447800af4a3dd,What is the predominant color of the relish,red,red
80447800af4a3dd,What color are the strands scattered on the top of the relish,orange,yellow
3390dbed9e76535,What color is the bowl that contains the Indian Relish,white,white
3390dbed9e76535,What is the Indian Relish made of,relish,vegetables and spices
3390dbed9e76535,What color is the Indian Relish,red,red
3390dbed9e76535,Where is the Indian Relish placed on the tarts,on,top of the tarts
3390dbed9e76535,What is the Indian Relish composed of,vegetables,tomatoes and onions
d2fe88d169bdcb1,What color are the cranberries in the relish,red,deep red
d2fe88d169bdcb1,What fruit is used in the relish,cranberries,cranberry
d2fe88d169bdcb1,What nut is mixed into the relish,walnuts,pecans
d2fe88d169bdcb1,Where is the relish located in the image,in the center,electric stovetop
71e7d4fcdaf03d1,What color is the zucchini in the relish,yellow,light green
71e7d4fcdaf03d1,What vegetable is light yellow with darker specks in the relish,zucchini,pineapple
71e7d4fcdaf03d1,How are the ingredients arranged in the relish,mixed,diced and mixed together
71e7d4fcdaf03d1,What color are the onions in the relish,red,purple
71e7d4fcdaf03d1,Where are the red bell pepper pieces in the relish,in the mix,throughout the relish
d248c0b8836816e,What color is the plate,white,white
d248c0b8836816e,What type of dessert is shown,cake,muffin
d248c0b8836816e,What color is the crust of the cake,golden-brown,brown
d248c0b8836816e,Where is the cake placed,on a plate,white plate
d248c0b8836816e,What fruit is visible in the cake,rhubarb,apple
d77c9b1bcc7aa02,What color is the crust of the cake,golden-brown,golden brown
d77c9b1bcc7aa02,What is the dessert in the image,cake,coffee cake
d77c9b1bcc7aa02,What color are the rhubarb pieces in the cake,red,pinkish-red
d77c9b1bcc7aa02,Where is the cake located,on a plate,red plate
d77c9b1bcc7aa02,What color is the plate under the cake,pink,red
1a530eb3a533848,What is the texture of the cookies,rough,rough and uneven
1a530eb3a533848,What type of food is shown in the image,cookies,cookies
1a530eb3a533848,What color are the rhubarb pieces in the cookies,pinkish-red,deep pink or red
1a530eb3a533848,Where are the cookies placed,on a plate,on a plate
1a530eb3a533848,What color is the plate,purple,light purple
8eaeadde7ec90ed,What color is the Rhubarb Gelatin Salad primarily,red,red
8eaeadde7ec90ed,What type of dish is the Rhubarb Gelatin Salad,salad,dessert dish
8eaeadde7ec90ed,What color is the plate under the Rhubarb Gelatin Salad,white,white
8eaeadde7ec90ed,Where is the white cream positioned,atop the salad,on top
eec4b08a5b31ea1,What is in the bowl,applesauce,apple butter
eec4b08a5b31ea1,What color is the bowl,bowl,white
eec4b08a5b31ea1,What color are the apples,red,red
f8dd81fd986fe02,What color is the rhubarb relish,red,reddish-pink
f8dd81fd986fe02,What color are the lids of the jars,silver,silver
ae9c9138f7052aa,What color is the barbecue sauce glaze on the ribs,reddish-brown,dark brown
ae9c9138f7052aa,What type of meat is shown in the image,ribs,ribs
ae9c9138f7052aa,Where are the ribs positioned in the image,foreground,foreground
ae9c9138f7052aa,What color are the herb pieces on the ribs,green,green
4bc967e8b59bff8,What color is the rice mostly,white,white
4bc967e8b59bff8,Where are the grilled chicken pieces placed,on top,top of the rice
ce2e7668f8d030e,What color is the rice,reddish-orange,orange
ce2e7668f8d030e,What is the main ingredient in the dish,rice,rice
ce2e7668f8d030e,What color are the bell peppers,green,green
ce2e7668f8d030e,What is mixed with the rice in the dish,sausage,meat and vegetables
52471d9f8adc68a,Is the Easy Mexican Rice easy to prepare,easy,yes
52471d9f8adc68a,What is the main ingredient in the Easy Mexican Rice,rice,rice
52471d9f8adc68a,What color is the rice in the Easy Mexican Rice,orange-red,light orange
52471d9f8adc68a,Where is the Easy Mexican Rice placed in the bowl,on the right side,right section
52471d9f8adc68a,What color is the lettuce in the bowl,green,green
aa787be93801e4f,What is the main food in the image,rice,rice
aa787be93801e4f,What does the rice do in the frame,fills,being mixed
aa787be93801e4f,What is the pot made of,silver,metal
aa787be93801e4f,What material is the spoon made of,wooden,wood
aa787be93801e4f,Where are the green herbs located,throughout,pot with yellow rice
6c4915e6e42b776,What color is the plate,white,white
6c4915e6e42b776,What type of pasta is used in the dish,rigatoni,rigatoni
6c4915e6e42b776,What color are the rigatoni pasta pieces,golden-yellow,light yellow
6c4915e6e42b776,Where is the vodka rigatoni placed,on a white plate,white plate
6c4915e6e42b776,What color are the peas in the dish,green,green
2b74d1e6dab2d28,What color is the pesto risotto,green,green
2b74d1e6dab2d28,How are the cannellini beans distributed in the dish,scattered,evenly spread across
2b74d1e6dab2d28,What color are the tomatoes in the dish,red,red
2b74d1e6dab2d28,Where is the poached egg placed in the dish,on the egg,on top
d0af628ffb3bebe,What is the dish in the image,risotto,rice and chicken
d0af628ffb3bebe,What color are the sausage slices,brown,red
d0af628ffb3bebe,How are the chicken pieces distributed in the dish,scattered,evenly spread out
d0af628ffb3bebe,Where are the chicken pieces mostly located,on the left,throughout the dish
f71ba10eff86632,What color is the plate,white,white
f71ba10eff86632,What is the main dish in the image,roast,beef stew
f71ba10eff86632,What color is the roast,brown,brown
f71ba10eff86632,Where are the diced carrots located in the dish,within,throughout the dish
f71ba10eff86632,What color are the parsley pieces,green,green
ff205d7130c410e,What color is the roast,pink,brown
ff205d7130c410e,What cooking method was used for the roast,roast,grilling or roasting
ff205d7130c410e,Where is the roast placed,on a wooden cutting board,wooden cutting board
9a6ef55e58c8bfb,What color are the rolls on top,golden,golden brown
9a6ef55e58c8bfb,What type of food is shown in the image,rolls,dinner rolls
9a6ef55e58c8bfb,What color are the rolls on their upper surfaces,brown,golden brown
9a6ef55e58c8bfb,Where are the coarse salt and brown caraway seeds sprinkled,on top,on top
9a6ef55e58c8bfb,How are the rolls in the top row positioned relative to each other,adjacent,side by side
83cddb1a32acb9f,What color are the elevated surfaces of the rolls,golden-brown,golden brown
83cddb1a32acb9f,What are the items in the image called,rolls,buns
83cddb1a32acb9f,How are the rolls arranged,stacked,overlapping
83cddb1a32acb9f,What is the color of the rolls at the bottom,lighter,golden brown
83cddb1a32acb9f,Where are several rolls located,towards the top-left area,baking tray or surface
ae14c37e1da12cc,What color is the salami in the roll-up,light pink,pink
ae14c37e1da12cc,What type of meat is the outermost layer of the roll-up,salami,cured meat
ae14c37e1da12cc,What color is the cream cheese in the roll-up,white,white
ae14c37e1da12cc,What color is the pepperoncini in the roll-up,yellow-orange,yellow
ae14c37e1da12cc,Where is the pepperoncini located in the roll-up,in the center,inside the roll-up
b04183d45e40ff2,What type of seasoning is in the jar,bbq,red chili powder
b04183d45e40ff2,What is the BBQ Spice Rub contained in,jar,glass jar
b04183d45e40ff2,Where is the spoon in relation to the BBQ Spice Rub,submerged,inside the jar
b04183d45e40ff2,What color is the spoon,silver,silver
b04183d45e40ff2,Where is the jar positioned in the image,in the center,on a surface
ef26b197bbe2006,What color is the dry rub on the fish,brownish,brown and black
ef26b197bbe2006,What type of protein is being cooked in the image,fish,sausage
ef26b197bbe2006,What color is the lettuce in the salad,green,green
ef26b197bbe2006,Where are the fish pieces placed in the image,on top of,on top of salad
ef26b197bbe2006,What is the base of the dish in the image,salad,salad
583b571a74b7ca3,What type of container is used for the rib rub,jar,glass jar
583b571a74b7ca3,What color is the bottom layer of the rib rub,brown,light brown
583b571a74b7ca3,Where is the jar placed,on the wooden surface,on a wooden surface
583b571a74b7ca3,What has happened to some of the reddish-brown seasoning,spilled,spilled out
22c208ba7aeaf55,How does the dry rub appear on the bottom-right of the frame,scattered,fine granular mixture
22c208ba7aeaf55,What is the primary color of the dry rub,reddish-brown,earthy brown
22c208ba7aeaf55,What utensil is used to hold a smaller portion of the dry rub,spoon,a spoon
22c208ba7aeaf55,What color is the spoon that holds the dry rub,silver,silver
22c208ba7aeaf55,Where is the silver spoon positioned in relation to the larger pile of dry rub,on top of,on top
3fc53a69cff0092,What type of food is featured in the image,bread,bread
3fc53a69cff0092,How is the large loaf presented in the image,halved,on a cutting board
3fc53a69cff0092,Where does the larger loaf sit,sits on,wooden cutting board
3fc53a69cff0092,What color is the interior crumb of the bread,yellow,light beige
3fc53a69cff0092,What is the shape of the bread featured in the image,loaf,loaf
91d1723a6aedd7b,What is the main dish in the image,chicken salad,chicken salad
91d1723a6aedd7b,What color is the bowl containing the chicken salad,green,green
91d1723a6aedd7b,Where is the bowl placed in the image,in the center,wooden surface
91d1723a6aedd7b,What is stuck into the chicken salad near the upper-right edge of the bowl,cracker,a cracker
0e22cce15b99b8b,What color is the spinach in the salad,dark green,green
0e22cce15b99b8b,What type of dish is shown in the image,salad,salad
0e22cce15b99b8b,Where is the spinach located in the salad,located throughout,mixed throughout
0e22cce15b99b8b,What color is the nectarine in the salad,peach,yellow
0e22cce15b99b8b,What type of cheese is in the salad,halloumi,halloumi
d5596c269b73398,What is the texture of the base of the salad,creamy,creamy
d5596c269b73398,What is the salad served in,bowl,glass bowl
d5596c269b73398,What color are the cherries on the salad,red,red
d5596c269b73398,What is being done to the salad with the cherries,adding,topped with cherries
d5596c269b73398,Where are the cherries placed on the salad,on top,top of creamy mixture
3ff47bf6d70aa77,What color is the bowl,white,white
3ff47bf6d70aa77,What color are the bok choy leaves,green,green
3ff47bf6d70aa77,What is the salad served in,bowl,white bowl
3ff47bf6d70aa77,Where are the bok choy leaves distributed,throughout,throughout the bowl
324a37ae3e79125,What color is the salad,green,green
324a37ae3e79125,What type of dish is described,salad,gelatin dessert
324a37ae3e79125,How would you describe the size of the salad,large,generous
324a37ae3e79125,How are the white and beige solids arranged in the salad,interspersed,arranged randomly
324a37ae3e79125,Where are the grapes placed in relation to the salad,against the base,around the edge
3baad2f96caa8f2,What color is the plate,white,white
3baad2f96caa8f2,How are the poppy seeds distributed in the salad,scattered,throughout the salad
3baad2f96caa8f2,What type of onions are in the salad,green onions,green onions
3baad2f96caa8f2,What color are the almond slivers,brown,light brown
3baad2f96caa8f2,Where is the salad placed,on a white plate,on a plate
272dbc456d817f5,What color are the tomato halves in the salad,red,red
272dbc456d817f5,What is the base of the salad made of,salad,arugula leaves
272dbc456d817f5,How are the green leaves arranged in the salad,spread,arranged randomly
272dbc456d817f5,What color are the onion slices in the salad,purple,white
272dbc456d817f5,Where are the tomato halves placed in the salad,among the leaves,top of arugula
b9b52c83506dad8,What color are the tomatoes in the salad,red,red
b9b52c83506dad8,How are the tomatoes prepared in the salad,halved,halved
b9b52c83506dad8,What vegetable is cubed and distributed evenly in the salad,cucumbers,cucumber
b9b52c83506dad8,What herb is placed on top of the salad,dill,dill
b9b52c83506dad8,Where is the dill placed on the salad,on top,on top
1f2f9689135b1a9,What color are the watermelon chunks,red,red
1f2f9689135b1a9,What is the salad served in,bowl,metal bowl
1f2f9689135b1a9,What material is the bowl made of,silver,metal
1f2f9689135b1a9,What color are the cucumber chunks,green,light green
1f2f9689135b1a9,Where is the Cucumber-Watermelon Salad located,inside a silver bowl,metal bowl
c7fddc777f16260,What color are the cucumber slices,light,green
c7fddc777f16260,What vegetable is light green with darker green skins,cucumbers,cucumber
c7fddc777f16260,What color are the tomato wedges,red,red
c7fddc777f16260,Where are the cucumber slices and tomato wedges placed,throughout the blue bowl,blue bowl
925730a6770069d,What color are the spinach leaves in the salad,green,green
925730a6770069d,What type of dish is being described,salad,salad
925730a6770069d,What color are the mango cubes in the salad,yellow,yellow
925730a6770069d,Where are the red onion slices placed in the salad,across the top,in the salad
925730a6770069d,What color is the dish containing the salad,white,white
4372fe51102230d,What color are the black beans in the salad,black,black
4372fe51102230d,What type of salad is shown in the image,salad,corn salad
4372fe51102230d,What color is the bowl containing the salad,white,white
4372fe51102230d,What color are the corn kernels in the salad,yellow,yellow
7b0210017aec1a1,What color is the rice,white,white
7b0210017aec1a1,What is the main grain in the dish,rice,rice
7b0210017aec1a1,What color are the collard greens,green,dark green
7b0210017aec1a1,What is the salmon served with,with,rice
7b0210017aec1a1,What color is the glaze on the salmon,orange,reddish-brown
f9daae725d65b39,What is the name of the dish in the bowl,salsa,nachos
f9daae725d65b39,What color is the bowl,white,blue
f9daae725d65b39,What are the primary red ingredients in the salsa,tomatoes,diced tomatoes
f9daae725d65b39,Where is the salsa placed in relation to the chips,in a bowl,center of a bowl
8cfaa3facf82d38,What colors are present in the bowl,colorful,yellow red green
8cfaa3facf82d38,What is the apricot salsa served in,bowl,white bowl
8cfaa3facf82d38,What fruit is diced and mixed throughout the salsa,apricot,pineapple
8cfaa3facf82d38,What color are the diced green bell peppers,green,green
8cfaa3facf82d38,Where are the bright red halved cherry tomatoes scattered,within the mixture,throughout the bowl
3da567ab3ca2f6e,What is the color of the salsa described as,murky,brown
3da567ab3ca2f6e,What color is the bowl,white,white
3da567ab3ca2f6e,Where is the bowl located,atop,on a plate
17d95c9ed8191a1,What color are the mango pieces,yellow,yellow
17d95c9ed8191a1,How are the mango pieces arranged in the bowl,distributed,evenly distributed
17d95c9ed8191a1,What color are the cucumber pieces,green,green
17d95c9ed8191a1,What color are the pieces of onion,white,white
17d95c9ed8191a1,Where is the jalapeno slice placed,on top of,side of bowl
ddbfac8734f1e43,What color is the bowl containing the salsa,black,black
ddbfac8734f1e43,Where is the salsa located,bowl,black bowl
ddbfac8734f1e43,What is the predominant color of the salsa,reddish-orange,deep red
ddbfac8734f1e43,What are the green flecks in the salsa,herbs,herbs
ddbfac8734f1e43,Where is the bowl positioned in the image,in the center,center of the image
75de0d790f2d1f1,What color are the black beans,black,deep dark
75de0d790f2d1f1,What is the name of the dish in the image,salsa,black bean salad
75de0d790f2d1f1,What color are the corn kernels in the salsa,yellow,yellow
75de0d790f2d1f1,What color are the scallions in the salsa,green,green
e6791edfa8447f6,What color is the salsa,red,red
e6791edfa8447f6,What is the name of the dish,salsa,salsa and chips
e6791edfa8447f6,What utensil is inside the salsa bowl,spoon,spoon
e6791edfa8447f6,What color is the bowl,white,white
e6791edfa8447f6,Where is the bowl located in the image,in the lower left,left side
71b2ca0ab4b6918,What color is the salsa in the white cup,reddish-orange,reddish-brown
71b2ca0ab4b6918,What is the salsa served in at the top center,cup,white cup
71b2ca0ab4b6918,What does the salsa do in the white cup,fills,for dipping
71b2ca0ab4b6918,Where is the glass jar located,on the right,background right side
71b2ca0ab4b6918,What color is the salsa in the glass jar,brownish-red,red
7a66a68a347449c,What color is the poblano salsa primarily,red,red
7a66a68a347449c,What type of salsa is shown in the image,salsa,homemade salsa
7a66a68a347449c,What does the salsa do to the clear glass jar,fills,cause it to stain
7a66a68a347449c,What is the glass jar described as,clear,containing salsa
42c33972e71f72b,What type of salt is shown in the image,homemade,seasoned or flavored salt
42c33972e71f72b,What is the main ingredient in the jar,salt,salt
42c33972e71f72b,What color are some of the specks in the salt,red,brown
42c33972e71f72b,How is the salt near the wooden spoon described,scattered,granular form
42c33972e71f72b,Where is the jar of salt located in the image,on the upper left,cutting board
6b40081e4f024d6,What color is the seasoned salt described as,reddish-brown,brown
6b40081e4f024d6,What ingredient is the Copycat Lawry's Seasoned Salt primarily made of,salt,salt
6b40081e4f024d6,What does the seasoned salt do to the measuring spoon,fills,clumped together
6b40081e4f024d6,What is the overall appearance of the seasoned salt in terms of color intensity,light,light brown
6b40081e4f024d6,Where is the measuring spoon positioned,above a white bowl,foreground
45174eed362036b,What color is the bread of the sandwiches,brown,brown
45174eed362036b,What type of food is shown in the image,sandwiches,sandwiches
45174eed362036b,What color is the white filling in the sandwiches,white,mayonnaise
45174eed362036b,What color are the pickle slices in the sandwiches,green,green
45174eed362036b,Where are the sandwiches placed,on a white surface,white plate
3d98df155636be2,What color is the plate,blue,blue
3d98df155636be2,What color are the slices of steak,brown,brown
3d98df155636be2,How are the green bell peppers and onions distributed,scattered,somewhat random manner
3d98df155636be2,Where is the top Philly Cheesesteak Sandwich located,in the top left corner,upper part of image
1c0ce6903ed0925,What color is the plate,blue,blue
1c0ce6903ed0925,How are the marshmallows arranged around the sandwich,scattered,scattered manner
1c0ce6903ed0925,What is the orange-brown layer in the sandwich,peanut butter,peanut butter
1c0ce6903ed0925,What color are the bread slices,golden-brown,white
1c0ce6903ed0925,Where is the sandwich placed,on a blue plate,blue plate
34403e80d88d12c,What type of food is the sauce on,pasta,penne pasta
34403e80d88d12c,What cuisine does the pasta belong to,italian,italian cuisine
34403e80d88d12c,What is the sauce doing on the sides of the pasta,dripping,drizzling down the sides
34403e80d88d12c,What is garnished on top of the sauce,herbs,grated cheese
84db1a26c1782bd,What color is the chile barbeque sauce,reddish-brown,red
84db1a26c1782bd,What is being coated by the chile barbeque sauce,food,chicken drumsticks
84db1a26c1782bd,Where does the chile barbeque sauce trickle,down the sides,sides of the meat
ca23b48dd5e6428,What color is the sugar sauce,brown,light brown
ca23b48dd5e6428,What is the main ingredient in the sauce,sugar,caramel
ca23b48dd5e6428,What color is the sauce described as,amber,light brown
ca23b48dd5e6428,What type of glass is the dessert served in,in a clear glass,glass sundae dish
ca23b48dd5e6428,Where is some of the sauce located in the dish,bottom,on top of ice cream
55181dc0db808c2,What color is the pasta,yellow,light yellow
55181dc0db808c2,What type of food is the main dish,pasta,pasta
55181dc0db808c2,What color is the Nonna's Sweet Pasta Sauce,red,red
55181dc0db808c2,Where is the meatball placed,on top of,top of the pasta
55181dc0db808c2,What color are the small specks on top of the sauce and meatball,white,white
9ca38ea82e94789,What color is the vodka sauce,orange-red,orange
9ca38ea82e94789,What type of noodles are in the dish,spaghetti,spaghetti noodles
9ca38ea82e94789,What color is the plate,white,white
9ca38ea82e94789,Where is the sauce distributed on the plate,from center to edges,throughout the plate
bd7bd756ee18ffb,What color is the bowl in the image,reddish-brown,pink
bd7bd756ee18ffb,What is the No Cook BBQ Sauce contained in,bowl,a bowl
bd7bd756ee18ffb,What color is the bowl that holds the No Cook BBQ Sauce,pink,pink
bd7bd756ee18ffb,Where is the bowl located in the image,in the center,countertop
fd8d018e2c7cb26,What color is the tomato sauce in the bowl,reddish-orange,red
fd8d018e2c7cb26,What is the main component of the dish in the bowl,sauce,meat
fd8d018e2c7cb26,What does the tomato sauce do to most of the bowl,fills,covers most of bowl
fd8d018e2c7cb26,What color is the piece positioned slightly to the left of the center,green,green
fd8d018e2c7cb26,Where is the green piece positioned in the bowl,to the left,in the bowl
ddb3d77b8ca050e,What color is the pizza sauce,red,red
ddb3d77b8ca050e,What type of surface is the bowl placed on,wooden surface,wooden surface
ddb3d77b8ca050e,What color are most of the strands of shredded cheese,white,white
ddb3d77b8ca050e,Where are some strands of shredded cheese located,next to,left side
cb07a393ddb422a,What does the BBQ sauce do in the bowl,fills,used as a dip
cb07a393ddb422a,What color is the BBQ sauce,brown,dark brown
cb07a393ddb422a,What is the BBQ sauce contained in,bowl,black pot
cb07a393ddb422a,Where is the paintbrush resting,on the rim,edge of a black pot
320f477ddba74f5,What color is the sauce on the wings,orange,vibrant orange
320f477ddba74f5,How are the wings prepared,coated,coated in a sauce
320f477ddba74f5,What vegetable is orange and arranged around the wings,carrots,carrots
320f477ddba74f5,What color are the celery sticks,green,green
320f477ddba74f5,Where are the food items placed,on a plate,on a white plate
641c68e581d733f,What color is the Homestead Barbecue Sauce,reddish-brown,dark red
69aee1d3ba018ff,What color are the tangerine segments,orange,orange
69aee1d3ba018ff,What is the container used to hold the cranberry sauce and tangerine segments,bowl,glass bowl
69aee1d3ba018ff,What color is the cranberry sauce,red,red
69aee1d3ba018ff,Where are the whole cranberries placed,on top,on top
1c00b85749755c0,What color is the beef in the image,brownish-red,brown
1c00b85749755c0,What type of meat is featured in the dish,beef,beef
1c00b85749755c0,How is the beef prepared in the image,cooked,slow-cooked or braised
1c00b85749755c0,What color are the carrots in the image,orange,orange
1c00b85749755c0,Where is the cabbage located on the plate,in the top center,no specific position
bd9bb1c1a13d688,What color is the stew-like liquid,dark brown,brown
bd9bb1c1a13d688,What type of dish is the dark brown liquid,stew,stew or soup
bd9bb1c1a13d688,What color is the cooking pan,light brown,copper-colored
bd9bb1c1a13d688,What color are the tiny pieces scattered throughout the liquid,golden,brown
bd9bb1c1a13d688,Where are the bubbles and steam rising from,from the surface,pot of boiling liquid
9ab4e1e0b9e3538,What color is the sauerkraut in the bowl,yellowish-white,yellowish-white
9ab4e1e0b9e3538,What is the sauerkraut doing in the bowl,forming,side dish
9ab4e1e0b9e3538,What is the sauerkraut placed in,bowl,a bowl
9ab4e1e0b9e3538,What color are the smokies,brownish-red,brown
9ab4e1e0b9e3538,Where is the smokie located in the bowl,in the bottom-left,in the bowl
f4c5c78433d6d23,What color is the wrapper of the sausage flowers,golden-brown,golden brown
f4c5c78433d6d23,What are the edible items shaped like flowers in the image,sausage flowers,wontons
f4c5c78433d6d23,What color is the sausage mixture inside the flowers,brownish-orange,reddish-brown
f4c5c78433d6d23,Where are the green scallions placed,sprinkled over,on top
f4c5c78433d6d23,What is the color of the tray holding the sausage flowers,silver tray,silver
0f4169610c6b102,What type of meat is used in the dish,sausage,sausage
0f4169610c6b102,What color is the sausage,reddish-brown,brown
0f4169610c6b102,What shape is the bowl,in a leaf-shaped bowl,a leaf
0f4169610c6b102,How was the sausage cooked,grilled,frying or sautéing
0f4169610c6b102,What fruit is mixed with the sausage,pineapple,pineapple
b03fd7734dcd1f9,What is the color of the scallops,creamy,white
b03fd7734dcd1f9,What type of dish is served alongside the scallops,pasta,toast
b03fd7734dcd1f9,What color is the pasta,white,yellowish-white
b03fd7734dcd1f9,Where is the toast located in the image,on the side,right of the bowl
0165a5347fc3006,What shape is the scone,triangular,triangular or wedge-shaped
0165a5347fc3006,What type of food is shown in the image,scone,lemon cake
0165a5347fc3006,What color is the lemon wedge,yellow,yellow
0165a5347fc3006,Where is the scone placed,on a plate,on a plate
0165a5347fc3006,What color is the plate,white,white
06b69ab2d9fd200,What color is the plate the scones are on,white,white
06b69ab2d9fd200,What type of baked goods are shown in the image,scones,scones
06b69ab2d9fd200,What color is the scone in the foreground,golden brown,light golden
06b69ab2d9fd200,Where is the golden brown scone located,in the foreground,white plate
76051d98525aa3b,What color are the scrambled eggs,yellow,yellow
76051d98525aa3b,What fruit is interspersed throughout the eggs,tomato,tomato
76051d98525aa3b,What color is the basil leaf,green,green
76051d98525aa3b,Where is the basil leaf positioned,towards the center,top of dish
5befd704424b15d,What is the primary color of the seasoning,reddish-brown,reddish-brown
ea86b8337adee6c,What color are the pumpkin seeds,brown,reddish-brown
ea86b8337adee6c,What type of seeds are shown in the image,pumpkin seeds,candied almonds
ea86b8337adee6c,What is the white coating on the pumpkin seeds,sugar,sugar
9bdab5eeae956d5,What color is the semifreddo,orange,white
9bdab5eeae956d5,What type of dessert is shown,semifreddo,cake
9bdab5eeae956d5,What color is the tray,silver,silver
9bdab5eeae956d5,What color is the base of the semifreddo,off-white,white
9bdab5eeae956d5,Where is the semifreddo placed,on a tray,on a tray
6976d7e77ced1df,What color is the bowl,white,white
6976d7e77ced1df,What color are the shrimp,pinkish-orange,pinkish-orange
6976d7e77ced1df,Where are the shrimp arranged,in the center,on a bed
6976d7e77ced1df,What color are the vegetables in the sauce,green,green
8e0a5a668884897,What color is the plate,white,white
8e0a5a668884897,What type of seafood is shown,shrimp,shrimp
8e0a5a668884897,What color are the spots on the shrimp,reddish-orange,orange
8e0a5a668884897,Where are the shrimp located on the plate,in the center,on the plate
b37293b876e011e,What color is the plate,blue,blue
b37293b876e011e,What type of seafood is shown,shrimp,shrimp
b37293b876e011e,What ingredient is visible on the shrimp,garlic,parsley
b37293b876e011e,What color are the shrimp,pink-orange,orange
b37293b876e011e,Where is the garlic shrimp placed,on a blue plate,on a plate
5bb240fd272bf4e,What is the base of the dish made of,hash brown,eggs
5bb240fd272bf4e,What color are the bacon pieces,red,reddish-brown
5bb240fd272bf4e,What garnish is sprinkled atop the dish,scallions,green onions
acd98ebf33a8275,What color is the plate,white,white
acd98ebf33a8275,What fruit is on top of the slaw,pineapple,pineapple
acd98ebf33a8275,What color are the pineapple chunks,yellow,yellow
acd98ebf33a8275,What color are the celery slices,green,green
acd98ebf33a8275,Where is the slaw placed,on a white plate,on a white plate
abe4eca7b50eea2,What is the main ingredient in the slaw,corn,corn
abe4eca7b50eea2,What color are the corn kernels,yellow,yellow
abe4eca7b50eea2,How are the corn kernels distributed in the slaw,scattered,distributed evenly
abe4eca7b50eea2,What color are the small cubes of bell pepper,red,red
abe4eca7b50eea2,Where is the slaw located on the plate,on the left side,left side
67cc22c854d166a,What color is the cabbage in the image,green,green
67cc22c854d166a,What is the main vegetable in the dish,cabbage,cabbage
67cc22c854d166a,How are the ingredients arranged in the image,mixed,tossed together
67cc22c854d166a,What color are the carrots in the image,orange,orange
a8534ffc026fa1a,How are the ingredients arranged in the bowl,scattered,evenly distributed mixture
a8534ffc026fa1a,What type of salad is shown in the image,coleslaw,coleslaw
a8534ffc026fa1a,What color are the shreds of carrot in the coleslaw,orange,orange
a8534ffc026fa1a,Where is the coleslaw located in the image,in the bowl,in a bowl
ce59e2b561648cc,What color is the orange slice,orange,bright orange
ce59e2b561648cc,What is the orange slush served in,glass,clear glass
ce59e2b561648cc,How would you describe the color of the orange slice,bright,vibrant bright orange
ce59e2b561648cc,Where is the orange slice placed,on the rim,on the rim
8e0e736b1ed4313,What material is the tray made of,metal,metal
8e0e736b1ed4313,What type of drink is shown in the image,slushies,frozen drinks
8e0e736b1ed4313,What color is the slushie at the top of the image,red,dark red
8e0e736b1ed4313,Where are the slushies placed,in a metal tray,in ice
fdc7674729342a7,What flavor is the smoothie,chocolate,chocolate-flavored
fdc7674729342a7,What is the smoothie served in,cup,clear plastic cup
fdc7674729342a7,What color is the smoothie,brown,brown
1d68b70e9d2f4a0,What color are the specks in the smoothie,pink,red
1d68b70e9d2f4a0,What type of drink is in the glass,smoothie,smoothie or milkshake
1d68b70e9d2f4a0,What color are the mint leaves,green,green
1d68b70e9d2f4a0,Where is the sprig of mint leaves positioned,on top of,on top
150e8e2edb2a656,What is the main flavor of the smoothie,chocolate,chocolate
150e8e2edb2a656,What type of drink is shown in the image,smoothie,chocolate milkshake
150e8e2edb2a656,What color is the smoothie,brown,brown
150e8e2edb2a656,What color are the swirling patterns on the plate,green,green
a462ea5e69d2845,What fruit is used to make the smoothie,pineapple,coconut
a462ea5e69d2845,What is the color of the glass mug,clear,clear
a462ea5e69d2845,What type of drink is in the glass,smoothie,creamy smoothie
a462ea5e69d2845,Where is the whole pineapple located,to the right,to the right
be72e9b3eb9427e,What color are the mint specks in the smoothie,green,green
be72e9b3eb9427e,What type of drink is in the glass,smoothie,strawberry smoothie
be72e9b3eb9427e,What fruit is on top of the smoothie,strawberry,strawberry
be72e9b3eb9427e,Where is the strawberry placed,on top of,top of smoothie
5abab4fc0138458,What is the consistency of the Pina Colada Sorbet,solid,creamy and smooth
5abab4fc0138458,What type of dessert is shown in the image,sorbet,whipped cream
5abab4fc0138458,What is the color of the Pina Colada Sorbet,pale,white
5abab4fc0138458,What shade of white is the Pina Colada Sorbet,off-white,creamy white
dc3896d8b1db274,What color is the blueberry sorbet described as,rich,deep rich purple
dc3896d8b1db274,What type of dessert is the purple food,sorbet,sorbet
dc3896d8b1db274,What color is the sorbet,purple,red
dc3896d8b1db274,Where is most of the sorbet contained,in the bowl,white bowl
dc3896d8b1db274,What fruit is the sorbet made from,blueberry,blackberry or mulberry
3caf51c2d92cd50,What is the bowl doing on the plate,resting,holding banana pudding
3caf51c2d92cd50,What color is the bowl and plate,pale green,white and light blue
3caf51c2d92cd50,What color is the souffle,golden-brown,golden brown
3caf51c2d92cd50,What texture does the top of the souffle have,crispy,golden-brown
3caf51c2d92cd50,Where is the banana prop located in the image,in the upper-left corner,in the background
61fc5053796ebfe,What color is the bowl containing the soup,blue,blue
61fc5053796ebfe,What type of vegetable is scattered on the surface of the soup,mushrooms,mushrooms
61fc5053796ebfe,Where are the mushrooms located in the soup,scattered on the surface,throughout the soup
61fc5053796ebfe,What type of green leaves are visible in the soup,spinach,spinach
330898f48df1db1,What color is the bowl containing the soup,white,white
330898f48df1db1,What type of food is in the white bowl,soup,chili
330898f48df1db1,What color is the broth of the soup,brown,dark brown
330898f48df1db1,What color are the cilantro leaves on the soup,green,green
18f853cc27fadce,What color is the bowl that holds the soup,white,white
18f853cc27fadce,What color is the broth of the soup,reddish-brown,brown
18f853cc27fadce,Where is the bowl of soup situated in the image,in the right half,on a surface
18f853cc27fadce,What are the visible chunks in the broth,vegetables,potatoes
74a9a3f58309faa,What color is the soup,orange,beige or tan
74a9a3f58309faa,What type of dish is shown in the image,soup,bowl of soup
74a9a3f58309faa,What is placed to the left of the soup bowl,bread,bread or crackers
74a9a3f58309faa,Where is the soup bowl placed,on top of,on a white plate
c5462855d00750c,What type of pasta is shown in the image,spaghetti,deep-dish pizza
c5462855d00750c,What color is the tomato sauce,red,red
c5462855d00750c,What type of dairy product is scattered on top,cheese,shredded cheese
c5462855d00750c,Where is the spaghetti arranged in the dish,around the perimeter,base of the dish
5eac54e4802fefe,What color is the spaghetti sauce,reddish-brown,red
5eac54e4802fefe,What is the sauce on top of,spaghetti,tomato sauce
5eac54e4802fefe,What is the texture of the sauce,chunky,thick and chunky
d3e4bdd012fe051,What color is the spaghetti,light,creamy
d3e4bdd012fe051,What is the white topping on the spaghetti,cheese,melted cheese
d3e4bdd012fe051,What color are the pepper pieces in the spaghetti,red,red
d3e4bdd012fe051,Where is the spaghetti located,in a casserole dish,in a pan
f9048429e64a34c,What type of pasta is shown in the image,spaghetti,spaghetti
f9048429e64a34c,How are the white shreds distributed over the dish,scattered,scattered
f9048429e64a34c,What are the deep red items on top of the spaghetti,meatballs,meatballs
f9048429e64a34c,Where are the meatballs placed,placed on top,top of spaghetti
6f68655695a3194,What color is the plate,blue,blue
6f68655695a3194,What is the name of the dish,musubi,sushi
6f68655695a3194,What color is the Spam,orange-red,vibrant red
6f68655695a3194,Where is the nori wrapped,around,sushi roll
6f68655695a3194,What color is the rice,white rice,white
7477038f95780fb,What color is the barbecue sauce on the sandwich,reddish-brown,reddish-brown
7477038f95780fb,What is the main item in the image,sandwich,plate of food
7477038f95780fb,How does the barbecue sauce on the spam appear,glazed,reddish-brown
7477038f95780fb,What color is the bowl in the image,blue,blue
2f21b09945b7362,What is the color of the bacon strips,light-brown,reddish-brown
2f21b09945b7362,What type of food is the main item in the image,burger,sandwich or burger
2f21b09945b7362,What is the color of the bacon strips,reddish-brown,reddish-brown
2f21b09945b7362,Where is the bun located,on top,on top
2f21b09945b7362,What is the main ingredient of the patty,spam,fish
3939b19ee46c259,What color is the spinach,green,dark green
3939b19ee46c259,What is the main ingredient in the dish,spinach,spinach
3939b19ee46c259,What color is the plate,white,white
3939b19ee46c259,What does the plate have around its edge,with a patterned rim,decorative pattern
3939b19ee46c259,What is scattered throughout the spinach,onions,almonds
a07f90b218b678c,What is the condition of the spinach leaves,fresh,fresh and vibrant green
a07f90b218b678c,What type of dish is shown in the image,salad,salad
a07f90b218b678c,What is the primary color of the spinach leaves,green,green
a07f90b218b678c,What color are the onion slices scattered in the salad,white,white
a07f90b218b678c,Where is the spinach salad placed,in a bowl,in a black bowl
0aa19bafe23c2b6,What color are the spinach leaves,green,dark green
0aa19bafe23c2b6,What type of vegetable is shown in the image,spinach,spinach
0aa19bafe23c2b6,How is the spinach arranged in the image,haphazard,in a pile
0aa19bafe23c2b6,What texture is suggested by the glossy sheen on the spinach leaves,oily texture,smooth and possibly moist
3ac1c74df484d2b,What type of leaves are in the bowl,spinach,spinach leaves
3ac1c74df484d2b,What color are the spinach leaves,green,green
3ac1c74df484d2b,What is the spinach served in,bowl,white bowl
3ac1c74df484d2b,What is mixed with the spinach in the bowl,with shallots,garlic
900103ca5bb4951,What color are the Brussels sprouts,green,green
900103ca5bb4951,What type of vegetable is shown in the image,sprouts,brussels sprouts
900103ca5bb4951,What color is the baking dish,blue,blue
900103ca5bb4951,What meat is scattered among the sprouts,bacon,bacon
900103ca5bb4951,Where is the baking dish placed,on a white surface,striped cloth
9bdba56968b4d9b,What color are the Brussels sprouts,green,green
9bdba56968b4d9b,What type of vegetable is shown in the image,sprouts,brussels sprouts
9bdba56968b4d9b,What type of sauce coats the sprouts,creamy,oily or buttery sauce
9bdba56968b4d9b,How are the sprouts arranged in the image,overlapping,evenly distributed
e2f1b28722a3845,What color are most of the brussels sprouts,green,green
e2f1b28722a3845,What type of vegetable is primarily on the plate,sprouts,brussels sprouts
e2f1b28722a3845,What color are the roasted tips or edges of some sprouts,brown,brown
e2f1b28722a3845,How are the brussels sprouts arranged on the plate,scattered across,scattered
e2f1b28722a3845,What color are the lemon wedges,yellow,yellow
cd4727b9541285f,What color are the brussels sprouts,green,green
cd4727b9541285f,What type of vegetable is shown in the image,sprouts,okra
cd4727b9541285f,What color is the breading on the brussels sprouts,brown,golden brown
cd4727b9541285f,Where are the darker brown crumbs located,around the sprouts,bottom of the tray
ad4a650ab046c06,What color are the brussels sprouts,green,green
ad4a650ab046c06,What type of vegetable is shown in the image,brussels sprouts,brussels sprouts
ad4a650ab046c06,What color is the bowl,white,white
ad4a650ab046c06,What color are the charred spots on the brussels sprouts,brownish,dark brown
ad4a650ab046c06,Where are the brussels sprouts located,in a bowl,on the table
585df28df4130ee,How is the butternut squash distributed in the dish,dispersed,mixed throughout
585df28df4130ee,What color is the kale,green,green
585df28df4130ee,Where are all the ingredients contained,bowl,in a bowl
67b896c431bcb75,What color is the spaghetti squash in the dish,yellowish-white,pale yellow
67b896c431bcb75,What is the cheese doing to the beans and onions,covering,melting over
67b896c431bcb75,Where is the melted cheese located in the dish,on top,on top
67b896c431bcb75,What color are the beans in the dish,black,black
aa98211e256f592,What color are the squash skins,green,green
aa98211e256f592,What type of vegetable is used in this dish,squash,zucchini
aa98211e256f592,What color is the filling inside the squash,orange,orange and red
aa98211e256f592,Where are the stuffed squash halves placed,on a white plate,white plate
4343704aac2ef25,What color is the spaghetti squash,yellow,yellow
4343704aac2ef25,What type of vegetable is being described,squash,ginger
4343704aac2ef25,Where is the spaghetti squash mounded,on the concave part,on a spoon
4343704aac2ef25,What color is the parsley behind the spoon,green,green
63a0d4e6b2fcc53,What color is the rind of the acorn squash,green,green
63a0d4e6b2fcc53,What color is the flesh of the squash,yellow,yellow
63a0d4e6b2fcc53,How are the squash halves positioned on the plate,overlapping,overlap each other
63a0d4e6b2fcc53,Where are the squash halves placed,on the plate,white plate
a0db3aca84f3043,What color is the flesh of the squash,orange-yellow,orange
a0db3aca84f3043,What type of vegetable is shown in the image,squash,acorn squash
a0db3aca84f3043,What color is the skin of the squash,green,vibrant green
a0db3aca84f3043,How do the tips of the squash appear,charred,slightly charred or roasted
a0db3aca84f3043,Where are the squash slices mainly clustered,in the center,baking tray
a4539523aa36409,What color are the diced cubes of squash,orange,orange color
a4539523aa36409,What type of vegetable is shown in the image,squash,butternut squash
a4539523aa36409,What color is the bowl containing the squash,blue,blue
a4539523aa36409,Where is the bowl positioned in the image,in the center-left,center of the image
b3947b98f069ed9,What is the soup doing around the steak,surrounding,accompanies the steak
b3947b98f069ed9,What is the main protein in the dish,steak,chicken
b3947b98f069ed9,What color is the soup,tan,light brown
b3947b98f069ed9,What color are the steaks,brown,light brownish-white
34155128095ebcd,What color are the steak fingers,golden-brown,golden brown
34155128095ebcd,How would you describe the surface of the steak fingers,crispy,golden brown and crispy
34155128095ebcd,How are the steak fingers positioned in the image,arranged,encircle dipping sauce
34155128095ebcd,Where is the creamy white sauce placed,bowl,small glass bowl
34155128095ebcd,What is the color of the sauce in the bowl,white,white
577f563155789a4,What color is the exterior of the fish,golden-brown,brown
577f563155789a4,What type of food is on the plate,fish,cooked salmon
577f563155789a4,What color is the interior of the fish,white,white
577f563155789a4,Where is the fish located,on the plate,on a white plate
577f563155789a4,What color is the pattern around the edge of the plate,blue,blue
05fd940d8cb03b7,What color are the mushroom steaks,golden-brown,golden-brown
05fd940d8cb03b7,What color are the chives garnishing the steaks,green,green
05fd940d8cb03b7,Where is the dark purple-black rice located,beneath the steaks,on the plate
7584477e98cfefa,What color is the broth of the stew,reddish-brown,red
7584477e98cfefa,What type of meat is visible in the stew,hamburger,ground beef
7584477e98cfefa,What vegetable is distributed throughout the stew,potatoes,corn
7584477e98cfefa,Where are the green beans and green peas located,throughout the stew,in the soup
7b52ddf044f5e3f,What color is the bowl,red,deep red
7b52ddf044f5e3f,What type of dish is being described,stew,salad
7b52ddf044f5e3f,What type of meat is in the stew,ham,ham
7b52ddf044f5e3f,What color is the cabbage,green,light green
7b52ddf044f5e3f,Where do the chunks of ham appear,on the left,mixed in with salad
9e25af6e0f1e9b3,What color are the beef chunks,brown,brown
9e25af6e0f1e9b3,How are the beef chunks distributed in the stew,scattered,evenly spread out
9e25af6e0f1e9b3,What color are the carrots,orange,orange
9e25af6e0f1e9b3,What color is the bowl,white,white
cff67dfc76f90d1,What color are the chicken pieces that are deeper in shade,brown,reddish-brown
cff67dfc76f90d1,What type of meat is featured in the stew,chicken,chicken
cff67dfc76f90d1,What color are the carrot slices in the dish,orange,orange
cff67dfc76f90d1,Where is the slice of orange colored food located,on the left side,top left
db61a4da902bdd2,What color is the base broth of the stew,brown,dark brown
db61a4da902bdd2,What red ingredient is visible in the broth,tomatoes,tomato
db61a4da902bdd2,What type of protein is found in small bits throughout the stew,meat,beef
db61a4da902bdd2,Where is the bright yellow shredded cheese placed,on top,on top
db61a4da902bdd2,What color is the shredded cheese on top of the stew,yellow,yellow
ffc1a5a062f3888,What color are the corn kernels in the stew,yellow,yellow
ffc1a5a062f3888,Where is the dollop of sour cream located,atop the center,top of the dish
c910f76bf4763c0,What is the overall color of the stew,orange-brown,brownish-orange
c910f76bf4763c0,What color are the individual grains of rice in the stew,white,light brown
c910f76bf4763c0,Where are some of the translucent yellow onions located,on the surface,in the rice dish
c910f76bf4763c0,What is the appearance of the yellow onions in the stew,translucent,cooked and mixed
0aa0330f3238b29,What is the flavor profile of the stir-fry,savory,fresh and vibrant
0aa0330f3238b29,What type of food is being cooked,vegetables,stir-fry
0aa0330f3238b29,What color are the broccoli pieces,green,green
0aa0330f3238b29,Where are the green broccoli pieces mostly located,around the top,throughout the pan
0aa0330f3238b29,What color are the bell pepper segments,yellow,red and yellow
b7b5f7fb4c23822,What color is the base of the strawberry whip,pink,white
b7b5f7fb4c23822,What fruit is arranged on top of the whip,strawberries,sliced strawberries
b7b5f7fb4c23822,How are the sliced strawberries arranged on the whip,displaying,in a pattern
b7b5f7fb4c23822,What color are the outer edges of the sliced strawberries,red,vibrant red
b7b5f7fb4c23822,Where are the sliced strawberries placed on the whip,on top,on top
28f3831cc0cf2c8,What color are the sugar crystals on the strawberries,red,red
28f3831cc0cf2c8,What type of fruit is shown in the image,strawberries,strawberry
28f3831cc0cf2c8,How do the sugar crystals on the strawberries appear,bright,finely granulated and coated
28f3831cc0cf2c8,Where are the strawberries placed,on a white paper liner,on a white paper
7c7cf1bb8fede70,What color are the strawberries,red,red
7c7cf1bb8fede70,What fruit is shown in the image,strawberries,strawberry
7c7cf1bb8fede70,What color is the chocolate on the strawberries,brown,dark brown
7c7cf1bb8fede70,Where is the chocolate on the strawberries,on the bottom,bottom
27d0d3a6a8dbde3,What color are the strawberries,red,red
27d0d3a6a8dbde3,What type of fruit is in the salad,strawberries,strawberries
27d0d3a6a8dbde3,Are the strawberries whole or sliced,sliced,sliced
27d0d3a6a8dbde3,Where are the whole strawberries located,on the upper side,top of the salad
27d0d3a6a8dbde3,What color is the cheese,white,white
4679824a46cf2b8,What color are the strawberries in the image,red,red
4679824a46cf2b8,What type of fruit is shown in the image,strawberries,strawberries
4679824a46cf2b8,How are the strawberry slices arranged in the bowl,clustered,haphazardly piled
4679824a46cf2b8,How do the strawberry slices appear due to the sauce,juicy,glossy and vibrant
c488e64add203b0,What color is the Fresh Strawberry Granita,red,red
c488e64add203b0,What fruit is used in the Fresh Strawberry Granita,strawberry,strawberry
c488e64add203b0,What type of container is the Fresh Strawberry Granita served in,glass,stemmed glass
c488e64add203b0,How would you describe the color of the Fresh Strawberry Granita,bright,vibrant red
c488e64add203b0,Where is the red strawberry placed,on the plate,white plate
7b607810af9b476,What type of nut is in the stuffing,chestnut,pecans or walnuts
7b607810af9b476,What color are the toasted bread cubes,brown,golden brown
7b607810af9b476,How do some of the bread cubes appear,toasted,golden-brown
7b607810af9b476,What color are the softer bread cubes,yellow,light golden yellow
3c68b3ad534c61b,What color are the darker pieces of the stuffing,brown,golden-brown
3c68b3ad534c61b,How are the darker brown pieces distributed in the dish,scattered,evenly spread out
3c68b3ad534c61b,What is the stuffing served in,dish,baking dish
3c68b3ad534c61b,What color is the dish,white,white
3c68b3ad534c61b,Where are the darker brown pieces of the stuffing located,throughout the dish,on top and edges
21b0cdcf0eacf35,What color are the darker bread cubes,brown,golden-brown
21b0cdcf0eacf35,What are the green flecks in the stuffing,herbs,herbs
280ee18dd93e4e5,What is the stuffing being prepared for,baking,thanksgiving meal
280ee18dd93e4e5,What color is the baking dish,white,white
280ee18dd93e4e5,How are the green specks of herbs distributed in the stuffing,scattered,distributed throughout
280ee18dd93e4e5,What color is the stuffing,brown,golden brown
280ee18dd93e4e5,Where is the stuffing located in the image,in the center,white dish
bfbe4bfd83aca81,What is the texture of the sugar in the glass,powdered,fine and granulated
bfbe4bfd83aca81,What material is the container made of,glass,glass
0457d45f6c3b8ad,Is the sushi vegetarian,vegetarian,yes
0457d45f6c3b8ad,What type of food is shown in the image,sushi,sushi
0457d45f6c3b8ad,What color is the plate,black,black
0457d45f6c3b8ad,Where are the sushi rolls placed,on the plate,black rectangular plate
0457d45f6c3b8ad,What color are the scallions in the dipping sauce,green,green
f6ec970b5ce1712,What type of fish is used as the base of the dish,swordfish,white fish
f6ec970b5ce1712,Where is the vibrant mixture located in the dish,atop,on top
f6ec970b5ce1712,What color are the diced tomatoes scattered throughout the dish,red,red
8b0ae37343af5d4,What is the Strawberry-Rhubarb Syrup stored in,pitcher,glass pitcher
8b0ae37343af5d4,Where is the pitcher placed,on a tablecloth,on a plate
5187f1afaf34eae,What color are the carrot matchsticks,orange,bright orange
5187f1afaf34eae,What is the base ingredient of the slaw,cabbage,cabbage
5187f1afaf34eae,What color are the cilantro sprigs,green,green
5187f1afaf34eae,What vegetable is scattered among the cabbage,carrot,carrot
5187f1afaf34eae,Where are the cilantro sprigs placed,on top,on top of salad
b33b2265b8e3f87,What color is the plate,red,red
b33b2265b8e3f87,What type of food is shown,tacos,taco
b33b2265b8e3f87,What color are the taco shells,golden-brown,golden-brown
b33b2265b8e3f87,What is happening to the fillings,spilling,spilling out
b33b2265b8e3f87,Where are the tacos placed,on a red plate,red plate
f1801f8847dee20,What color is the mahi mahi's crust,brown,dark brown
f1801f8847dee20,What is the mahi mahi served on,plate,white plate
f1801f8847dee20,Where is the taco topping primarily placed,on top,on top
f1801f8847dee20,What is on top of the mahi mahi,topping,mango salsa
b5a3740d260a0cf,What type of food is being described,tacos,mexican dish
b5a3740d260a0cf,What color are the tomato slices,red,red
b5a3740d260a0cf,Where are the tacos placed,on plate,on a plate
b5a3740d260a0cf,What color are the avocado slices,green,green
03945ba374db01c,What type of food is shown in the image,tacos,mexican cuisine
03945ba374db01c,What color are the taco shells,golden-brown,golden brown
03945ba374db01c,What color are the tomatoes inside the tacos,red,red
03945ba374db01c,Where are the other tacos located,behind,not visible
6318b209c5d8b65,What color are the taffy pieces,brown,brown
6318b209c5d8b65,What type of candy is shown in the image,taffy,taffy candies
6318b209c5d8b65,What color is the surface the taffy is on,white,white
6318b209c5d8b65,What other color tone do some taffy pieces have,orange,brown
6318b209c5d8b65,Where are the taffy pieces placed,across a white surface,white surface
b0f66d2cb4c1f77,What type of food is displayed in the foreground,tamale,banana
b0f66d2cb4c1f77,What color is the corn husk under the tamale,yellow,light yellowish
b0f66d2cb4c1f77,Where are the tamales placed,on a white plate,on a plate
d28b39d99db3e0b,What color are the taquitos,golden-brown,golden brown
d28b39d99db3e0b,What type of food is shown in the image,taquitos,french bread
d28b39d99db3e0b,What color variations are visible on the taquitos,brown,yellow and brown
db022623a32e7ae,What color are the baked taquitos,tan,golden brown
db022623a32e7ae,What type of food is shown in the image,taquitos,appetizer or snack
db022623a32e7ae,What color is the melted cheese on the taquitos,orange,orange
db022623a32e7ae,Where are the fresh green cilantro leaves placed,scattered over,top of the pizza
db022623a32e7ae,What material is the board under the plate made of,wooden,wood
1aa5ae3b9f6e0db,What color is the base layer of the tart,yellow,light brown
1aa5ae3b9f6e0db,Where are the Pineapple Meringue Tart pieces placed,plate,on a plate
1aa5ae3b9f6e0db,What color is the meringue layer,white,white
1aa5ae3b9f6e0db,What is the texture of the top of the meringue,toasted,slightly crunchy
1aa5ae3b9f6e0db,Where are the tart pieces located,on a plate,on a plate
90ead502d026745,What color are the tater tots,golden brown,golden brown
90ead502d026745,What is the main ingredient in the dish,tater tots,meat
90ead502d026745,What color is the plate,white,white
90ead502d026745,Where is the sauce drizzled,over the tater tots,on the food
d1ad9c754aa697a,What color is the tea,orange,light brown
d1ad9c754aa697a,What is the tea served in,glass,a glass
d1ad9c754aa697a,How are the ice cubes arranged in the tea,scattered,scattered across the surface
d1ad9c754aa697a,What color is the cinnamon stick,brown,brown
d1ad9c754aa697a,Where is the cinnamon stick placed,on top,in the glass
b71b76cf8d104b4,What is the color of the tea in the glass teacup,amber,yellow
b71b76cf8d104b4,What type of beverage is in the glass teacup,tea,tea
b71b76cf8d104b4,What is floating on the surface of the tea,lemon,slice of lemon
b71b76cf8d104b4,What color is the decorative saucer,green,green
b71b76cf8d104b4,Where is the thin slice of lemon located,on the surface,on top
34b57aacca7966a,What type of container is the tea in,mug,glass cup
34b57aacca7966a,What color is the tea,beige,pale
34b57aacca7966a,Where is the mug placed,on a white tiled surface,on white tiles
34b57aacca7966a,What type of beverage is in the mug,tea,milky or creamy drink
0eb658c957d98c0,What is the tea served in,glass,a glass
0eb658c957d98c0,What color describes the tea,tan,light brown
0eb658c957d98c0,Where is the tea positioned in the image,in the center,in a glass
ab815925487ce3b,What is the temperature of the tea,hot,unable to determine
ab815925487ce3b,What type of beverage is shown,tea,tea
ab815925487ce3b,What color is the tea,amber,dark brown
ab815925487ce3b,Where is the teacup resting,resting on a saucer,on a saucer
ab815925487ce3b,What flavor is the tea,ginger,cannot be determined
b0fdc6af7f2645a,What is the color of the glass teapot,clear,clear
b0fdc6af7f2645a,What color are the basil leaves,green,green
b0fdc6af7f2645a,What is the hue of the tea,reddish-pink,reddish
b0fdc6af7f2645a,Where are the loose basil leaves and dried hibiscus flowers positioned,to the left,on the cutting board
dc7078acdfb1703,What color are the chicken tenders,brown,brown
dc7078acdfb1703,What type of meat is shown in the image,chicken,chicken
dc7078acdfb1703,What color is the plate,white,white
d44ef12ebd2068c,What color is the plate,white,white
d44ef12ebd2068c,What type of meat is featured in the dish,tenderloins,sliced pork
d44ef12ebd2068c,What color is the outside of the tenderloins,reddish-brown,brown
d44ef12ebd2068c,How is the brownish sauce applied to the tenderloins,drizzled,poured or drizzled over
d44ef12ebd2068c,Where is the sprig of green parsley placed,on top,top of meat
22730038e750ba4,What color is the interior of the pork,pink,light pinkish-white
22730038e750ba4,What type of meat is shown in the image,pork,pork
22730038e750ba4,What color is the outer layer of the pork,dark brown,brown
22730038e750ba4,How was the pork prepared to achieve its outer color,seared,pan-searing
22730038e750ba4,Where is the largest slice of pork located in the image,from the bottom left,foreground
1ab59eb690c3b5d,What color are the baked chicken thighs,golden,golden brown
1ab59eb690c3b5d,What type of meat is shown in the image,chicken,chicken
1ab59eb690c3b5d,What color are the mushrooms,brown,brown
1ab59eb690c3b5d,Where are the mushrooms placed,piled on top,on top
1ab59eb690c3b5d,What color is the parsley,green,green
3f9831aeae8dd21,What color is the tilapia,white,light golden-brown
3f9831aeae8dd21,What type of fish is shown in the image,tilapia,white fish
3f9831aeae8dd21,What color are the crumbs on the tilapia,golden-brown,golden-brown
3f9831aeae8dd21,Where is the purplish food item located relative to the fish,to the left,left of the fish
3f9831aeae8dd21,How would you describe the surface of the crumbs on the tilapia,textured,uneven and textured
2eb69d1ad1c14be,What color is the burrata cheese,white,white
2eb69d1ad1c14be,What color are the tomato slices,red,red
2eb69d1ad1c14be,Where are the tomato slices and tomato sauce located,on top,on the toast
fd3101be707b71f,What type of dessert is located inside the small glass jar,ice cream,custard
fd3101be707b71f,Where is the green tea ice cream located,located inside,glass jar
fd3101be707b71f,What is the lighter green ice cream possibly made of,tofu,pistachio matcha mint basil
fd3101be707b71f,How does the tofu ice cream appear,creamy,creamy and smooth
fd3101be707b71f,How is the green tea ice cream served,scooped,in glass jars
b3d4f40408a3449,What is the main protein in the dish,tofu,tofu
b3d4f40408a3449,What color are the bell peppers on the skewers,red,red
b3d4f40408a3449,What color is the tofu on the skewers,golden-brown,golden brown
b3d4f40408a3449,What vegetable is dark and threaded onto the skewers,eggplant,eggplant
cb9d2c39afa6e98,What is the name of the Japanese dish in the bowl,agedashi,takoyaki
cb9d2c39afa6e98,What color is the rim of the bowl,brown,brown
cb9d2c39afa6e98,How are the tofu pieces arranged in the bowl,scattered,closely together
6ae90b789637671,What color are the tofu pieces,tan,light beige
6ae90b789637671,Where are the tofu pieces located within the plate,shifted to the left,throughout the plate
6ae90b789637671,What color are the broccoli florets,green,green
6ae90b789637671,How are the red bell pepper chunks distributed,scattered,evenly spread across
328211d7fd13871,What color are the tofu pieces,orange,golden brown
328211d7fd13871,What type of protein is used in the dish,tofu,fried chicken
328211d7fd13871,Where is the snow pea resting,resting between,top of the rice
328211d7fd13871,What is the tofu resting on,rice,white rice
328211d7fd13871,How are the carrots arranged around the tofu,scattered,scattered around
817a2e78403865a,What color are the edges of the tofu,brown,browned
817a2e78403865a,How is the tofu arranged in the bowl,scattered,alongside rice broccoli
817a2e78403865a,What vegetable is mixed with the tofu,broccoli,broccoli
817a2e78403865a,What color is the broccoli,green,green
2fad435041d2dc8,What is the main ingredient of the dish,tofu,tofu
2fad435041d2dc8,What color is the plate,blue,blue
2fad435041d2dc8,Where are the tofu pieces located on the plate,on the left side,left side
2fad435041d2dc8,What color are the fried tofu pieces,golden-brown,brown
97b516e3344fd79,What type of bowl is the dish served in,decorative,ceramic bowl
97b516e3344fd79,What is the main ingredient in the dish,tofu,tofu
97b516e3344fd79,What color is the decorative bowl,blue,white
97b516e3344fd79,Where is the small spoon located,on the upper left,top left corner
97b516e3344fd79,What is scattered throughout the bowl alongside the tofu,mushrooms,green onions
f4f9e7ee742b6e5,What color are the tomatoes,red,red
f4f9e7ee742b6e5,What type of vegetable is shown in the image,tomatoes,tomatoes
f4f9e7ee742b6e5,What color is the plate,white,white
f4f9e7ee742b6e5,Where is the front tomato positioned relative to the viewer,closer to,closer to the viewer
f4f9e7ee742b6e5,What color is the parsley,green,green
e98a385db039315,What color are the tomatoes,red,red
e98a385db039315,What type of vegetable is shown in the image,tomatoes,tomatoes
e98a385db039315,What color are the patches on some of the tomatoes,yellow,black
26c7b4853f446d6,What is the main ingredient in the casserole,tomato,ground beef
26c7b4853f446d6,What type of dish is the casserole in,transparent,glass baking dish
26c7b4853f446d6,What color is the melted cheese on top of the casserole,orange,golden brown
ea0d52534352951,Is the onion topping gluten-free,gluten-free,likely not gluten-free
ea0d52534352951,What color is the majority of the onion topping,yellow,golden brown
ea0d52534352951,Where is the onion topping placed,on the plate,on a plate
ea0d52534352951,What color are the edges of some of the onion topping,brown,brown
39d55e56600d302,What color is the topmost layer of the dessert,white,light brown
39d55e56600d302,What is the topmost layer of the dessert made of,meringue,golden-brown crust
39d55e56600d302,What describes the patches on the meringue,browned,darker brown spots
39d55e56600d302,What color is the translucent filling,amber-colored,golden brown
39d55e56600d302,Where is the dessert resting,on a dark surface,on a plate
e3d1141db582a02,What color is the surface where the tortes are placed,white,white
e3d1141db582a02,What type of pastries are shown in the image,tortes,muffins or cupcakes
e3d1141db582a02,What color is the wire tray holding the tortes,copper-colored,light brown
e3d1141db582a02,Where are the three tortes placed,on a plate,on a wire rack
817d0a6dd591446,What color is the mousse layer,green,white
817d0a6dd591446,What is the pale green layer made of,mousse,lime slices
817d0a6dd591446,What color is the plate,white,white
817d0a6dd591446,What color is the base of the torte,brown,light brown
817d0a6dd591446,Where are the small white dollops of cream placed,on top of,on top
960127d6c89ac13,What type of fruit is used in the torte,plum,apples
960127d6c89ac13,What shape is the torte,round,circular
960127d6c89ac13,What color is the torte filling,yellow,golden brown
960127d6c89ac13,What color is the powdered sugar,white,white
960127d6c89ac13,Where is the powdered sugar sprinkled,over the surface,on top
72f70fbadf48fe7,What color are the tortellini,yellow,creamy
72f70fbadf48fe7,What type of pasta is shown in the image,tortellini,tortellini
eb4315397495532,What color is the plate,orange,orange
eb4315397495532,What type of pasta is in the dish,tortellini,rotini
eb4315397495532,What color are the diced bell peppers,yellow,yellow
eb4315397495532,What color are the cherry tomatoes,red,red
eb4315397495532,Where is the tortellini served,on an orange plate,on a plate
195e9585a01590a,What color is the surface the tortellini are placed on,blue,blue
195e9585a01590a,What type of pasta is shown in the image,tortellini,ravioli
195e9585a01590a,What color are the tortellini,green,green
195e9585a01590a,How does the surface of some tortellini appear,powdered,slightly uneven textured look
4911dd059ba7f62,What color are the tortellini,yellow,golden brown
4911dd059ba7f62,What color are the sausage pieces,brown,brown
4911dd059ba7f62,Where are the ingredients located in the image,in the center,on a white plate
c21bd7781469b7f,What color are the tortillas,yellow-tan,yellow
c21bd7781469b7f,What type of food item is shown in the image,tortillas,flatbread or pancakes
c21bd7781469b7f,How are the tortillas arranged,stacked,neat stack
c21bd7781469b7f,What shape are the tortillas,round,seashells
d3374dbac8ec3d1,What color are the tortillas,tan,light beige
d3374dbac8ec3d1,What type of food is shown in the image,tortillas,flatbreads
d3374dbac8ec3d1,What color is the cloth under the tortillas,blue,blue green and yellow
d3374dbac8ec3d1,Where are the tortillas placed,on top of,on a cloth
da1d6472e13aadf,What is the base of the tostada made of,tortilla,a tortilla
da1d6472e13aadf,What color is the ground turkey,brown,brown
da1d6472e13aadf,What color is the diced avocado,green,green
da1d6472e13aadf,Where are the sliced red onions placed,on top,on top
117a60f129fb597,What color is the plate,white,white
117a60f129fb597,What color are the tater tots,golden-brown,golden brown
117a60f129fb597,What is the main ingredient in the dish,meat,tater tots
117a60f129fb597,Where is the sloppy joe meat placed,on top of,top of tater tots
dada488561e65c8,How are the treats arranged on the parchment paper,scattered,scattered manner
dada488561e65c8,What colorful items are embedded in the green clusters,marshmallows,small candies
dada488561e65c8,What is the texture of the cereal clusters,congealed,crunchy and sticky
dada488561e65c8,Where are the treats placed,on wrinkled sheet,parchment paper
979f8486655d8c9,What is the texture of the white filling in the trifle,creamy,smooth and creamy
979f8486655d8c9,What type of dessert is shown in the image,trifle,a trifle
979f8486655d8c9,What color is the custard layer in the trifle,yellow,yellow
979f8486655d8c9,Where are the whole cookies placed on the trifle,on top,top layer
979f8486655d8c9,What color are the whole cookies on top of the trifle,brown,golden brown
82ad0c5889276b1,What color are the cake cubes in the base layer,golden-brown,golden brown
82ad0c5889276b1,What is the base layer of the trifle made of,cake,cake
82ad0c5889276b1,What color are the strawberries in the trifle,red,red
82ad0c5889276b1,What is the trifle topped with,with whipped topping,whipped cream
82ad0c5889276b1,What type of dish is the berry trifle,dessert,berry trifle
f7bcbfa5d91a502,What is the primary color of the Oven-Roasted Tri-Tip,reddish-brown,dark brown
f7bcbfa5d91a502,What type of meat is shown in the image,tri-tip,steak
f7bcbfa5d91a502,What color is the plate the Tri-Tip is served on,white,white
f7bcbfa5d91a502,Where is the Tri-Tip located in the image,on a plate,white plate
f7bcbfa5d91a502,What color are the onions covering the Tri-Tip,yellow-brown,brown
1fab03e9b59ddee,How would you describe the size of the fish,large,relatively large
1fab03e9b59ddee,What type of protein is the main dish,fish,salmon
1fab03e9b59ddee,What color is the Steelhead Trout,orange,pinkish-orange
1fab03e9b59ddee,Where is the fish located on the plate,on the right,right side
8532d483872df44,What type of food is being served on the platter,fish,grilled or baked fish
8532d483872df44,What color are the lemon wedges placed around the fillets,yellow,yellow
8532d483872df44,Where are the Trout Meunière fillets placed,on the platter,on a plate
8532d483872df44,What are the main components of the dish on the platter,fillets,fish lemon herbs bacon
2663a5718fa18fe,What is the color of the truffles,dark,dark brown
2663a5718fa18fe,What color are the truffles,brown,dark brown
2663a5718fa18fe,Where are the truffles placed,in a box,in a box
2663a5718fa18fe,What color are the salt crystals on the truffles,white,white
0b5e5c68ea86508,What color is the plate,white,white
0b5e5c68ea86508,What is the main ingredient of the truffles,chocolate,chocolate
0b5e5c68ea86508,What color are the truffles coated in cocoa powder,brown,brown
0b5e5c68ea86508,Where are the truffles located,on a plate,on a plate
3aa0bced2f8335c,What type of dessert is shown in the image,truffles,chocolate-covered cookie
3aa0bced2f8335c,What color is the cookie dough center,brown,light brown
3aa0bced2f8335c,What is the appearance of the chocolate shell on the sliced truffle,studded,smooth and glossy
3aa0bced2f8335c,Where are the sprinkles located on the truffles,at the top,on the surface
c1139da94258750,What is inside the chocolate truffles,strawberry-filled,various fillings
c1139da94258750,What type of dessert is shown in the image,truffles,heart-shaped chocolates
c1139da94258750,What color is the truffle in the center,brown,dark brown
c1139da94258750,What color is the heart-shaped decoration on the center truffle,with a darker brown,white
c1139da94258750,What shape are all the truffles,circular,heart-shaped
7f0c8af27a6478f,What color are the noodles in the casserole,yellow,light beige
7f0c8af27a6478f,What type of fish is used in the casserole,tuna,not fish
7f0c8af27a6478f,What is the texture of the sauce in the casserole,creamy,creamy and smooth
7f0c8af27a6478f,Where are the crushed potato chips located,on the top of casserole,top of pasta
7f0c8af27a6478f,What color is the creamy sauce in the casserole,white,white
81f47512853201e,What color is the baking dish,white,blue
81f47512853201e,What color are the zucchini slices,green,golden brown
81f47512853201e,What has happened to the cheese on top of the casserole,melted,melted and browned
81f47512853201e,Where is the casserole placed in the image,in a white baking dish,white rectangular dish
31fa025b78a3458,What is the texture of the sauce on top of the dish,creamy,creamy and slightly bubbly
31fa025b78a3458,What type of meat is used in the dish,turkey,ground beef or chicken
31fa025b78a3458,What color is the creamy sauce on top of the dish,yellow,yellowish
31fa025b78a3458,What type of vegetable is visible on the top layer of the dish,mushrooms,mushrooms
31fa025b78a3458,Where is the Turkey Tetrazzini located in the image,in a dish,on the stove
342068e032bf8d6,What color is the rub on the turkey,brownish-orange,reddish-brown
342068e032bf8d6,What type of meat is shown in the image,turkey,chicken
342068e032bf8d6,How is the rub distributed on the turkey,scattered,unevenly
342068e032bf8d6,What color are the specks and flakes on the turkey,green,brown
342068e032bf8d6,Where is the rub located on the turkey,on the surface,surface of the turkey
79b81189e77204a,What color is the plate,white,white
79b81189e77204a,What type of fruit is used in the turnover,blueberry,blueberries
79b81189e77204a,What color is the pastry,golden-brown,golden brown
79b81189e77204a,How are the blueberries arranged around the pastry,scattered,scattered manner
304ea6b80cd8e93,What color is the bowl,red,red
304ea6b80cd8e93,What shape is the bowl,square,square
304ea6b80cd8e93,What vegetable is scattered in the broth,carrots,carrot
304ea6b80cd8e93,Where are the cilantro and carrots located,on top,in the soup
30265394037d14c,What is the color of the Veal Scaloppini,golden-brown,golden brown
30265394037d14c,What type of meat is used in the dish,veal,chicken or pork
30265394037d14c,What color is the Lemon Cream Sauce,white,white
30265394037d14c,Where is the Veal Scaloppini placed,on the plate,on a plate
30265394037d14c,How is the Lemon Cream Sauce applied to the veal,drizzled,poured or drizzled over
d1b61b8147cf662,What color is the plate,white,white
d1b61b8147cf662,What type of food is on the plate,vegetables,salad
d1b61b8147cf662,What color are the peppers,red,red
d1b61b8147cf662,Where are the vegetables located,on a plate,on a white plate
950b1803631181d,What color are the decorative leaves on the Wellington,brown,golden-brown
950b1803631181d,What type of dish is shown in the image,wellington,puff pastry rolls
950b1803631181d,What color is the plate the Wellington is served on,dark blue,black
6e329e616c77aad,What color are the bell pepper chunks,green,green
6e329e616c77aad,What type of food is being prepared,vegetables,vegetable stir-fry
6e329e616c77aad,How are the green bell pepper chunks arranged,scattered,evenly distributed
6e329e616c77aad,Where are the vegetables arranged,on a black grill pan,on a grill
4ac1c59a0e69f40,What is the appearance of the sauce on the venison,glazed,red in color
4ac1c59a0e69f40,What color is the sauce around the base of the venison,reddish-brown,red
4ac1c59a0e69f40,Where are the blackberries located in relation to the venison,around the base,around the venison
4ac1c59a0e69f40,What fruit is scattered around the venison,blackberries,blackberries
518f951a9a03867,What color is the venison,brown,dark brown
518f951a9a03867,What type of meat is in the dish,venison,meat
518f951a9a03867,What is covering the venison,gravy,brown gravy
518f951a9a03867,What color is the plate,green,green
518f951a9a03867,Where is the dish presented,on the plate,green plate
5bd2d4f17e38c6e,What color are the fried venison backstrap pieces,golden-brown,golden brown
5bd2d4f17e38c6e,What type of meat is shown in the image,venison,fried chicken
5bd2d4f17e38c6e,Where are the fried venison backstrap pieces placed,on a plate,on a plate
5bd2d4f17e38c6e,How are the fried venison backstrap pieces arranged,overlapping,in a pile
b15c979347195d8,What type of dish is the blueberry vinaigrette dressing used on,salad,salad
b15c979347195d8,What color are the lettuce leaves in the salad,green,green
b15c979347195d8,Where are the blueberries located,in the salad,in the salad
b15c979347195d8,What fruit is included in the salad,blueberries,blueberries
bd3b4a1c7f9f373,What shade is the liquid in the pitcher,brown,dark brown
bd3b4a1c7f9f373,What is the vinaigrette doing to the light,reflecting,reflecting and refracting light
bd3b4a1c7f9f373,What is the vinaigrette contained in,pitcher,glass gravy boat
bd3b4a1c7f9f373,What type of dressing is shown in the image,vinaigrette,balsamic vinegar
bd3b4a1c7f9f373,Where is the pitcher positioned in the image,in the foreground,on a plate
b78d3c1f05149a8,What type of dressing is shown in the image,vinaigrette,emulsified type
b78d3c1f05149a8,What material is the surface the jar is sitting on,wooden,wooden cutting board
b78d3c1f05149a8,What color is the vinaigrette,yellow-brown,yellowish
678de4c539aadec,What is the Mama's Balsamic Vinaigrette contained in,jar,glass jar
678de4c539aadec,What material is the surface that the jar is placed on,wooden,wooden surface
678de4c539aadec,Where is the jar positioned,on a wooden surface,on a wooden surface
da7ef8b9b9c353a,What color is the lettuce in the salad,green,green
da7ef8b9b9c353a,How are the pomegranate seeds distributed in the salad,scattered,scattered throughout
da7ef8b9b9c353a,What color are the pomegranate seeds,red,red
da7ef8b9b9c353a,What type of vegetable is red and present in the salad,tomato,pomegranate
da7ef8b9b9c353a,Where is the clear glass bowl containing pomegranate vinaigrette dressing located,above the middle,center of plate
8388d987f7f6275,What color are the waffles,golden-brown,golden brown
8388d987f7f6275,What food item is shown in the image,waffles,waffles
8388d987f7f6275,What color is the plate,white,white
8388d987f7f6275,What describes the color variation of the waffles,darker,light golden to brown
8388d987f7f6275,Where are the waffles placed,on a white plate,on a plate
0cd49eee53547b6,What color are the waffle fries,golden,golden brown
0cd49eee53547b6,What color is the ground beef in the bowl,brown,brown
0cd49eee53547b6,Where are the waffle fries located in the bowl,on the left,in the bowl
0cd49eee53547b6,What color are the diced tomatoes,red,red
57c2735d6cec16a,What is the main food item in the image,waffle,waffle
57c2735d6cec16a,What color are the tomatoes on the waffle,red,red
57c2735d6cec16a,Where are the tomatoes located,on the waffle,on the waffle
57c2735d6cec16a,What color are the cilantro pieces,green,green
4ff6dd8fefab333,How would you describe the walleye pieces,awesome,cooked and seasoned
4ff6dd8fefab333,What type of fish is shown in the image,walleye,tilapia
4ff6dd8fefab333,What color are the grilled walleye pieces,tan,white
9518cfaa471cdac,What color are the watermelon slices,red,red
9518cfaa471cdac,What fruit is used in the carpaccio,watermelon,watermelon
9518cfaa471cdac,What color is the plate,white,white
9518cfaa471cdac,Where are the feta cheese crumbles placed,on top,top of watermelon
9518cfaa471cdac,What color are the pumpkin seeds,green,green
ef4405d0a3ebb18,What is the color of the My Rosy Watermelon Milk Shake,pink,pink
ef4405d0a3ebb18,What fruit is attached to the rim of the glass,watermelon,watermelon slice
ef4405d0a3ebb18,What color is the interior of the watermelon wedge,red,red
ef4405d0a3ebb18,What is the color of the glass containing the My Rosy Watermelon Milk Shake,clear,clear
5eb218e918c79aa,What color is the plate,orange,orange
5eb218e918c79aa,What shape are the potato pieces,wedges,wedges
5eb218e918c79aa,What color are the potato wedges,golden-brown,golden-brown
5eb218e918c79aa,Where are the potato wedges placed,on plate,on a plate
5eb218e918c79aa,What are the green flecks on the potato wedges,herbs,herbs
92fa4c525eb49da,What color is the sausage in the hot dogs,brown,reddish-brown
92fa4c525eb49da,What color is the bun of the hot dogs,white,light brown
92fa4c525eb49da,What food item is in the bowl next to the hot dogs,fries,fries topped with cheese
d6ecf0c1e85cc2a,What fruit is used to garnish the drinks,orange,orange peel
d6ecf0c1e85cc2a,What are the drinks served in,glasses,stemmed glasses
d6ecf0c1e85cc2a,What color is the mulled orange wine,amber,golden-orange
d6ecf0c1e85cc2a,Where are the glasses placed,on the tray,on a tray
5c6270288c1f68c,What material is the bowl made of,metallic,metal
5c6270288c1f68c,What part of the chicken are the buffalo wings made from,wings,chicken drumette
5c6270288c1f68c,What color are the buffalo wings,orange,orange
5c6270288c1f68c,Where are most of the wings located in the image,in the center,within a pan
5c6270288c1f68c,What is the texture of the wings' coating,saucy,crispy and well-seasoned
807ba3fcd1dc8e1,What vegetable is the main ingredient in this dish,cauliflower,cauliflower
807ba3fcd1dc8e1,What color are the cauliflower wings,golden brown,golden brown
807ba3fcd1dc8e1,How are the cauliflower wings arranged on the plate,scattered across,somewhat scattered
807ba3fcd1dc8e1,What is the cauliflower served on,plate,blue plate
6a04e8ccad17554,What color are the wontons,golden-brown,golden brown
6a04e8ccad17554,What food is in the bowl,wontons,empanadas
6a04e8ccad17554,How do the wontons appear,crispy,golden brown
6a04e8ccad17554,What contains the wontons,bowl,a bowl
6a04e8ccad17554,Where are the wontons,in the bowl,in a bowl
49f5905aa2f4a48,What color are the cabbage leaves,green,green
49f5905aa2f4a48,What color is the ground beef filling inside the wraps,brownish,brown
49f5905aa2f4a48,Where is the small bowl of sesame seeds located in the image,on the lower right,bottom right corner
49f5905aa2f4a48,What herb is scattered throughout the wraps,cilantro,cilantro
262601b88efcd8d,What color are the wraps,tan,light brown
262601b88efcd8d,What are the two halves of food called,wraps,burritos
262601b88efcd8d,What type of vegetable is visible in the filling,corn,corn
262601b88efcd8d,What color is the meat in the filling,pink,pink
262601b88efcd8d,Where is some corn located,on the plate,in the burrito
d7cd03469abbcd0,What type of green vegetable is in the filling,spinach,spinach
d7cd03469abbcd0,What color are the scrambled eggs,yellow,yellow
a3aedc3e6df1f95,What color are the yams,orange,vibrant orange
a3aedc3e6df1f95,What type of vegetable is being served,yams,carrots
a3aedc3e6df1f95,What is the appearance of the yams' coating,glistening,glossy orange-red glaze
a3aedc3e6df1f95,Where are the pistachios placed,on top of,on top
a3aedc3e6df1f95,What color are the pistachios,green,green
e687d60cc671e96,What color are the yams,orange,orange
e687d60cc671e96,What type of vegetable is shown in the image,yams,sweet potato
e687d60cc671e96,How are the yam slices arranged on the surface,scattered,random pattern
e687d60cc671e96,What color is the surface the yams are on,white,white
e687d60cc671e96,Where are the yams positioned,on a white surface,white surface
c7c9a7e27e680e6,What color is the yogurt,white,white
c7c9a7e27e680e6,What color are the pancakes,brown,golden brown
c7c9a7e27e680e6,What fruit is mixed with the yogurt,blueberries,blueberries
69795dbeec9b2ce,What is the texture of the yogurt,creamy,smooth and creamy
69795dbeec9b2ce,What is the main ingredient in the bowl,yogurt,yogurt
69795dbeec9b2ce,What color are the raspberries on top of the yogurt,red,red
69795dbeec9b2ce,Where are the raspberries located,on top,in the bowl
d3abfd664deac6e,What color is the bowl in the image,blue,blue
d3abfd664deac6e,What fruit is on top of the yogurt in the image,raspberries,raspberry
2c056c7914aa530,What color is the baking dish,blue,black
2c056c7914aa530,What type of pasta is in the dish,ziti,macaroni
2c056c7914aa530,What color is the tomato sauce,reddish-orange,deep red
e95d2afc654400d,What color is the turkey,reddish-brown,brown
e95d2afc654400d,What is the pale yellow food mixed with the turkey,spaghetti,zucchini noodles
e95d2afc654400d,"Where are the turkey, spaghetti, and zoodles scattered",throughout the entire pan,in a pan
73c6313f570a1cd,What color are the grilled zucchini sticks,yellow,yellow
73c6313f570a1cd,What vegetable is shown on the platter,zucchini,zucchini
73c6313f570a1cd,What color is the pepper sprinkled on the zucchini,black,black
73c6313f570a1cd,Where are the zucchini piled on the plate,in the center,on the plate
