answer,predicted_answer,rouge1,rouge2,rougeL
golden-brown,golden brown,1.0,1.0,1.0
enchiladas,savory pie,0.0,0.0,0.0
white,light color,0.0,0.0,0.0
on the left side,on the plate,0.5714285714285715,0.4,0.5714285714285715
tomatoes,diced tomatoes,0.6666666666666666,0.0,0.6666666666666666
white,white,1.0,0.0,1.0
melted,has melted,0.6666666666666666,0.0,0.6666666666666666
covering,melting,0.0,0.0,0.0
green,light green,0.6666666666666666,0.0,0.6666666666666666
across the bake,top of the bake,0.5714285714285715,0.4,0.5714285714285715
golden-brown,golden brown,1.0,1.0,1.0
chicken,chicken,1.0,0.0,1.0
yellow,yellow,1.0,0.0,1.0
on a plate,left side of plate,0.28571428571428575,0.0,0.28571428571428575
green,green,1.0,0.0,1.0
cilantro,cilantro,1.0,0.0,1.0
yellow,yellow,1.0,0.0,1.0
chicken,chicken,1.0,0.0,1.0
on a sheet pan,baking sheet,0.3333333333333333,0.0,0.3333333333333333
chicken,grilled chicken,0.6666666666666666,0.0,0.6666666666666666
green,red and yellow,0.0,0.0,0.0
atop the fajita filling,on top,0.0,0.0,0.0
golden-brown,golden brown,1.0,1.0,1.0
Mahi Mahi,chicken,0.0,0.0,0.0
red,red and yellow,0.5,0.0,0.5
throughout the center,on top,0.0,0.0,0.0
white,golden color,0.0,0.0,0.0
steak,beef,0.0,0.0,0.0
brownish-red,brown,0.0,0.0,0.0
on the plate,green plate,0.4,0.0,0.4
mushrooms,asparagus,0.0,0.0,0.0
beige,white,0.0,0.0,0.0
golden-brown,golden brown,1.0,1.0,1.0
falafels,fish cakes,0.0,0.0,0.0
yellow,yellow,1.0,0.0,1.0
brown,light brown,0.6666666666666666,0.0,0.6666666666666666
mushrooms,mushrooms,1.0,0.0,1.0
green,green,1.0,0.0,1.0
on top of,top of rice,0.6666666666666666,0.5,0.6666666666666666
yes,yes,1.0,0.0,1.0
farro,rice,0.0,0.0,0.0
orange,orange,1.0,0.0,1.0
throughout,in the dish,0.0,0.0,0.0
zucchini,zucchini,1.0,0.0,1.0
glass,glass,1.0,0.0,1.0
yellow,green,0.0,0.0,0.0
contained within,in jars,0.0,0.0,0.0
sealed,fabric lids,0.0,0.0,0.0
red,red and white,0.5,0.0,0.5
feta fingers,pastries,0.0,0.0,0.0
golden,golden-brown,0.6666666666666666,0.0,0.6666666666666666
blue,blue,1.0,0.0,1.0
salad,salad,1.0,0.0,1.0
yellow,yellow,1.0,0.0,1.0
white,white,1.0,0.0,1.0
fills,part of a dish,0.0,0.0,0.0
fettuccine,spaghetti,0.0,0.0,0.0
creamy,smooth and creamy,0.5,0.0,0.5
cheese,grated cheese,0.6666666666666666,0.0,0.6666666666666666
on top of,top of the pasta,0.5714285714285715,0.4,0.5714285714285715
white,white,1.0,0.0,1.0
located throughout,mixed with asparagus,0.0,0.0,0.0
chicken,chicken,1.0,0.0,1.0
asparagus,golden-brown,0.0,0.0,0.0
purple,dark purple to black,0.4,0.0,0.4
figs,dates,0.0,0.0,0.0
on top of,top of the dates,0.5714285714285715,0.4,0.5714285714285715
creamy,crumbly and somewhat moist,0.0,0.0,0.0
scattered,on top,0.0,0.0,0.0
pinkish-red,deep red,0.5,0.0,0.5
filet,beef,0.0,0.0,0.0
brown,dark brown,0.6666666666666666,0.0,0.6666666666666666
on a plate,white plate,0.4,0.0,0.4
seared,well-seared crust,0.5,0.0,0.5
blue,dark blue,0.6666666666666666,0.0,0.6666666666666666
fish,whitefish,0.0,0.0,0.0
dill,dill,1.0,0.0,1.0
white,white,1.0,0.0,1.0
Lemony,smoky warm,0.0,0.0,0.0
Fish,savory pastry,0.0,0.0,0.0
Orange,orange,1.0,0.0,1.0
on plate,on a plate,0.8,0.0,0.8
Green,green,1.0,0.0,1.0
yellow,white,0.0,0.0,0.0
fish,whole fish,0.6666666666666666,0.0,0.6666666666666666
golden-brown,reddish-orange,0.0,0.0,0.0
on a plate,on a plate,1.0,1.0,1.0
green,green,1.0,0.0,1.0
white,light color,0.0,0.0,0.0
fish,rice,0.0,0.0,0.0
brown,brown,1.0,0.0,1.0
on top of,on top of fish,0.8571428571428571,0.8,0.8571428571428571
green,green,1.0,0.0,1.0
drink,beer or frothy drink,0.4,0.0,0.4
white,white,1.0,0.0,1.0
reddish-orange,orange,0.6666666666666666,0.0,0.6666666666666666
on top of,on the surface,0.3333333333333333,0.0,0.3333333333333333
shiny,smooth and shiny,0.5,0.0,0.5
flan,flan,1.0,0.0,1.0
white,white,1.0,0.0,1.0
caramel-colored,caramel-colored,1.0,1.0,1.0
chicken,chicken,1.0,0.0,1.0
drizzled,spread over the toppings,0.0,0.0,0.0
purple,purple,1.0,0.0,1.0
yellow,yellow,1.0,0.0,1.0
diced,diced into small pieces,0.4,0.0,0.4
pineapple,pineapple,1.0,0.0,1.0
moist,soft and moist,0.5,0.0,0.5
throughout the dish,evenly throughout,0.4,0.0,0.4
glass,glass serving bowl,0.5,0.0,0.5
filling,to the brim,0.0,0.0,0.0
cranberries,cranberries,1.0,0.0,1.0
grapes,cranberries,0.0,0.0,0.0
to the brim,glass bowl,0.0,0.0,0.0
yellow,light,0.0,0.0,0.0
focaccia,focaccia bread,0.6666666666666666,0.0,0.6666666666666666
green,green,1.0,0.0,1.0
wooden,wooden surface,0.6666666666666666,0.0,0.6666666666666666
yellow,yellow,1.0,0.0,1.0
bowl,a bowl,0.6666666666666666,0.0,0.6666666666666666
toasted,browned and crispy,0.0,0.0,0.0
golden-brown,golden brown,1.0,1.0,1.0
down from,piece of bread,0.0,0.0,0.0
brown,light brown,0.6666666666666666,0.0,0.6666666666666666
pretzel,cereal mix,0.0,0.0,0.0
brown,brown,1.0,0.0,1.0
dessert,cake or bread,0.0,0.0,0.0
rectangular,square-shaped,0.0,0.0,0.0
brown,light beige,0.0,0.0,0.0
almonds,almond slices,0.6666666666666666,0.0,0.6666666666666666
scattered,unevenly distributed,0.0,0.0,0.0
white,white,1.0,0.0,1.0
casserole,baking dish,0.0,0.0,0.0
scattered,sprinkled evenly,0.0,0.0,0.0
reddish-brown,orange,0.0,0.0,0.0
on top,on top,1.0,1.0,1.0
black,black,1.0,0.0,1.0
yellow,light yellow,0.6666666666666666,0.0,0.6666666666666666
scattered,distributed evenly,0.0,0.0,0.0
tomatoes,tomatoes,1.0,0.0,1.0
in a black pan,top of the dish,0.0,0.0,0.0
yellow,yellow,1.0,0.0,1.0
broccoli,broccoli,1.0,0.0,1.0
light,light yellow,0.6666666666666666,0.0,0.6666666666666666
cheddar,mozzarella or cheddar,0.5,0.0,0.5
brown,brown,1.0,0.0,1.0
clustered,clustered,1.0,0.0,1.0
plate,decorative plate,0.6666666666666666,0.0,0.6666666666666666
yellow,yellow,1.0,0.0,1.0
on the left,left side of plate,0.28571428571428575,0.0,0.28571428571428575
golden-brown,golden brown,1.0,1.0,1.0
fritter,potato pancake,0.0,0.0,0.0
crispy,crispy and golden-brown,0.4,0.0,0.4
white,white,1.0,0.0,1.0
chocolate,chocolate,1.0,0.0,1.0
stack,in a stack,0.5,0.0,0.5
brown,dark brown,0.6666666666666666,0.0,0.6666666666666666
on a plate,on a plate,1.0,1.0,1.0
swirled,swirl,1.0,0.0,1.0
pink,pink,1.0,0.0,1.0
cupcake,cupcake,1.0,0.0,1.0
cherry,raspberries,0.0,0.0,0.0
on top of,on top,0.8,0.6666666666666666,0.8
bowls,metal bowls,0.6666666666666666,0.0,0.6666666666666666
coats,covers the cake,0.0,0.0,0.0
cake,chocolate cake,0.6666666666666666,0.0,0.6666666666666666
brown,brown,1.0,0.0,1.0
on the plate,on a plate,0.6666666666666666,0.0,0.6666666666666666
blue,light blue,0.6666666666666666,0.0,0.6666666666666666
fries,loaded fries,0.6666666666666666,0.0,0.6666666666666666
orange,yellow,0.0,0.0,0.0
on top of,on top of fries,0.8571428571428571,0.8,0.8571428571428571
yellow,golden brown,0.0,0.0,0.0
casserole,baked pasta casserole,0.5,0.0,0.5
white,white,1.0,0.0,1.0
fries,calzones,0.0,0.0,0.0
golden-brown,reddish-orange,0.0,0.0,0.0
orange,reddish,0.0,0.0,0.0
on top of,on top,0.8,0.6666666666666666,0.8
yellow,golden brown,0.0,0.0,0.0
potato,potatoes,1.0,0.0,1.0
reddish-brown,brown,0.6666666666666666,0.0,0.6666666666666666
on a plate,on a plate,1.0,1.0,1.0
yellow,orange,0.0,0.0,0.0
fries,sweet potato fries,0.5,0.0,0.5
charred,browned,0.0,0.0,0.0
in the center,somewhat scattered manner,0.0,0.0,0.0
blue,blue,1.0,0.0,1.0
white,white,1.0,0.0,1.0
fudge,fudge or chocolate bark,0.4,0.0,0.4
red,red,1.0,0.0,1.0
walnuts,walnuts,1.0,0.0,1.0
brown,light brown,0.6666666666666666,0.0,0.6666666666666666
fudge,fudge,1.0,0.0,1.0
on the left,center of the image,0.28571428571428575,0.0,0.28571428571428575
sheen,smooth texture,0.0,0.0,0.0
golden-brown,golden brown,1.0,1.0,1.0
red,red,1.0,0.0,1.0
atop the galette,on the galette,0.6666666666666666,0.5,0.6666666666666666
green,green,1.0,0.0,1.0
golden-brown,golden brown,1.0,1.0,1.0
pastry,french pastry,0.6666666666666666,0.0,0.6666666666666666
white,white,1.0,0.0,1.0
sprinkled,light dusting,0.0,0.0,0.0
strawberry,strawberries,1.0,0.0,1.0
golden-brown,golden brown,1.0,1.0,1.0
blueberries,blueberry,1.0,0.0,1.0
towards the top,on top,0.4,0.0,0.4
tan,light brown,0.0,0.0,0.0
garlic,garlic,1.0,0.0,1.0
yellow,golden-brown,0.0,0.0,0.0
silver,silver,1.0,0.0,1.0
green,green,1.0,0.0,1.0
dessert,gelatin salad,0.0,0.0,0.0
gelatin,smooth and creamy,0.0,0.0,0.0
creamy,unique and interesting dish,0.0,0.0,0.0
golden-brown,brown,0.6666666666666666,0.0,0.6666666666666666
bowl,a bowl,0.6666666666666666,0.0,0.6666666666666666
sliced,on top of rice,0.0,0.0,0.0
green,green,1.0,0.0,1.0
on top of,on top,0.8,0.6666666666666666,0.8
ginger,seasoning or sauce,0.0,0.0,0.0
chicken,chicken,1.0,0.0,1.0
white,white,1.0,0.0,1.0
on a plate,on a white rectangular plate,0.7499999999999999,0.3333333333333333,0.7499999999999999
red,red,1.0,0.0,1.0
translucent,light yellowish hue,0.0,0.0,0.0
jar,glass jar,0.6666666666666666,0.0,0.6666666666666666
amber,light yellowish,0.0,0.0,0.0
in the center,center of the image,0.5714285714285715,0.0,0.28571428571428575
yellow,golden yellow,0.6666666666666666,0.0,0.6666666666666666
gingerbread,pastries,0.0,0.0,0.0
chocolate,heart-shaped decoration,0.0,0.0,0.0
beige,beige,1.0,0.0,1.0
brown,brown,1.0,0.0,1.0
yes,yes,1.0,0.0,1.0
white,white,1.0,0.0,1.0
flower,flower shape,0.6666666666666666,0.0,0.6666666666666666
green,red,0.0,0.0,0.0
on top,top left corner,0.4,0.0,0.4
gingerbread cookies,gingerbread or molasses,0.4,0.0,0.4
brown,brown,1.0,0.0,1.0
on a plate,on a plate,1.0,1.0,1.0
beige,creamy white,0.0,0.0,0.0
cookies,oatmeal cookies,0.6666666666666666,0.0,0.6666666666666666
stacked,stacked on top,0.5,0.0,0.5
on top of,top of each cookie,0.5714285714285715,0.4,0.5714285714285715
white,white,1.0,0.0,1.0
yellow,light yellow,0.6666666666666666,0.0,0.6666666666666666
bacon,bacon,1.0,0.0,1.0
on top,on top,1.0,1.0,1.0
gnocchi,gnocchi,1.0,0.0,1.0
shrimp,shrimp,1.0,0.0,1.0
green,green,1.0,0.0,1.0
brownish-red,light brown,0.0,0.0,0.0
gnocchi,gnocchi,1.0,0.0,1.0
green,green,1.0,0.0,1.0
on a plate,in a bowl,0.3333333333333333,0.0,0.3333333333333333
yellow,light beige,0.0,0.0,0.0
pasta,pasta dish,0.6666666666666666,0.0,0.6666666666666666
red,red,1.0,0.0,1.0
on top of,top of pasta,0.6666666666666666,0.5,0.6666666666666666
green,green,1.0,0.0,1.0
orange-brown,not visible,0.0,0.0,0.0
macaroni,small pasta shapes,0.0,0.0,0.0
scattered,interspersed throughout the dish,0.0,0.0,0.0
red,red,1.0,0.0,1.0
at the top,top right corner,0.3333333333333333,0.0,0.3333333333333333
scattered,on top of vegetables,0.0,0.0,0.0
beef,ground meat,0.0,0.0,0.0
yellow,light yellow,0.6666666666666666,0.0,0.6666666666666666
orange,orange,1.0,0.0,1.0
yellow,yellow,1.0,0.0,1.0
lemon,lemon,1.0,0.0,1.0
glass,clear glass,0.6666666666666666,0.0,0.6666666666666666
watermelon,watermelon,1.0,0.0,1.0
mint,sprig of mint,0.5,0.0,0.5
brown,light brown,0.6666666666666666,0.0,0.6666666666666666
granola,granola,1.0,0.0,1.0
red,red,1.0,0.0,1.0
brown,golden-brown,0.6666666666666666,0.0,0.6666666666666666
granola,granola,1.0,0.0,1.0
red,red,1.0,0.0,1.0
scattered,evenly mixed into granola,0.0,0.0,0.0
in the mixture,in the granola,0.6666666666666666,0.5,0.6666666666666666
yellow,pale yellow,0.6666666666666666,0.0,0.6666666666666666
potatoes,cheese,0.0,0.0,0.0
yellow,golden-brown,0.0,0.0,0.0
in a baking dish,on top of dish,0.25,0.0,0.25
yellow,blue,0.0,0.0,0.0
dish,a bowl,0.0,0.0,0.0
white,white,1.0,0.0,1.0
yellow,yellow,1.0,0.0,1.0
in the lower center,lower part,0.3333333333333333,0.0,0.3333333333333333
diced,small cubes,0.0,0.0,0.0
shrimp,shrimp,1.0,0.0,1.0
orange,orange,1.0,0.0,1.0
broth,a broth,0.6666666666666666,0.0,0.6666666666666666
on the left,in a pot,0.0,0.0,0.0
bowl,a bowl,0.6666666666666666,0.0,0.6666666666666666
lemon,yellow,0.0,0.0,0.0
yellow,yellow,1.0,0.0,1.0
on the left side,left side,0.6666666666666666,0.5,0.6666666666666666
scattered,around a mound,0.0,0.0,0.0
brown,dark brown,0.6666666666666666,0.0,0.6666666666666666
chicken,pork,0.0,0.0,0.0
sausage,sausage,1.0,0.0,1.0
beige,light beige,0.6666666666666666,0.0,0.6666666666666666
gyros,falafel wrap,0.0,0.0,0.0
brown,brown,1.0,0.0,1.0
on the left side,on a plate,0.28571428571428575,0.0,0.28571428571428575
green,green,1.0,0.0,1.0
crispy,crispy,1.0,0.0,1.0
halibut,cod,0.0,0.0,0.0
white,white,1.0,0.0,1.0
green,green,1.0,0.0,1.0
on top,on the fish fillet,0.3333333333333333,0.0,0.3333333333333333
beige,golden brown,0.0,0.0,0.0
Halibut,fish fillets,0.0,0.0,0.0
green,green,1.0,0.0,1.0
on the right,a plate,0.0,0.0,0.0
golden-brown,golden-brown,1.0,1.0,1.0
halloumi,halloumi,1.0,0.0,1.0
gray,gray,1.0,0.0,1.0
on the left,left side,0.4,0.0,0.4
yellow,yellow,1.0,0.0,1.0
apricot,cannot confirm fruit,0.0,0.0,0.0
reddish-brown,brown,0.6666666666666666,0.0,0.6666666666666666
bowl,brown sauce,0.0,0.0,0.0
in the upper right,top right corner,0.28571428571428575,0.0,0.28571428571428575
pink,light pinkish-brown,0.0,0.0,0.0
ham,ham,1.0,0.0,1.0
pink,pink,1.0,0.0,1.0
sandwich,sandwich,1.0,0.0,1.0
green,green,1.0,0.0,1.0
on a plate,white plate,0.4,0.0,0.4
green,darker green,0.6666666666666666,0.0,0.6666666666666666
pink,pink,1.0,0.0,1.0
ham,ham,1.0,0.0,1.0
caramelized,slightly charred or burnt,0.0,0.0,0.0
layered on,on top of greens,0.3333333333333333,0.0,0.3333333333333333
lettuce,mixed salad greens,0.0,0.0,0.0
potato,sweet potato,0.6666666666666666,0.0,0.6666666666666666
orange,orange,1.0,0.0,1.0
throughout,on the plate,0.0,0.0,0.0
yellow,yellow,1.0,0.0,1.0
brownish,yellow and brown,0.0,0.0,0.0
plate,white plate,0.6666666666666666,0.0,0.6666666666666666
yellow,golden yellow,0.6666666666666666,0.0,0.6666666666666666
sprinkled on top,on top,0.8,0.6666666666666666,0.8
white,white,1.0,0.0,1.0
orange,orange,1.0,0.0,1.0
potato,diced potatoes,0.6666666666666666,0.0,0.6666666666666666
fried,over easy,0.0,0.0,0.0
on top of,top of pile,0.6666666666666666,0.5,0.6666666666666666
bacon,bacon,1.0,0.0,1.0
hash browns,fried bread,0.0,0.0,0.0
golden-brown,golden-brown,1.0,1.0,1.0
yes,yes,1.0,0.0,1.0
on a plate,white plate,0.4,0.0,0.4
golden-brown,golden brown,1.0,1.0,1.0
plate,brown plate,0.6666666666666666,0.0,0.6666666666666666
orange,orange,1.0,0.0,1.0
chives,green onions,0.0,0.0,0.0
brown,brown,1.0,0.0,1.0
chicken,beef,0.0,0.0,0.0
yellow,yellow,1.0,0.0,1.0
in the upper right,in the background,0.5714285714285715,0.4,0.5714285714285715
golden-brown,golden brown,1.0,1.0,1.0
hen,roasted chicken,0.0,0.0,0.0
brown,shades of brown,0.5,0.0,0.5
at the top left,upper portion of plate,0.0,0.0,0.0
salad,salad,1.0,0.0,1.0
green-white,white or light green,0.6666666666666666,0.0,0.3333333333333333
over the salad leaves,over the salad,0.8571428571428571,0.8,0.8571428571428571
tomatoes,tomatoes and lettuce,0.5,0.0,0.5
edamame,edamame,1.0,0.0,1.0
hummus,creamy substance,0.0,0.0,0.0
black,black,1.0,0.0,1.0
on top of,center of the bowl,0.28571428571428575,0.0,0.28571428571428575
yellow,light beige,0.0,0.0,0.0
hummus,hummus,1.0,0.0,1.0
submerged,on the edge,0.0,0.0,0.0
crackers,toasted bread,0.0,0.0,0.0
on the right,side of the bowl,0.28571428571428575,0.0,0.28571428571428575
bowl,white bowl,0.6666666666666666,0.0,0.6666666666666666
brownish-green,light greenish-brown,0.0,0.0,0.0
towards the top left,top left,0.6666666666666666,0.5,0.6666666666666666
beige,white,0.0,0.0,0.0
hummus,hummus,1.0,0.0,1.0
yellow,yellow,1.0,0.0,1.0
tomatoes,slices of tomatoes,0.5,0.0,0.5
spices,reddish-brown spice,0.5,0.0,0.5
yellow-beige,light brown,0.0,0.0,0.0
bowl,a bowl,0.6666666666666666,0.0,0.6666666666666666
orange,orange,1.0,0.0,1.0
carrots,baby carrots,0.6666666666666666,0.0,0.6666666666666666
on the plate,in a bowl,0.0,0.0,0.0
reddish-brown,red,0.0,0.0,0.0
jars,jars,1.0,0.0,1.0
in the center,in the foreground,0.6666666666666666,0.5,0.6666666666666666
orange,orange,1.0,0.0,1.0
jars,glass,0.0,0.0,0.0
glass,metal,0.0,0.0,0.0
in the center,on a table,0.0,0.0,0.0
pinkish-white,light color,0.0,0.0,0.0
in the center,center of the image,0.5714285714285715,0.0,0.28571428571428575
bottom half,center of the image,0.0,0.0,0.0
orange,orange,1.0,0.0,1.0
vibrant,orange,0.0,0.0,0.0
glass,glass,1.0,0.0,1.0
papaya,orange,0.0,0.0,0.0
fresh,orange hue,0.0,0.0,0.0
on a white cloth,on a red cloth,0.75,0.3333333333333333,0.75
dark brown,dark brown,1.0,1.0,1.0
cubes,square-shaped,0.0,0.0,0.0
beige,creamy white,0.0,0.0,0.0
scattered,evenly spread across,0.0,0.0,0.0
black,dark brown,0.0,0.0,0.0
dark,black,0.0,0.0,0.0
stacked,single layer,0.0,0.0,0.0
dish,white ceramic dish,0.5,0.0,0.5
in the center,center of the frame,0.5714285714285715,0.0,0.28571428571428575
brown,dark brown,0.6666666666666666,0.0,0.6666666666666666
beef jerky,cooked meat,0.0,0.0,0.0
scattered,haphazardly piled,0.0,0.0,0.0
reddish-brown,reddish-brown,1.0,1.0,1.0
around the edges,throughout the image,0.3333333333333333,0.0,0.3333333333333333
brown,dark brown,0.6666666666666666,0.0,0.6666666666666666
beef jerky,dried beef,0.5,0.0,0.5
overlapping,overlapping manner,0.6666666666666666,0.0,0.6666666666666666
dark brown,brown,0.6666666666666666,0.0,0.6666666666666666
located inside,glass jar,0.0,0.0,0.0
jar,mason jar,0.6666666666666666,0.0,0.6666666666666666
sitting,decorative container,0.0,0.0,0.0
wooden,wood,0.0,0.0,0.0
yellow-tan,light brown,0.0,0.0,0.0
plate,on a plate,0.5,0.0,0.5
white,white,1.0,0.0,1.0
glazed,slightly glossy and smooth,0.0,0.0,0.0
Sloppy Joe,pulled pork barbecue sandwich,0.0,0.0,0.0
reddish-brown,reddish-brown,1.0,1.0,1.0
yellow,yellowish-brown,0.0,0.0,0.0
on the bottom,base of the sandwich,0.28571428571428575,0.0,0.28571428571428575
golden-brown,light brown,0.5,0.0,0.5
chicken,chicken,1.0,0.0,1.0
orange,light orange,0.6666666666666666,0.0,0.6666666666666666
on top,on top,1.0,1.0,1.0
chips,potato chips,0.6666666666666666,0.0,0.6666666666666666
golden-brown,light brown,0.5,0.0,0.5
bun,green bell peppers,0.0,0.0,0.0
gray,gray,1.0,0.0,1.0
on a plate,a plate,0.8,0.6666666666666666,0.8
tan,light brown,0.0,0.0,0.0
bun,yes,0.0,0.0,0.0
red,deep red,0.6666666666666666,0.0,0.6666666666666666
on top,on the bun,0.4,0.0,0.4
diced,yes,0.0,0.0,0.0
beige,light beige,0.6666666666666666,0.0,0.6666666666666666
juice,milk,0.0,0.0,0.0
on the table,in the bottle,0.3333333333333333,0.0,0.3333333333333333
glass,a glass,0.6666666666666666,0.0,0.6666666666666666
in a glass,right side,0.0,0.0,0.0
vibrant,light brown or tan,0.0,0.0,0.0
glass,wine glass,0.6666666666666666,0.0,0.6666666666666666
yellow,yellow,1.0,0.0,1.0
watermelon,watermelon,1.0,0.0,1.0
pink,red,0.0,0.0,0.0
blueberries,watermelon,0.0,0.0,0.0
green surface,green,0.6666666666666666,0.0,0.6666666666666666
4th of July,christmas,0.0,0.0,0.0
golden-brown,golden-brown,1.0,1.0,1.0
dispersed,evenly spread across,0.0,0.0,0.0
kale,kale,1.0,0.0,1.0
bowl,white bowl,0.6666666666666666,0.0,0.6666666666666666
green,green,1.0,0.0,1.0
chips,roasted kale,0.0,0.0,0.0
bowl,a bowl,0.6666666666666666,0.0,0.6666666666666666
on a wooden surface,on wooden surface,0.8571428571428571,0.4,0.8571428571428571
brownish,brown,0.0,0.0,0.0
dark green,green,0.6666666666666666,0.0,0.6666666666666666
kale,spinach,0.0,0.0,0.0
red,red,1.0,0.0,1.0
on top of,in the pan,0.0,0.0,0.0
colorful,colorful and appetizing,0.5,0.0,0.5
kebabs,shish kebab,0.6666666666666666,0.0,0.6666666666666666
red,brown,0.0,0.0,0.0
on a plate,on a white plate,0.8571428571428571,0.4,0.8571428571428571
pineapple,pineapple chunks,0.6666666666666666,0.0,0.6666666666666666
white,white,1.0,0.0,1.0
kohlrabi,potato,0.0,0.0,0.0
arranged,overlapping manner,0.0,0.0,0.0
brown,dark brown,0.6666666666666666,0.0,0.6666666666666666
on a plate,on a plate,1.0,1.0,1.0
yellow,black,0.0,0.0,0.0
noodles,fried potato slices,0.0,0.0,0.0
yellow,light yellow,0.6666666666666666,0.0,0.6666666666666666
on the top,on top of pasta,0.5714285714285715,0.0,0.5714285714285715
golden-yellow,golden brown,0.5,0.0,0.5
baking,baking process,0.6666666666666666,0.0,0.6666666666666666
sprinkling,reddish-brown spice,0.0,0.0,0.0
noodles,pasta,0.0,0.0,0.0
brown,brownish-orange,0.0,0.0,0.0
brown,brown,1.0,0.0,1.0
lamb,roast pork,0.0,0.0,0.0
in the center,in a pan,0.3333333333333333,0.0,0.3333333333333333
reddish-brown,red,0.0,0.0,0.0
stew,stew,1.0,0.0,1.0
fills,fills and surrounds spaces,0.4,0.0,0.4
white,white,1.0,0.0,1.0
throughout the stew,in the stew,0.6666666666666666,0.5,0.6666666666666666
white,white,1.0,0.0,1.0
lamb,lamb,1.0,0.0,1.0
brown,brown,1.0,0.0,1.0
scattered around,on the plate,0.0,0.0,0.0
lamb,steak or roast,0.0,0.0,0.0
gradient,dark brown and charred,0.0,0.0,0.0
brown,brown,1.0,0.0,1.0
onions,onions,1.0,0.0,1.0
cooked,caramelized,0.0,0.0,0.0
orange,red,0.0,0.0,0.0
lasagna,baked pasta,0.0,0.0,0.0
creamy,creamy and smooth,0.5,0.0,0.5
white,creamy white,0.6666666666666666,0.0,0.6666666666666666
on the surface,on the surface,1.0,1.0,1.0
golden-brown,golden brown,1.0,1.0,1.0
lasagna,lasagna,1.0,0.0,1.0
black,black,1.0,0.0,1.0
on a black stovetop,baking tray,0.0,0.0,0.0
green,light brown,0.0,0.0,0.0
green,green,1.0,0.0,1.0
lasagna,taco salad,0.0,0.0,0.0
red,red,1.0,0.0,1.0
yellow,orange,0.0,0.0,0.0
on top of,on a plate,0.3333333333333333,0.0,0.3333333333333333
banana,mango,0.0,0.0,0.0
yellow,yellow,1.0,0.0,1.0
on the left,left side,0.4,0.0,0.4
green,green,1.0,0.0,1.0
clear,clear,1.0,0.0,1.0
yellow,light brown,0.0,0.0,0.0
into the lassi,into the smoothie,0.6666666666666666,0.5,0.6666666666666666
green,green,1.0,0.0,1.0
transparent,transparent,1.0,0.0,1.0
white,white,1.0,0.0,1.0
tan,light tan,0.6666666666666666,0.0,0.6666666666666666
on a plate,on a white tray,0.5714285714285715,0.4,0.5714285714285715
white,white,1.0,0.0,1.0
tan,light brown,0.0,0.0,0.0
on top of,on top,0.8,0.6666666666666666,0.8
strawberry,a strawberry,0.6666666666666666,0.0,0.6666666666666666
white,white,1.0,0.0,1.0
latte,latte,1.0,0.0,1.0
shaved chocolate,cinnamon,0.0,0.0,0.0
brown,light brown,0.6666666666666666,0.0,0.6666666666666666
on top of,on top,0.8,0.6666666666666666,0.8
yellow,white,0.0,0.0,0.0
in the center,on a plate,0.0,0.0,0.0
pie,lemon pie,0.6666666666666666,0.0,0.6666666666666666
triangular,triangle,0.0,0.0,0.0
on the top,top of the pie,0.5714285714285715,0.0,0.28571428571428575
lemon,banana,0.0,0.0,0.0
yellow,yellow,1.0,0.0,1.0
spoon,spoon,1.0,0.0,1.0
yellow,vibrant yellow,0.6666666666666666,0.0,0.6666666666666666
jars,glass jars,0.6666666666666666,0.0,0.6666666666666666
lemon curd,preserve or jam,0.0,0.0,0.0
on the tray,in the jar,0.3333333333333333,0.0,0.3333333333333333
tan,light brown,0.0,0.0,0.0
cookies,cookies,1.0,0.0,1.0
on a sheet,aluminum foil,0.0,0.0,0.0
pink,pink,1.0,0.0,1.0
strawberry,lemon,0.0,0.0,0.0
yellow,yellow,1.0,0.0,1.0
on the rim,rim of mason jar,0.28571428571428575,0.0,0.28571428571428575
Lemonade,lemonade,1.0,0.0,1.0
Lemonade,iced tea,0.0,0.0,0.0
yellow,light yellowish,0.0,0.0,0.0
brown,brown,1.0,0.0,1.0
brown,light brown,0.6666666666666666,0.0,0.6666666666666666
lentils,stew or soup,0.0,0.0,0.0
visible,yes,0.0,0.0,0.0
light brown,brown,0.6666666666666666,0.0,0.6666666666666666
dispersed,bowl of soup,0.0,0.0,0.0
yellowish-orange,golden-brown,0.0,0.0,0.0
lentils,lentils or legumes,0.5,0.0,0.5
dispersed,evenly mixed,0.0,0.0,0.0
green,green,1.0,0.0,1.0
dispersed,center of the bowl,0.0,0.0,0.0
red,red,1.0,0.0,1.0
green,green,1.0,0.0,1.0
orange-brown,light brown,0.5,0.0,0.5
on the left,left side of plate,0.28571428571428575,0.0,0.28571428571428575
to the right,to the right,1.0,1.0,1.0
grain,couscous,0.0,0.0,0.0
translucent,yellowish-green,0.0,0.0,0.0
glass,glass,1.0,0.0,1.0
whitish-yellow,clear,0.0,0.0,0.0
on the rim,on the rim,1.0,1.0,1.0
lime,lime,1.0,0.0,1.0
yellow,white,0.0,0.0,0.0
linguine,linguine,1.0,0.0,1.0
green,green,1.0,0.0,1.0
scattered,scattered throughout,0.6666666666666666,0.0,0.6666666666666666
beige,yellow,0.0,0.0,0.0
pasta,pasta,1.0,0.0,1.0
brown,dark brown,0.6666666666666666,0.0,0.6666666666666666
green,green,1.0,0.0,1.0
on top of,top of pasta,0.6666666666666666,0.5,0.6666666666666666
white,white,1.0,0.0,1.0
golden-brown,golden brown,1.0,1.0,1.0
on a plate,on a plate,1.0,1.0,1.0
blueberries,blueberries,1.0,0.0,1.0
wooden,wood,0.0,0.0,0.0
cheese,bread,0.0,0.0,0.0
yellow,golden brown,0.0,0.0,0.0
on the left,left side,0.4,0.0,0.4
yes,cannot be definitively said,0.0,0.0,0.0
white,white,1.0,0.0,1.0
in the center,side by side,0.0,0.0,0.0
golden,golden brown,0.6666666666666666,0.0,0.6666666666666666
overlapping,side by side,0.0,0.0,0.0
reddish-brown,golden brown,0.5,0.0,0.5
reddish-brown,reddish-brown,1.0,1.0,1.0
on the right side,on the plate,0.5714285714285715,0.4,0.5714285714285715
bowl,white bowl,0.6666666666666666,0.0,0.6666666666666666
yellow,orange,0.0,0.0,0.0
covering,melting,0.0,0.0,0.0
vibrant,golden-brown,0.0,0.0,0.0
skillet,red cast iron skillet,0.4,0.0,0.4
browned,brown,1.0,0.0,1.0
yellow,orange,0.0,0.0,0.0
on top of,on top of dish,0.8571428571428571,0.8,0.8571428571428571
green,green,1.0,0.0,1.0
in the center,in a basket,0.3333333333333333,0.0,0.3333333333333333
macaroni,macaroni,1.0,0.0,1.0
yellow,yellow,1.0,0.0,1.0
on the top,on top,0.8,0.0,0.8
yellow,yellow,1.0,0.0,1.0
macaroni,macaroni,1.0,0.0,1.0
clustered,in a pile,0.0,0.0,0.0
on the left side,left side,0.6666666666666666,0.5,0.6666666666666666
ginger,sweet and savory,0.0,0.0,0.0
Mahi Mahi,fish,0.0,0.0,0.0
brown,dark brown,0.6666666666666666,0.0,0.6666666666666666
in the bottom center,lower half,0.0,0.0,0.0
golden-brown,golden brown,1.0,1.0,1.0
Mahi Mahi,grilled fish,0.0,0.0,0.0
yellow,yellow,1.0,0.0,1.0
beans,green beans,0.6666666666666666,0.0,0.6666666666666666
white,white,1.0,0.0,1.0
reddish-brown,dark brown,0.5,0.0,0.5
green,green,1.0,0.0,1.0
orange,light yellow,0.0,0.0,0.0
spinach,spinach,1.0,0.0,1.0
melted,melted and slightly browned,0.4,0.0,0.4
sticky,sticky texture,0.6666666666666666,0.0,0.6666666666666666
yellow,yellow,1.0,0.0,1.0
arranged,fan-like pattern,0.0,0.0,0.0
on top of,top of rice,0.6666666666666666,0.5,0.6666666666666666
pink,vibrant pink,0.6666666666666666,0.0,0.6666666666666666
Cadillac,cosmopolitan cocktail,0.0,0.0,0.0
white,white,1.0,0.0,1.0
on the surface,rim of glass,0.0,0.0,0.0
green,green,1.0,0.0,1.0
yellowish-green,yellowish,0.6666666666666666,0.0,0.6666666666666666
margaritas,margaritas,1.0,0.0,1.0
silver,silver,1.0,0.0,1.0
yellow-green,white,0.0,0.0,0.0
white,white,1.0,0.0,1.0
yellow,yellow,1.0,0.0,1.0
white,white,1.0,0.0,1.0
from the top,in the glass,0.3333333333333333,0.0,0.3333333333333333
margaritas,margaritas,1.0,0.0,1.0
blue,blue,1.0,0.0,1.0
on the plate,on a plate,0.6666666666666666,0.0,0.6666666666666666
green,green,1.0,0.0,1.0
red,pink,0.0,0.0,0.0
blackberries,blackberry,1.0,0.0,1.0
on the wooden surface,wooden board,0.3333333333333333,0.0,0.3333333333333333
green,green,1.0,0.0,1.0
marinade,dark glossy sauce,0.0,0.0,0.0
surrounding,bottom of the image,0.0,0.0,0.0
chicken,chicken,1.0,0.0,1.0
glossy,rich dark sauce,0.0,0.0,0.0
in the background,beneath the chicken,0.3333333333333333,0.0,0.3333333333333333
viscous,thick semi-liquid,0.0,0.0,0.0
marinade,dressing or marinade,0.5,0.0,0.5
in the bowl,small white bowl,0.3333333333333333,0.0,0.3333333333333333
in the center,wooden surface,0.0,0.0,0.0
lemon,lemon,1.0,0.0,1.0
reddish-brown,dark brown,0.5,0.0,0.5
coats,flavor enhancement,0.0,0.0,0.0
skewers,white plate,0.0,0.0,0.0
white,white,1.0,0.0,1.0
reddish-brown,reddish-brown,1.0,1.0,1.0
chicken,chicken,1.0,0.0,1.0
on the upper chicken,surface of the chicken,0.5,0.0,0.5
amber,amber color,0.6666666666666666,0.0,0.6666666666666666
marmalade,fruit preserves,0.0,0.0,0.0
amber,amber,1.0,0.0,1.0
glass,glass,1.0,0.0,1.0
orange,reddish-brown,0.0,0.0,0.0
amber,reddish-brown,0.0,0.0,0.0
marmalade,strawberry jam,0.0,0.0,0.0
striped,striped pattern,0.6666666666666666,0.0,0.6666666666666666
to its left,left of the marmalade,0.28571428571428575,0.0,0.28571428571428575
brown,light brown,0.6666666666666666,0.0,0.6666666666666666
coated,coconut,0.0,0.0,0.0
three,three,1.0,0.0,1.0
on the left,left side,0.4,0.0,0.4
coconut,shredded coconut,0.6666666666666666,0.0,0.6666666666666666
marshmallows,turkish delight,0.0,0.0,0.0
light pink,pink,0.6666666666666666,0.0,0.6666666666666666
on a small plate,on a plate,0.8571428571428571,0.4,0.8571428571428571
bottom,on a plate,0.0,0.0,0.0
vibrant,vibrant red color,0.5,0.0,0.5
watermelon,a lime,0.0,0.0,0.0
pink,red,0.0,0.0,0.0
on the top,on the rim,0.6666666666666666,0.5,0.6666666666666666
green,green,1.0,0.0,1.0
red,red,1.0,0.0,1.0
stemmed,martini glasses,0.0,0.0,0.0
brown,white,0.0,0.0,0.0
on top of,on top,0.8,0.6666666666666666,0.8
reddish-purple,dark red,0.0,0.0,0.0
martini,cocktail,0.0,0.0,0.0
red,red,1.0,0.0,1.0
with two bright red cherries,red cherries,0.5714285714285715,0.4,0.5714285714285715
agave,organic rose hip nectar,0.0,0.0,0.0
pistachio,almonds,0.0,0.0,0.0
green,green,1.0,0.0,1.0
cylindrical,cylindrical,1.0,0.0,1.0
rectangular bar,rectangular,0.6666666666666666,0.0,0.6666666666666666
on the left side,green cutting board,0.0,0.0,0.0
white,white,1.0,0.0,1.0
orange,orange,1.0,0.0,1.0
carrots,cauliflower,0.0,0.0,0.0
in a bowl,in a bowl,1.0,1.0,1.0
crispy,brown in color,0.0,0.0,0.0
chicken,roasted chicken,0.6666666666666666,0.0,0.6666666666666666
white,white,1.0,0.0,1.0
yellow,yellow,1.0,0.0,1.0
on a plate,on a white plate,0.8571428571428571,0.4,0.8571428571428571
mayo,mayonnaise,0.0,0.0,0.0
smooth,smooth and creamy,0.5,0.0,0.5
gray,silver,0.0,0.0,0.0
in the upper left corner,being mixed or spread,0.0,0.0,0.0
bowl,white bowl,0.6666666666666666,0.0,0.6666666666666666
orange,light orange,0.6666666666666666,0.0,0.6666666666666666
basil,basil,1.0,0.0,1.0
on a light-colored surface,on a table,0.5,0.3333333333333333,0.5
light green,green,0.6666666666666666,0.0,0.6666666666666666
fills,enhances aesthetic appeal,0.0,0.0,0.0
bowl,clear plastic container,0.0,0.0,0.0
leaves,green leaf,0.0,0.0,0.0
to the right of,right of the bowl,0.75,0.3333333333333333,0.5
yellow,yellow,1.0,0.0,1.0
meatballs,meatballs,1.0,0.0,1.0
on top,on top of pasta,0.6666666666666666,0.5,0.6666666666666666
green,green,1.0,0.0,1.0
orange-brown,reddish-brown,0.5,0.0,0.5
tomato sauce,tomato-based sauce,0.8,0.0,0.8
covers,coats the meatballs,0.0,0.0,0.0
green,green,1.0,0.0,1.0
sweet,barbecue or teriyaki,0.0,0.0,0.0
meatballs,meatballs,1.0,0.0,1.0
brownish-red,brown,0.0,0.0,0.0
in the center,on a plate,0.0,0.0,0.0
bowl,white bowl,0.6666666666666666,0.0,0.6666666666666666
creamy,smooth and creamy,0.5,0.0,0.5
meatballs,meatballs,1.0,0.0,1.0
orange,orange,1.0,0.0,1.0
underneath,underneath the meatballs,0.5,0.0,0.5
green,green,1.0,0.0,1.0
brown,brown,1.0,0.0,1.0
salad,a salad,0.6666666666666666,0.0,0.6666666666666666
sliced,thin strips,0.0,0.0,0.0
is in,foreground of the image,0.0,0.0,0.0
golden,golden brown,0.6666666666666666,0.0,0.6666666666666666
meatloaf,meatloaf,1.0,0.0,1.0
light-brown,brown,0.6666666666666666,0.0,0.6666666666666666
reddish-brown,dark brown,0.5,0.0,0.5
towards the right side,right side,0.6666666666666666,0.5,0.6666666666666666
dark,brown,0.0,0.0,0.0
meatloaf,meatloaf,1.0,0.0,1.0
white,white,1.0,0.0,1.0
with sprigs,thyme,0.0,0.0,0.0
bright,green,0.0,0.0,0.0
broccoli,broccoli,1.0,0.0,1.0
red,pinkish-red,0.6666666666666666,0.0,0.6666666666666666
browned,small and evenly cut,0.0,0.0,0.0
across the image,across the entire surface,0.5714285714285715,0.4,0.5714285714285715
yellow,orange,0.0,0.0,0.0
smoothie,smoothie or a milkshake,0.4,0.0,0.4
glass,glass or plastic,0.5,0.0,0.5
white,orange,0.0,0.0,0.0
near to,rim of a glass,0.0,0.0,0.0
clear,clear,1.0,0.0,1.0
pitcher,glass pitcher,0.6666666666666666,0.0,0.6666666666666666
beige,light beige,0.6666666666666666,0.0,0.6666666666666666
in the center-left,on a surface,0.0,0.0,0.0
pink,pink,1.0,0.0,1.0
milkshakes,vanilla milkshake,0.6666666666666666,0.0,0.6666666666666666
topped,on top,0.6666666666666666,0.0,0.6666666666666666
red,red,1.0,0.0,1.0
on each milkshake,on top,0.4,0.0,0.4
chocolate,chocolate ganache,0.6666666666666666,0.0,0.6666666666666666
brown,creamy,0.0,0.0,0.0
on top,on top of cake,0.6666666666666666,0.5,0.6666666666666666
clear,clear and refreshing,0.5,0.0,0.5
pitcher,glass pitcher,0.6666666666666666,0.0,0.6666666666666666
yellow,yellow,1.0,0.0,1.0
on a wooden board,wooden surface,0.3333333333333333,0.0,0.3333333333333333
yellowish,light,0.0,0.0,0.0
tofu,tofu,1.0,0.0,1.0
scattered across,on top,0.0,0.0,0.0
blue,blue,1.0,0.0,1.0
reddish-brown,reddish-brown,1.0,1.0,1.0
jar,glass bottle,0.0,0.0,0.0
viscous,smooth and slightly thick,0.0,0.0,0.0
on the top,in a small bottle,0.0,0.0,0.0
tomatoes,two tomatoes,0.6666666666666666,0.0,0.6666666666666666
bowl,glass bowl,0.6666666666666666,0.0,0.6666666666666666
mixed,random but visually balanced,0.0,0.0,0.0
brown,light brown,0.6666666666666666,0.0,0.6666666666666666
orange,orange,1.0,0.0,1.0
in a clear glass bowl,clear glass bowl,0.7499999999999999,0.6666666666666666,0.7499999999999999
brown,warm brown,0.6666666666666666,0.0,0.6666666666666666
bowl,wooden bowl,0.6666666666666666,0.0,0.6666666666666666
candies,candy corn,0.6666666666666666,0.0,0.6666666666666666
golden-brown,brown,0.6666666666666666,0.0,0.6666666666666666
blue,blue and white,0.5,0.0,0.5
wooden,wooden surface,0.6666666666666666,0.0,0.6666666666666666
pretzels,pretzels,1.0,0.0,1.0
orange,orange,1.0,0.0,1.0
on the left,wooden surface,0.0,0.0,0.0
beige,golden brown,0.0,0.0,0.0
brown,light brown,0.6666666666666666,0.0,0.6666666666666666
towards the bottom,throughout the mix,0.3333333333333333,0.0,0.3333333333333333
brown,light brown,0.6666666666666666,0.0,0.6666666666666666
jar,glass jar,0.6666666666666666,0.0,0.6666666666666666
filled,finely ground,0.0,0.0,0.0
white,light brown,0.0,0.0,0.0
to the left of,background of the image,0.5,0.0,0.25
brown,brown,1.0,0.0,1.0
foamy,whipped cream,0.0,0.0,0.0
with whipped cream,whipped cream,0.8,0.6666666666666666,0.8
scattered,on top,0.0,0.0,0.0
yellow-green,greenish-yellow,0.5,0.0,0.5
mojito,pitcher of lemonade,0.0,0.0,0.0
green,green,1.0,0.0,1.0
by the Pitcher,clear glass pitcher,0.3333333333333333,0.0,0.3333333333333333
fresh,fresh and vibrant,0.5,0.0,0.5
green,green,1.0,0.0,1.0
mojito,cocktails,0.0,0.0,0.0
yellow,green,0.0,0.0,0.0
strawberry,strawberry,1.0,0.0,1.0
transparent,clear,0.0,0.0,0.0
mousse,mousse,1.0,0.0,1.0
brown,brown,1.0,0.0,1.0
creamy,smooth and creamy,0.5,0.0,0.5
on a silver tray,silver tray,0.6666666666666666,0.5,0.6666666666666666
golden-yellow,yellow,0.6666666666666666,0.0,0.6666666666666666
muffins,muffins,1.0,0.0,1.0
obscuring,not doing anything,0.0,0.0,0.0
blue,blue,1.0,0.0,1.0
beverage,limoncello mule,0.0,0.0,0.0
fill,chill the beverage,0.0,0.0,0.0
white,clear,0.0,0.0,0.0
on top of,top of the drink,0.5714285714285715,0.4,0.5714285714285715
copper,copper,1.0,0.0,1.0
mug,copper mug,0.6666666666666666,0.0,0.6666666666666666
green,green,1.0,0.0,1.0
yellow,green,0.0,0.0,0.0
on the wooden surface,in the copper mug,0.25,0.0,0.25
brown,brown,1.0,0.0,1.0
mushrooms,cooked mushrooms,0.6666666666666666,0.0,0.6666666666666666
glossy,rich dark brown,0.0,0.0,0.0
green,green,1.0,0.0,1.0
in a pile,casual,0.0,0.0,0.0
yellow,yellow,1.0,0.0,1.0
eggs,scrambled eggs,0.6666666666666666,0.0,0.6666666666666666
mushroom,mushrooms,1.0,0.0,1.0
brown,light brown,0.6666666666666666,0.0,0.6666666666666666
chicken,chicken,1.0,0.0,1.0
brown,light yellow,0.0,0.0,0.0
on the right,in the bowl,0.3333333333333333,0.0,0.3333333333333333
herbs,parsley,0.0,0.0,0.0
creamy,soft and moist,0.0,0.0,0.0
mushrooms,sliced mushrooms,0.6666666666666666,0.0,0.6666666666666666
black,black,1.0,0.0,1.0
from the pan,in a pan,0.3333333333333333,0.0,0.3333333333333333
brown,brown,1.0,0.0,1.0
yellow,white,0.0,0.0,0.0
enoki mushrooms,enoki mushrooms,1.0,1.0,1.0
tangled,long thin and white,0.0,0.0,0.0
strands,long thin cylindrical,0.0,0.0,0.0
immersed,cooked,0.0,0.0,0.0
mussels,mussels,1.0,0.0,1.0
orange-red,orange,0.6666666666666666,0.0,0.6666666666666666
brownish-red,reddish,0.0,0.0,0.0
on the left,left side,0.4,0.0,0.4
yellow-orange,yellow,0.6666666666666666,0.0,0.6666666666666666
pouring,being poured from spoon,0.4,0.0,0.4
jar,glass jar,0.6666666666666666,0.0,0.6666666666666666
wooden,wood,0.0,0.0,0.0
above the jar,above a small glass,0.28571428571428575,0.0,0.28571428571428575
glass,glass,1.0,0.0,1.0
wooden,wooden surface,0.6666666666666666,0.0,0.6666666666666666
mustard,mustard,1.0,0.0,1.0
to the right,right of the spreader,0.5714285714285715,0.0,0.28571428571428575
Dijon,mustard,0.0,0.0,0.0
tan,light yellow,0.0,0.0,0.0
lined up,side by side,0.0,0.0,0.0
jars,glass jars,0.6666666666666666,0.0,0.6666666666666666
creamy,smooth and creamy,0.5,0.0,0.5
nachos,tortilla chips,0.0,0.0,0.0
light-orange,creamy yellow,0.0,0.0,0.0
on top of,on top,0.8,0.6666666666666666,0.8
bowl,glass bowl,0.6666666666666666,0.0,0.6666666666666666
potato,potato chips,0.6666666666666666,0.0,0.6666666666666666
white,white,1.0,0.0,1.0
golden-brown,golden brown,1.0,1.0,1.0
cheese,melted cheese,0.6666666666666666,0.0,0.6666666666666666
on a plate,on a plate,1.0,1.0,1.0
chocolate,chocolate,1.0,0.0,1.0
nachos,tortilla chips,0.0,0.0,0.0
brown,light brown,0.6666666666666666,0.0,0.6666666666666666
white,white,1.0,0.0,1.0
on top of,tortilla chips,0.0,0.0,0.0
smooth,smooth and slightly frothy,0.4,0.0,0.4
glass,clear glass,0.6666666666666666,0.0,0.6666666666666666
pink,pinkish-orange,0.0,0.0,0.0
refresher,smoothie or juice,0.0,0.0,0.0
soup,broth-based soup,0.5,0.0,0.5
green,green,1.0,0.0,1.0
chicken,chicken,1.0,0.0,1.0
on the lower-right,right side of bowl,0.25,0.0,0.25
light blue,light blue,1.0,1.0,1.0
bowl,a bowl,0.6666666666666666,0.0,0.6666666666666666
fill,most of its surface,0.0,0.0,0.0
yellow,yellow,1.0,0.0,1.0
in the center,in a bowl,0.3333333333333333,0.0,0.3333333333333333
crunchy,crispy and crunchy,0.5,0.0,0.5
nuggets,tater tots,0.0,0.0,0.0
white,white,1.0,0.0,1.0
on the right side,right side,0.6666666666666666,0.5,0.6666666666666666
red,reddish-brown,0.0,0.0,0.0
corn nuts,almonds or hazelnuts,0.0,0.0,0.0
brown,dark brown,0.6666666666666666,0.0,0.6666666666666666
on the napkin,bottom edge,0.0,0.0,0.0
golden-brown,golden brown,1.0,1.0,1.0
oatmeal,coconut cream,0.0,0.0,0.0
filling,apples,0.0,0.0,0.0
white,white,1.0,0.0,1.0
on a white surface,white surface,0.6666666666666666,0.5,0.6666666666666666
beige,light brown,0.0,0.0,0.0
fill,base for breakfast dishes,0.0,0.0,0.0
blueberries,blueberries,1.0,0.0,1.0
red,vibrant shade of red,0.4,0.0,0.4
on top,in a bowl,0.0,0.0,0.0
black,black,1.0,0.0,1.0
rice,rice,1.0,0.0,1.0
green,green,1.0,0.0,1.0
okra,celery,0.0,0.0,0.0
in a black cooking pot,black pot,0.5714285714285715,0.0,0.5714285714285715
beige,white or light-colored,0.0,0.0,0.0
chicken,white meat,0.0,0.0,0.0
green,green,1.0,0.0,1.0
on top,around the dish,0.0,0.0,0.0
tomatoes,tomatoes,1.0,0.0,1.0
golden,green,0.0,0.0,0.0
olives,jalapeno poppers,0.0,0.0,0.0
cut,sliced in half,0.0,0.0,0.0
on the bottom,on the plate,0.6666666666666666,0.5,0.6666666666666666
green,green,1.0,0.0,1.0
wooden,wood,0.0,0.0,0.0
bread,raisin or fruit bread,0.4,0.0,0.4
black,black or deep green,0.4,0.0,0.4
golden-brown,golden brown,1.0,1.0,1.0
on a wooden cutting board,wooden cutting board,0.7499999999999999,0.6666666666666666,0.7499999999999999
visible,yes,0.0,0.0,0.0
olives,pickled vegetables,0.0,0.0,0.0
glass,glass,1.0,0.0,1.0
white,white,1.0,0.0,1.0
yellow,yellow,1.0,0.0,1.0
spilling out of,adding savory flavor,0.0,0.0,0.0
bacon,bacon,1.0,0.0,1.0
mixed,translucent and caramelized,0.0,0.0,0.0
located on the left side,underneath the egg,0.25,0.0,0.25
omelette,an egg,0.0,0.0,0.0
scattered,small cubed pieces,0.0,0.0,0.0
red,red,1.0,0.0,1.0
caramelized,golden brown,0.0,0.0,0.0
melted,melted and browned,0.5,0.0,0.5
onions,bacon,0.0,0.0,0.0
brown,white or pale yellow,0.0,0.0,0.0
cheese,melted cheese,0.6666666666666666,0.0,0.6666666666666666
towards the bottom,center of the plate,0.28571428571428575,0.0,0.28571428571428575
reddish-brown,reddish-brown,1.0,1.0,1.0
nestled,inside the split bun,0.0,0.0,0.0
orange,orange,1.0,0.0,1.0
to the left of,to the left,0.8571428571428571,0.8,0.8571428571428571
orange,orange,1.0,0.0,1.0
plate,a plate,0.6666666666666666,0.0,0.6666666666666666
vibrant,vibrant orange,0.6666666666666666,0.0,0.6666666666666666
thick,creamy and frothy,0.0,0.0,0.0
drink,creamy drink,0.6666666666666666,0.0,0.6666666666666666
garnished,garnish,1.0,0.0,1.0
green,green,1.0,0.0,1.0
at the bottom,bottom of the glass,0.5714285714285715,0.0,0.28571428571428575
pink,light pink,0.6666666666666666,0.0,0.6666666666666666
Oreo,yes,0.0,0.0,0.0
sprinkled,yes,0.0,0.0,0.0
on top surface,on top,0.8,0.6666666666666666,0.8
circular,circular,1.0,0.0,1.0
crust,upper left quadrant,0.0,0.0,0.0
star-shaped,star,0.6666666666666666,0.0,0.6666666666666666
oysters,oysters,1.0,0.0,1.0
green,green,1.0,0.0,1.0
on a star-shaped plate,star-shaped plate,0.7499999999999999,0.6666666666666666,0.7499999999999999
white,white,1.0,0.0,1.0
oysters,oysters,1.0,0.0,1.0
yellow,yellowish,0.0,0.0,0.0
reddish-brown,reddish-brown,1.0,1.0,1.0
white,white,1.0,0.0,1.0
yellow,yellow,1.0,0.0,1.0
scattered,scattered,1.0,0.0,1.0
shrimp,shrimp,1.0,0.0,1.0
in a bowl,among the other seafood,0.0,0.0,0.0
chicken,chicken pieces,0.6666666666666666,0.0,0.6666666666666666
scattered,evenly spread out,0.0,0.0,0.0
orange-brown,browned,0.6666666666666666,0.0,0.6666666666666666
shrimp,shrimp,1.0,0.0,1.0
green,green,1.0,0.0,1.0
pancake,scallion pancakes,0.6666666666666666,0.0,0.6666666666666666
white,white,1.0,0.0,1.0
golden brown,brown,0.6666666666666666,0.0,0.6666666666666666
on the left side,on a plate,0.28571428571428575,0.0,0.28571428571428575
salty,cannot determine taste,0.0,0.0,0.0
pancakes,parathas or scallion pancakes,0.4,0.0,0.4
cooking,using batter,0.0,0.0,0.0
yellow,light beige,0.0,0.0,0.0
golden yellow,yellowish-orange,0.0,0.0,0.0
paneer,paneer,1.0,0.0,1.0
reddish-brown,orange-brown,0.5,0.0,0.5
on top,on top,1.0,1.0,1.0
vibrant,finely chopped,0.0,0.0,0.0
green,green,1.0,0.0,1.0
bowl,bowl,1.0,0.0,1.0
blue,blue,1.0,0.0,1.0
scattered,evenly mixed,0.0,0.0,0.0
on top,on top,1.0,1.0,1.0
cranberry,raspberry or strawberry,0.0,0.0,0.0
glass,glass,1.0,0.0,1.0
red,red,1.0,0.0,1.0
on a table,on a table,1.0,1.0,1.0
white,white,1.0,0.0,1.0
parfaits,parfait,1.0,0.0,1.0
red,red,1.0,0.0,1.0
on top,top of yogurt,0.4,0.0,0.4
orange,blueberry,0.0,0.0,0.0
yellow,light orange,0.0,0.0,0.0
fills,blended until smooth,0.0,0.0,0.0
vegetable,pumpkin or squash,0.0,0.0,0.0
white,white,1.0,0.0,1.0
in the center,center of the soup,0.5714285714285715,0.0,0.28571428571428575
round,round,1.0,0.0,1.0
parsnips,potatoes,0.0,0.0,0.0
beige,light beige,0.6666666666666666,0.0,0.6666666666666666
smooth,smooth and creamy,0.5,0.0,0.5
chicken,shredded chicken,0.6666666666666666,0.0,0.6666666666666666
reddish-orange,reddish-orange,1.0,1.0,1.0
pasta,rotini,0.0,0.0,0.0
scattered amidst,throughout the pasta dish,0.0,0.0,0.0
diced,bite-sized,0.0,0.0,0.0
orange,orange,1.0,0.0,1.0
pasta,pasta,1.0,0.0,1.0
melted,melted and slightly browned,0.4,0.0,0.4
brownish-tan,golden-brown,0.0,0.0,0.0
beige,beige,1.0,0.0,1.0
pasta,rigatoni,0.0,0.0,0.0
shrimp,shrimp,1.0,0.0,1.0
green,green,1.0,0.0,1.0
over the shrimp,center of the dish,0.28571428571428575,0.0,0.28571428571428575
scattered,evenly spread out,0.0,0.0,0.0
pasta,pasta,1.0,0.0,1.0
yellow,yellow,1.0,0.0,1.0
on top,on top,1.0,1.0,1.0
dish,pasta,0.0,0.0,0.0
red,red,1.0,0.0,1.0
scattered,evenly distributed,0.0,0.0,0.0
eggplant,eggplant,1.0,0.0,1.0
golden-yellow,brown,0.0,0.0,0.0
bowls,white bowl,0.6666666666666666,0.0,0.6666666666666666
with a brown wooden handle,brown,0.33333333333333337,0.0,0.33333333333333337
white,white,1.0,0.0,1.0
yellow,yellow,1.0,0.0,1.0
blueberries,blueberries,1.0,0.0,1.0
nestled among,top of the cake,0.0,0.0,0.0
pavlova,pavlova,1.0,0.0,1.0
greenish-yellow,light greenish-yellow,0.8,0.6666666666666666,0.8
soup,vegetable soup,0.6666666666666666,0.0,0.6666666666666666
white,white,1.0,0.0,1.0
submerged,in the bowl,0.0,0.0,0.0
peas,peas,1.0,0.0,1.0
bowl,white bowl,0.6666666666666666,0.0,0.6666666666666666
Italian,indian cuisine,0.0,0.0,0.0
on the right side,center of the frame,0.25,0.0,0.25
vibrant,vibrant orange,0.6666666666666666,0.0,0.6666666666666666
holding,serving peach slices,0.0,0.0,0.0
white,white,1.0,0.0,1.0
in the center,center of the image,0.5714285714285715,0.0,0.28571428571428575
yellow-orange,yellow,0.6666666666666666,0.0,0.6666666666666666
glasses,glass flutes,0.6666666666666666,0.0,0.6666666666666666
wooden,wood,0.0,0.0,0.0
on the rim,rims of the glasses,0.5714285714285715,0.0,0.28571428571428575
reddish-yellow,orange,0.0,0.0,0.0
margaritas,margarita,1.0,0.0,1.0
served,in a glass,0.0,0.0,0.0
bright,orange,0.0,0.0,0.0
glasses,margarita,0.0,0.0,0.0
in the center,foreground of the frame,0.28571428571428575,0.0,0.28571428571428575
tea,peach juice,0.0,0.0,0.0
drinking,not drinking it,0.5,0.0,0.5
peach,peach-flavored,0.6666666666666666,0.0,0.6666666666666666
yellow,yellow,1.0,0.0,1.0
to the right,behind the first one,0.28571428571428575,0.0,0.28571428571428575
peachy-orange,pink,0.0,0.0,0.0
pitcher,glass pitcher,0.6666666666666666,0.0,0.6666666666666666
red,red,1.0,0.0,1.0
on the left,left side,0.4,0.0,0.4
dark,dark brown,0.6666666666666666,0.0,0.6666666666666666
peanut butter,butter or shortening,0.4,0.0,0.4
golden brown,golden brown,1.0,1.0,1.0
on the lower right,foreground,0.0,0.0,0.0
cookie,tarts,0.0,0.0,0.0
light brown,creamy brown,0.5,0.0,0.5
ice cream,chocolate,0.0,0.0,0.0
smooth,smooth and creamy,0.5,0.0,0.5
near the top,top center,0.4,0.0,0.4
yellow,white,0.0,0.0,0.0
muffins,baked goods,0.0,0.0,0.0
perfect,golden-brown,0.0,0.0,0.0
white,white,1.0,0.0,1.0
on the plate,white plate,0.4,0.0,0.4
red,red color,0.6666666666666666,0.0,0.6666666666666666
in the left side,in a white bowl,0.25,0.0,0.25
brown,warm brown,0.6666666666666666,0.0,0.6666666666666666
pecan,pecans,1.0,0.0,1.0
white,white,1.0,0.0,1.0
on top,in the jars,0.0,0.0,0.0
reddish-brown,warm brown,0.5,0.0,0.5
tan,golden brown,0.0,0.0,0.0
overlapping,partially on top,0.0,0.0,0.0
brown,brown,1.0,0.0,1.0
on the cracker,orange and white striped,0.0,0.0,0.0
appetizer,condiment or spread,0.0,0.0,0.0
penne,penne,1.0,0.0,1.0
distributed,base layer,0.0,0.0,0.0
red,not applicable,0.0,0.0,0.0
cilantro,parsley,0.0,0.0,0.0
on top of,on top,0.8,0.6666666666666666,0.8
penne,penne,1.0,0.0,1.0
red-orange,red,0.6666666666666666,0.0,0.6666666666666666
sauteed,sliced into strips,0.0,0.0,0.0
peppers,sausage and red pepper,0.4,0.0,0.4
green,green,1.0,0.0,1.0
peppers,chili peppers,0.6666666666666666,0.0,0.6666666666666666
scattered across,white surface,0.0,0.0,0.0
glistening,roasted and slightly charred,0.0,0.0,0.0
white,white,1.0,0.0,1.0
pesto,green sauce,0.0,0.0,0.0
container,white rectangular container,0.5,0.0,0.5
vibrant,vibrant and rich,0.5,0.0,0.5
textured,smooth and creamy texture,0.4,0.0,0.4
pesto,pesto,1.0,0.0,1.0
fills,sauce or dip,0.0,0.0,0.0
white,white,1.0,0.0,1.0
on top of,around the bowl,0.0,0.0,0.0
chicken,chicken,1.0,0.0,1.0
falling onto,on top of chicken,0.0,0.0,0.0
green,green,1.0,0.0,1.0
scattered,overlapping slightly,0.0,0.0,0.0
pickles,zucchini,0.0,0.0,0.0
glass,glass,1.0,0.0,1.0
full,full,1.0,0.0,1.0
yellow,yellow,1.0,0.0,1.0
sliced,round slices,0.6666666666666666,0.0,0.6666666666666666
yellowish-green,yellow,0.0,0.0,0.0
pickles,dill pickle slices,0.5,0.0,0.5
on the left side,white surface,0.0,0.0,0.0
white,white,1.0,0.0,1.0
clear,clear,1.0,0.0,1.0
pickles,pickles,1.0,0.0,1.0
green,green,1.0,0.0,1.0
in a jar,glass jar,0.4,0.0,0.4
melted,melted and slightly browned,0.4,0.0,0.4
pie,quiche,0.0,0.0,0.0
tan,golden brown,0.0,0.0,0.0
silver,silver,1.0,0.0,1.0
apricot,apples,0.0,0.0,0.0
golden-brown,golden brown,1.0,1.0,1.0
pies,pastry,0.0,0.0,0.0
uneven,flaky and crispy,0.0,0.0,0.0
pie,pie,1.0,0.0,1.0
white,white,1.0,0.0,1.0
green plate,green,0.6666666666666666,0.0,0.6666666666666666
yellow,golden brown,0.0,0.0,0.0
pierogi,pierogies,1.0,0.0,1.0
on the plate,on a plate,0.6666666666666666,0.0,0.6666666666666666
center,middle of plate,0.0,0.0,0.0
white,white,1.0,0.0,1.0
pinkish-red,reddish-brown,0.0,0.0,0.0
on a plate,white rectangular plate,0.3333333333333333,0.0,0.3333333333333333
rice,rice,1.0,0.0,1.0
inside the bowl,in orange and blue bowl,0.25,0.0,0.25
yellow,yellow,1.0,0.0,1.0
scattered,scattered throughout the dish,0.4,0.0,0.4
rice,rice,1.0,0.0,1.0
red,red and green,0.5,0.0,0.5
on the left,throughout the dish,0.3333333333333333,0.0,0.3333333333333333
large,large size,0.6666666666666666,0.0,0.6666666666666666
to the lower left,lower part of image,0.25,0.0,0.25
chocolate,chocolate,1.0,0.0,1.0
brown,deep brown,0.6666666666666666,0.0,0.6666666666666666
on the left,left side,0.4,0.0,0.4
hot,warm or even hot,0.4,0.0,0.4
brown,golden brown,0.6666666666666666,0.0,0.6666666666666666
on top,top of the pinwheels,0.3333333333333333,0.0,0.3333333333333333
bread,pita,0.0,0.0,0.0
brown,light brown,0.6666666666666666,0.0,0.6666666666666666
on the plate,on a plate,0.6666666666666666,0.0,0.6666666666666666
crumbs,crumbs,1.0,0.0,1.0
white,white,1.0,0.0,1.0
bread,naan,0.0,0.0,0.0
red,red,1.0,0.0,1.0
tan,light beige,0.0,0.0,0.0
on a white plate,on a white plate,1.0,1.0,1.0
arranged,circular pattern,0.0,0.0,0.0
pear,pear,1.0,0.0,1.0
on top of,top of the pizza,0.5714285714285715,0.4,0.5714285714285715
silver,silver,1.0,0.0,1.0
pizza,pizza,1.0,0.0,1.0
red,red,1.0,0.0,1.0
beige,light beige,0.6666666666666666,0.0,0.6666666666666666
on a round,round,0.5,0.0,0.5
golden-brown,golden brown,1.0,1.0,1.0
on the left,on a surface,0.3333333333333333,0.0,0.3333333333333333
plum bread,muffins,0.0,0.0,0.0
white,white,1.0,0.0,1.0
tan,golden-brown,0.0,0.0,0.0
cracked,slightly cracked and uneven,0.4,0.0,0.4
on a plate,dark reflective surface,0.0,0.0,0.0
pink,red,0.0,0.0,0.0
plate,white plate,0.6666666666666666,0.0,0.6666666666666666
red,red,1.0,0.0,1.0
parsley,parsley,1.0,0.0,1.0
polenta,mashed potatoes and meat,0.0,0.0,0.0
yellow,yellow,1.0,0.0,1.0
green,green,1.0,0.0,1.0
polenta,creamy potato dish,0.0,0.0,0.0
in the lower center,foreground,0.0,0.0,0.0
roasted,mixed into it,0.0,0.0,0.0
beige,creamy,0.0,0.0,0.0
chicken,chicken,1.0,0.0,1.0
yellow,pale yellow,0.6666666666666666,0.0,0.6666666666666666
cream,creamy yellow,0.0,0.0,0.0
yellow,golden-brown,0.0,0.0,0.0
rice,rice,1.0,0.0,1.0
brown,brown,1.0,0.0,1.0
in light yellow,yellow and white,0.3333333333333333,0.0,0.3333333333333333
interspersed,mixed throughout the rice,0.0,0.0,0.0
rice,rice,1.0,0.0,1.0
red,red,1.0,0.0,1.0
green,green,1.0,0.0,1.0
above the rice,above the rice,1.0,1.0,1.0
pink,pink,1.0,0.0,1.0
cake,cake pop,0.6666666666666666,0.0,0.6666666666666666
colorful,small round and colorful,0.4,0.0,0.4
on a light brown surface,wooden surface,0.28571428571428575,0.0,0.28571428571428575
brown,beige,0.0,0.0,0.0
ice pops,frozen dessert,0.0,0.0,0.0
white,white,1.0,0.0,1.0
on a white plate,white plate,0.6666666666666666,0.5,0.6666666666666666
blurred,blurred and out of focus,0.33333333333333337,0.0,0.33333333333333337
brown,brown,1.0,0.0,1.0
cookies,cookies,1.0,0.0,1.0
on a metal baking sheet,on a metal tray,0.6666666666666665,0.5714285714285715,0.6666666666666665
shiny,browned and slightly crispy,0.0,0.0,0.0
rice,light brown,0.0,0.0,0.0
brown,golden-brown,0.6666666666666666,0.0,0.6666666666666666
stacked on,overlapping manner,0.0,0.0,0.0
pink,pink,1.0,0.0,1.0
bowl,a bowl,0.6666666666666666,0.0,0.6666666666666666
brown,light brown,0.6666666666666666,0.0,0.6666666666666666
almonds,almonds,1.0,0.0,1.0
jar,glass jar,0.6666666666666666,0.0,0.6666666666666666
on the same surface,wooden cutting board,0.0,0.0,0.0
orange,light amber,0.0,0.0,0.0
on the bottom center,wooden surface,0.0,0.0,0.0
green,green,1.0,0.0,1.0
vibrant,orange,0.0,0.0,0.0
sweet potatoes,sweet potatoes,1.0,1.0,1.0
orange,orange,1.0,0.0,1.0
within the bowl,glass bowl,0.4,0.0,0.4
brown,red,0.0,0.0,0.0
apples,peach,0.0,0.0,0.0
white,white,1.0,0.0,1.0
yellow,orange,0.0,0.0,0.0
in a bowl,in a bowl,1.0,1.0,1.0
applesauce,a bowl,0.0,0.0,0.0
blue,blue,1.0,0.0,1.0
red,red,1.0,0.0,1.0
on a surface,on a surface,1.0,1.0,1.0
applesauce,light brown,0.0,0.0,0.0
golden-brown,light brownish-orange,0.0,0.0,0.0
scooped,scooping applesauce,0.6666666666666666,0.0,0.6666666666666666
white,white,1.0,0.0,1.0
in the bowl,white bowl,0.4,0.0,0.4
golden-amber,vibrant orange,0.0,0.0,0.0
jar,glass jar,0.6666666666666666,0.0,0.6666666666666666
yellow,yellow,1.0,0.0,1.0
on the table,wooden surface,0.0,0.0,0.0
white,white,1.0,0.0,1.0
meat,ground beef,0.0,0.0,0.0
carrots,diced carrots,0.6666666666666666,0.0,0.6666666666666666
fried,by frying,0.6666666666666666,0.0,0.6666666666666666
on the plate,left side of plate,0.28571428571428575,0.0,0.28571428571428575
adjacent,right of ground meat,0.0,0.0,0.0
green,green,1.0,0.0,1.0
artichoke,artichoke,1.0,0.0,1.0
white,white,1.0,0.0,1.0
to the right,right of artichokes,0.3333333333333333,0.0,0.3333333333333333
green,green,1.0,0.0,1.0
asparagus,asparagus,1.0,0.0,1.0
arranged,somewhat scattered,0.0,0.0,0.0
green,green,1.0,0.0,1.0
asparagus,asparagus,1.0,0.0,1.0
upwards,upwards,1.0,0.0,1.0
on top of,white plate,0.0,0.0,0.0
green,green,1.0,0.0,1.0
avocado,avocado,1.0,0.0,1.0
white,pale yellow,0.0,0.0,0.0
on its outer skin,green,0.0,0.0,0.0
scattered,top of the egg,0.0,0.0,0.0
green,green,1.0,0.0,1.0
pie,pie,1.0,0.0,1.0
white,white,1.0,0.0,1.0
on top,on top,1.0,1.0,1.0
golden-brown,golden brown,1.0,1.0,1.0
avocado,green vegetables,0.0,0.0,0.0
green,light green,0.6666666666666666,0.0,0.6666666666666666
on a white square plate,white plate,0.5714285714285715,0.0,0.5714285714285715
vary,no,0.0,0.0,0.0
raspberries,fresh berries,0.0,0.0,0.0
scattered,in a small bowl,0.0,0.0,0.0
red,red,1.0,0.0,1.0
on the white cloth,cast iron skillet,0.0,0.0,0.0
glistening,crispy texture,0.0,0.0,0.0
bacon,ham,0.0,0.0,0.0
dark brown,dark brown,1.0,1.0,1.0
separated by,side by side,0.4,0.0,0.4
bacon,rack of ribs,0.0,0.0,0.0
oven,in an oven,0.5,0.0,0.5
on a wire rack,inside the oven,0.0,0.0,0.0
golden-brown,golden brown,1.0,1.0,1.0
bagel bites,mixed berries,0.0,0.0,0.0
blue,bottom half,0.0,0.0,0.0
in the bottom half,one,0.0,0.0,0.0
broken,light blue,0.0,0.0,0.0
golden-brown,golden brown,1.0,1.0,1.0
bagels,bagels,1.0,0.0,1.0
spice,cinnamon sugar coating,0.0,0.0,0.0
on a wire rack,metal cooling rack,0.28571428571428575,0.0,0.28571428571428575
pumpernickel,whole wheat or multigrain,0.0,0.0,0.0
brown,brown,1.0,0.0,1.0
bagels,donut,0.0,0.0,0.0
on a black wire rack,wire cooling rack,0.5,0.0,0.5
white,white,1.0,0.0,1.0
golden-brown,light brown,0.5,0.0,0.5
melted,melted cheddar,0.6666666666666666,0.0,0.6666666666666666
plate,white plate,0.6666666666666666,0.0,0.6666666666666666
sesame,sesame seeds,0.6666666666666666,0.0,0.6666666666666666
on the left,left side,0.4,0.0,0.4
white,white,1.0,0.0,1.0
cheese,cheese,1.0,0.0,1.0
sausage,bits of sausage,0.5,0.0,0.5
brown,brown,1.0,0.0,1.0
within the cheese,throughout the casserole,0.3333333333333333,0.0,0.3333333333333333
beige,light brown,0.0,0.0,0.0
bananas,a banana,0.6666666666666666,0.0,0.6666666666666666
yellow,yellow,1.0,0.0,1.0
to the left of,left side,0.3333333333333333,0.0,0.3333333333333333
brown,dark brown,0.6666666666666666,0.0,0.6666666666666666
chocolate,chocolate chips,0.6666666666666666,0.0,0.6666666666666666
loaves,rectangular,0.0,0.0,0.0
golden-brown,light brown,0.5,0.0,0.5
towards the center,the camera,0.4,0.0,0.4
fries,french fries,0.6666666666666666,0.0,0.6666666666666666
brown,golden brown,0.6666666666666666,0.0,0.6666666666666666
white,white,1.0,0.0,1.0
on a plate,on a plate,1.0,1.0,1.0
bananas,jackfruit,0.0,0.0,0.0
golden-yellow,yellow,0.6666666666666666,0.0,0.6666666666666666
in coconut milk,coconut milk,0.8,0.6666666666666666,0.8
bowl,glass container,0.0,0.0,0.0
golden-brown,golden brown,1.0,1.0,1.0
banana,banana,1.0,0.0,1.0
together,in a pile,0.0,0.0,0.0
tempura,banana tempura,0.6666666666666666,0.0,0.6666666666666666
irregular,irregularly shaped,0.0,0.0,0.0
yellow,yellow,1.0,0.0,1.0
banana,a banana,0.6666666666666666,0.0,0.6666666666666666
white,white,1.0,0.0,1.0
on top of,in a bowl,0.0,0.0,0.0
dark blue,blue,0.6666666666666666,0.0,0.6666666666666666
golden,brown,0.0,0.0,0.0
bars,squares,0.0,0.0,0.0
white,white,1.0,0.0,1.0
reddish-brown,brown,0.6666666666666666,0.0,0.6666666666666666
chicken,grilled chicken,0.6666666666666666,0.0,0.6666666666666666
white,white,1.0,0.0,1.0
on top of,on top,0.8,0.6666666666666666,0.8
green,green,1.0,0.0,1.0
mix,various ingredients,0.0,0.0,0.0
white,white,1.0,0.0,1.0
dispersed,evenly distributed,0.0,0.0,0.0
orange,orange,1.0,0.0,1.0
of beef,beef,0.6666666666666666,0.0,0.6666666666666666
white,white,1.0,0.0,1.0
chicken,chicken,1.0,0.0,1.0
brown,white,0.0,0.0,0.0
green,green,1.0,0.0,1.0
at the bottom,bottom of a bowl,0.28571428571428575,0.0,0.28571428571428575
overlapping,side by side,0.0,0.0,0.0
Sea Bass,salmon or tilapia,0.0,0.0,0.0
white,white,1.0,0.0,1.0
on the left side,left side,0.6666666666666666,0.5,0.6666666666666666
green,green,1.0,0.0,1.0
yellowish,light off-white,0.0,0.0,0.0
scattered,sprinkled randomly,0.0,0.0,0.0
sea bass,type of fish,0.0,0.0,0.0
on the rack,wire cooling rack,0.3333333333333333,0.0,0.3333333333333333
green,green,1.0,0.0,1.0
smooth,yes,0.0,0.0,0.0
batter,yes,0.0,0.0,0.0
brown,no,0.0,0.0,0.0
on top,yes,0.0,0.0,0.0
yes,yes,1.0,0.0,1.0
tangy,sweet and tangy,0.5,0.0,0.5
beef,beef,1.0,0.0,1.0
tan,light brown,0.0,0.0,0.0
orange,reddish-orange,0.6666666666666666,0.0,0.6666666666666666
shredded,shredded or pulled,0.5,0.0,0.5
meat,pulled pork,0.0,0.0,0.0
coating,orange-brown,0.0,0.0,0.0
yellowish,light brown,0.0,0.0,0.0
chicken,chicken,1.0,0.0,1.0
reddish-brown,brown,0.6666666666666666,0.0,0.6666666666666666
ribs,ribs,1.0,0.0,1.0
grill,on a grill,0.5,0.0,0.5
unevenly,unevenly,1.0,0.0,1.0
on the top,surface of the meat,0.28571428571428575,0.0,0.28571428571428575
tasty,cooked and coated,0.0,0.0,0.0
pan,steaming,0.0,0.0,0.0
green,green,1.0,0.0,1.0
green beans,green beans,1.0,1.0,1.0
in the center,in the pan,0.6666666666666666,0.5,0.6666666666666666
reddish-brown,brownish-red,0.0,0.0,0.0
orange,orange,1.0,0.0,1.0
with other ingredients,diced tomatoes,0.0,0.0,0.0
plate,decorative plate,0.6666666666666666,0.0,0.6666666666666666
green,green,1.0,0.0,1.0
beans,green beans,0.6666666666666666,0.0,0.6666666666666666
tangled,spread out casually,0.0,0.0,0.0
yes,yes,1.0,0.0,1.0
in the bottom center,on the plate,0.28571428571428575,0.0,0.28571428571428575
glossy,glossy and shiny,0.5,0.0,0.5
beans,green beans,0.6666666666666666,0.0,0.6666666666666666
peppered,oil,0.0,0.0,0.0
overlapping,haphazardly overlapping each other,0.4,0.0,0.4
throughout the entire image frame,in the image,0.5,0.0,0.5
tan,brown,0.0,0.0,0.0
bowl,a bowl,0.6666666666666666,0.0,0.6666666666666666
fill,entire bowl,0.0,0.0,0.0
brown,brown,1.0,0.0,1.0
in the broth,in the broth,1.0,1.0,1.0
sliced,sliced and cooked,0.5,0.0,0.5
beef,ground beef,0.6666666666666666,0.0,0.6666666666666666
brown,brown,1.0,0.0,1.0
with peppers,various vegetables,0.0,0.0,0.0
slow,roasted or grilled,0.0,0.0,0.0
reddish-brown,brown,0.6666666666666666,0.0,0.6666666666666666
meat,roast beef,0.0,0.0,0.0
in the upper-right portion,center of the plate,0.22222222222222224,0.0,0.22222222222222224
brown,brown,1.0,0.0,1.0
white,white,1.0,0.0,1.0
at the top,topmost part of glass,0.0,0.0,0.0
glasses,glasses,1.0,0.0,1.0
amber,light amber,0.6666666666666666,0.0,0.6666666666666666
surface,on the table,0.0,0.0,0.0
red,red,1.0,0.0,1.0
beets,roasted vegetables,0.0,0.0,0.0
green,green,1.0,0.0,1.0
yellow,golden brown,0.0,0.0,0.0
cake,blueberry coffee cake,0.5,0.0,0.5
on a clear glass,glass plate,0.3333333333333333,0.0,0.3333333333333333
yellow,golden-brown,0.0,0.0,0.0
biscuits,biscuits,1.0,0.0,1.0
clustered,in a basket,0.0,0.0,0.0
baked,rustic homemade style,0.0,0.0,0.0
golden-brown,golden brown,1.0,1.0,1.0
pale,off-white,0.0,0.0,0.0
cream,light beige,0.0,0.0,0.0
on a wire rack,wooden surface,0.0,0.0,0.0
beige,golden brown,0.0,0.0,0.0
biscuits,biscuits or scones,0.5,0.0,0.5
orange,orange,1.0,0.0,1.0
across the image,white surface,0.0,0.0,0.0
flaky,flaky and golden brown,0.4,0.0,0.4
light-colored,white,0.0,0.0,0.0
blondies,pancakes,0.0,0.0,0.0
brown,light brown,0.6666666666666666,0.0,0.6666666666666666
on top,top of blondies,0.4,0.0,0.4
drizzle,caramel drizzle,0.6666666666666666,0.0,0.6666666666666666
purple,deep purple,0.6666666666666666,0.0,0.6666666666666666
blueberries,blueberries,1.0,0.0,1.0
pink,pink,1.0,0.0,1.0
bowl,white bowl,0.6666666666666666,0.0,0.6666666666666666
under the bowl,on a white plate,0.0,0.0,0.0
golden-brown,brown,0.6666666666666666,0.0,0.6666666666666666
reddish-brown,deep red,0.0,0.0,0.0
covering,covering the pasta,0.5,0.0,0.5
plate,a plate,0.6666666666666666,0.0,0.6666666666666666
yellow,beige,0.0,0.0,0.0
in the center,on top,0.0,0.0,0.0
green,green,1.0,0.0,1.0
spinach,avocado,0.0,0.0,0.0
avocado,vibrant green,0.0,0.0,0.0
closer to,center and slightly left,0.0,0.0,0.0
tan,brown,0.0,0.0,0.0
rice,rice,1.0,0.0,1.0
on the left side,left side,0.6666666666666666,0.5,0.6666666666666666
green,green,1.0,0.0,1.0
reddish-brown,brown,0.6666666666666666,0.0,0.6666666666666666
brats,pork sausage,0.0,0.0,0.0
green,green,1.0,0.0,1.0
draped over,top of sausages,0.0,0.0,0.0
liquid,white surface,0.0,0.0,0.0
walnuts,nuts,0.0,0.0,0.0
speckled,dense and moist,0.0,0.0,0.0
on top,top of the bread,0.3333333333333333,0.0,0.3333333333333333
white,light,0.0,0.0,0.0
loaf,loaf form,0.6666666666666666,0.0,0.6666666666666666
tan,brown,0.0,0.0,0.0
overlapping,fan-like pattern,0.0,0.0,0.0
on the board,on a wooden board,0.5714285714285715,0.0,0.5714285714285715
white,white,1.0,0.0,1.0
golden-brown,light brown,0.5,0.0,0.5
stacked,stacked manner,0.6666666666666666,0.0,0.6666666666666666
beige,golden-brown,0.0,0.0,0.0
bread,loaf of bread,0.5,0.0,0.5
creamy,light beige,0.0,0.0,0.0
on a wire rack,wire cooling rack,0.5714285714285715,0.0,0.5714285714285715
bright,white,0.0,0.0,0.0
orange,orange,1.0,0.0,1.0
around the eggs,throughout the dish,0.3333333333333333,0.0,0.3333333333333333
brown,dark brown,0.6666666666666666,0.0,0.6666666666666666
beef brisket,beef,0.6666666666666666,0.0,0.6666666666666666
green,green,1.0,0.0,1.0
gravy,gravy,1.0,0.0,1.0
on the plate,right side,0.0,0.0,0.0
golden-brown,golden brown,1.0,1.0,1.0
within,throughout the brittle,0.0,0.0,0.0
brown,brown,1.0,0.0,1.0
beef,beef,1.0,0.0,1.0
green,green,1.0,0.0,1.0
on a plate,on a plate,1.0,1.0,1.0
rice,white rice,0.6666666666666666,0.0,0.6666666666666666
broccoli,broccoli,1.0,0.0,1.0
green,green,1.0,0.0,1.0
red,red,1.0,0.0,1.0
cooked,steamed,0.0,0.0,0.0
on a plate,on a plate,1.0,1.0,1.0
broth,broth or stock,0.5,0.0,0.5
green,green,1.0,0.0,1.0
within the broth,in a large pot,0.0,0.0,0.0
square,rectangular,0.0,0.0,0.0
brown,dark,0.0,0.0,0.0
on top,on top of dessert,0.6666666666666666,0.5,0.6666666666666666
green,green,1.0,0.0,1.0
brown,brown,1.0,0.0,1.0
shiny,slightly cracked,0.0,0.0,0.0
pecans,pecans,1.0,0.0,1.0
brown,dark brown,0.6666666666666666,0.0,0.6666666666666666
brownies,stack of brownies,0.5,0.0,0.5
cracked,fudgy,0.0,0.0,0.0
walnuts,nuts,0.0,0.0,0.0
on top of,on top,0.8,0.6666666666666666,0.8
dark-brown,dark,0.6666666666666666,0.0,0.6666666666666666
arranged,on a white plate,0.0,0.0,0.0
brownies,brownies,1.0,0.0,1.0
within the chocolate,within the brownies,0.6666666666666666,0.5,0.6666666666666666
white,white,1.0,0.0,1.0
bruschetta,bruschetta,1.0,0.0,1.0
red,red,1.0,0.0,1.0
on the center,white plate,0.0,0.0,0.0
toasted,toasted bread,0.6666666666666666,0.0,0.6666666666666666
melted,melted,1.0,0.0,1.0
black,black,1.0,0.0,1.0
red,red,1.0,0.0,1.0
on top,top of the pizza,0.3333333333333333,0.0,0.3333333333333333
reddish-brown,reddish-brown,1.0,1.0,1.0
beef,raw fish,0.0,0.0,0.0
glistening,raw and thinly sliced,0.0,0.0,0.0
on top of,throughout the image,0.0,0.0,0.0
orange,orange,1.0,0.0,1.0
one-third,two-thirds or more,0.3333333333333333,0.0,0.3333333333333333
burgers,meatballs,0.0,0.0,0.0
brownish-tan,brown,0.0,0.0,0.0
of the burgers,meat dish,0.0,0.0,0.0
green,green,1.0,0.0,1.0
white,white,1.0,0.0,1.0
melted,melted and browned,0.5,0.0,0.5
orange,golden yellow,0.0,0.0,0.0
in the dish,in a dish,0.6666666666666666,0.0,0.6666666666666666
layers,rectangular baking dish,0.0,0.0,0.0
vegan,no,0.0,0.0,0.0
burritos,a burrito,0.6666666666666666,0.0,0.6666666666666666
tan,white,0.0,0.0,0.0
on top,on a plate,0.4,0.0,0.4
sweet,savory,0.0,0.0,0.0
burritos,quesadillas,0.0,0.0,0.0
black,black,1.0,0.0,1.0
on a black plate,black plate,0.6666666666666666,0.5,0.6666666666666666
orange,orange,1.0,0.0,1.0
white,white,1.0,0.0,1.0
cupcake,a cupcake,0.6666666666666666,0.0,0.6666666666666666
light blue,blue,0.6666666666666666,0.0,0.6666666666666666
on top of,top of the cupcake,0.5714285714285715,0.4,0.5714285714285715
rectangular,rectangular,1.0,0.0,1.0
cake,birthday cake,0.6666666666666666,0.0,0.6666666666666666
blue,blue,1.0,0.0,1.0
caramel,not specified in image,0.0,0.0,0.0
around the perimeter,around the edges,0.6666666666666666,0.5,0.6666666666666666
shredded,shredded or finely chopped,0.4,0.0,0.4
cabbage,red cabbage,0.6666666666666666,0.0,0.6666666666666666
on the top-right,in a bowl,0.0,0.0,0.0
white,white,1.0,0.0,1.0
pinkish-red,pinkish-red,1.0,1.0,1.0
white,white,1.0,0.0,1.0
bowl,round in shape,0.0,0.0,0.0
breadcrumbs,breadcrumbs or similar topping,0.4,0.0,0.4
golden,golden brown,0.6666666666666666,0.0,0.6666666666666666
shredded,crisp and fresh,0.0,0.0,0.0
green-cabbage,napa or chinese cabbage,0.3333333333333333,0.0,0.3333333333333333
white,white,1.0,0.0,1.0
orange,orange,1.0,0.0,1.0
within the salad,in the salad,0.6666666666666666,0.5,0.6666666666666666
reddish-orange,orange,0.6666666666666666,0.0,0.6666666666666666
cabbage,cabbage,1.0,0.0,1.0
yellowish-green,yellowish-green,1.0,1.0,1.0
beans,black beans,0.6666666666666666,0.0,0.6666666666666666
in the center,center of the image,0.5714285714285715,0.0,0.28571428571428575
cabbage,cabbage,1.0,0.0,1.0
brown,black,0.0,0.0,0.0
on top of the plate,top of the carrots,0.6666666666666665,0.5714285714285715,0.6666666666666665
orange,orange,1.0,0.0,1.0
Evenly-distributed ,arranged randomly,0.0,0.0,0.0
floating in,throughout the soup,0.0,0.0,0.0
red,red,1.0,0.0,1.0
orange,orange,1.0,0.0,1.0
light-brown,light brown,1.0,1.0,1.0
chicken,chicken,1.0,0.0,1.0
red,red,1.0,0.0,1.0
on the right side,right side,0.6666666666666666,0.5,0.6666666666666666
spaghetti,spaghetti,1.0,0.0,1.0
reddish-brown,red,0.0,0.0,0.0
chicken,meatloaf,0.0,0.0,0.0
light-yellow,light beige,0.5,0.0,0.5
in the center,on top,0.0,0.0,0.0
light,light tan,0.6666666666666666,0.0,0.6666666666666666
chicken,chicken,1.0,0.0,1.0
red,red,1.0,0.0,1.0
cheese,grated cheese,0.6666666666666666,0.0,0.6666666666666666
golden,golden brown,0.6666666666666666,0.0,0.6666666666666666
calamari,calamari,1.0,0.0,1.0
arranging,scattered manner,0.0,0.0,0.0
white,white,1.0,0.0,1.0
on the plate,center of a plate,0.28571428571428575,0.0,0.28571428571428575
yellow,yellow,1.0,0.0,1.0
bowl,a bowl,0.6666666666666666,0.0,0.6666666666666666
brown,light yellow,0.0,0.0,0.0
on top of,on top,0.8,0.6666666666666666,0.8
yellow,yellow,1.0,0.0,1.0
plate,white plate,0.6666666666666666,0.0,0.6666666666666666
beef,beef,1.0,0.0,1.0
brown,dark brown,0.6666666666666666,0.0,0.6666666666666666
in broth,yellowish-orange sauce,0.0,0.0,0.0
yellow,light yellow,0.6666666666666666,0.0,0.6666666666666666
chocolate,chocolate,1.0,0.0,1.0
candy,confectionery or dessert,0.0,0.0,0.0
brown,brown,1.0,0.0,1.0
right of orange ribbon,behind the candy,0.0,0.0,0.0
brown,brown,1.0,0.0,1.0
sugar,nuts,0.0,0.0,0.0
white,white,1.0,0.0,1.0
to the left,left side,0.4,0.0,0.4
brownish-red,brown,0.0,0.0,0.0
meat,roasted meat,0.6666666666666666,0.0,0.6666666666666666
dark brown,dark brown,1.0,1.0,1.0
charred,well-seared and caramelized,0.0,0.0,0.0
vegetables,utensils,0.0,0.0,0.0
hard,crystalline and slightly rough,0.0,0.0,0.0
candy,candied orange peel,0.5,0.0,0.5
orange,orange,1.0,0.0,1.0
coated,covered in white powder,0.0,0.0,0.0
throughout,scattered randomly,0.0,0.0,0.0
green,green,1.0,0.0,1.0
candy,gummy bears,0.0,0.0,0.0
reddish-brown,red,0.0,0.0,0.0
center,on a plate,0.0,0.0,0.0
on the plate,on a plate,0.6666666666666666,0.0,0.6666666666666666
red,deep red,0.6666666666666666,0.0,0.6666666666666666
poured,pouring,1.0,0.0,1.0
candy,not clear,0.0,0.0,0.0
translucent,translucent,1.0,0.0,1.0
on a piece,not visible,0.0,0.0,0.0
yellow,yellowish,0.0,0.0,0.0
center of the image,not in image,0.28571428571428575,0.0,0.28571428571428575
fluffy and toasted,golden brown,0.0,0.0,0.0
meringue,meringue,1.0,0.0,1.0
silver,golden brown,0.0,0.0,0.0
light-green,yellow,0.0,0.0,0.0
pasta,pasta dish,0.6666666666666666,0.0,0.6666666666666666
black,black,1.0,0.0,1.0
in a creamy sauce,creamy yellowish sauce,0.5714285714285715,0.0,0.5714285714285715
silver,black,0.0,0.0,0.0
brown,light brown,0.6666666666666666,0.0,0.6666666666666666
meat,soup or stew,0.0,0.0,0.0
bubbling,simmering,0.0,0.0,0.0
yellow-brown,brownish,0.0,0.0,0.0
orange,orange,1.0,0.0,1.0
carrots,carrots,1.0,0.0,1.0
white,white,1.0,0.0,1.0
orange,orange,1.0,0.0,1.0
carrots,carrots,1.0,0.0,1.0
glistening,golden-brown,0.0,0.0,0.0
in the center,scattered manner,0.0,0.0,0.0
green,green,1.0,0.0,1.0
yellowish,yellow,0.0,0.0,0.0
rice,carrots,0.0,0.0,0.0
orange,orange,1.0,0.0,1.0
green,green,1.0,0.0,1.0
cashews,cashew nuts,0.6666666666666666,0.0,0.6666666666666666
tan,golden brown,0.0,0.0,0.0
Piled randomly,arranged randomly,0.5,0.0,0.5
on a purple surface,on a surface,0.8571428571428571,0.4,0.8571428571428571
triangular,rectangular,0.0,0.0,0.0
casserole,glass dish,0.0,0.0,0.0
green,green,1.0,0.0,1.0
with cheese,cheese,0.6666666666666666,0.0,0.6666666666666666
egg,egg mixture,0.6666666666666666,0.0,0.6666666666666666
beige,golden-brown,0.0,0.0,0.0
catfish,chicken,0.0,0.0,0.0
reddish-orange,red,0.0,0.0,0.0
in the upper-center,on top,0.0,0.0,0.0
fried,curing and cooking,0.0,0.0,0.0
golden-brown,golden-brown,1.0,1.0,1.0
catfish,cannot be determined,0.0,0.0,0.0
center,on a plate,0.0,0.0,0.0
green,green,1.0,0.0,1.0
on the foreground,on a plate,0.3333333333333333,0.0,0.3333333333333333
fills,fills it completely,0.5,0.0,0.5
cauliflower,potatoes,0.0,0.0,0.0
blue,blue,1.0,0.0,1.0
yellow,white,0.0,0.0,0.0
creamy,creamy,1.0,0.0,1.0
mac-n-cheese,macaroni and cheese,0.3333333333333333,0.0,0.3333333333333333
white,white,1.0,0.0,1.0
orange-yellow,yellow,0.6666666666666666,0.0,0.6666666666666666
off-white,white,0.6666666666666666,0.0,0.6666666666666666
cauliflower,cauliflower,1.0,0.0,1.0
green,green,1.0,0.0,1.0
broccoli,broccoli,1.0,0.0,1.0
broccoli,broccoli,1.0,0.0,1.0
glass jars,glass,0.6666666666666666,0.0,0.6666666666666666
white,white,1.0,0.0,1.0
orange,orange,1.0,0.0,1.0
on the countertop,countertop,0.5,0.0,0.5
golden-brown,golden brown,1.0,1.0,1.0
bread,challah,0.0,0.0,0.0
on the cutting board,cutting board,0.6666666666666666,0.5,0.6666666666666666
yellow,golden-brown,0.0,0.0,0.0
dark green,green,0.6666666666666666,0.0,0.6666666666666666
chard,spinach,0.0,0.0,0.0
garlic,onions,0.0,0.0,0.0
white,white,1.0,0.0,1.0
in a bowl,in a bowl,1.0,1.0,1.0
rainbow,green and red,0.0,0.0,0.0
chard,swiss chard,0.6666666666666666,0.0,0.6666666666666666
green,green,1.0,0.0,1.0
in a bowl,on a cloth,0.3333333333333333,0.0,0.3333333333333333
vegetables,pomegranate seeds,0.0,0.0,0.0
cheeseburger,cheeseburger,1.0,0.0,1.0
yellow,yellow,1.0,0.0,1.0
golden-brown,light beige,0.0,0.0,0.0
pickle,a pickle,0.6666666666666666,0.0,0.6666666666666666
on a white plate,on a white plate,1.0,1.0,1.0
tan,light brown,0.0,0.0,0.0
burger,sandwich,0.0,0.0,0.0
orange,orange,1.0,0.0,1.0
located to the left,left side,0.3333333333333333,0.0,0.3333333333333333
beige,white,0.0,0.0,0.0
filling,resting inside,0.0,0.0,0.0
right side of the image,center of round pan,0.22222222222222224,0.0,0.22222222222222224
silver,gray,0.0,0.0,0.0
golden-brown,golden brown,1.0,1.0,1.0
cheesecake,cheesecake,1.0,0.0,1.0
white,white,1.0,0.0,1.0
sprinkled,cocoa powder,0.0,0.0,0.0
white,golden brown,0.0,0.0,0.0
cheesecake,berry tart,0.0,0.0,0.0
blue,blue,1.0,0.0,1.0
on the plate,on a plate,0.6666666666666666,0.0,0.6666666666666666
syrup,caramel sauce,0.0,0.0,0.0
red,red,1.0,0.0,1.0
jar,glass jar,0.6666666666666666,0.0,0.6666666666666666
on top of,top of the dessert,0.5714285714285715,0.4,0.5714285714285715
dark-brown,brown,0.6666666666666666,0.0,0.6666666666666666
cheesecake,chocolate cake,0.0,0.0,0.0
glaze,smooth and creamy,0.0,0.0,0.0
strawberries,strawberry,1.0,0.0,1.0
on top of,top,0.5,0.0,0.5
creamy,creamy and smooth,0.5,0.0,0.5
cherries,strawberry,0.0,0.0,0.0
fills,served in the bowl,0.0,0.0,0.0
purple,red,0.0,0.0,0.0
throughout the bowl,throughout the pink mixture,0.5714285714285715,0.4,0.5714285714285715
red,red,1.0,0.0,1.0
cherries,cherry,1.0,0.0,1.0
brown,brown,1.0,0.0,1.0
on the left,top left corner,0.3333333333333333,0.0,0.3333333333333333
orange,orange,1.0,0.0,1.0
browned,brownish-orange,0.0,0.0,0.0
chicken,chicken,1.0,0.0,1.0
on top of the plate,on top of rice,0.6666666666666665,0.5714285714285715,0.6666666666666665
parsley,parsley,1.0,0.0,1.0
golden,brown,0.0,0.0,0.0
brown,golden brown,0.6666666666666666,0.0,0.6666666666666666
reddish-brown sauce,reddish-brown,0.8,0.6666666666666666,0.8
on and around the chicken,in the pan,0.25,0.0,0.25
yellow,yellow,1.0,0.0,1.0
red,red,1.0,0.0,1.0
sprinkled on top,on the plate,0.3333333333333333,0.0,0.3333333333333333
fork,a fork,0.6666666666666666,0.0,0.6666666666666666
crispy,crispy,1.0,0.0,1.0
large,medium-sized,0.0,0.0,0.0
chili,ground meat,0.0,0.0,0.0
red,orange,0.0,0.0,0.0
in a pot,in a pot,1.0,1.0,1.0
sausage,beef pork chicken,0.0,0.0,0.0
green,green,1.0,0.0,1.0
bowl,bowl,1.0,0.0,1.0
in the bowl,in a bowl,0.6666666666666666,0.0,0.6666666666666666
green,copper-colored,0.0,0.0,0.0
dip in,inside the bowl,0.0,0.0,0.0
scattered,haphazardly,0.0,0.0,0.0
chips,seaweed,0.0,0.0,0.0
green,green,1.0,0.0,1.0
golden-yellow,greenish hue,0.0,0.0,0.0
towards the central region,center and lower parts,0.0,0.0,0.0
swirled,marbled pattern,0.0,0.0,0.0
tan,white and dark brown,0.0,0.0,0.0
many,36 pieces of chocolate,0.0,0.0,0.0
rectangular,square shapes,0.0,0.0,0.0
in clear plastic,plastic,0.5,0.0,0.5
dessert,glass baking dish,0.0,0.0,0.0
clear,rectangular clear container,0.5,0.0,0.5
raspberries,red berries,0.0,0.0,0.0
scattered,scattered around,0.6666666666666666,0.0,0.6666666666666666
on a metallic surface,metal surface,0.6666666666666666,0.5,0.6666666666666666
chocolate,rich brown,0.0,0.0,0.0
brown,golden brown,0.6666666666666666,0.0,0.6666666666666666
golden-brown,white,0.0,0.0,0.0
on top of,inside the puff pastries,0.0,0.0,0.0
creamy,creamy and smooth,0.5,0.0,0.5
cake,chocolate cake,0.6666666666666666,0.0,0.6666666666666666
brown,brown,1.0,0.0,1.0
on top,on top of cream,0.6666666666666666,0.5,0.6666666666666666
chocolate,oreo cookies,0.0,0.0,0.0
drizzled,drizzling over,0.6666666666666666,0.0,0.6666666666666666
brown,brown,1.0,0.0,1.0
ice cream,ice cream,1.0,1.0,1.0
white,white,1.0,0.0,1.0
at the bottom,bottom of the bowl,0.5714285714285715,0.0,0.28571428571428575
yellow,light beige,0.0,0.0,0.0
bowl,ceramic bowl,0.6666666666666666,0.0,0.6666666666666666
dispersed,sprinkled throughout creamy soup,0.0,0.0,0.0
carrots,carrot,1.0,0.0,1.0
on the surface,center of bowl,0.0,0.0,0.0
corn,corn,1.0,0.0,1.0
brown,brown,1.0,0.0,1.0
yellow,yellow,1.0,0.0,1.0
across the surface,across the top,0.6666666666666666,0.5,0.6666666666666666
red,red,1.0,0.0,1.0
bowl,white bowl,0.6666666666666666,0.0,0.6666666666666666
center of the bowl,white bowl,0.3333333333333333,0.0,0.3333333333333333
fills,completely,0.0,0.0,0.0
pulpy,thick and chunky,0.0,0.0,0.0
jar,a jar,0.6666666666666666,0.0,0.6666666666666666
brownish-yellow,brown,0.0,0.0,0.0
with the chutney,rhubarb chutney,0.4,0.0,0.4
label,rhubarb chutney,0.0,0.0,0.0
red,red,1.0,0.0,1.0
apple,apples,1.0,0.0,1.0
slices,water,0.0,0.0,0.0
green,green,1.0,0.0,1.0
in a clear liquid,bottom left and right,0.0,0.0,0.0
white,white,1.0,0.0,1.0
bowl,a bowl,0.6666666666666666,0.0,0.6666666666666666
brown,brown,1.0,0.0,1.0
in the center,center of a bowl,0.28571428571428575,0.0,0.28571428571428575
off-white,white,0.6666666666666666,0.0,0.6666666666666666
chowder,chowder,1.0,0.0,1.0
sits on,on a plate,0.4,0.0,0.4
circle,crusty golden-brown dough,0.0,0.0,0.0
herbs,fresh cilantro,0.0,0.0,0.0
white,white,1.0,0.0,1.0
clams,clams,1.0,0.0,1.0
brown,brown,1.0,0.0,1.0
in a bowl,in a bowl,1.0,1.0,1.0
green,green,1.0,0.0,1.0
golden-brown,golden brown,1.0,1.0,1.0
pumpkin,apples,0.0,0.0,0.0
white,white,1.0,0.0,1.0
on the plate,white plate,0.4,0.0,0.4
crumbly,crumbly and moist,0.5,0.0,0.5
golden-brown,golden brown,1.0,1.0,1.0
cobbler,baked dessert,0.0,0.0,0.0
yellow,light golden brown,0.0,0.0,0.0
with variations,baking process,0.0,0.0,0.0
baking,baked,1.0,0.0,1.0
homemade,likely to be homemade,0.4,0.0,0.4
jars,mason jars,0.6666666666666666,0.0,0.6666666666666666
yes,yes,1.0,0.0,1.0
vegetable,orange juice,0.0,0.0,0.0
yes,no,0.0,0.0,0.0
Cocktail,a cocktail,0.6666666666666666,0.0,0.6666666666666666
float,add visual appeal,0.0,0.0,0.0
clear,clear,1.0,0.0,1.0
glass,martini glass,0.6666666666666666,0.0,0.6666666666666666
in a slight curve,on a skewer,0.28571428571428575,0.0,0.28571428571428575
clear,clear,1.0,0.0,1.0
glass,highball glass,0.6666666666666666,0.0,0.6666666666666666
white,white,1.0,0.0,1.0
yellow,yellow,1.0,0.0,1.0
on top of,on the rim,0.3333333333333333,0.0,0.3333333333333333
turquoise-blue,blue,0.6666666666666666,0.0,0.6666666666666666
jar,mason jar,0.6666666666666666,0.0,0.6666666666666666
red,red,1.0,0.0,1.0
on the rim,in a glass,0.0,0.0,0.0
shark,shark and coral,0.5,0.0,0.5
garnished,garnish for cocktails,0.5,0.0,0.5
orange,orange,1.0,0.0,1.0
yellow-orange,orange,0.6666666666666666,0.0,0.6666666666666666
Monkey Gland,mimosa,0.0,0.0,0.0
on the surface,top of drinks,0.0,0.0,0.0
yes,yes,1.0,0.0,1.0
cocoa,yes,0.0,0.0,0.0
no,yes,0.0,0.0,0.0
yes,yes,1.0,0.0,1.0
on the upper left,yes,0.0,0.0,0.0
spiced,sweet and nutty,0.0,0.0,0.0
chocolate-brown,light color,0.0,0.0,0.0
two,two,1.0,0.0,1.0
on top of,directly above,0.0,0.0,0.0
golden-brown,light brown,0.5,0.0,0.5
cod,salmon,0.0,0.0,0.0
resting,resting on top,0.5,0.0,0.5
on top of,on top,0.8,0.6666666666666666,0.8
glass,glass,1.0,0.0,1.0
green,green,1.0,0.0,1.0
green,green,1.0,0.0,1.0
on the rim,on the rim,1.0,1.0,1.0
vibrant red,vibrant red,1.0,1.0,1.0
light,light brown,0.6666666666666666,0.0,0.6666666666666666
mug,a mug,0.6666666666666666,0.0,0.6666666666666666
red,red,1.0,0.0,1.0
across a light brown surface,around the red mug,0.0,0.0,0.0
coffe beans,coffee beans,0.5,0.0,0.5
clear,clear,1.0,0.0,1.0
coffee,latte,0.0,0.0,0.0
brown,light tan,0.0,0.0,0.0
straw,iced coffee,0.0,0.0,0.0
white,white,1.0,0.0,1.0
coffee,irish coffee,0.6666666666666666,0.0,0.6666666666666666
glass,clear transparent material,0.0,0.0,0.0
whipped cream,whipped cream,1.0,1.0,1.0
on the rim,whipped cream topping,0.0,0.0,0.0
at the center,foreground of the image,0.28571428571428575,0.0,0.28571428571428575
sausages,a fork,0.0,0.0,0.0
brown with a slight char,reddish-brown,0.28571428571428575,0.0,0.28571428571428575
white,white,1.0,0.0,1.0
filling,being prepared,0.0,0.0,0.0
white,white,1.0,0.0,1.0
bowl,white bowl,0.6666666666666666,0.0,0.6666666666666666
green,bright vibrant green,0.5,0.0,0.5
pink,pinkish-red,0.0,0.0,0.0
multicolored,yellow and green,0.0,0.0,0.0
creamy,creamy,1.0,0.0,1.0
coleslaw,coleslaw,1.0,0.0,1.0
orange,orange,1.0,0.0,1.0
in the left,left side,0.4,0.0,0.4
onion,red onion,0.6666666666666666,0.0,0.6666666666666666
green,green,1.0,0.0,1.0
bowl,glass bowl,0.6666666666666666,0.0,0.6666666666666666
orange,orange,1.0,0.0,1.0
creamy,light and slightly glossy,0.0,0.0,0.0
in a glass bowl,glass bowl,0.6666666666666666,0.5,0.6666666666666666
red-purple,rich red,0.5,0.0,0.5
in the bowl,in a bowl,0.6666666666666666,0.0,0.6666666666666666
wooden board,wooden cutting board,0.8,0.0,0.8
Cutting and serving,hold the bowl,0.0,0.0,0.0
to the right of,lower right corner,0.28571428571428575,0.0,0.28571428571428575
yes,yes,1.0,0.0,1.0
cookie,chocolate cake,0.0,0.0,0.0
brown,dark brown,0.6666666666666666,0.0,0.6666666666666666
on the pan,on a stove,0.3333333333333333,0.0,0.3333333333333333
clear,clear,1.0,0.0,1.0
jar,glass jar,0.6666666666666666,0.0,0.6666666666666666
brown,dark brown,0.6666666666666666,0.0,0.6666666666666666
with red ribbon,checkered ribbon,0.4,0.0,0.4
bright,clear,0.0,0.0,0.0
on the colorful surface,on a striped cloth,0.25,0.0,0.25
orange juice,yellow smoothie,0.0,0.0,0.0
into the cooler,lid of the cup,0.28571428571428575,0.0,0.28571428571428575
yellow,yellow,1.0,0.0,1.0
yes,yes,1.0,0.0,1.0
across the majority of,on the plate,0.28571428571428575,0.0,0.28571428571428575
melted and browned cheese,crumbled feta cheese,0.28571428571428575,0.0,0.28571428571428575
brownish-orange,golden-brown,0.0,0.0,0.0
light,golden brown,0.0,0.0,0.0
golden-brown,light brown,0.5,0.0,0.5
glass,ceramic,0.0,0.0,0.0
on the top-left,left of first bowl,0.25,0.0,0.25
yellow,yellow,1.0,0.0,1.0
corn,corn,1.0,0.0,1.0
mixed,chopping or dicing,0.0,0.0,0.0
red,red,1.0,0.0,1.0
brown,dark brown to black,0.4,0.0,0.4
beans,bean and vegetable mix,0.4,0.0,0.4
red,red,1.0,0.0,1.0
on the right,in the bowl,0.3333333333333333,0.0,0.3333333333333333
white,white,1.0,0.0,1.0
scattered,evenly distributed,0.0,0.0,0.0
yellow,yellow,1.0,0.0,1.0
in a bowl,mixed in with corn,0.28571428571428575,0.0,0.28571428571428575
in a bowl,bottom of the bowl,0.28571428571428575,0.0,0.28571428571428575
golden-yellow,golden brown,0.5,0.0,0.5
cornbread,cornbread,1.0,0.0,1.0
black,black,1.0,0.0,1.0
coarse,dense and moist,0.0,0.0,0.0
golden,golden brown,0.6666666666666666,0.0,0.6666666666666666
cornbread,cornbread,1.0,0.0,1.0
white,white,1.0,0.0,1.0
on a plate,either side,0.0,0.0,0.0
cornbread,herbs,0.0,0.0,0.0
cornbread,cornbread,1.0,0.0,1.0
green,green,1.0,0.0,1.0
on the top-left,background left,0.3333333333333333,0.0,0.3333333333333333
cottage cheese,cottage cheese,1.0,1.0,1.0
white,white,1.0,0.0,1.0
yellow,yellow,1.0,0.0,1.0
around the cottage cheese,around,0.4,0.0,0.4
chicken,chicken,1.0,0.0,1.0
on the pan,in a pan,0.3333333333333333,0.0,0.3333333333333333
spinach,spinach,1.0,0.0,1.0
white,white,1.0,0.0,1.0
in the foreground,on top,0.0,0.0,0.0
yellow,light beige,0.0,0.0,0.0
couscous,couscous,1.0,0.0,1.0
white,white,1.0,0.0,1.0
green,green,1.0,0.0,1.0
on top of,on top of rice,0.8571428571428571,0.8,0.8571428571428571
tan,light beige,0.0,0.0,0.0
filling,rice-based dish,0.0,0.0,0.0
couscous,rice,0.0,0.0,0.0
white,white,1.0,0.0,1.0
creamy,creamy,1.0,0.0,1.0
tan,golden-brown,0.0,0.0,0.0
couscous,rice,0.0,0.0,0.0
red,red,1.0,0.0,1.0
green,reddish-brown,0.0,0.0,0.0
within the pot,metal bowl,0.0,0.0,0.0
bowl,white bowl,0.6666666666666666,0.0,0.6666666666666666
white,light beige,0.0,0.0,0.0
beige,brown,0.0,0.0,0.0
small and round,round shapes,0.4,0.0,0.4
in a white bowl,in a bowl,0.8571428571428571,0.4,0.8571428571428571
yellowish-orange,yellow,0.0,0.0,0.0
green,green,1.0,0.0,1.0
across the top,on top of rice,0.28571428571428575,0.0,0.28571428571428575
spoon,wooden spoon,0.6666666666666666,0.0,0.6666666666666666
crab cakes,crab cakes,1.0,1.0,1.0
golden,golden brown,0.6666666666666666,0.0,0.6666666666666666
green,parsley,0.0,0.0,0.0
reddish-orange,red,0.0,0.0,0.0
crab,crabs,1.0,0.0,1.0
clustered,shells intact,0.0,0.0,0.0
sausages,sausage,1.0,0.0,1.0
red,deep red,0.6666666666666666,0.0,0.6666666666666666
pie,fruit crumble pie,0.5,0.0,0.5
tan,golden brown,0.0,0.0,0.0
golden,golden brown,0.6666666666666666,0.0,0.6666666666666666
towards the left,left side,0.4,0.0,0.4
cranberry,barbecue sauce,0.0,0.0,0.0
chicken,chicken drumsticks,0.6666666666666666,0.0,0.6666666666666666
light blue,blue,0.6666666666666666,0.0,0.6666666666666666
golden brown,golden brown,1.0,1.0,1.0
on a plate,on a light blue plate,0.7499999999999999,0.3333333333333333,0.7499999999999999
fills,stains the bowl,0.0,0.0,0.0
bowl,clear glass bowl,0.5,0.0,0.5
thick,thick and chunky,0.5,0.0,0.5
light brown and red,brown,0.4,0.0,0.4
in the center,throughout the image,0.3333333333333333,0.0,0.3333333333333333
crawfish,shrimp,0.0,0.0,0.0
green,green,1.0,0.0,1.0
within a white bowl,white bowl,0.6666666666666666,0.5,0.6666666666666666
beige,yellow,0.0,0.0,0.0
piled,in a mound,0.0,0.0,0.0
crawfish,shrimp or crab,0.0,0.0,0.0
red,reddish-orange,0.0,0.0,0.0
on top of,mixed in,0.0,0.0,0.0
light,creamy and smooth,0.0,0.0,0.0
walnuts,walnuts,1.0,0.0,1.0
beige,light beige,0.6666666666666666,0.0,0.6666666666666666
on top,on the cream cheese,0.3333333333333333,0.0,0.3333333333333333
bowl,glass bowl,0.6666666666666666,0.0,0.6666666666666666
soft,light and fluffy,0.0,0.0,0.0
cream,ice cream,0.6666666666666666,0.0,0.6666666666666666
off-white,white,0.6666666666666666,0.0,0.6666666666666666
fills,adds creamy texture,0.0,0.0,0.0
on top,top of fruit,0.4,0.0,0.4
white,white,1.0,0.0,1.0
blueberries,blueberries,1.0,0.0,1.0
brown,golden brown,0.6666666666666666,0.0,0.6666666666666666
blueberries,cream and blueberries,0.5,0.0,0.5
on the plate,around the plate,0.6666666666666666,0.5,0.6666666666666666
golden brown,golden-brown,1.0,1.0,1.0
crepe,cooked pancake,0.0,0.0,0.0
darker,uneven and crispy,0.0,0.0,0.0
in the center,center of frying pan,0.28571428571428575,0.0,0.28571428571428575
purple,purple,1.0,0.0,1.0
rolls,rolls,1.0,0.0,1.0
golden brown ,golden brown,1.0,1.0,1.0
flaky dough,spiral pattern,0.0,0.0,0.0
on the lower right,left,0.0,0.0,0.0
golden-yellow,yellow,0.6666666666666666,0.0,0.6666666666666666
overlap,scattered manner,0.0,0.0,0.0
cheese,type of cheese,0.5,0.0,0.5
lacy,lacy delicate texture,0.5,0.0,0.5
on the upper-left,on the plate,0.5714285714285715,0.4,0.5714285714285715
white,white,1.0,0.0,1.0
brown,brown,1.0,0.0,1.0
on a white plate,white plate,0.6666666666666666,0.5,0.6666666666666666
the crisp in the front,in the foreground,0.5,0.3333333333333333,0.5
green,light green,0.6666666666666666,0.0,0.6666666666666666
cones,crescent shaped,0.0,0.0,0.0
golden-brown,golden brown,1.0,1.0,1.0
lies,tip pointing towards top,0.0,0.0,0.0
brown,brown,1.0,0.0,1.0
croquettes,meatballs or croquettes,0.5,0.0,0.5
dark,dark brown,0.6666666666666666,0.0,0.6666666666666666
on a plate,on a plate,1.0,1.0,1.0
arranged,slightly overlapping manner,0.0,0.0,0.0
yummylicious,golden brown,0.0,0.0,0.0
croquettes,crab cakes,0.0,0.0,0.0
golden,golden brown,0.6666666666666666,0.0,0.6666666666666666
on a silver metal rack,baking sheet,0.0,0.0,0.0
brown,golden-brown,0.6666666666666666,0.0,0.6666666666666666
beige,white,0.0,0.0,0.0
croquettes,croquettes or fish cakes,0.4,0.0,0.4
golden brown,golden brown,1.0,1.0,1.0
resting on the plate,on a plate,0.5714285714285715,0.0,0.5714285714285715
yes,no,0.0,0.0,0.0
pie,berry crumble,0.0,0.0,0.0
green,green,1.0,0.0,1.0
off-white,white,0.6666666666666666,0.0,0.6666666666666666
on a white plate,on a white plate,1.0,1.0,1.0
red,red,1.0,0.0,1.0
bowl,white ceramic bowl,0.5,0.0,0.5
orange,orange,1.0,0.0,1.0
mixed,mixed together,0.6666666666666666,0.0,0.6666666666666666
on top of,on the right,0.3333333333333333,0.0,0.3333333333333333
red,deep red,0.6666666666666666,0.0,0.6666666666666666
bowl,white shallow bowl,0.5,0.0,0.5
yes,yes,1.0,0.0,1.0
golden-brown,light brown,0.5,0.0,0.5
at the bottom,in the center,0.3333333333333333,0.0,0.3333333333333333
pie,berry crumble,0.0,0.0,0.0
red,red,1.0,0.0,1.0
beneath,beneath the crumble,0.5,0.0,0.5
brown,orange,0.0,0.0,0.0
green,green,1.0,0.0,1.0
scattered,mixed throughout,0.0,0.0,0.0
brown,light brown,0.6666666666666666,0.0,0.6666666666666666
berries,dried cranberries,0.0,0.0,0.0
atop,green bowl,0.0,0.0,0.0
golden-brown,golden brown,1.0,1.0,1.0
pie,pie,1.0,0.0,1.0
lattice,lattice design,0.6666666666666666,0.0,0.6666666666666666
across the entire top,top of the pie,0.5,0.0,0.25
leaves,two leaf-shaped designs,0.0,0.0,0.0
yellow,pale yellow,0.6666666666666666,0.0,0.6666666666666666
pie,pie crust,0.6666666666666666,0.0,0.6666666666666666
crust,pastry crust,0.6666666666666666,0.0,0.6666666666666666
crimped,ruffled or crimped,0.5,0.0,0.5
in the center,foreground,0.0,0.0,0.0
golden,golden brown,0.6666666666666666,0.0,0.6666666666666666
pie,pie,1.0,0.0,1.0
red,red,1.0,0.0,1.0
tan,golden brown,0.0,0.0,0.0
dripping,melting on hot surface,0.0,0.0,0.0
tan,golden brown,0.0,0.0,0.0
premium,golden,0.0,0.0,0.0
cheese,cheese,1.0,0.0,1.0
in the lower portion,around the edge,0.28571428571428575,0.0,0.28571428571428575
green,pale green,0.6666666666666666,0.0,0.6666666666666666
cucumbers,cucumber,1.0,0.0,1.0
white,white,1.0,0.0,1.0
creamy,smooth and creamy,0.5,0.0,0.5
throughout the image,throughout the image,1.0,1.0,1.0
white,white,1.0,0.0,1.0
salad,caprese skewers,0.0,0.0,0.0
red,red,1.0,0.0,1.0
on a plate,white rectangular plate,0.3333333333333333,0.0,0.3333333333333333
green,green,1.0,0.0,1.0
green,green,1.0,0.0,1.0
salad,salad,1.0,0.0,1.0
visible,yes,0.0,0.0,0.0
white,white,1.0,0.0,1.0
inside a transparent bowl,clear glass bowl,0.28571428571428575,0.0,0.28571428571428575
green,green,1.0,0.0,1.0
cucumbers,cucumber,1.0,0.0,1.0
sliced,thin round pieces,0.0,0.0,0.0
on their surfaces,on the cucumbers,0.3333333333333333,0.0,0.3333333333333333
fresh,fresh and crisp,0.5,0.0,0.5
cucumbers,cucumber,1.0,0.0,1.0
green,green,1.0,0.0,1.0
overlapping,arranged randomly,0.0,0.0,0.0
yellow,yellow,1.0,0.0,1.0
margaritas,cocktail,0.0,0.0,0.0
white,white,1.0,0.0,1.0
cucumber,cucumber,1.0,0.0,1.0
on the rim,rims of martini glasses,0.28571428571428575,0.0,0.28571428571428575
green,green,1.0,0.0,1.0
cucumber,cucumber,1.0,0.0,1.0
wooden,wooden surface,0.6666666666666666,0.0,0.6666666666666666
cucumbers,zucchini,0.0,0.0,0.0
fill,are pickled,0.0,0.0,0.0
white,white,1.0,0.0,1.0
in a shallow bowl,in a bowl,0.8571428571428571,0.4,0.8571428571428571
white,white,1.0,0.0,1.0
golden-brown,golden brown,1.0,1.0,1.0
on a white surface,on a plate,0.5714285714285715,0.4,0.5714285714285715
pink,pink,1.0,0.0,1.0
reddish-brown,brown,0.6666666666666666,0.0,0.6666666666666666
cupcake,cupcakes,1.0,0.0,1.0
on the plate,pink plate,0.4,0.0,0.4
yellow,yellow,1.0,0.0,1.0
curd,mango-based treat,0.0,0.0,0.0
glass,dessert bowl,0.0,0.0,0.0
submerged inside,in the curd,0.0,0.0,0.0
smooth,smooth and creamy,0.5,0.0,0.5
curry,bowl of curry,0.5,0.0,0.5
white,white,1.0,0.0,1.0
golden-brown,reddish-brown,0.5,0.0,0.5
on top of,center of the bowl,0.28571428571428575,0.0,0.28571428571428575
covering,decorative pattern,0.0,0.0,0.0
cake,a cake,0.6666666666666666,0.0,0.6666666666666666
roses,roses,1.0,0.0,1.0
swirling,like layered roses,0.0,0.0,0.0
over the entire surface,on the cake,0.28571428571428575,0.0,0.28571428571428575
yellow,light yellow,0.6666666666666666,0.0,0.6666666666666666
custard,ice cream,0.0,0.0,0.0
into the custard,ice cream,0.0,0.0,0.0
orange-brown,orange-brown,1.0,1.0,1.0
custard,pumpkin pie,0.0,0.0,0.0
fills,fills the bottom,0.5,0.0,0.5
white,white,1.0,0.0,1.0
on the plate,on a decorative plate,0.5714285714285715,0.0,0.5714285714285715
pale,light creamy color,0.0,0.0,0.0
chicken,chicken,1.0,0.0,1.0
brown,greenish hue,0.0,0.0,0.0
on top,top of chicken,0.4,0.0,0.4
red,red,1.0,0.0,1.0
white,white,1.0,0.0,1.0
immersing,submerged in the dal,0.0,0.0,0.0
dark,dark brown,0.6666666666666666,0.0,0.6666666666666666
spices,spices or seasonings,0.5,0.0,0.5
across the bowl,throughout the bowl,0.6666666666666666,0.5,0.6666666666666666
raspberry,raspberries,1.0,0.0,1.0
golden-brown,golden brown,1.0,1.0,1.0
plate,white plate,0.6666666666666666,0.0,0.6666666666666666
red,red,1.0,0.0,1.0
on a plate,on a white plate,0.8571428571428571,0.4,0.8571428571428571
Turkish Delight,turkish delight,1.0,1.0,1.0
coated,powdered sugar,0.0,0.0,0.0
white,white,1.0,0.0,1.0
scattered,random pattern,0.0,0.0,0.0
across the frame,on a surface,0.0,0.0,0.0
dessert,strawberry shortcake,0.0,0.0,0.0
taking,lifting a piece,0.0,0.0,0.0
white,white,1.0,0.0,1.0
on top,on top,1.0,1.0,1.0
glossy,smooth and glossy,0.5,0.0,0.5
baking,baking,1.0,0.0,1.0
yellow,yellow,1.0,0.0,1.0
melted,melted and slightly browned,0.4,0.0,0.4
in a clear glass,glass baking dish,0.28571428571428575,0.0,0.28571428571428575
filling,being served,0.0,0.0,0.0
bean,chocolate or cocoa dip,0.0,0.0,0.0
brown-black,dark brown,0.5,0.0,0.5
in the center-left,center of the image,0.5,0.0,0.25
white,creamy white,0.6666666666666666,0.0,0.6666666666666666
pizza,appetizer or party food,0.0,0.0,0.0
red,red,1.0,0.0,1.0
across the surface,scattered throughout,0.0,0.0,0.0
green,green,1.0,0.0,1.0
golden-brown,golden brown,1.0,1.0,1.0
corn dogs,sausage rolls,0.0,0.0,0.0
reddish-brown,light brown,0.5,0.0,0.5
on a white plate,white paper plate,0.5714285714285715,0.0,0.5714285714285715
chocolate,chocolate,1.0,0.0,1.0
donuts,donut,1.0,0.0,1.0
brown,brown,1.0,0.0,1.0
in the bottom left,top right corner,0.0,0.0,0.0
white,white,1.0,0.0,1.0
pierogi,ravioli,0.0,0.0,0.0
beige,light beige,0.6666666666666666,0.0,0.6666666666666666
on plate,white plate,0.5,0.0,0.5
fried,yes,0.0,0.0,0.0
brown,brown,1.0,0.0,1.0
doughnuts,doughnuts,1.0,0.0,1.0
yellow,white,0.0,0.0,0.0
stacked,pyramid-like formation,0.0,0.0,0.0
on top of,off-center,0.0,0.0,0.0
doughnuts,doughnut or fritter,0.5,0.0,0.5
white,white,1.0,0.0,1.0
in the center,center of the image,0.5714285714285715,0.0,0.28571428571428575
orange-brown,light brown,0.5,0.0,0.5
doughnuts,donuts,0.0,0.0,0.0
maple,glazed,0.0,0.0,0.0
green,green,1.0,0.0,1.0
vanilla,coconut,0.0,0.0,0.0
tan,white,0.0,0.0,0.0
in the front,two one fifty,0.0,0.0,0.0
salad,salads,1.0,0.0,1.0
Best,homemade or artisanal,0.0,0.0,0.0
brownish,darker shade,0.0,0.0,0.0
black,black,1.0,0.0,1.0
in the lower-left corner,left side,0.28571428571428575,0.0,0.28571428571428575
orange,vibrant orange,0.6666666666666666,0.0,0.6666666666666666
salad,salad,1.0,0.0,1.0
drizzled,drizzled over the top,0.4,0.0,0.4
top of the salad,top of dish,0.5714285714285715,0.4,0.5714285714285715
lettuce,lettuce,1.0,0.0,1.0
white,white,1.0,0.0,1.0
bowl,white bowl,0.6666666666666666,0.0,0.6666666666666666
brown,brown,1.0,0.0,1.0
wasabi,oil,0.0,0.0,0.0
towards the upper-right,right side,0.3333333333333333,0.0,0.3333333333333333
orange-red,vibrant orange,0.5,0.0,0.5
fills,fills it three-quarters,0.4,0.0,0.4
pitcher,clear glass pitcher,0.5,0.0,0.5
white,white,1.0,0.0,1.0
to the bottom left,left of the pitcher,0.5,0.0,0.25
yellow,creamy white,0.0,0.0,0.0
jar,glass jar,0.6666666666666666,0.0,0.6666666666666666
creamy,thick and creamy,0.5,0.0,0.5
greenish,light yellow,0.0,0.0,0.0
on a red surface,on a red surface,1.0,1.0,1.0
crispy,crispy and well-seasoned,0.4,0.0,0.4
drumsticks,drumstick,1.0,0.0,1.0
white,white,1.0,0.0,1.0
blue,blue and white,0.5,0.0,0.5
on a plate,cutting board,0.0,0.0,0.0
decorative,serve food,0.0,0.0,0.0
drumsticks,cooked chicken,0.0,0.0,0.0
pinkish-tan,light brown,0.0,0.0,0.0
on the left,left side,0.4,0.0,0.4
green,green,1.0,0.0,1.0
pink,pinkish,0.0,0.0,0.0
duck,ham,0.0,0.0,0.0
sliced,roasting or baking,0.0,0.0,0.0
yellow,yellow and green,0.5,0.0,0.5
to the left,upper left section,0.3333333333333333,0.0,0.3333333333333333
Duck Adobo,beef and onion stir-fry,0.0,0.0,0.0
covering,seeping into the rice,0.0,0.0,0.0
white,white,1.0,0.0,1.0
glossy,rich dark brown,0.0,0.0,0.0
in the center,four o'clock,0.0,0.0,0.0
brown,golden brown,0.6666666666666666,0.0,0.6666666666666666
duck,roasted chicken,0.0,0.0,0.0
crispy,crispy and well-cooked,0.4,0.0,0.4
green,green,1.0,0.0,1.0
on an oval platter,on a plate,0.28571428571428575,0.0,0.28571428571428575
golden-brown,brown,0.6666666666666666,0.0,0.6666666666666666
dumplings,bread pudding,0.0,0.0,0.0
metal,metal,1.0,0.0,1.0
in a metal baking pan,metal baking dish,0.5,0.3333333333333333,0.5
amber,dark amber,0.6666666666666666,0.0,0.6666666666666666
yellow,yellow,1.0,0.0,1.0
egg,eggs,1.0,0.0,1.0
sprinkled on,across the surface,0.0,0.0,0.0
white,creamy,0.0,0.0,0.0
translucent,fried egg,0.0,0.0,0.0
golden-brown,brown,0.6666666666666666,0.0,0.6666666666666666
eggs,ground pork or chicken,0.0,0.0,0.0
white,white,1.0,0.0,1.0
on a plate,white rectangular plate,0.3333333333333333,0.0,0.3333333333333333
yellow,yellow,1.0,0.0,1.0
golden-brown,golden brown,1.0,1.0,1.0
eggnog,french toast,0.0,0.0,0.0
white,white,1.0,0.0,1.0
on top,on top,1.0,1.0,1.0
syrup,pool of syrup,0.5,0.0,0.5
round,spherical or round,0.5,0.0,0.5
eggplant,meat,0.0,0.0,0.0
white,white,1.0,0.0,1.0
in the top-center,center-left side,0.28571428571428575,0.0,0.28571428571428575
eggplant,zucchini,0.0,0.0,0.0
red,red,1.0,0.0,1.0
on top of,on the plate,0.3333333333333333,0.0,0.3333333333333333
golden-brown,golden brown,1.0,1.0,1.0
empanada,empanadas,1.0,0.0,1.0
white,white,1.0,0.0,1.0
on a patterned napkin,on a plate,0.5714285714285715,0.4,0.5714285714285715
creamy,rich and hearty,0.0,0.0,0.0
yellow,golden-yellow,0.6666666666666666,0.0,0.6666666666666666
scattered across,on top of casserole,0.0,0.0,0.0
red,red,1.0,0.0,1.0
peeks,on top of dish,0.0,0.0,0.0
white,white,1.0,0.0,1.0
popcorn,popcorn,1.0,0.0,1.0
spilling out,yes,0.0,0.0,0.0
brown,light brown,0.6666666666666666,0.0,0.6666666666666666
tilted,yes,0.0,0.0,0.0
red,red,1.0,0.0,1.0
popcorn,popcorn,1.0,0.0,1.0
peppermint,peppermint or minty,0.5,0.0,0.5
glass,glass,1.0,0.0,1.0
in a bowl,in a bowl,1.0,1.0,1.0
blue,blue,1.0,0.0,1.0
bowl,a bowl,0.6666666666666666,0.0,0.6666666666666666
white,white,1.0,0.0,1.0
keto,low-carb,0.0,0.0,0.0
poppers,bacon-wrapped jalapeño poppers,0.33333333333333337,0.0,0.33333333333333337
green,green,1.0,0.0,1.0
white,creamy white,0.6666666666666666,0.0,0.6666666666666666
on a black metal rack,air fryer basket,0.0,0.0,0.0
gray,black,0.0,0.0,0.0
poppers,pumpkin pop tarts,0.0,0.0,0.0
wrapped,in a bowl,0.0,0.0,0.0
green,green,1.0,0.0,1.0
green,green,1.0,0.0,1.0
jalapeño,jalapeño peppers,0.8,0.6666666666666666,0.8
bacon,bacon,1.0,0.0,1.0
on a white plate,white plate,0.6666666666666666,0.5,0.6666666666666666
crisp,crispy,0.0,0.0,0.0
green,green,1.0,0.0,1.0
poppers,stuffed jalapeños,0.0,0.0,0.0
cream cheese,cheese,0.6666666666666666,0.0,0.6666666666666666
orange,orange,1.0,0.0,1.0
white,orange,0.0,0.0,0.0
chicken,pork chicken beef,0.5,0.0,0.5
orange,orange color,0.6666666666666666,0.0,0.6666666666666666
on top,on top of soup,0.6666666666666666,0.5,0.6666666666666666
brown,light beige,0.0,0.0,0.0
light,pale yellowish-white,0.0,0.0,0.0
potatoes,rice,0.0,0.0,0.0
black,black,1.0,0.0,1.0
at the center,center of bowl,0.3333333333333333,0.0,0.3333333333333333
potatoes,potatoes,1.0,0.0,1.0
brown,golden brown,0.6666666666666666,0.0,0.6666666666666666
reddish-brown,brown,0.6666666666666666,0.0,0.6666666666666666
coated,glossy and slightly thick,0.0,0.0,0.0
on the plate,on a plate,0.6666666666666666,0.0,0.6666666666666666
yellow,golden brown,0.0,0.0,0.0
potatoes,breakfast potatoes,0.6666666666666666,0.0,0.6666666666666666
crispy,crispy,1.0,0.0,1.0
fork,a fork,0.6666666666666666,0.0,0.6666666666666666
on the left,left of potatoes,0.3333333333333333,0.0,0.3333333333333333
spiced,salt and pepper,0.0,0.0,0.0
potatoes,potatoes,1.0,0.0,1.0
yellowish-tan,golden brown,0.0,0.0,0.0
across the entire image,baking dish,0.0,0.0,0.0
brown,darker brown,0.6666666666666666,0.0,0.6666666666666666
potato,potato,1.0,0.0,1.0
yellow,golden brown,0.0,0.0,0.0
scattered,sprinkled on top,0.0,0.0,0.0
roasting,roasting,1.0,0.0,1.0
in the dish,cutting board,0.0,0.0,0.0
brown,golden brown,0.6666666666666666,0.0,0.6666666666666666
potatoes,bread,0.0,0.0,0.0
green,green,1.0,0.0,1.0
on top,on top,1.0,1.0,1.0
checkered,checkered pattern,0.6666666666666666,0.0,0.6666666666666666
light brown,golden brown,0.5,0.0,0.5
pralines,pecan brittle,0.0,0.0,0.0
reddish-brown,light brown,0.5,0.0,0.5
on a plate,on a plate,1.0,1.0,1.0
visible,yes,0.0,0.0,0.0
white,white,1.0,0.0,1.0
prawns,fried shrimp,0.0,0.0,0.0
orange-brown,reddish-orange,0.5,0.0,0.5
on a plate,white rectangular plate,0.3333333333333333,0.0,0.3333333333333333
beige,white,0.0,0.0,0.0
pudding,tiramisu,0.0,0.0,0.0
cinnamon,cinnamon,1.0,0.0,1.0
brown,light brown,0.6666666666666666,0.0,0.6666666666666666
golden-yellow,yellow,0.6666666666666666,0.0,0.6666666666666666
pudding,corn casserole,0.0,0.0,0.0
creamy,smooth and creamy,0.5,0.0,0.5
on a white plate,on a plate,0.8571428571428571,0.4,0.8571428571428571
corn,corn,1.0,0.0,1.0
white,white,1.0,0.0,1.0
tan,golden brown,0.0,0.0,0.0
filling,cream or custard filling,0.4,0.0,0.4
cracked,golden brown,0.0,0.0,0.0
to the left,on the plate,0.3333333333333333,0.0,0.3333333333333333
yellow,creamy yellow,0.6666666666666666,0.0,0.6666666666666666
loaves,cinnamon swirl muffins,0.0,0.0,0.0
brown,brown,1.0,0.0,1.0
on top,the center,0.0,0.0,0.0
mottled,black plastic container,0.0,0.0,0.0
orange,orange,1.0,0.0,1.0
bowl,white decorative bowl,0.5,0.0,0.5
fills,yes,0.0,0.0,0.0
thick,yes,0.0,0.0,0.0
in the center,decorative bowl,0.0,0.0,0.0
white,white,1.0,0.0,1.0
bowl,white ceramic bowl,0.5,0.0,0.5
beige,light beige,0.6666666666666666,0.0,0.6666666666666666
at the bottom,foreground right side,0.0,0.0,0.0
glasses,glass,1.0,0.0,1.0
wooden,wood,0.0,0.0,0.0
green,green,1.0,0.0,1.0
on a wooden board,cutting board,0.3333333333333333,0.0,0.3333333333333333
mug,clear glass mug,0.5,0.0,0.5
red,reddish color,0.0,0.0,0.0
brown,golden brown,0.6666666666666666,0.0,0.6666666666666666
quesadillas,bread pudding,0.0,0.0,0.0
golden,golden brown,0.6666666666666666,0.0,0.6666666666666666
on top,glass baking dish,0.0,0.0,0.0
brown,light brown,0.6666666666666666,0.0,0.6666666666666666
quesadillas,quesadillas,1.0,0.0,1.0
red-orange,reddish-brown,0.0,0.0,0.0
on top,top of quesadilla,0.4,0.0,0.4
yellow,golden brown,0.0,0.0,0.0
queso,melted cheese,0.0,0.0,0.0
melted,generously drizzled,0.0,0.0,0.0
creamy,smooth and creamy,0.5,0.0,0.5
over a pile,tortilla chips,0.0,0.0,0.0
chips,creamy white cheese sauce,0.0,0.0,0.0
golden-brown,golden brown,1.0,1.0,1.0
green,green,1.0,0.0,1.0
on a white plate,in the foreground,0.0,0.0,0.0
colorful,colorful mixed vegetables,0.5,0.0,0.5
soup,vegetable soup,0.6666666666666666,0.0,0.6666666666666666
orange,orange,1.0,0.0,1.0
on the right,in the soup,0.3333333333333333,0.0,0.3333333333333333
sprinkled,green herbs,0.0,0.0,0.0
reddish-brown,green,0.0,0.0,0.0
quinoa,quinoa,1.0,0.0,1.0
fills,prepared dish,0.0,0.0,0.0
green,green,1.0,0.0,1.0
in the center,top of food,0.0,0.0,0.0
cheesy,cooked rice,0.0,0.0,0.0
quinoa,quinoa,1.0,0.0,1.0
yellow,white and red,0.0,0.0,0.0
green,green,1.0,0.0,1.0
fills,serves as a base,0.0,0.0,0.0
quinoa,quinoa,1.0,0.0,1.0
beige,white,0.0,0.0,0.0
green,green,1.0,0.0,1.0
within the quinoa,throughout the dish,0.3333333333333333,0.0,0.3333333333333333
quinoa,quinoa,1.0,0.0,1.0
red,purple,0.0,0.0,0.0
in,in a bowl,0.5,0.0,0.5
pink,pink,1.0,0.0,1.0
radishes,red potatoes,0.0,0.0,0.0
bowl,a bowl,0.6666666666666666,0.0,0.6666666666666666
silver,silver,1.0,0.0,1.0
in the bottom center,center and lower part,0.25,0.0,0.25
dark green,green,0.6666666666666666,0.0,0.6666666666666666
radish,radishes,1.0,0.0,1.0
purple,purple,1.0,0.0,1.0
distributed throughout,throughout the dish,0.4,0.0,0.4
cheese,feta cheese,0.6666666666666666,0.0,0.6666666666666666
white,white,1.0,0.0,1.0
radish,daikon radish,0.6666666666666666,0.0,0.6666666666666666
dispersed,alongside orange carrots,0.0,0.0,0.0
orange,orange,1.0,0.0,1.0
at the bottom,white bowl,0.0,0.0,0.0
golden-brown,golden brown,1.0,1.0,1.0
pie,pie,1.0,0.0,1.0
silver,aluminum foil,0.0,0.0,0.0
raisins,cherries,0.0,0.0,0.0
golden brown,golden brown,1.0,1.0,1.0
pie,pie,1.0,0.0,1.0
white,golden-brown,0.0,0.0,0.0
on top,top of the pie,0.3333333333333333,0.0,0.3333333333333333
meringue,meringue,1.0,0.0,1.0
green,green,1.0,0.0,1.0
bowl,a bowl,0.6666666666666666,0.0,0.6666666666666666
ramen,ramen,1.0,0.0,1.0
on top,top,0.6666666666666666,0.0,0.6666666666666666
cheesy,spicy,0.0,0.0,0.0
noodles,asian noodle dish,0.5,0.0,0.5
yellow,yellow,1.0,0.0,1.0
on top,small bowl on right,0.3333333333333333,0.0,0.3333333333333333
scallions,red chili flakes,0.0,0.0,0.0
white,white,1.0,0.0,1.0
bowl,white bowl,0.6666666666666666,0.0,0.6666666666666666
yellow,yellow,1.0,0.0,1.0
on top,bowl of soup,0.0,0.0,0.0
red,bright red,0.6666666666666666,0.0,0.6666666666666666
yellow,white,0.0,0.0,0.0
bowl,colorful bowl,0.6666666666666666,0.0,0.6666666666666666
scallions,chopped chives,0.0,0.0,0.0
green,green,1.0,0.0,1.0
on top of,on top,0.8,0.6666666666666666,0.8
fresh,freshly baked,0.0,0.0,0.0
turnovers,puff pastry triangles,0.0,0.0,0.0
white,white,1.0,0.0,1.0
red,red,1.0,0.0,1.0
on a plate,on a white plate,0.8571428571428571,0.4,0.8571428571428571
red,red,1.0,0.0,1.0
pitcher,glass pitcher,0.6666666666666666,0.0,0.6666666666666666
wooden,wood,0.0,0.0,0.0
on the wooden surface,on a wooden surface,0.75,0.3333333333333333,0.75
yellow,light yellow,0.6666666666666666,0.0,0.6666666666666666
browning,becoming soggy,0.0,0.0,0.0
chicken,chicken,1.0,0.0,1.0
creamy,creamy and smooth,0.5,0.0,0.5
at the bottom,on a plate,0.0,0.0,0.0
hot,cannot be determined,0.0,0.0,0.0
on top of,on the hot dog,0.28571428571428575,0.0,0.28571428571428575
onions,relish,0.0,0.0,0.0
red,red,1.0,0.0,1.0
orange,yellow,0.0,0.0,0.0
white,white,1.0,0.0,1.0
relish,vegetables and spices,0.0,0.0,0.0
red,red,1.0,0.0,1.0
on,top of the tarts,0.0,0.0,0.0
vegetables,tomatoes and onions,0.0,0.0,0.0
red,deep red,0.6666666666666666,0.0,0.6666666666666666
cranberries,cranberry,1.0,0.0,1.0
walnuts,pecans,0.0,0.0,0.0
in the center,electric stovetop,0.0,0.0,0.0
yellow,light green,0.0,0.0,0.0
zucchini,pineapple,0.0,0.0,0.0
mixed,diced and mixed together,0.4,0.0,0.4
red,purple,0.0,0.0,0.0
in the mix,throughout the relish,0.3333333333333333,0.0,0.3333333333333333
white,white,1.0,0.0,1.0
cake,muffin,0.0,0.0,0.0
golden-brown,brown,0.6666666666666666,0.0,0.6666666666666666
on a plate,white plate,0.4,0.0,0.4
rhubarb,apple,0.0,0.0,0.0
golden-brown,golden brown,1.0,1.0,1.0
cake,coffee cake,0.6666666666666666,0.0,0.6666666666666666
red,pinkish-red,0.6666666666666666,0.0,0.6666666666666666
on a plate,red plate,0.4,0.0,0.4
pink,red,0.0,0.0,0.0
rough,rough and uneven,0.5,0.0,0.5
cookies,cookies,1.0,0.0,1.0
pinkish-red,deep pink or red,0.3333333333333333,0.0,0.3333333333333333
on a plate,on a plate,1.0,1.0,1.0
purple,light purple,0.6666666666666666,0.0,0.6666666666666666
red,red,1.0,0.0,1.0
salad,dessert dish,0.0,0.0,0.0
white,white,1.0,0.0,1.0
atop the salad,on top,0.0,0.0,0.0
applesauce,apple butter,0.0,0.0,0.0
bowl,white,0.0,0.0,0.0
red,red,1.0,0.0,1.0
red,reddish-pink,0.0,0.0,0.0
silver,silver,1.0,0.0,1.0
reddish-brown,dark brown,0.5,0.0,0.5
ribs,ribs,1.0,0.0,1.0
foreground,foreground,1.0,0.0,1.0
green,green,1.0,0.0,1.0
white,white,1.0,0.0,1.0
on top,top of the rice,0.3333333333333333,0.0,0.3333333333333333
reddish-orange,orange,0.6666666666666666,0.0,0.6666666666666666
rice,rice,1.0,0.0,1.0
green,green,1.0,0.0,1.0
sausage,meat and vegetables,0.0,0.0,0.0
easy,yes,0.0,0.0,0.0
rice,rice,1.0,0.0,1.0
orange-red,light orange,0.5,0.0,0.5
on the right side,right section,0.3333333333333333,0.0,0.3333333333333333
green,green,1.0,0.0,1.0
rice,rice,1.0,0.0,1.0
fills,being mixed,0.0,0.0,0.0
silver,metal,0.0,0.0,0.0
wooden,wood,0.0,0.0,0.0
throughout,pot with yellow rice,0.0,0.0,0.0
white,white,1.0,0.0,1.0
rigatoni,rigatoni,1.0,0.0,1.0
golden-yellow,light yellow,0.5,0.0,0.5
on a white plate,white plate,0.6666666666666666,0.5,0.6666666666666666
green,green,1.0,0.0,1.0
green,green,1.0,0.0,1.0
scattered,evenly spread across,0.0,0.0,0.0
red,red,1.0,0.0,1.0
on the egg,on top,0.4,0.0,0.4
risotto,rice and chicken,0.0,0.0,0.0
brown,red,0.0,0.0,0.0
scattered,evenly spread out,0.0,0.0,0.0
on the left,throughout the dish,0.3333333333333333,0.0,0.3333333333333333
white,white,1.0,0.0,1.0
roast,beef stew,0.0,0.0,0.0
brown,brown,1.0,0.0,1.0
within,throughout the dish,0.0,0.0,0.0
green,green,1.0,0.0,1.0
pink,brown,0.0,0.0,0.0
roast,grilling or roasting,0.5,0.0,0.5
on a wooden cutting board,wooden cutting board,0.7499999999999999,0.6666666666666666,0.7499999999999999
golden,golden brown,0.6666666666666666,0.0,0.6666666666666666
rolls,dinner rolls,0.6666666666666666,0.0,0.6666666666666666
brown,golden brown,0.6666666666666666,0.0,0.6666666666666666
on top,on top,1.0,1.0,1.0
adjacent,side by side,0.0,0.0,0.0
golden-brown,golden brown,1.0,1.0,1.0
rolls,buns,0.0,0.0,0.0
stacked,overlapping,0.0,0.0,0.0
lighter,golden brown,0.0,0.0,0.0
towards the top-left area,baking tray or surface,0.0,0.0,0.0
light pink,pink,0.6666666666666666,0.0,0.6666666666666666
salami,cured meat,0.0,0.0,0.0
white,white,1.0,0.0,1.0
yellow-orange,yellow,0.6666666666666666,0.0,0.6666666666666666
in the center,inside the roll-up,0.28571428571428575,0.0,0.28571428571428575
BBQ,red chili powder,0.0,0.0,0.0
jar,glass jar,0.6666666666666666,0.0,0.6666666666666666
submerged,inside the jar,0.0,0.0,0.0
silver,silver,1.0,0.0,1.0
in the center,on a surface,0.0,0.0,0.0
brownish,brown and black,0.0,0.0,0.0
fish,sausage,0.0,0.0,0.0
green,green,1.0,0.0,1.0
on top of,on top of salad,0.8571428571428571,0.8,0.8571428571428571
salad,salad,1.0,0.0,1.0
jar,glass jar,0.6666666666666666,0.0,0.6666666666666666
brown,light brown,0.6666666666666666,0.0,0.6666666666666666
on the wooden surface,on a wooden surface,0.75,0.3333333333333333,0.75
spilled,spilled out,0.6666666666666666,0.0,0.6666666666666666
scattered,fine granular mixture,0.0,0.0,0.0
reddish-brown,earthy brown,0.5,0.0,0.5
spoon,a spoon,0.6666666666666666,0.0,0.6666666666666666
silver,silver,1.0,0.0,1.0
on top of,on top,0.8,0.6666666666666666,0.8
bread,bread,1.0,0.0,1.0
halved,on a cutting board,0.0,0.0,0.0
sits on,wooden cutting board,0.0,0.0,0.0
yellow,light beige,0.0,0.0,0.0
loaf,loaf,1.0,0.0,1.0
chicken salad,chicken salad,1.0,1.0,1.0
green,green,1.0,0.0,1.0
in the center,wooden surface,0.0,0.0,0.0
cracker,a cracker,0.6666666666666666,0.0,0.6666666666666666
dark green,green,0.6666666666666666,0.0,0.6666666666666666
salad,salad,1.0,0.0,1.0
located throughout,mixed throughout,0.5,0.0,0.5
peach,yellow,0.0,0.0,0.0
halloumi,halloumi,1.0,0.0,1.0
creamy,creamy,1.0,0.0,1.0
bowl,glass bowl,0.6666666666666666,0.0,0.6666666666666666
red,red,1.0,0.0,1.0
adding,topped with cherries,0.0,0.0,0.0
on top,top of creamy mixture,0.3333333333333333,0.0,0.3333333333333333
white,white,1.0,0.0,1.0
green,green,1.0,0.0,1.0
bowl,white bowl,0.6666666666666666,0.0,0.6666666666666666
throughout,throughout the bowl,0.5,0.0,0.5
green,green,1.0,0.0,1.0
salad,gelatin dessert,0.0,0.0,0.0
large,generous,0.0,0.0,0.0
interspersed,arranged randomly,0.0,0.0,0.0
against the base,around the edge,0.3333333333333333,0.0,0.3333333333333333
white,white,1.0,0.0,1.0
scattered,throughout the salad,0.0,0.0,0.0
green onions,green onions,1.0,1.0,1.0
brown,light brown,0.6666666666666666,0.0,0.6666666666666666
on a white plate,on a plate,0.8571428571428571,0.4,0.8571428571428571
red,red,1.0,0.0,1.0
salad,arugula leaves,0.0,0.0,0.0
spread,arranged randomly,0.0,0.0,0.0
purple,white,0.0,0.0,0.0
among the leaves,top of arugula,0.0,0.0,0.0
red,red,1.0,0.0,1.0
halved,halved,1.0,0.0,1.0
cucumbers,cucumber,1.0,0.0,1.0
dill,dill,1.0,0.0,1.0
on top,on top,1.0,1.0,1.0
red,red,1.0,0.0,1.0
bowl,metal bowl,0.6666666666666666,0.0,0.6666666666666666
silver,metal,0.0,0.0,0.0
green,light green,0.6666666666666666,0.0,0.6666666666666666
inside a silver bowl,metal bowl,0.3333333333333333,0.0,0.3333333333333333
light,green,0.0,0.0,0.0
cucumbers,cucumber,1.0,0.0,1.0
red,red,1.0,0.0,1.0
throughout the blue bowl,blue bowl,0.6666666666666666,0.5,0.6666666666666666
green,green,1.0,0.0,1.0
salad,salad,1.0,0.0,1.0
yellow,yellow,1.0,0.0,1.0
across the top,in the salad,0.3333333333333333,0.0,0.3333333333333333
white,white,1.0,0.0,1.0
black,black,1.0,0.0,1.0
salad,corn salad,0.6666666666666666,0.0,0.6666666666666666
white,white,1.0,0.0,1.0
yellow,yellow,1.0,0.0,1.0
white,white,1.0,0.0,1.0
rice,rice,1.0,0.0,1.0
green,dark green,0.6666666666666666,0.0,0.6666666666666666
with,rice,0.0,0.0,0.0
orange,reddish-brown,0.0,0.0,0.0
salsa,nachos,0.0,0.0,0.0
white,blue,0.0,0.0,0.0
tomatoes,diced tomatoes,0.6666666666666666,0.0,0.6666666666666666
in a bowl,center of a bowl,0.5714285714285715,0.4,0.5714285714285715
colorful,yellow red green,0.0,0.0,0.0
bowl,white bowl,0.6666666666666666,0.0,0.6666666666666666
apricot,pineapple,0.0,0.0,0.0
green,green,1.0,0.0,1.0
within the mixture,throughout the bowl,0.3333333333333333,0.0,0.3333333333333333
murky,brown,0.0,0.0,0.0
white,white,1.0,0.0,1.0
atop,on a plate,0.0,0.0,0.0
yellow,yellow,1.0,0.0,1.0
distributed,evenly distributed,0.6666666666666666,0.0,0.6666666666666666
green,green,1.0,0.0,1.0
white,white,1.0,0.0,1.0
on top of,side of bowl,0.3333333333333333,0.0,0.3333333333333333
black,black,1.0,0.0,1.0
bowl,black bowl,0.6666666666666666,0.0,0.6666666666666666
reddish-orange,deep red,0.0,0.0,0.0
herbs,herbs,1.0,0.0,1.0
in the center,center of the image,0.5714285714285715,0.0,0.28571428571428575
black,deep dark,0.0,0.0,0.0
salsa,black bean salad,0.0,0.0,0.0
yellow,yellow,1.0,0.0,1.0
green,green,1.0,0.0,1.0
red,red,1.0,0.0,1.0
salsa,salsa and chips,0.5,0.0,0.5
spoon,spoon,1.0,0.0,1.0
white,white,1.0,0.0,1.0
in the lower left,left side,0.3333333333333333,0.0,0.3333333333333333
reddish-orange,reddish-brown,0.5,0.0,0.5
cup,white cup,0.6666666666666666,0.0,0.6666666666666666
fills,for dipping,0.0,0.0,0.0
on the right,background right side,0.3333333333333333,0.0,0.3333333333333333
brownish-red,red,0.6666666666666666,0.0,0.6666666666666666
red,red,1.0,0.0,1.0
salsa,homemade salsa,0.6666666666666666,0.0,0.6666666666666666
fills,cause it to stain,0.0,0.0,0.0
clear,containing salsa,0.0,0.0,0.0
homemade,seasoned or flavored salt,0.0,0.0,0.0
salt,salt,1.0,0.0,1.0
red,brown,0.0,0.0,0.0
scattered,granular form,0.0,0.0,0.0
on the upper left,cutting board,0.0,0.0,0.0
reddish-brown,brown,0.6666666666666666,0.0,0.6666666666666666
salt,salt,1.0,0.0,1.0
fills,clumped together,0.0,0.0,0.0
light,light brown,0.6666666666666666,0.0,0.6666666666666666
above a white bowl,foreground,0.0,0.0,0.0
brown,brown,1.0,0.0,1.0
sandwiches,sandwiches,1.0,0.0,1.0
white,mayonnaise,0.0,0.0,0.0
green,green,1.0,0.0,1.0
on a white surface,white plate,0.3333333333333333,0.0,0.3333333333333333
blue,blue,1.0,0.0,1.0
brown,brown,1.0,0.0,1.0
scattered,somewhat random manner,0.0,0.0,0.0
in the top left corner,upper part of image,0.0,0.0,0.0
blue,blue,1.0,0.0,1.0
scattered,scattered manner,0.6666666666666666,0.0,0.6666666666666666
peanut butter,peanut butter,1.0,1.0,1.0
golden-brown,white,0.0,0.0,0.0
on a blue plate,blue plate,0.6666666666666666,0.5,0.6666666666666666
pasta,penne pasta,0.6666666666666666,0.0,0.6666666666666666
Italian,italian cuisine,0.6666666666666666,0.0,0.6666666666666666
dripping,drizzling down the sides,0.0,0.0,0.0
herbs,grated cheese,0.0,0.0,0.0
reddish-brown,red,0.0,0.0,0.0
food,chicken drumsticks,0.0,0.0,0.0
down the sides,sides of the meat,0.5714285714285715,0.0,0.28571428571428575
brown,light brown,0.6666666666666666,0.0,0.6666666666666666
sugar,caramel,0.0,0.0,0.0
amber,light brown,0.0,0.0,0.0
in a clear glass,glass sundae dish,0.28571428571428575,0.0,0.28571428571428575
bottom,on top of ice cream,0.0,0.0,0.0
yellow,light yellow,0.6666666666666666,0.0,0.6666666666666666
pasta,pasta,1.0,0.0,1.0
red,red,1.0,0.0,1.0
on top of,top of the pasta,0.5714285714285715,0.4,0.5714285714285715
white,white,1.0,0.0,1.0
orange-red,orange,0.6666666666666666,0.0,0.6666666666666666
spaghetti,spaghetti noodles,0.6666666666666666,0.0,0.6666666666666666
white,white,1.0,0.0,1.0
from center to edges,throughout the plate,0.0,0.0,0.0
reddish-brown,pink,0.0,0.0,0.0
bowl,a bowl,0.6666666666666666,0.0,0.6666666666666666
pink,pink,1.0,0.0,1.0
in the center,countertop,0.0,0.0,0.0
reddish-orange,red,0.0,0.0,0.0
sauce,meat,0.0,0.0,0.0
fills,covers most of bowl,0.0,0.0,0.0
green,green,1.0,0.0,1.0
to the left,in the bowl,0.3333333333333333,0.0,0.3333333333333333
red,red,1.0,0.0,1.0
wooden surface,wooden surface,1.0,1.0,1.0
white,white,1.0,0.0,1.0
next to,left side,0.0,0.0,0.0
fills,used as a dip,0.0,0.0,0.0
brown,dark brown,0.6666666666666666,0.0,0.6666666666666666
bowl,black pot,0.0,0.0,0.0
on the rim,edge of a black pot,0.0,0.0,0.0
orange,vibrant orange,0.6666666666666666,0.0,0.6666666666666666
coated,coated in a sauce,0.4,0.0,0.4
carrots,carrots,1.0,0.0,1.0
green,green,1.0,0.0,1.0
on a plate,on a white plate,0.8571428571428571,0.4,0.8571428571428571
reddish-brown,dark red,0.0,0.0,0.0
orange,orange,1.0,0.0,1.0
bowl,glass bowl,0.6666666666666666,0.0,0.6666666666666666
red,red,1.0,0.0,1.0
on top,on top,1.0,1.0,1.0
brownish-red,brown,0.0,0.0,0.0
beef,beef,1.0,0.0,1.0
cooked,slow-cooked or braised,0.4,0.0,0.4
orange,orange,1.0,0.0,1.0
in the top center,no specific position,0.0,0.0,0.0
dark brown,brown,0.6666666666666666,0.0,0.6666666666666666
stew,stew or soup,0.5,0.0,0.5
light brown,copper-colored,0.0,0.0,0.0
golden,brown,0.0,0.0,0.0
from the surface,pot of boiling liquid,0.0,0.0,0.0
yellowish-white,yellowish-white,1.0,1.0,1.0
forming,side dish,0.0,0.0,0.0
bowl,a bowl,0.6666666666666666,0.0,0.6666666666666666
brownish-red,brown,0.0,0.0,0.0
in the bottom-left,in the bowl,0.5714285714285715,0.4,0.5714285714285715
golden-brown,golden brown,1.0,1.0,1.0
sausage flowers,wontons,0.0,0.0,0.0
brownish-orange,reddish-brown,0.0,0.0,0.0
sprinkled over,on top,0.0,0.0,0.0
silver tray,silver,0.6666666666666666,0.0,0.6666666666666666
sausage,sausage,1.0,0.0,1.0
reddish-brown,brown,0.6666666666666666,0.0,0.6666666666666666
in a leaf-shaped bowl,a leaf,0.5714285714285715,0.4,0.5714285714285715
grilled,frying or sautéing,0.0,0.0,0.0
pineapple,pineapple,1.0,0.0,1.0
creamy,white,0.0,0.0,0.0
pasta,toast,0.0,0.0,0.0
white,yellowish-white,0.6666666666666666,0.0,0.6666666666666666
on the side,right of the bowl,0.28571428571428575,0.0,0.28571428571428575
triangular,triangular or wedge-shaped,0.4,0.0,0.4
scone,lemon cake,0.0,0.0,0.0
yellow,yellow,1.0,0.0,1.0
on a plate,on a plate,1.0,1.0,1.0
white,white,1.0,0.0,1.0
white,white,1.0,0.0,1.0
scones,scones,1.0,0.0,1.0
golden brown,light golden,0.5,0.0,0.5
in the foreground,white plate,0.0,0.0,0.0
yellow,yellow,1.0,0.0,1.0
tomato,tomato,1.0,0.0,1.0
green,green,1.0,0.0,1.0
towards the center,top of dish,0.0,0.0,0.0
reddish-brown,reddish-brown,1.0,1.0,1.0
brown,reddish-brown,0.6666666666666666,0.0,0.6666666666666666
pumpkin seeds,candied almonds,0.0,0.0,0.0
sugar,sugar,1.0,0.0,1.0
orange,white,0.0,0.0,0.0
semifreddo,cake,0.0,0.0,0.0
silver,silver,1.0,0.0,1.0
off-white,white,0.6666666666666666,0.0,0.6666666666666666
on a tray,on a tray,1.0,1.0,1.0
white,white,1.0,0.0,1.0
pinkish-orange,pinkish-orange,1.0,1.0,1.0
in the center,on a bed,0.0,0.0,0.0
green,green,1.0,0.0,1.0
white,white,1.0,0.0,1.0
shrimp,shrimp,1.0,0.0,1.0
reddish-orange,orange,0.6666666666666666,0.0,0.6666666666666666
in the center,on the plate,0.3333333333333333,0.0,0.3333333333333333
blue,blue,1.0,0.0,1.0
shrimp,shrimp,1.0,0.0,1.0
garlic,parsley,0.0,0.0,0.0
pink-orange,orange,0.6666666666666666,0.0,0.6666666666666666
on a blue plate,on a plate,0.8571428571428571,0.4,0.8571428571428571
hash brown,eggs,0.0,0.0,0.0
red,reddish-brown,0.0,0.0,0.0
scallions,green onions,0.0,0.0,0.0
white,white,1.0,0.0,1.0
pineapple,pineapple,1.0,0.0,1.0
yellow,yellow,1.0,0.0,1.0
green,green,1.0,0.0,1.0
on a white plate,on a white plate,1.0,1.0,1.0
corn,corn,1.0,0.0,1.0
yellow,yellow,1.0,0.0,1.0
scattered,distributed evenly,0.0,0.0,0.0
red,red,1.0,0.0,1.0
on the left side,left side,0.6666666666666666,0.5,0.6666666666666666
green,green,1.0,0.0,1.0
cabbage,cabbage,1.0,0.0,1.0
mixed,tossed together,0.0,0.0,0.0
orange,orange,1.0,0.0,1.0
scattered,evenly distributed mixture,0.0,0.0,0.0
coleslaw,coleslaw,1.0,0.0,1.0
orange,orange,1.0,0.0,1.0
in the bowl,in a bowl,0.6666666666666666,0.0,0.6666666666666666
orange,bright orange,0.6666666666666666,0.0,0.6666666666666666
glass,clear glass,0.6666666666666666,0.0,0.6666666666666666
bright,vibrant bright orange,0.5,0.0,0.5
on the rim,on the rim,1.0,1.0,1.0
metal,metal,1.0,0.0,1.0
slushies,frozen drinks,0.0,0.0,0.0
red,dark red,0.6666666666666666,0.0,0.6666666666666666
in a metal tray,in ice,0.3333333333333333,0.0,0.3333333333333333
chocolate,chocolate-flavored,0.6666666666666666,0.0,0.6666666666666666
cup,clear plastic cup,0.5,0.0,0.5
brown,brown,1.0,0.0,1.0
pink,red,0.0,0.0,0.0
smoothie,smoothie or milkshake,0.5,0.0,0.5
green,green,1.0,0.0,1.0
on top of,on top,0.8,0.6666666666666666,0.8
chocolate,chocolate,1.0,0.0,1.0
smoothie,chocolate milkshake,0.0,0.0,0.0
brown,brown,1.0,0.0,1.0
green,green,1.0,0.0,1.0
pineapple,coconut,0.0,0.0,0.0
clear,clear,1.0,0.0,1.0
smoothie,creamy smoothie,0.6666666666666666,0.0,0.6666666666666666
to the right,to the right,1.0,1.0,1.0
green,green,1.0,0.0,1.0
smoothie,strawberry smoothie,0.6666666666666666,0.0,0.6666666666666666
strawberry,strawberry,1.0,0.0,1.0
on top of,top of smoothie,0.6666666666666666,0.5,0.6666666666666666
solid,creamy and smooth,0.0,0.0,0.0
sorbet,whipped cream,0.0,0.0,0.0
pale,white,0.0,0.0,0.0
off-white,creamy white,0.5,0.0,0.5
rich,deep rich purple,0.5,0.0,0.5
sorbet,sorbet,1.0,0.0,1.0
purple,red,0.0,0.0,0.0
in the bowl,white bowl,0.4,0.0,0.4
blueberry,blackberry or mulberry,0.0,0.0,0.0
resting,holding banana pudding,0.0,0.0,0.0
pale green,white and light blue,0.0,0.0,0.0
golden-brown,golden brown,1.0,1.0,1.0
crispy,golden-brown,0.0,0.0,0.0
in the upper-left corner,in the background,0.5,0.3333333333333333,0.5
blue,blue,1.0,0.0,1.0
mushrooms,mushrooms,1.0,0.0,1.0
scattered on the surface,throughout the soup,0.28571428571428575,0.0,0.28571428571428575
spinach,spinach,1.0,0.0,1.0
white,white,1.0,0.0,1.0
soup,chili,0.0,0.0,0.0
brown,dark brown,0.6666666666666666,0.0,0.6666666666666666
green,green,1.0,0.0,1.0
white,white,1.0,0.0,1.0
reddish-brown,brown,0.6666666666666666,0.0,0.6666666666666666
in the right half,on a surface,0.0,0.0,0.0
vegetables,potatoes,0.0,0.0,0.0
orange,beige or tan,0.0,0.0,0.0
soup,bowl of soup,0.5,0.0,0.5
bread,bread or crackers,0.5,0.0,0.5
on top of,on a white plate,0.28571428571428575,0.0,0.28571428571428575
spaghetti,deep-dish pizza,0.0,0.0,0.0
red,red,1.0,0.0,1.0
cheese,shredded cheese,0.6666666666666666,0.0,0.6666666666666666
around the perimeter,base of the dish,0.28571428571428575,0.0,0.28571428571428575
reddish-brown,red,0.0,0.0,0.0
spaghetti,tomato sauce,0.0,0.0,0.0
chunky,thick and chunky,0.5,0.0,0.5
light,creamy,0.0,0.0,0.0
cheese,melted cheese,0.6666666666666666,0.0,0.6666666666666666
red,red,1.0,0.0,1.0
in a casserole dish,in a pan,0.5714285714285715,0.4,0.5714285714285715
spaghetti,spaghetti,1.0,0.0,1.0
scattered,scattered,1.0,0.0,1.0
meatballs,meatballs,1.0,0.0,1.0
placed on top,top of spaghetti,0.3333333333333333,0.0,0.3333333333333333
blue,blue,1.0,0.0,1.0
musubi,sushi,0.0,0.0,0.0
orange-red,vibrant red,0.5,0.0,0.5
around,sushi roll,0.0,0.0,0.0
white rice,white,0.6666666666666666,0.0,0.6666666666666666
reddish-brown,reddish-brown,1.0,1.0,1.0
sandwich,plate of food,0.0,0.0,0.0
glazed,reddish-brown,0.0,0.0,0.0
blue,blue,1.0,0.0,1.0
light-brown,reddish-brown,0.5,0.0,0.5
burger,sandwich or burger,0.5,0.0,0.5
reddish-brown,reddish-brown,1.0,1.0,1.0
on top,on top,1.0,1.0,1.0
spam,fish,0.0,0.0,0.0
green,dark green,0.6666666666666666,0.0,0.6666666666666666
spinach,spinach,1.0,0.0,1.0
white,white,1.0,0.0,1.0
with a patterned rim,decorative pattern,0.3333333333333333,0.0,0.3333333333333333
onions,almonds,0.0,0.0,0.0
fresh,fresh and vibrant green,0.4,0.0,0.4
salad,salad,1.0,0.0,1.0
green,green,1.0,0.0,1.0
white,white,1.0,0.0,1.0
in a bowl,in a black bowl,0.8571428571428571,0.4,0.8571428571428571
green,dark green,0.6666666666666666,0.0,0.6666666666666666
spinach,spinach,1.0,0.0,1.0
haphazard,in a pile,0.0,0.0,0.0
oily texture,smooth and possibly moist,0.0,0.0,0.0
spinach,spinach leaves,0.6666666666666666,0.0,0.6666666666666666
green,green,1.0,0.0,1.0
bowl,white bowl,0.6666666666666666,0.0,0.6666666666666666
with shallots,garlic,0.0,0.0,0.0
green,green,1.0,0.0,1.0
sprouts,brussels sprouts,0.6666666666666666,0.0,0.6666666666666666
blue,blue,1.0,0.0,1.0
bacon,bacon,1.0,0.0,1.0
on a white surface,striped cloth,0.0,0.0,0.0
green,green,1.0,0.0,1.0
sprouts,brussels sprouts,0.6666666666666666,0.0,0.6666666666666666
creamy,oily or buttery sauce,0.0,0.0,0.0
overlapping,evenly distributed,0.0,0.0,0.0
green,green,1.0,0.0,1.0
sprouts,brussels sprouts,0.6666666666666666,0.0,0.6666666666666666
brown,brown,1.0,0.0,1.0
scattered across,scattered,0.6666666666666666,0.0,0.6666666666666666
yellow,yellow,1.0,0.0,1.0
green,green,1.0,0.0,1.0
sprouts,okra,0.0,0.0,0.0
brown,golden brown,0.6666666666666666,0.0,0.6666666666666666
around the sprouts,bottom of the tray,0.28571428571428575,0.0,0.28571428571428575
green,green,1.0,0.0,1.0
brussels sprouts,brussels sprouts,1.0,1.0,1.0
white,white,1.0,0.0,1.0
brownish,dark brown,0.0,0.0,0.0
in a bowl,on the table,0.0,0.0,0.0
dispersed,mixed throughout,0.0,0.0,0.0
green,green,1.0,0.0,1.0
bowl,in a bowl,0.5,0.0,0.5
yellowish-white,pale yellow,0.0,0.0,0.0
covering,melting over,0.0,0.0,0.0
on top,on top,1.0,1.0,1.0
black,black,1.0,0.0,1.0
green,green,1.0,0.0,1.0
squash,zucchini,0.0,0.0,0.0
orange,orange and red,0.5,0.0,0.5
on a white plate,white plate,0.6666666666666666,0.5,0.6666666666666666
yellow,yellow,1.0,0.0,1.0
squash,ginger,0.0,0.0,0.0
on the concave part,on a spoon,0.28571428571428575,0.0,0.28571428571428575
green,green,1.0,0.0,1.0
green,green,1.0,0.0,1.0
yellow,yellow,1.0,0.0,1.0
overlapping,overlap each other,0.5,0.0,0.5
on the plate,white plate,0.4,0.0,0.4
orange-yellow,orange,0.6666666666666666,0.0,0.6666666666666666
squash,acorn squash,0.6666666666666666,0.0,0.6666666666666666
green,vibrant green,0.6666666666666666,0.0,0.6666666666666666
charred,slightly charred or roasted,0.4,0.0,0.4
in the center,baking tray,0.0,0.0,0.0
orange,orange color,0.6666666666666666,0.0,0.6666666666666666
squash,butternut squash,0.6666666666666666,0.0,0.6666666666666666
blue,blue,1.0,0.0,1.0
in the center-left,center of the image,0.5,0.0,0.25
surrounding,accompanies the steak,0.0,0.0,0.0
steak,chicken,0.0,0.0,0.0
tan,light brown,0.0,0.0,0.0
brown,light brownish-white,0.0,0.0,0.0
golden-brown,golden brown,1.0,1.0,1.0
crispy,golden brown and crispy,0.4,0.0,0.4
arranged,encircle dipping sauce,0.0,0.0,0.0
bowl,small glass bowl,0.5,0.0,0.5
white,white,1.0,0.0,1.0
golden-brown,brown,0.6666666666666666,0.0,0.6666666666666666
fish,cooked salmon,0.0,0.0,0.0
white,white,1.0,0.0,1.0
on the plate,on a white plate,0.5714285714285715,0.0,0.5714285714285715
blue,blue,1.0,0.0,1.0
golden-brown,golden-brown,1.0,1.0,1.0
green,green,1.0,0.0,1.0
beneath the steaks,on the plate,0.3333333333333333,0.0,0.3333333333333333
reddish-brown,red,0.0,0.0,0.0
hamburger,ground beef,0.0,0.0,0.0
potatoes,corn,0.0,0.0,0.0
throughout the stew,in the soup,0.3333333333333333,0.0,0.3333333333333333
red,deep red,0.6666666666666666,0.0,0.6666666666666666
stew,salad,0.0,0.0,0.0
ham,ham,1.0,0.0,1.0
green,light green,0.6666666666666666,0.0,0.6666666666666666
on the left,mixed in with salad,0.0,0.0,0.0
brown,brown,1.0,0.0,1.0
scattered,evenly spread out,0.0,0.0,0.0
orange,orange,1.0,0.0,1.0
white,white,1.0,0.0,1.0
brown,reddish-brown,0.6666666666666666,0.0,0.6666666666666666
chicken,chicken,1.0,0.0,1.0
orange,orange,1.0,0.0,1.0
on the left side,top left,0.3333333333333333,0.0,0.3333333333333333
brown,dark brown,0.6666666666666666,0.0,0.6666666666666666
tomatoes,tomato,1.0,0.0,1.0
meat,beef,0.0,0.0,0.0
on top,on top,1.0,1.0,1.0
yellow,yellow,1.0,0.0,1.0
yellow,yellow,1.0,0.0,1.0
atop the center,top of the dish,0.28571428571428575,0.0,0.28571428571428575
orange-brown,brownish-orange,0.5,0.0,0.5
white,light brown,0.0,0.0,0.0
on the surface,in the rice dish,0.28571428571428575,0.0,0.28571428571428575
translucent,cooked and mixed,0.0,0.0,0.0
savory,fresh and vibrant,0.0,0.0,0.0
vegetables,stir-fry,0.0,0.0,0.0
green,green,1.0,0.0,1.0
around the top,throughout the pan,0.3333333333333333,0.0,0.3333333333333333
yellow,red and yellow,0.5,0.0,0.5
pink,white,0.0,0.0,0.0
strawberries,sliced strawberries,0.6666666666666666,0.0,0.6666666666666666
displaying,in a pattern,0.0,0.0,0.0
red,vibrant red,0.6666666666666666,0.0,0.6666666666666666
on top,on top,1.0,1.0,1.0
red,red,1.0,0.0,1.0
strawberries,strawberry,1.0,0.0,1.0
bright,finely granulated and coated,0.0,0.0,0.0
on a white paper liner,on a white paper,0.888888888888889,0.8571428571428571,0.888888888888889
red,red,1.0,0.0,1.0
strawberries,strawberry,1.0,0.0,1.0
brown,dark brown,0.6666666666666666,0.0,0.6666666666666666
on the bottom,bottom,0.5,0.0,0.5
red,red,1.0,0.0,1.0
strawberries,strawberries,1.0,0.0,1.0
sliced,sliced,1.0,0.0,1.0
on the upper side,top of the salad,0.25,0.0,0.25
white,white,1.0,0.0,1.0
red,red,1.0,0.0,1.0
strawberries,strawberries,1.0,0.0,1.0
clustered,haphazardly piled,0.0,0.0,0.0
juicy,glossy and vibrant,0.0,0.0,0.0
red,red,1.0,0.0,1.0
strawberry,strawberry,1.0,0.0,1.0
glass,stemmed glass,0.6666666666666666,0.0,0.6666666666666666
bright,vibrant red,0.0,0.0,0.0
on the plate,white plate,0.4,0.0,0.4
chestnut,pecans or walnuts,0.0,0.0,0.0
brown,golden brown,0.6666666666666666,0.0,0.6666666666666666
toasted,golden-brown,0.0,0.0,0.0
yellow,light golden yellow,0.5,0.0,0.5
brown,golden-brown,0.6666666666666666,0.0,0.6666666666666666
scattered,evenly spread out,0.0,0.0,0.0
dish,baking dish,0.6666666666666666,0.0,0.6666666666666666
white,white,1.0,0.0,1.0
throughout the dish,on top and edges,0.0,0.0,0.0
brown,golden-brown,0.6666666666666666,0.0,0.6666666666666666
herbs,herbs,1.0,0.0,1.0
baking,thanksgiving meal,0.0,0.0,0.0
white,white,1.0,0.0,1.0
scattered,distributed throughout,0.0,0.0,0.0
brown,golden brown,0.6666666666666666,0.0,0.6666666666666666
in the center,white dish,0.0,0.0,0.0
powdered,fine and granulated,0.0,0.0,0.0
glass,glass,1.0,0.0,1.0
vegetarian,yes,0.0,0.0,0.0
sushi,sushi,1.0,0.0,1.0
black,black,1.0,0.0,1.0
on the plate,black rectangular plate,0.3333333333333333,0.0,0.3333333333333333
green,green,1.0,0.0,1.0
swordfish,white fish,0.0,0.0,0.0
atop,on top,0.0,0.0,0.0
red,red,1.0,0.0,1.0
pitcher,glass pitcher,0.6666666666666666,0.0,0.6666666666666666
on a tablecloth,on a plate,0.6666666666666666,0.5,0.6666666666666666
orange,bright orange,0.6666666666666666,0.0,0.6666666666666666
cabbage,cabbage,1.0,0.0,1.0
green,green,1.0,0.0,1.0
carrot,carrot,1.0,0.0,1.0
on top,on top of salad,0.6666666666666666,0.5,0.6666666666666666
red,red,1.0,0.0,1.0
tacos,taco,1.0,0.0,1.0
golden-brown,golden-brown,1.0,1.0,1.0
spilling,spilling out,0.6666666666666666,0.0,0.6666666666666666
on a red plate,red plate,0.6666666666666666,0.5,0.6666666666666666
brown,dark brown,0.6666666666666666,0.0,0.6666666666666666
plate,white plate,0.6666666666666666,0.0,0.6666666666666666
on top,on top,1.0,1.0,1.0
topping,mango salsa,0.0,0.0,0.0
tacos,mexican dish,0.0,0.0,0.0
red,red,1.0,0.0,1.0
on plate,on a plate,0.8,0.0,0.8
green,green,1.0,0.0,1.0
tacos,mexican cuisine,0.0,0.0,0.0
golden-brown,golden brown,1.0,1.0,1.0
red,red,1.0,0.0,1.0
behind,not visible,0.0,0.0,0.0
brown,brown,1.0,0.0,1.0
taffy,taffy candies,0.6666666666666666,0.0,0.6666666666666666
white,white,1.0,0.0,1.0
orange,brown,0.0,0.0,0.0
across a white surface,white surface,0.6666666666666666,0.5,0.6666666666666666
tamale,banana,0.0,0.0,0.0
yellow,light yellowish,0.0,0.0,0.0
on a white plate,on a plate,0.8571428571428571,0.4,0.8571428571428571
golden-brown,golden brown,1.0,1.0,1.0
taquitos,french bread,0.0,0.0,0.0
brown,yellow and brown,0.5,0.0,0.5
tan,golden brown,0.0,0.0,0.0
taquitos,appetizer or snack,0.0,0.0,0.0
orange,orange,1.0,0.0,1.0
scattered over,top of the pizza,0.0,0.0,0.0
wooden,wood,0.0,0.0,0.0
yellow,light brown,0.0,0.0,0.0
plate,on a plate,0.5,0.0,0.5
white,white,1.0,0.0,1.0
toasted,slightly crunchy,0.0,0.0,0.0
on a plate,on a plate,1.0,1.0,1.0
golden brown,golden brown,1.0,1.0,1.0
tater tots,meat,0.0,0.0,0.0
white,white,1.0,0.0,1.0
over the tater tots,on the food,0.28571428571428575,0.0,0.28571428571428575
orange,light brown,0.0,0.0,0.0
glass,a glass,0.6666666666666666,0.0,0.6666666666666666
scattered,scattered across the surface,0.4,0.0,0.4
brown,brown,1.0,0.0,1.0
on top,in the glass,0.0,0.0,0.0
amber,yellow,0.0,0.0,0.0
tea,tea,1.0,0.0,1.0
lemon,slice of lemon,0.5,0.0,0.5
green,green,1.0,0.0,1.0
on the surface,on top,0.4,0.0,0.4
mug,glass cup,0.0,0.0,0.0
beige,pale,0.0,0.0,0.0
on a white tiled surface,on white tiles,0.7499999999999999,0.3333333333333333,0.7499999999999999
tea,milky or creamy drink,0.0,0.0,0.0
glass,a glass,0.6666666666666666,0.0,0.6666666666666666
tan,light brown,0.0,0.0,0.0
in the center,in a glass,0.3333333333333333,0.0,0.3333333333333333
Hot,unable to determine,0.0,0.0,0.0
Tea,tea,1.0,0.0,1.0
Amber,dark brown,0.0,0.0,0.0
Resting on a saucer,on a saucer,0.8571428571428571,0.8,0.8571428571428571
Ginger,cannot be determined,0.0,0.0,0.0
clear,clear,1.0,0.0,1.0
green,green,1.0,0.0,1.0
reddish-pink,reddish,0.6666666666666666,0.0,0.6666666666666666
to the left,on the cutting board,0.28571428571428575,0.0,0.28571428571428575
brown,brown,1.0,0.0,1.0
chicken,chicken,1.0,0.0,1.0
white,white,1.0,0.0,1.0
white,white,1.0,0.0,1.0
tenderloins,sliced pork,0.0,0.0,0.0
reddish-brown,brown,0.6666666666666666,0.0,0.6666666666666666
drizzled,poured or drizzled over,0.4,0.0,0.4
on top,top of meat,0.4,0.0,0.4
pink,light pinkish-white,0.0,0.0,0.0
pork,pork,1.0,0.0,1.0
dark brown,brown,0.6666666666666666,0.0,0.6666666666666666
seared,pan-searing,0.6666666666666666,0.0,0.6666666666666666
from the bottom left,foreground,0.0,0.0,0.0
golden,golden brown,0.6666666666666666,0.0,0.6666666666666666
chicken,chicken,1.0,0.0,1.0
brown,brown,1.0,0.0,1.0
piled on top,on top,0.8,0.6666666666666666,0.8
green,green,1.0,0.0,1.0
white,light golden-brown,0.0,0.0,0.0
tilapia,white fish,0.0,0.0,0.0
golden-brown,golden-brown,1.0,1.0,1.0
to the left,left of the fish,0.5714285714285715,0.0,0.28571428571428575
textured,uneven and textured,0.5,0.0,0.5
white,white,1.0,0.0,1.0
red,red,1.0,0.0,1.0
on top,on the toast,0.4,0.0,0.4
ice cream,custard,0.0,0.0,0.0
located inside,glass jar,0.0,0.0,0.0
tofu,pistachio matcha mint basil,0.0,0.0,0.0
creamy,creamy and smooth,0.5,0.0,0.5
scooped,in glass jars,0.0,0.0,0.0
tofu,tofu,1.0,0.0,1.0
red,red,1.0,0.0,1.0
golden-brown,golden brown,1.0,1.0,1.0
eggplant,eggplant,1.0,0.0,1.0
Agedashi,takoyaki,0.0,0.0,0.0
brown,brown,1.0,0.0,1.0
scattered,closely together,0.0,0.0,0.0
tan,light beige,0.0,0.0,0.0
shifted to the left,throughout the plate,0.28571428571428575,0.0,0.28571428571428575
green,green,1.0,0.0,1.0
scattered,evenly spread across,0.0,0.0,0.0
orange,golden brown,0.0,0.0,0.0
tofu,fried chicken,0.0,0.0,0.0
resting between,top of the rice,0.0,0.0,0.0
rice,white rice,0.6666666666666666,0.0,0.6666666666666666
scattered,scattered around,0.6666666666666666,0.0,0.6666666666666666
brown,browned,1.0,0.0,1.0
scattered,alongside rice broccoli,0.0,0.0,0.0
broccoli,broccoli,1.0,0.0,1.0
green,green,1.0,0.0,1.0
tofu,tofu,1.0,0.0,1.0
blue,blue,1.0,0.0,1.0
on the left side,left side,0.6666666666666666,0.5,0.6666666666666666
golden-brown,brown,0.6666666666666666,0.0,0.6666666666666666
decorative,ceramic bowl,0.0,0.0,0.0
tofu,tofu,1.0,0.0,1.0
blue,white,0.0,0.0,0.0
on the upper left,top left corner,0.28571428571428575,0.0,0.28571428571428575
mushrooms,green onions,0.0,0.0,0.0
red,red,1.0,0.0,1.0
tomatoes,tomatoes,1.0,0.0,1.0
white,white,1.0,0.0,1.0
closer to,closer to the viewer,0.6666666666666666,0.5,0.6666666666666666
green,green,1.0,0.0,1.0
red,red,1.0,0.0,1.0
tomatoes,tomatoes,1.0,0.0,1.0
yellow,black,0.0,0.0,0.0
tomato,ground beef,0.0,0.0,0.0
transparent,glass baking dish,0.0,0.0,0.0
orange,golden brown,0.0,0.0,0.0
gluten-free,likely not gluten-free,0.6666666666666666,0.5,0.6666666666666666
yellow,golden brown,0.0,0.0,0.0
on the plate,on a plate,0.6666666666666666,0.0,0.6666666666666666
brown,brown,1.0,0.0,1.0
white,light brown,0.0,0.0,0.0
meringue,golden-brown crust,0.0,0.0,0.0
browned,darker brown spots,0.5,0.0,0.5
amber-colored,golden brown,0.0,0.0,0.0
on a dark surface,on a plate,0.5714285714285715,0.4,0.5714285714285715
white,white,1.0,0.0,1.0
tortes,muffins or cupcakes,0.0,0.0,0.0
copper-colored,light brown,0.0,0.0,0.0
on a plate,on a wire rack,0.5714285714285715,0.4,0.5714285714285715
green,white,0.0,0.0,0.0
mousse,lime slices,0.0,0.0,0.0
white,white,1.0,0.0,1.0
brown,light brown,0.6666666666666666,0.0,0.6666666666666666
on top of,on top,0.8,0.6666666666666666,0.8
plum,apples,0.0,0.0,0.0
round,circular,0.0,0.0,0.0
yellow,golden brown,0.0,0.0,0.0
white,white,1.0,0.0,1.0
over the surface,on top,0.0,0.0,0.0
yellow,creamy,0.0,0.0,0.0
tortellini,tortellini,1.0,0.0,1.0
orange,orange,1.0,0.0,1.0
tortellini,rotini,0.0,0.0,0.0
yellow,yellow,1.0,0.0,1.0
red,red,1.0,0.0,1.0
on an orange plate,on a plate,0.5714285714285715,0.0,0.5714285714285715
blue,blue,1.0,0.0,1.0
tortellini,ravioli,0.0,0.0,0.0
green,green,1.0,0.0,1.0
powdered,slightly uneven textured look,0.0,0.0,0.0
yellow,golden brown,0.0,0.0,0.0
brown,brown,1.0,0.0,1.0
in the center,on a white plate,0.0,0.0,0.0
yellow-tan,yellow,0.6666666666666666,0.0,0.6666666666666666
tortillas,flatbread or pancakes,0.0,0.0,0.0
stacked,neat stack,0.6666666666666666,0.0,0.6666666666666666
round,seashells,0.0,0.0,0.0
tan,light beige,0.0,0.0,0.0
tortillas,flatbreads,0.0,0.0,0.0
blue,blue green and yellow,0.4,0.0,0.4
on top of,on a cloth,0.3333333333333333,0.0,0.3333333333333333
tortilla,a tortilla,0.6666666666666666,0.0,0.6666666666666666
brown,brown,1.0,0.0,1.0
green,green,1.0,0.0,1.0
on top,on top,1.0,1.0,1.0
white,white,1.0,0.0,1.0
golden-brown,golden brown,1.0,1.0,1.0
meat,tater tots,0.0,0.0,0.0
on top of,top of tater tots,0.5714285714285715,0.4,0.5714285714285715
scattered,scattered manner,0.6666666666666666,0.0,0.6666666666666666
marshmallows,small candies,0.0,0.0,0.0
congealed,crunchy and sticky,0.0,0.0,0.0
on wrinkled sheet,parchment paper,0.0,0.0,0.0
creamy,smooth and creamy,0.5,0.0,0.5
trifle,a trifle,0.6666666666666666,0.0,0.6666666666666666
yellow,yellow,1.0,0.0,1.0
on top,top layer,0.5,0.0,0.5
brown,golden brown,0.6666666666666666,0.0,0.6666666666666666
golden-brown,golden brown,1.0,1.0,1.0
cake,cake,1.0,0.0,1.0
red,red,1.0,0.0,1.0
with whipped topping,whipped cream,0.4,0.0,0.4
dessert,berry trifle,0.0,0.0,0.0
reddish-brown,dark brown,0.5,0.0,0.5
Tri-Tip,steak,0.0,0.0,0.0
white,white,1.0,0.0,1.0
on a plate,white plate,0.4,0.0,0.4
yellow-brown,brown,0.6666666666666666,0.0,0.6666666666666666
large,relatively large,0.6666666666666666,0.0,0.6666666666666666
fish,salmon,0.0,0.0,0.0
orange,pinkish-orange,0.6666666666666666,0.0,0.6666666666666666
on the right,right side,0.4,0.0,0.4
fish,grilled or baked fish,0.4,0.0,0.4
yellow,yellow,1.0,0.0,1.0
on the platter,on a plate,0.3333333333333333,0.0,0.3333333333333333
fillets,fish lemon herbs bacon,0.0,0.0,0.0
dark,dark brown,0.6666666666666666,0.0,0.6666666666666666
brown,dark brown,0.6666666666666666,0.0,0.6666666666666666
in a box,in a box,1.0,1.0,1.0
white,white,1.0,0.0,1.0
white,white,1.0,0.0,1.0
chocolate,chocolate,1.0,0.0,1.0
brown,brown,1.0,0.0,1.0
on a plate,on a plate,1.0,1.0,1.0
truffles,chocolate-covered cookie,0.0,0.0,0.0
brown,light brown,0.6666666666666666,0.0,0.6666666666666666
studded,smooth and glossy,0.0,0.0,0.0
at the top,on the surface,0.3333333333333333,0.0,0.3333333333333333
strawberry-filled,various fillings,0.5,0.0,0.5
truffles,heart-shaped chocolates,0.0,0.0,0.0
brown,dark brown,0.6666666666666666,0.0,0.6666666666666666
with a darker brown,white,0.0,0.0,0.0
circular,heart-shaped,0.0,0.0,0.0
yellow,light beige,0.0,0.0,0.0
tuna,not fish,0.0,0.0,0.0
creamy,creamy and smooth,0.5,0.0,0.5
on the top of casserole,top of pasta,0.5,0.3333333333333333,0.5
white,white,1.0,0.0,1.0
white,blue,0.0,0.0,0.0
green,golden brown,0.0,0.0,0.0
melted,melted and browned,0.5,0.0,0.5
in a white baking dish,white rectangular dish,0.5,0.0,0.5
creamy,creamy and slightly bubbly,0.4,0.0,0.4
Turkey,ground beef or chicken,0.0,0.0,0.0
yellow,yellowish,0.0,0.0,0.0
mushrooms,mushrooms,1.0,0.0,1.0
in a dish,on the stove,0.0,0.0,0.0
brownish-orange,reddish-brown,0.0,0.0,0.0
turkey,chicken,0.0,0.0,0.0
scattered,unevenly,0.0,0.0,0.0
green,brown,0.0,0.0,0.0
on the surface,surface of the turkey,0.5714285714285715,0.0,0.28571428571428575
white,white,1.0,0.0,1.0
blueberry,blueberries,1.0,0.0,1.0
golden-brown,golden brown,1.0,1.0,1.0
scattered,scattered manner,0.6666666666666666,0.0,0.6666666666666666
red,red,1.0,0.0,1.0
square,square,1.0,0.0,1.0
carrots,carrot,1.0,0.0,1.0
on top,in the soup,0.0,0.0,0.0
golden-brown,golden brown,1.0,1.0,1.0
veal,chicken or pork,0.0,0.0,0.0
white,white,1.0,0.0,1.0
on the plate,on a plate,0.6666666666666666,0.0,0.6666666666666666
drizzled,poured or drizzled over,0.4,0.0,0.4
white,white,1.0,0.0,1.0
vegetables,salad,0.0,0.0,0.0
red,red,1.0,0.0,1.0
on a plate,on a white plate,0.8571428571428571,0.4,0.8571428571428571
brown,golden-brown,0.6666666666666666,0.0,0.6666666666666666
Wellington,puff pastry rolls,0.0,0.0,0.0
dark blue,black,0.0,0.0,0.0
green,green,1.0,0.0,1.0
vegetables,vegetable stir-fry,0.5,0.0,0.5
scattered,evenly distributed,0.0,0.0,0.0
on a black grill pan,on a grill,0.7499999999999999,0.3333333333333333,0.7499999999999999
glazed,red in color,0.0,0.0,0.0
reddish-brown,red,0.0,0.0,0.0
around the base,around the venison,0.6666666666666666,0.5,0.6666666666666666
blackberries,blackberries,1.0,0.0,1.0
brown,dark brown,0.6666666666666666,0.0,0.6666666666666666
venison,meat,0.0,0.0,0.0
gravy,brown gravy,0.6666666666666666,0.0,0.6666666666666666
green,green,1.0,0.0,1.0
on the plate,green plate,0.4,0.0,0.4
golden-brown,golden brown,1.0,1.0,1.0
venison,fried chicken,0.0,0.0,0.0
on a plate,on a plate,1.0,1.0,1.0
overlapping,in a pile,0.0,0.0,0.0
salad,salad,1.0,0.0,1.0
green,green,1.0,0.0,1.0
in the salad,in the salad,1.0,1.0,1.0
blueberries,blueberries,1.0,0.0,1.0
brown,dark brown,0.6666666666666666,0.0,0.6666666666666666
reflecting,reflecting and refracting light,0.4,0.0,0.4
pitcher,glass gravy boat,0.0,0.0,0.0
vinaigrette,balsamic vinegar,0.0,0.0,0.0
in the foreground,on a plate,0.0,0.0,0.0
vinaigrette,emulsified type,0.0,0.0,0.0
wooden,wooden cutting board,0.5,0.0,0.5
yellow-brown,yellowish,0.0,0.0,0.0
jar,glass jar,0.6666666666666666,0.0,0.6666666666666666
wooden,wooden surface,0.6666666666666666,0.0,0.6666666666666666
on a wooden surface,on a wooden surface,1.0,1.0,1.0
green,green,1.0,0.0,1.0
scattered,scattered throughout,0.6666666666666666,0.0,0.6666666666666666
red,red,1.0,0.0,1.0
tomato,pomegranate,0.0,0.0,0.0
above the middle,center of plate,0.0,0.0,0.0
golden-brown,golden brown,1.0,1.0,1.0
waffles,waffles,1.0,0.0,1.0
white,white,1.0,0.0,1.0
darker,light golden to brown,0.0,0.0,0.0
on a white plate,on a plate,0.8571428571428571,0.4,0.8571428571428571
golden,golden brown,0.6666666666666666,0.0,0.6666666666666666
brown,brown,1.0,0.0,1.0
on the left,in the bowl,0.3333333333333333,0.0,0.3333333333333333
red,red,1.0,0.0,1.0
waffle,waffle,1.0,0.0,1.0
red,red,1.0,0.0,1.0
on the waffle,on the waffle,1.0,1.0,1.0
green,green,1.0,0.0,1.0
Awesome,cooked and seasoned,0.0,0.0,0.0
Walleye,tilapia,0.0,0.0,0.0
tan,white,0.0,0.0,0.0
red,red,1.0,0.0,1.0
watermelon,watermelon,1.0,0.0,1.0
white,white,1.0,0.0,1.0
on top,top of watermelon,0.4,0.0,0.4
green,green,1.0,0.0,1.0
pink,pink,1.0,0.0,1.0
watermelon,watermelon slice,0.6666666666666666,0.0,0.6666666666666666
red,red,1.0,0.0,1.0
clear,clear,1.0,0.0,1.0
orange,orange,1.0,0.0,1.0
wedges,wedges,1.0,0.0,1.0
golden-brown,golden-brown,1.0,1.0,1.0
on plate,on a plate,0.8,0.0,0.8
herbs,herbs,1.0,0.0,1.0
brown,reddish-brown,0.6666666666666666,0.0,0.6666666666666666
white,light brown,0.0,0.0,0.0
fries,fries topped with cheese,0.4,0.0,0.4
orange,orange peel,0.6666666666666666,0.0,0.6666666666666666
glasses,stemmed glasses,0.6666666666666666,0.0,0.6666666666666666
amber,golden-orange,0.0,0.0,0.0
on the tray,on a tray,0.6666666666666666,0.0,0.6666666666666666
metallic,metal,1.0,0.0,1.0
wings,chicken drumette,0.0,0.0,0.0
orange,orange,1.0,0.0,1.0
in the center,within a pan,0.0,0.0,0.0
saucy,crispy and well-seasoned,0.0,0.0,0.0
cauliflower,cauliflower,1.0,0.0,1.0
golden brown,golden brown,1.0,1.0,1.0
scattered across,somewhat scattered,0.5,0.0,0.5
plate,blue plate,0.6666666666666666,0.0,0.6666666666666666
golden-brown,golden brown,1.0,1.0,1.0
wontons,empanadas,0.0,0.0,0.0
crispy,golden brown,0.0,0.0,0.0
bowl,a bowl,0.6666666666666666,0.0,0.6666666666666666
in the bowl,in a bowl,0.6666666666666666,0.0,0.6666666666666666
green,green,1.0,0.0,1.0
brownish,brown,0.0,0.0,0.0
on the lower right,bottom right corner,0.28571428571428575,0.0,0.28571428571428575
cilantro,cilantro,1.0,0.0,1.0
tan,light brown,0.0,0.0,0.0
wraps,burritos,0.0,0.0,0.0
corn,corn,1.0,0.0,1.0
pink,pink,1.0,0.0,1.0
on the plate,in the burrito,0.3333333333333333,0.0,0.3333333333333333
spinach,spinach,1.0,0.0,1.0
yellow,yellow,1.0,0.0,1.0
orange,vibrant orange,0.6666666666666666,0.0,0.6666666666666666
yams,carrots,0.0,0.0,0.0
glistening,glossy orange-red glaze,0.0,0.0,0.0
on top of,on top,0.8,0.6666666666666666,0.8
green,green,1.0,0.0,1.0
orange,orange,1.0,0.0,1.0
yams,sweet potato,0.0,0.0,0.0
scattered,random pattern,0.0,0.0,0.0
white,white,1.0,0.0,1.0
on a white surface,white surface,0.6666666666666666,0.5,0.6666666666666666
white,white,1.0,0.0,1.0
brown,golden brown,0.6666666666666666,0.0,0.6666666666666666
blueberries,blueberries,1.0,0.0,1.0
creamy,smooth and creamy,0.5,0.0,0.5
yogurt,yogurt,1.0,0.0,1.0
red,red,1.0,0.0,1.0
on top,in the bowl,0.0,0.0,0.0
blue,blue,1.0,0.0,1.0
raspberries,raspberry,1.0,0.0,1.0
blue,black,0.0,0.0,0.0
ziti,macaroni,0.0,0.0,0.0
reddish-orange,deep red,0.0,0.0,0.0
reddish-brown,brown,0.6666666666666666,0.0,0.6666666666666666
spaghetti,zucchini noodles,0.0,0.0,0.0
throughout the entire pan,in a pan,0.28571428571428575,0.0,0.28571428571428575
yellow,yellow,1.0,0.0,1.0
zucchini,zucchini,1.0,0.0,1.0
black,black,1.0,0.0,1.0
in the center,on the plate,0.3333333333333333,0.0,0.3333333333333333
