Image,Question,Answer,Predict
ff557f4ea977d3a,What color is the top of the enchiladas,golden-brown,golden brown
ff557f4ea977d3a,What type of dish is positioned on the left side of the plate,enchiladas,baked fish fillet
ff557f4ea977d3a,What color is the filling of the enchiladas,white,white
ff557f4ea977d3a,Where are the enchiladas located on the plate,on the left side,the enchiladas are on the left
ff557f4ea977d3a,What vegetable is scattered on top of the lettuce,tomatoes,tomatoes
5c89583c7d79eac,What color is the baking dish,white,white
5c89583c7d79eac,What has happened to the vegan cheese on top of the bake,melted,the vegan cheese has melted
5c89583c7d79eac,What is the vegan cheese doing to the bake,covering,the vegan cheese is melting on top
5c89583c7d79eac,What color are the avocado slices,green,green
5c89583c7d79eac,Where are the sliced olives placed on the bake,across the bake,on top of the bake
ec8d556e427215f,What color is the chicken,golden-brown,the chicken is brown
ec8d556e427215f,What type of meat is used in the fajitas,chicken,chicken
ec8d556e427215f,What color is the shredded cheese,yellow,yellow
ec8d556e427215f,Where is the sour cream located,on a plate,lower left corner of the plate
4540be4f1b7483a,What color is the cilantro,green,green
4540be4f1b7483a,What herb is shown at the top left of the image,cilantro,cilantro
4540be4f1b7483a,What color is the bowl filled with pico de gallo,yellow,yellow
4540be4f1b7483a,What type of meat is included in the fajita mix,chicken,chicken
4540be4f1b7483a,Where is the fajita mix arranged,on a sheet pan,the fajita mix is arranged on a baking sheet
5466136e2c0ad7d,What type of meat is used in the fajitas,chicken,beef
5466136e2c0ad7d,What color are the bell peppers,green,"the bell peppers are yellow, orange, and red"
5466136e2c0ad7d,Where is the guacamole located,atop the fajita filling,in the upper right corner
04bc6b3e8a8aea0,What color are the Mahi Mahi pieces,golden-brown,the mahi mahi pieces are light brown
04bc6b3e8a8aea0,What type of fish is used in the fajitas,mahi mahi,salmon
04bc6b3e8a8aea0,What color are the sliced bell peppers,red,red and yellow
04bc6b3e8a8aea0,Where are the Mahi Mahi pieces placed,throughout the center,in the middle of the dish
04bc6b3e8a8aea0,What color are the sliced onions,white,the sliced onions are white
706203205f79559,What is the main protein in the fajitas,steak,the main protein in the fajitas is **beef strips**
706203205f79559,What color is the sliced steak,brownish-red,brown
706203205f79559,Where are the fajitas placed,on the plate,the fajitas are placed on a plate
0fd4b82e0e33a45,What type of vegetables are mixed with the red peppers,mushrooms,the vegetables mixed with the red peppers are mushrooms
0fd4b82e0e33a45,What color is the tortilla used for the fajitas,beige,the tortilla used for the fajitas is **white**
a1db7c4c3f6057d,What color are the falafels,golden-brown,brown
a1db7c4c3f6057d,What type of food is shown in the image,falafels,crab cakes
a1db7c4c3f6057d,What color is the lemon,yellow,yellow
a1b92188972141f,What color are the farro grains,brown,brown
a1b92188972141f,What type of ingredient is dark brown and interspersed with the farro,mushrooms,mushrooms
a1b92188972141f,What color is the cilantro sprig,green,green
a1b92188972141f,Where is the cilantro sprig positioned,on top of,on top of the rice
649f26370757a85,Is the dish suitable for vegetarians,yes,"yes, it is vegetarian"
649f26370757a85,What is the main grain used in the skillet,farro,the main grain used in the skillet is farro
649f26370757a85,What color is the bowl used to serve the dish,orange,the bowl is **red**
649f26370757a85,Where are the black beans located in the dish,throughout,the black beans are located in the center of the dish
649f26370757a85,What vegetable with green skin is mixed within the farro,zucchini,zucchini
1182fb165965c24,What material are the jars made of,glass,the jars are made of glass
1182fb165965c24,What color is the fennel,yellow,green
1182fb165965c24,Where is the fennel contained,contained within,the fennel is contained in the jar
1182fb165965c24,How are the jars sealed,sealed,the jars are sealed with a red and white checkered lid
1182fb165965c24,What color is the cloth on the jars,red,red and white checkered
dc82292cc9b95bb,What are the rectangular golden-brown items on the plate,feta fingers,fried breaded cheese sticks
dc82292cc9b95bb,What color are the feta fingers,golden,the feta fingers are golden brown
dc82292cc9b95bb,What color is the dotted pattern on the plate,blue,blue and yellow
c21c69d14faa792,What type of dish is shown in the image,salad,a bowl of salad
c21c69d14faa792,What color is the bowl holding the salad,yellow,yellow
c21c69d14faa792,What color are the chicken pieces in the salad,white,there are no chicken pieces in the salad
c0975f297eda584,What does the fettuccine do in the frame,fills,the fettuccine fills the frame
c0975f297eda584,What type of pasta is shown,fettuccine,beetroot pasta
c0975f297eda584,What is the texture of the sauce,creamy,the sauce is smooth and creamy
c0975f297eda584,What is scattered on top of the pasta,cheese,shredded cheese
c0975f297eda584,Where are the thin strands of cheese located,on top of,in the center
4a760002afb43b8,What is the color of the base of the dish,white,the base of the dish is white
4a760002afb43b8,Where is the fettuccine located in the dish,located throughout,at the bottom of the dish
4a760002afb43b8,What type of meat is scattered on top of the pasta,chicken,chicken
4a760002afb43b8,What color are the slightly browned areas on the chicken,asparagus,the slightly browned areas on the chicken are light brown
614c5dee532b78e,What color are the figs,purple,the figs are purple
614c5dee532b78e,What type of fruit is shown in the image,figs,prunes
614c5dee532b78e,Where is the goat cheese placed,on top of,on top of the figs
614c5dee532b78e,What is the texture of the goat cheese,creamy,the texture of the goat cheese is crumbly
614c5dee532b78e,How is the goat cheese distributed,scattered,the goat cheese is crumbled
a31ea68b260d0c2,What color is the interior of the cut filet,pinkish-red,the interior of the cut filet is red
a31ea68b260d0c2,What type of meat is shown in the image,filet,steak
a31ea68b260d0c2,What color is the seared exterior of the filets,brown,the seared exterior of the filets is dark brown
a31ea68b260d0c2,Where are the filets placed,on a plate,on the white plate
a31ea68b260d0c2,How is the exterior of the filets described,seared,well done
260ac1e7d31775e,What color is the plate,blue,the plate is dark blue
260ac1e7d31775e,What type of food is being served,fish,fish
260ac1e7d31775e,What herb is scattered on the fish,dill,dill
260ac1e7d31775e,What color is the fish generally,white,white
395a4e305e40a37,What flavor is the fish,lemony,herb seasoned salmon
395a4e305e40a37,What type of food is shown in the image,fish,grilled salmon fillet
395a4e305e40a37,What color is the plate,orange,orange
395a4e305e40a37,Where is the fish placed,on plate,the fish is placed on a plate
395a4e305e40a37,What color are the herbs on the fish,green,green
a5b87a311528eb8,What color is the plate,yellow,the plate is yellow
a5b87a311528eb8,What type of food is in the center of the plate,fish,fried fish with sauce
a5b87a311528eb8,What color is the fish,golden-brown,the fish is orange
a5b87a311528eb8,Where is the fish located,on a plate,on top of the lettuce
a5b87a311528eb8,What color are the scallions on the fish,green,the scallions on the fish are green and red
ce3a724e27e8f9f,What color is the fish,white,the fish is white
ce3a724e27e8f9f,What is the main ingredient in the dish,fish,rice
ce3a724e27e8f9f,What color is the sauce on top of the fish,brown,the sauce on top of the fish is brown
ce3a724e27e8f9f,Where is the ginger placed,on top of,on top of the fish
ce3a724e27e8f9f,What color are the scallions on top of the fish,green,the scallions are green
27bc4f71b275ae7,What is in the clear glass,drink,pisco sour
27bc4f71b275ae7,What color is the foam on the drink,white,the foam is white with a brown swirl
27bc4f71b275ae7,What color are the patterns on top of the foam,reddish-orange,the patterns on top of the foam are orange
27bc4f71b275ae7,Where are the reddish-orange patterns located,on top of,on top of the drink
c3720ab16e601cc,What is the texture of the flan's top surface,shiny,the flan's top surface is smooth and glossy
c3720ab16e601cc,What type of dessert is shown in the image,flan,flan
c3720ab16e601cc,What color is the plate,white,the plate is white
c3720ab16e601cc,What color is the surface on top of the flan,caramel-colored,the surface on top of the flan is caramel brown
8988bdd592b7b2b,What type of meat is scattered on the flatbread,chicken,chicken
8988bdd592b7b2b,How is the teriyaki sauce applied over the toppings,drizzled,it's drizzled over the toppings
8988bdd592b7b2b,What is the color of the onions on the flatbread,purple,the onions on the flatbread are purple
a04609d90ed6c41,What color is the pineapple in the dish,yellow,yellow
a04609d90ed6c41,How is the pineapple prepared in the dish,diced,the pineapple is diced
a04609d90ed6c41,What fruit is used in the dish,pineapple,pineapple
a04609d90ed6c41,What is the texture of the overall mixture,moist,the texture of the overall mixture is soft and moist
a04609d90ed6c41,How are the bread and pineapple pieces distributed in the dish,throughout the dish,the bread and pineapple pieces are evenly distributed
df836fe70475d5d,What type of container is the Cranberry Fluff served in,glass,martini glass
df836fe70475d5d,How full is the bowl with the Cranberry Fluff,filling,the bowl is almost full
df836fe70475d5d,What fruit pieces are visible in the Cranberry Fluff,cranberries,grapes
df836fe70475d5d,What fruit halves are prominently visible on the right side of the mound,grapes,grapes
df836fe70475d5d,Where is the Cranberry Fluff mounded to,to the brim,a glass bowl
93caec07215ba61,What color is the interior of the focaccia,yellow,the interior of the focaccia is light yellow
93caec07215ba61,What type of bread is shown in the image,focaccia,focaccia bread
93caec07215ba61,What color is the basil on top of the focaccia,green,the basil on top of the focaccia is green
93caec07215ba61,What material is the surface the focaccia is resting on,wooden,wooden cutting board
82927363da2288b,What color is the fondue in the bowl,yellow,yellow
82927363da2288b,What is the fondue contained in,bowl,a white ceramic bowl
82927363da2288b,What is the state of the bread's crust,toasted,the bread's crust is toasted
82927363da2288b,What color is the crust of the bread,golden-brown,brown
82927363da2288b,Where is the fondue dripping from,down from,the bread
2d2938a660f6b1d,What color are the pretzel rings,brown,the pretzel rings are brown
2d2938a660f6b1d,What type of food item is drizzled with white chocolate,pretzel,chex mix
82c11793c3b8518,What color is the dessert,brown,brown
82c11793c3b8518,What type of food is shown in the image,dessert,blondies
82c11793c3b8518,What shape are the desserts,rectangular,rectangular
f189044f1aaf168,What color are the slivered almonds on the candies,brown,white
f189044f1aaf168,What type of nuts are scattered on the candies,almonds,almonds
f189044f1aaf168,How are the almonds positioned on the candies,scattered,sliced and sprinkled on top
ff63f9d9e982d84,What color is the baking dish,white,white
ff63f9d9e982d84,What type of dish is the Frito Pie Casserole in,casserole,a white casserole dish
ff63f9d9e982d84,How are the chopped green onions arranged on top of the chips,scattered,randomly scattered
ff63f9d9e982d84,What color is the mixture underneath the chips,reddish-brown,reddish-brown sauce
ff63f9d9e982d84,Where is the layer of Frito chips located,on top,at the bottom of the casserole
c1995791b9f2571,What color is the pan,black,the pan is black
c1995791b9f2571,What color is the base of the frittata,yellow,the base of the frittata is **off-white with a yellow tint**
c1995791b9f2571,How are the green herbs distributed in the frittata,scattered,the green herbs are evenly distributed
c1995791b9f2571,What are the bright red slices arranged in the center,tomatoes,tomatoes
c1995791b9f2571,Where are the slices of tomatoes located,in a black pan,on top of the omelet
76f8eb55a8ddb4a,What color is the frittata primarily,yellow,yellow
76f8eb55a8ddb4a,What vegetable is visible in the frittata,broccoli,broccoli
76f8eb55a8ddb4a,What is the overall tone of the frittata's color,light,the overall tone of the frittata's color is yellow
76f8eb55a8ddb4a,What type of cheese is visible in the frittata,cheddar,cheddar
3fd383827ec0643,What color are the crab fritters,brown,the crab fritters are brown
3fd383827ec0643,How are the crab fritters arranged on the plate,clustered,in a neat pile
3fd383827ec0643,What is the food served on,plate,a decorative plate
3fd383827ec0643,What color are the lemon wedges,yellow,yellow
3fd383827ec0643,Where are the lemon wedges located,on the left,left side of the plate
8fb828778ec290d,What color is the larger fritter,golden-brown,golden
8fb828778ec290d,What type of food is on the plate,fritter,potato pancakes
8fb828778ec290d,How does the texture of the fritter appear around the edges,crispy,the fritter appears crispy around the edges
8fb828778ec290d,What color is the plate,white,white
90566bb352454ee,What is the flavor of the frosting on the stack,chocolate,chocolate
90566bb352454ee,What is the arrangement of the chocolate-frosted items,stack,stacked on a plate
90566bb352454ee,What color is the chocolate frosting,brown,dark brown
90566bb352454ee,Where is the stack of chocolate-frosted items placed,on a plate,the stack of chocolate-frosted items is placed on a plate
a238a1570e7fe42,What is the shape of the frosting,swirled,the frosting is in a swirl shape
a238a1570e7fe42,What color is the frosting,pink,the frosting is pink
a238a1570e7fe42,What is the dessert in the image,cupcake,cupcake
a238a1570e7fe42,What fruit is in the frosting,cherry,raspberry
a238a1570e7fe42,Where is the frosting located,on top of,on top of the cupcake
d5e6b885904e072,What are the containers holding the frosting,bowls,bowls
0de51666d9bbd9c,What does the frosting evenly do to the cake,coats,the frosting evenly covers the cake
0de51666d9bbd9c,What is the dessert in the image,cake,chocolate cake
0de51666d9bbd9c,What color is the frosting,brown,brown
0de51666d9bbd9c,Where is the cake placed,on the plate,on a blue plate
97145150b1c3a0a,What color is the plate,blue,the plate is white
97145150b1c3a0a,What type of dish are shown in the image,fries,loaded french fries
97145150b1c3a0a,What color is the melted cheese,orange,yellow
97145150b1c3a0a,Where is the melted cheese located,on top of,on top of the fries
a88c7dd881219e4,What color are the French fries in the casserole,yellow,there are no french fries in the casserole
a88c7dd881219e4,What type of dish is the food in the image,casserole,baked macaroni and cheese
17b989adaf9150e,What color is the plate,white,white
17b989adaf9150e,What type of food is described as golden-brown,fries,the food described as golden-brown is pizza
17b989adaf9150e,What color are some of the fillings,golden-brown,red
17b989adaf9150e,What color are some of the other fillings,orange,red
17b989adaf9150e,Where are the green spices sprinkled,on top of,on top of the pastry
a9c7fa28ed37744,What is the primary color of the fries,yellow,brown
a9c7fa28ed37744,What vegetable are the fries made from,potato,potatoes
a9c7fa28ed37744,What color is the skin on some of the fries,reddish-brown,red
a9c7fa28ed37744,Where are the fries placed,on a plate,on a blue plate
892b050aed75a1b,What is the primary color of the sweet potato fries,yellow,orange
892b050aed75a1b,What type of food is shown in the image,fries,fries
892b050aed75a1b,What is the appearance of the edges of some fries,charred,the edges of some fries are burnt
892b050aed75a1b,Where are the fries arranged on the plate,in the center,the fries are arranged on the plate in the center
892b050aed75a1b,What color is the napkin under the plate,blue,blue
07cf1edcce84e68,What is the base color of the fudge,white,white
07cf1edcce84e68,What type of food is shown in the image,fudge,cranberry white chocolate fudge
07cf1edcce84e68,What color are the cranberries in the fudge,red,red
07cf1edcce84e68,What type of nuts are in the fudge,walnuts,cranberries and walnuts
bf0ab2726eb40b3,What color is the fudge,brown,the fudge is light brown
bf0ab2726eb40b3,What type of dessert is shown,fudge,fudge
bf0ab2726eb40b3,Where is the fudge located in the image,on the left,the fudge is located in the left side of the image
bf0ab2726eb40b3,What does the surface of the fudge have,sheen,the surface of the fudge has a few spots
34f562a43a24940,What color is the crust of the galette,golden-brown,golden
34f562a43a24940,What color are the cherry tomatoes,red,red and orange
34f562a43a24940,Where are the basil leaves located on the galette,atop the galette,top
34f562a43a24940,What color are the basil leaves,green,green
599a7d7530ff76b,What color is the surface of the Galette des Rois,golden-brown,the surface of the galette des rois is brown
599a7d7530ff76b,What type of food is the Galette des Rois,pastry,a french pastry
599a7d7530ff76b,What color is the powdered sugar on the Galette des Rois,white,white
599a7d7530ff76b,How is the powdered sugar distributed on the Galette des Rois,sprinkled,the powdered sugar is distributed in a leaf pattern
5b46052cbc1ded8,What fruit is red and placed towards the top and center,strawberry,strawberries
5b46052cbc1ded8,What color is the crust of the galette,golden-brown,the crust of the galette is golden brown
5b46052cbc1ded8,What fruit is dark blue and nestled among the strawberry slices,blueberries,blueberries
5b46052cbc1ded8,Where are the strawberry slices placed,towards the top,in the middle
fb707f2c874780c,What is the color of the outer layers of the garlic,tan,the outer layers of the garlic are **light brown**
fb707f2c874780c,What is the main ingredient in the image,garlic,roasted garlic
fb707f2c874780c,What is the color of the exposed cloves of garlic,yellow,the exposed cloves of garlic are yellow
fb707f2c874780c,What is the color of the foil surrounding the garlic,silver,the foil is silver
014f5ece7199f30,What color is the lemon-lime soda gelatin salad,green,green
014f5ece7199f30,What type of dish is the lemon-lime soda gelatin salad,dessert,a bowl of gelatin salad
014f5ece7199f30,What is the texture of the lemon-lime soda gelatin salad like,gelatin,the lemon-lime soda gelatin salad is soft and creamy
014f5ece7199f30,What is the overall impression of the lemon-lime soda gelatin salad,creamy,"the lemon-lime soda gelatin salad appears to be **light, green, and slightly chunky**"
3920c6be53a6f6c,What color is the chicken,golden-brown,the chicken is light brown
3920c6be53a6f6c,What is the chicken served in,bowl,rice
3920c6be53a6f6c,How is the chicken arranged,sliced,the chicken is arranged in a row
3920c6be53a6f6c,What color are the garnishes on the chicken,green,green
3920c6be53a6f6c,Where is the chicken placed in relation to the rice,on top of,the chicken is placed on top of the rice
a3729bd13d1a3ce,"What ingredient adds a warm, spicy flavor to the dish",ginger,"the ingredient that adds a warm, spicy flavor to the dish is red pepper"
a3729bd13d1a3ce,What is the main protein in the dish,chicken,chicken
a3729bd13d1a3ce,What color is the plate,white,white
a3729bd13d1a3ce,Where is the stir-fry placed,on a plate,the stir-fry is placed on a woven mat
a3729bd13d1a3ce,What color are the bell pepper slices primarily located on the left side of the plate,red,the bell pepper slices are primarily red
00e593048406ff1,What is the color of the ginger syrup,translucent,the color of the ginger syrup is light yellow
00e593048406ff1,What is the syrup contained in,jar,a glass jar
00e593048406ff1,What color is the ginger syrup,amber,the ginger syrup is light yellow
00e593048406ff1,Where is the jar positioned in the image,in the center,in the center of the image
fea12437470c358,What color is the crust of the treats,yellow,the crust of the treats is yellow
fea12437470c358,What type of treats are shown in the image,gingerbread,peanut butter and chocolate pastries
fea12437470c358,What is on top of the gingerbread treats,chocolate,chocolate and powdered sugar
fea12437470c358,What color is the plate,beige,the plate is cream colored
e54f96ac6dd17b3,What color is the gingerbread house,brown,brown
e54f96ac6dd17b3,Is the gingerbread house shaped like a house,yes,"yes, it is"
e54f96ac6dd17b3,What color is the icing on the roof,white,white
e54f96ac6dd17b3,What shape is formed by the light blue and pink candies,flower,a flower
a39e3415ded2a21,What color are the dots on the tan gingerbread figure in the left center,green,red
a39e3415ded2a21,Where is the dark brown gingerbread man with green icing located,on top,the dark brown gingerbread man with green icing is located in the top right of the image
59f3fdd700719ff,What type of cookies are on the plate,gingerbread cookies,ginger snap cookies
59f3fdd700719ff,What color are the gingerbread cookies,brown,brown
59f3fdd700719ff,Where is the glass situated,on a plate,on a plate with cookies
40731821312df84,What is the color of the vanilla glaze,beige,white
40731821312df84,What type of baked goods are shown in the image,cookies,frosted oatmeal cookies
40731821312df84,How are the cookies arranged,stacked,stacked on top of each other
40731821312df84,Where is the glaze spread on the cookies,on top of,between the cookies
e2f346240095e65,What color is the bowl the soup is served in,white,the bowl is white
e2f346240095e65,What color is the soup base,yellow,the soup base is yellow
e2f346240095e65,What meat is scattered throughout the soup,bacon,bacon
e2f346240095e65,Where are the chopped green onions placed,on top,on top of the soup
bb9b1c1288afbc7,What type of pasta is pale yellow and scattered on the plate,gnocchi,gnocchi
bb9b1c1288afbc7,What seafood is distributed around the center and left side of the plate,shrimp,shrimp
bb9b1c1288afbc7,What color are the asparagus spears,green,green
f72def05a510d0d,What color is the chicken sausage,brownish-red,brown
f72def05a510d0d,What type of dumplings are in the dish,gnocchi,gnocchi
f72def05a510d0d,What color are the broccoli florets,green,green
f72def05a510d0d,Where are the food items located,on a plate,in a white bowl
0596db289a95c00,What color is the rotini pasta,yellow,the rotini pasta is light brown
0596db289a95c00,What type of food is the rotini,pasta,it is a pasta
0596db289a95c00,What color is the tomato-based sauce,red,red
0596db289a95c00,Where is the sprig of parsley placed,on top of,in the pasta
0596db289a95c00,What color is the sprig of parsley,green,the sprig of parsley is green
24e93d74ec63682,What color is the macaroni in the Goulash Supreme,orange-brown,the macaroni in the goulash supreme is **white**
24e93d74ec63682,What type of pasta is used in the Goulash Supreme,macaroni,macaroni
24e93d74ec63682,How are the macaroni pieces arranged in the bowl,scattered,the macaroni pieces are overlapping
24e93d74ec63682,What color are the diced tomatoes in the Goulash Supreme,red,red
24e93d74ec63682,Where is the green sprig of parsley located,at the top,upper right side of the bowl
4fe57bd9df72e3f,How is the ground beef arranged in the bowl,scattered,scattered throughout the stew
4fe57bd9df72e3f,What type of meat is used in the dish,beef,ground beef
4fe57bd9df72e3f,What color are the potatoes,yellow,the potatoes are yellow
4fe57bd9df72e3f,What color are the carrots,orange,orange
ba01bc8f6481ce0,What color are the specks of lemon zest in the granita,yellow,yellow
ba01bc8f6481ce0,What fruit is used to flavor the granita,lemon,lemon
ba01bc8f6481ce0,What material is the granita served in,glass,a glass
e26db2540b79be7,What fruit is used to make the granita,watermelon,watermelon
e26db2540b79be7,What is placed on top of the granita,mint,a sprig of mint
56f2be6ebb5a498,What color is the granola,brown,the granola is light brown
56f2be6ebb5a498,What type of food is shown in the image,granola,granola with dried cranberries
56f2be6ebb5a498,What color are the cranberries in the granola,red,the cranberries in the granola are red
1de8bda867af12d,What is the primary color of the granola,brown,brown
1de8bda867af12d,What type of food is being described,granola,granola
1de8bda867af12d,What color are the cranberries in the granola,red,red
1de8bda867af12d,How are the coconut flakes distributed in the granola,scattered,scattered throughout the granola
1de8bda867af12d,Where are the almonds located in the granola,in the mixture,scattered throughout the granola
c8325a55672f711,What is the color of the creamy sauce,yellow,the creamy sauce is off-white
c8325a55672f711,What is the main ingredient in the dish,potatoes,potatoes
c8325a55672f711,What color are the potato slices,yellow,the potato slices are off-white
c8325a55672f711,Where are the potatoes placed,in a baking dish,the potatoes are in the dish
6469a613547241c,What color is the dish,yellow,blue
6469a613547241c,What type of container holds the scallops,dish,a blue ceramic dish
6469a613547241c,What color are the scallops,white,white
6469a613547241c,What is the color of the sauce surrounding the scallops,yellow,the color of the sauce surrounding the scallops is yellow
6469a613547241c,Where is the dish positioned in the frame,in the lower center,bottom left
8659c8bf322c959,What is the size of the ham pieces,diced,small
8659c8bf322c959,What type of seafood is in the bowl,shrimp,shrimp
f8f3ab847fbd98e,What color are the carrot pieces,orange,the carrot pieces are orange
f8f3ab847fbd98e,What is the main liquid in the pot,broth,the main liquid in the pot is broth
f8f3ab847fbd98e,Where are the carrots and celery positioned,on the left,in the broth
37efc4acb95a4cc,What is the food served in,bowl,a ceramic bowl
37efc4acb95a4cc,What color is the lemon wedge,lemon,yellow
37efc4acb95a4cc,What color is the lemon wedge,yellow,yellow
37efc4acb95a4cc,Where is the lemon wedge placed in the bowl,on the left side,the lemon wedge is placed on the left side of the bowl
768d83ac0f75f2c,How are the chicken pieces arranged in the dish,scattered,the chicken pieces are arranged in a random manner
768d83ac0f75f2c,What color is the sauce in the gumbo,brown,brown
768d83ac0f75f2c,What type of meat is included in the gumbo besides sausage,chicken,chicken
768d83ac0f75f2c,What type of meat is included in the gumbo besides chicken,sausage,sausage
57fcd575d52b6f1,What color is the pita bread,beige,the pita bread is beige
57fcd575d52b6f1,What type of food is shown in the image,gyros,gyros with tzatziki sauce
57fcd575d52b6f1,What color is the gyro meat,brown,the gyro meat is brown
57fcd575d52b6f1,Where are the gyros mostly arranged in the image,on the left side,in the middle of the plate
57fcd575d52b6f1,What color are the lettuce leaves,green,green
501fae196787866,What is the texture of the panko crust,crispy,the panko crust has a **crispy** texture
501fae196787866,What type of fish is shown in the image,halibut,cod
501fae196787866,What color is the halibut,white,the halibut is white
501fae196787866,What color are the beans,green,green
501fae196787866,Where is the crispy panko crust located,on top,on top of the fish
ef1a71508ed5873,What color is the crust of the halibut,beige,the crust of the halibut is golden
ef1a71508ed5873,What type of fish is being served,halibut,halibut
ef1a71508ed5873,What color is the broccoli,green,the broccoli is green
ef1a71508ed5873,What is the broccoli located on,on the right,the broccoli is located on a plate
8a148819c0cb4f0,What color are the halloumi pieces after frying,golden-brown,the halloumi pieces are golden brown
8a148819c0cb4f0,What type of cheese is being fried,halloumi,halloumi cheese
8a148819c0cb4f0,What color is the plate,gray,the plate is white
8a148819c0cb4f0,Where is the lemon slice positioned on the plate,on the left,upper left corner
8a148819c0cb4f0,What color is the lemon slice,yellow,yellow
d0a17cef7c0faf3,What fruit is visible on the surface of the ham,apricot,there is no fruit visible on the surface of the ham
d0a17cef7c0faf3,What color is the exterior of the ham,reddish-brown,the exterior of the ham is brown
d0a17cef7c0faf3,What is next to the ham in the upper right quadrant of the plate,bowl,a small white bowl
d0a17cef7c0faf3,Where is the bowl of brown sugar sauce located,in the upper right,above the ham
5d818c429496351,What color is the ham,pink,the ham is pink
5d818c429496351,What type of meat is shown in the image,ham,cooked ham
cc1e04c85b3b6fb,What color is the ham inside the sandwich,pink,the ham is pink
cc1e04c85b3b6fb,What is the main food item in the image,sandwich,bacon sandwich
cc1e04c85b3b6fb,What color are the pickle slices,green,green
cc1e04c85b3b6fb,Where are the food items placed,on a plate,on a plate
cc1e04c85b3b6fb,What color are the edges of the pickle slices,green,green
1c1452434772ef5,What is the primary color of the ham slices,pink,the primary color of the ham slices is **pink**
1c1452434772ef5,What type of meat is shown in the image,ham,ham
1c1452434772ef5,What is the appearance of the edges of some ham slices,caramelized,burnt
1c1452434772ef5,Where are the ham slices layered,layered on,the ham slices are layered on a salad
1c1452434772ef5,What is the ham layered on top of,lettuce,ham is layered on top of salad
b397bd5d4937bfb,What is the main vegetable in the hash,potato,sweet potato
b397bd5d4937bfb,What color are the cubed sweet potatoes,orange,orange
b397bd5d4937bfb,Where are the sprigs of dill located,throughout,on the food
b397bd5d4937bfb,What color is the yolk of the fried egg,yellow,yellow
8ba0dca8f0c3725,What color is the Texas Hash,brownish,the texas hash is yellow and brown
8ba0dca8f0c3725,What is the food served on,plate,a white plate
8ba0dca8f0c3725,What color is the melted cheese,yellow,yellow
8ba0dca8f0c3725,Where are the scallions placed,sprinkled on top,on top of the dish
8ba0dca8f0c3725,What color is the plate,white,white
7e60dd9c05f81e5,What color are the sweet potato cubes,orange,orange
7e60dd9c05f81e5,What type of vegetable is used in the hash,potato,sweet potato
7e60dd9c05f81e5,How is the egg prepared,fried,over easy
7e60dd9c05f81e5,Where is the fried egg placed,on top of,on top of the hash
7e60dd9c05f81e5,What is the red-colored item in front of the potatoes,bacon,bacon
bae167eccbe36fa,What food item is shown in the image,hash browns,fish cakes
bae167eccbe36fa,What color is the top of the top left hash brown,golden-brown,golden brown
bae167eccbe36fa,Are the hash browns touching each other,yes,"yes, they are touching"
bae167eccbe36fa,Where are the hash browns placed,on a plate,on a white plate
9b5b05482f16491,What color are the hash browns,golden-brown,the hash browns are golden brown
9b5b05482f16491,What are the hash browns served on,plate,a plate
9b5b05482f16491,What color is the rim of the plate,orange,the rim of the plate is orange
9b5b05482f16491,What is sprinkled on the white creamy sauce,chives,chives
71f29ccc1bb79d2,What color are the chicken hearts and mushrooms,brown,brown
71f29ccc1bb79d2,What type of meat is visible in the image,chicken,the meat in the image is beef
71f29ccc1bb79d2,What color are the round objects in the upper right corner,yellow,yellow
71f29ccc1bb79d2,"Where are the pale yellow, round objects located in the image",in the upper right,in the background
6af6a4433e4a0c7,What color is the top of the Cornish Game Hen,golden-brown,golden brown
6af6a4433e4a0c7,What type of bird is shown in the image,hen,cornish hen
6af6a4433e4a0c7,What color are the darker grains in the rice stuffing,brown,brown
6af6a4433e4a0c7,Where is the Cornish Game Hen positioned in the image,at the top left,upper right side
4e8597ee35c2dfd,What type of food is in the bowl,salad,a salad with vegetables
4e8597ee35c2dfd,What colors are present in the salad dressing,green-white,green and white
4e8597ee35c2dfd,Where is the dressing drizzled,over the salad leaves,the dressing is drizzled on top
4e8597ee35c2dfd,What vegetable pieces are in the salad,tomatoes,tomato pieces are in the salad
00bf2bb6e5a159a,What type of beans are clustered on top of the hummus,edamame,edamame
00bf2bb6e5a159a,What is the base of the dish made of,hummus,edamame hummus
00bf2bb6e5a159a,What color are the small seeds scattered on the hummus,black,the small seeds scattered on the hummus are black
00bf2bb6e5a159a,Where are the edamame beans located,on top of,in the middle of hummus
b3642208c36c1c0,What is the color of the hummus,yellow,the color of the hummus is beige
b3642208c36c1c0,What is the dip in the bowl,hummus,hummus dip
b3642208c36c1c0,Where are the crackers placed in relation to the hummus,submerged,in the upper right corner
b3642208c36c1c0,What is served alongside the hummus,crackers,crackers
b3642208c36c1c0,Where are the crackers positioned in the bowl,on the right,behind the hummus
1d926823e55a19f,What is the hummus served in,bowl,a white ceramic bowl
1d926823e55a19f,What color is the hummus,brownish-green,the hummus is brown
1d926823e55a19f,Where is the bowl situated in the image,towards the top left,middle of the plate
3c4a5088c3151a4,What color is the hummus,beige,the hummus is white
3c4a5088c3151a4,What is the name of the food in the bowl,hummus,hummus
3c4a5088c3151a4,What color is the oil in the center of the hummus,yellow,yellow
3c4a5088c3151a4,What is arranged around the rim of the bowl,tomatoes,tomato slices are arranged around the rim
3c4a5088c3151a4,What is dusted on the hummus,spices,cumin
8ee85aedb5b644e,What color is the hummus,yellow-beige,the hummus is orange
8ee85aedb5b644e,What is the hummus served in,bowl,a black ceramic bowl
8ee85aedb5b644e,What color are the carrots,orange,orange
8ee85aedb5b644e,What is the hummus served with,carrots,carrots
8ee85aedb5b644e,Where are the carrots placed,on the plate,next to the hummus bowl
3d48f6b7482aba6,What color is the jam in the jars,reddish-brown,red
3d48f6b7482aba6,What containers are used to hold the jam,jars,glass jars with metal lids
3d48f6b7482aba6,Where are the jars positioned in the frame,in the center,in the foreground
bbf959f60d3b884,What color is the nectarine jam,orange,orange
bbf959f60d3b884,What are the jars made of,jars,glass with metal lids
bbf959f60d3b884,What material are the lids made of,glass,the lids are made of **tin**
bbf959f60d3b884,Where are the jars primarily located,in the center,against the wall
bbf959f60d3b884,What color is the background,pinkish-white,the background is white
f065b6f63d2d4a8,Where is the apricot jam located in the image,in the center,in the middle of the jar
f065b6f63d2d4a8,Which part of the image contains the jam,bottom half,the jar
f065b6f63d2d4a8,What color is the apricot jam,orange,orange
f065b6f63d2d4a8,How would you describe the color of the jam,vibrant,the color of the jam is orange
38ebbd7b792ff0d,What are the jars made of,glass,glass
38ebbd7b792ff0d,What fruit is used to make the jam,papaya,pineapple
38ebbd7b792ff0d,How would you describe the papaya used in the jam,fresh,the papaya used in the jam appears to be **ripe and orange in color**
38ebbd7b792ff0d,Where are the jars placed,on a white cloth,the jars are placed on a granite countertop
252b508f8033600,What color is the coffee jelly,dark brown,the coffee jelly is black
252b508f8033600,What shape are the coffee jelly pieces,cubes,square
252b508f8033600,What color is the liquid surrounding the coffee jelly,beige,the liquid surrounding the coffee jelly is white
252b508f8033600,How are the coffee jelly cubes distributed in the mugs,scattered,the coffee jelly cubes are evenly distributed
465a36d85d1bf6d,What color is the jerky,black,the jerky is dark brown
465a36d85d1bf6d,What color is the jerky described as,dark,black
465a36d85d1bf6d,How is the jerky arranged in the dish,stacked,the jerky is arranged in a stack
465a36d85d1bf6d,What is the jerky placed in,dish,a white rectangular dish
465a36d85d1bf6d,Where is the jerky pile located in the frame,in the center,bottom right corner
02649a5833f44cd,What is the primary color of the beef jerky,brown,the primary color of the beef jerky is brown
02649a5833f44cd,What type of food is shown in the image,beef jerky,roasted meat
02649a5833f44cd,How are the beef jerky pieces arranged in the image,scattered,the beef jerky pieces are arranged in a **random** manner
02649a5833f44cd,What color variation is seen in some of the beef jerky pieces,reddish-brown,"the beef jerky pieces display a range of brown colors, with some exhibiting a lighter shade"
02649a5833f44cd,Where are the darkest pieces of beef jerky located,around the edges,the darkest pieces of beef jerky are located in the middle
f4559d130566a05,What color are the beef jerky pieces,brown,brown
f4559d130566a05,What type of food is shown in the image,beef jerky,beef jerky
f4559d130566a05,How are the beef jerky pieces arranged,overlapping,the beef jerky pieces are arranged in a **random** fashion
580723682f5811f,What color is the beef jerky,dark brown,brown
580723682f5811f,Where is the beef jerky located,located inside,in a glass jar
580723682f5811f,What is the beef jerky stored in,jar,a mason jar
580723682f5811f,What is the jar doing on the table,sitting,the jar is holding beef jerky
580723682f5811f,What is the table made of,wooden,wood
fa7d133f1e16b4d,What color is the filling of the pie,yellow-tan,the filling of the pie is **cream-colored**
fa7d133f1e16b4d,Where is the pie slice placed,plate,on the plate
fa7d133f1e16b4d,What color is the plate,white,the plate is white with blue stripes
fa7d133f1e16b4d,How does the surface of the pie filling appear,glazed,the surface of the pie filling appears shiny
331b51dc156ef8d,What is the name of the sandwich in the image,sloppy joe,sloppy joe sandwich
331b51dc156ef8d,What color is the meat filling in the Sloppy Joe,reddish-brown,the meat filling in the sloppy joe is brown
331b51dc156ef8d,What color are the corn tortilla chips,yellow,yellow
331b51dc156ef8d,Where is the bottom bun located,on the bottom,on the plate
a82943b9e36974d,What color is the top of the bun,golden-brown,the top of the bun is light brown
a82943b9e36974d,What type of meat is in the filling,chicken,ground chicken
a82943b9e36974d,What color is the chicken filling,orange,the chicken filling is orange
a82943b9e36974d,Where are the jalapeño slices placed,on top,on top of the sandwich
a82943b9e36974d,What is clustered to the right of the Sloppy Joes,chips,chips
eb3061e9a1207ac,What color is the top bun,golden-brown,the top bun is brown
eb3061e9a1207ac,What is covering the Sloppy Joe filling,bun,a toasted bun
eb3061e9a1207ac,What color is the plate,gray,the plate is white
eb3061e9a1207ac,Where is the filling spilling onto,on a plate,the filling is spilling onto the **plate**
df79f56de740b5c,What color is the bun,tan,the bun is beige
df79f56de740b5c,Is the food served on a bun,bun,"yes, it is"
df79f56de740b5c,What color are the kidney beans,red,red
df79f56de740b5c,Where are the sesame seeds located,on top,on top of the bun
df79f56de740b5c,Are there diced carrots in the filling,diced,"yes, there are diced carrots"
1b262ba9f1f16d2,What color is the sesame seed juice,beige,the sesame seed juice is light brown
1b262ba9f1f16d2,What type of drink is shown in the image,juice,sesame milk
1b262ba9f1f16d2,Where is the sesame seed juice present,on the table,the sesame seed juice is present on the table
1b262ba9f1f16d2,What is the sesame seed juice served in,glass,a short glass
1b262ba9f1f16d2,Where is the sesame seed juice located,in a glass,in front of the bottle
199c11f14158f8f,How would you describe the color of the ginger juice at the bottom,vibrant,the color of the ginger juice at the bottom is orange
199c11f14158f8f,What is the ginger juice served in,glass,a wine glass
199c11f14158f8f,What color is the lemon twist,yellow,yellow
27446535c25c7fc,What fruit is used to make the stars,watermelon,watermelon
27446535c25c7fc,What color are the watermelon stars,pink,pink
27446535c25c7fc,What fruit is strung together on the skewers,blueberries,blueberries
27446535c25c7fc,What color is the surface the kabobs are placed on,green surface,green
27446535c25c7fc,What holiday do these kabobs represent,4th of july,christmas
8046eb3f2ad1d80,What color is the soup broth,golden-brown,the soup broth is clear
8046eb3f2ad1d80,How is the kale distributed in the soup,dispersed,the kale is distributed evenly throughout the soup
8046eb3f2ad1d80,What type of vegetable is deep green and present in the soup,kale,kale
8046eb3f2ad1d80,What is the soup served in,bowl,a white ceramic bowl
72d522544722a3f,What color are most of the kale chips,green,most of the kale chips are green
72d522544722a3f,What type of food is shown in the image,chips,bowl of crispy kale chips
72d522544722a3f,What is holding the kale chips,bowl,a white ceramic bowl
72d522544722a3f,Where is the bowl placed,on a wooden surface,on a wooden table
72d522544722a3f,What color are the edges of some of the kale chips,brownish,the edges of some of the kale chips are orange
c92064eed9436af,What color is the kale in the dish,dark green,the kale in the dish is green
c92064eed9436af,What type of vegetable is dark green and cooked in the dish,kale,kale
c92064eed9436af,What color are the peppers in the dish,red,red
c92064eed9436af,Where is the wooden spoon located in the pan,on top of,in the middle of the pan
7a5730a599a537b,What is the overall appearance of the kebabs,colorful,the kebabs appear to be well-seasoned and grilled
7a5730a599a537b,What type of dish is shown in the image,kebabs,kebab
7a5730a599a537b,What color are the beef pieces,red,the beef pieces are **light brown**
7a5730a599a537b,Where are the kebabs placed,on a plate,the kebabs are placed on a plate
7a5730a599a537b,What fruit is included in the kebabs,pineapple,the fruit included in the kebabs is **pineapple**
7c708793b814120,What color is the plate,white,white
7c708793b814120,What vegetable is shown in the image,kohlrabi,potato
7c708793b814120,How are the kohlrabi pieces placed on the plate,arranged,they are placed randomly
7c708793b814120,What color are the roasted edges of the kohlrabi,brown,the roasted edges of the kohlrabi are **dark brown**
7c708793b814120,Where are the kohlrabi pieces arranged,on a plate,on a white plate
dfaa2fddbcc3ce6,What color is the serving dish,yellow,the serving dish is **gray**
dfaa2fddbcc3ce6,What type of food is the kugel made of,noodles,noodles and cheese
dfaa2fddbcc3ce6,What color are the noodles in the kugel,yellow,the noodles in the kugel are yellow
dfaa2fddbcc3ce6,Where are the flecks of green parsley scattered,on the top,on top of the food
0d03349d96e42ba,What is the dominant color of the Kugel,golden-yellow,brown
0d03349d96e42ba,What process is the Kugel undergoing in the dish,baking,the kugel is undergoing the process of baking
0d03349d96e42ba,What is sprinkled on the surface of the Kugel,sprinkling,cinnamon is sprinkled on the surface
0d03349d96e42ba,What is the main ingredient visible throughout the Kugel,noodles,the main ingredient visible throughout the kugel is noodles
0d03349d96e42ba,What color are the darker elements interspersed throughout the Kugel,brown,dark brown
e2f49a9c9cea5ea,What color is the lamb,brown,the lamb is brown
e2f49a9c9cea5ea,What type of meat is centrally located in the image,lamb,roasted lamb with potatoes
e2f49a9c9cea5ea,Where is the lamb nestled,in the center,the lamb is nestled among the potatoes
ef59e3403eff7c8,What is the color of the broth in the stew,reddish-brown,the broth in the stew is red
ef59e3403eff7c8,What type of dish is the lamb being cooked in,stew,a white bowl
ef59e3403eff7c8,What does the broth do to the spaces between the solid ingredients,fills,the broth fills the spaces between the solid ingredients
ef59e3403eff7c8,What is the color of the bowl containing the stew,white,the bowl is white
ef59e3403eff7c8,Where are the lamb pieces located in the stew,throughout the stew,at the top of the stew
cba8c4178e2f10e,What color is the plate the lamb shanks are served on,white,white
cba8c4178e2f10e,What type of meat is featured in the dish,lamb,lamb shank
cba8c4178e2f10e,What color is the lamb shank,brown,brown
cba8c4178e2f10e,Where are the diced carrots located,scattered around,underneath the lamb shank
d1f69026ce3c901,What type of meat is shown in the image,lamb,**answer:** beef ribs
d1f69026ce3c901,What does the color of the lamb shank exhibit,gradient,the lamb shank exhibits a dark brown color
d1f69026ce3c901,What color is the sauce surrounding the lamb shanks,brown,the sauce surrounding the lamb shanks is brown
d1f69026ce3c901,What are the translucent pieces in the sauce,onions,the translucent pieces in the sauce are onions
d1f69026ce3c901,How are the onions described in the image,cooked,the onions are burnt and caramelized
cbd2b9ac8a823d3,What color is the bowl holding the lasagna,orange,the bowl is red
cbd2b9ac8a823d3,What type of dish is being served in the bowl,lasagna,cheese lasagna
cbd2b9ac8a823d3,What is the texture of the sauce on the lasagna,creamy,the texture of the sauce on the lasagna is creamy
cbd2b9ac8a823d3,What color is the sauce covering the pasta,white,the sauce covering the pasta is white
cbd2b9ac8a823d3,Where are the specks of black pepper located,on the surface,on top of the white sauce
f5fb0df40b092f8,What color is the top layer of the lasagna,golden-brown,golden brown
f5fb0df40b092f8,What type of dish is shown in the image,lasagna,baked pasta casserole dish
f5fb0df40b092f8,What color is the stovetop,black,black
f5fb0df40b092f8,Where is the lasagna placed,on a black stovetop,the lasagna is placed in a baking tray
f5fb0df40b092f8,What color are the visible interior layers of the lasagna,green,the visible interior layers of the lasagna are white
e3a012097af2a98,What color is the lettuce,green,the lettuce is green
e3a012097af2a98,What type of dish is being described,lasagna,a taco salad dish
e3a012097af2a98,What color are the diced tomatoes,red,red
e3a012097af2a98,What color is the melted cheddar cheese,yellow,the melted cheddar cheese is orange
e3a012097af2a98,Where is the lasagna resting,on top of,on top of salad
114e30b0121f8ac,What fruit is used to make the lassi,banana,mango
114e30b0121f8ac,What color is the straw,yellow,yellow
114e30b0121f8ac,Where is the straw placed in the glass,on the left,in the top left corner
114e30b0121f8ac,What color is the mint garnish,green,green
2836bea848092dc,What is the color of the glass,clear,the glass is clear
2836bea848092dc,What color is the spiced mango lassi,yellow,orange
2836bea848092dc,Where is the straw inserted,into the lassi,the straw is inserted in the smoothie
2836bea848092dc,What color are the leaves in the backdrop,green,the leaves in the backdrop are green
44bbcb71225e21a,What is the color of the glass mugs,transparent,the glass mugs are clear
44bbcb71225e21a,What color is the tray,white,white
44bbcb71225e21a,What is the primary color of the Eggnog Lattes,tan,brown
44bbcb71225e21a,Where are the mugs situated,on a plate,on a white plate
9eef702c19b23dd,What color is the foam on the latte,white,the foam is white
9eef702c19b23dd,What color is the latte,tan,the latte is light brown
9eef702c19b23dd,Where is the shaved white chocolate placed,on top of,on top of the coffee
9eef702c19b23dd,What fruit is placed to the left of the plate,strawberry,a strawberry
c5cc39a0e3818c9,What color is the cup,white,the cup is red and white
c5cc39a0e3818c9,What type of drink is in the cup,latte,hot chocolate
c5cc39a0e3818c9,What does the latte have on top of the foam,shaved chocolate,cinnamon
c5cc39a0e3818c9,What color is the bottom layer of the latte,brown,the bottom layer of the latte is white
c5cc39a0e3818c9,Where is the dusting of brown spice located,on top of,on top of the whipped cream
266ba9144fa1bca,What color is the pie filling,yellow,the pie filling is white
266ba9144fa1bca,Where does the pie filling sit,in the center,in the middle of the crust
266ba9144fa1bca,What is the dessert described in the image,pie,lemon pie with whipped cream
266ba9144fa1bca,What shape is the pie slice,triangular,triangle
266ba9144fa1bca,Where is the whipped cream located,on the top,on top of the pie
aacd533122666f9,What fruit is the cream made from,lemon,lemon
aacd533122666f9,What color is the lemon cream,yellow,yellow
aacd533122666f9,What utensil is partially submerged in the cream,spoon,spoon
db621f115a77b33,What color is the lemon curd in the jar closer to the viewer,yellow,yellow
db621f115a77b33,What containers are used to hold the lemon curd,jars,glass jars with lids
db621f115a77b33,What is the name of the food in the jars,lemon curd,ghee
db621f115a77b33,Where is the spoon placed,on the tray,in front of the jar
87435fc8c3e3be1,What color are the cookies,tan,the cookies are light brown
87435fc8c3e3be1,What type of food is shown in the image,cookies,baked goods
87435fc8c3e3be1,Where are the cookies placed,on a sheet,aluminum foil
c52015fe496e29e,What color is the strawberry lemonade,pink,pink
c52015fe496e29e,What fruit is used in the drink,strawberry,the drink is made with strawberries
c52015fe496e29e,What color is the lemon slice,yellow,yellow
c52015fe496e29e,Where is the lemon slice placed,on the rim,on the rim of the glass
8db7653c1d3620f,What is the drink in the glass mug,lemonade,lemonade
8db7653c1d3620f,What is the glass mug filled with,lemonade,ice tea with lemon slice
8db7653c1d3620f,What color is the lemonade,yellow,the lemonade is yellowish-brown
8db7653c1d3620f,What color is the wooden board,brown,the wooden board is brown
45f6c70dda5c055,What color are the Colombian lentils,brown,the colombian lentils are brown
45f6c70dda5c055,What type of food is mostly brown in color,lentils,the food mostly brown in color is lentil soup
45f6c70dda5c055,Are the lentils clearly seen in the broth,visible,"yes, they are"
45f6c70dda5c055,What is the color of the broth-like liquid,light brown,the broth-like liquid is brown
45f6c70dda5c055,Where are the lentils located in the image,dispersed,the lentils are in the soup
3667b2d7425ac3b,What color are the lentils in the bowl,yellowish-orange,the lentils in the bowl are orange
3667b2d7425ac3b,What is the base ingredient in the bowl,lentils,lentils
3667b2d7425ac3b,How are the lentils distributed in the bowl,dispersed,the lentils are distributed unevenly
3667b2d7425ac3b,What color is the kale in the bowl,green,green
3667b2d7425ac3b,Where is the kale primarily concentrated in the bowl,dispersed,right side of the bowl
7dcecb69aa246fa,What color are the diced tomatoes in the salad,red,red
7dcecb69aa246fa,What color are the fresh herbs in the salad,green,green
7dcecb69aa246fa,What color are the lentils in the salad,orange-brown,the lentils in the salad are orange
7dcecb69aa246fa,Where is the dense cluster of curly parsley located,on the left,left side of the salad
ec6d2fcde874a93,Where are the pale yellow chips located in relation to the lentil salad,to the right,behind the lentil salad
ec6d2fcde874a93,What is the light-colored mixture below the salad likely to be,grain,couscous
513dc1eda01a289,What color is the limeade,translucent,the color of the limeade is clear
513dc1eda01a289,What material is the glass made of,glass,crystal glass
513dc1eda01a289,What color is the limeade described as,whitish-yellow,the limeade is described as clear
513dc1eda01a289,Where is the slice of lime placed,on the rim,on the edge of the glass
513dc1eda01a289,What fruit is on the rim of the glass,lime,lemon
5a3a373e75ebdb8,What color is the linguine,yellow,the linguine is white
5a3a373e75ebdb8,What type of pasta is shown in the image,linguine,linguine
5a3a373e75ebdb8,What color are the chives,green,green
5a3a373e75ebdb8,How are the clams distributed throughout the dish,scattered,scattered throughout the pasta
0f47aba2c1035e4,What color is the linguine pasta,beige,the linguine pasta is white
0f47aba2c1035e4,What type of food is the main ingredient in the dish,pasta,pasta
0f47aba2c1035e4,What color are the portobello mushrooms,brown,the portobello mushrooms are dark brown
0f47aba2c1035e4,What color are the fresh herbs,green,green
0f47aba2c1035e4,Where are the sprigs of fresh green herbs placed,on top of,on top of the pasta
4a74a640bbcbdae,What color is the plate,white,the plate is white
4a74a640bbcbdae,What color is the top of the loaf,golden-brown,golden brown
4a74a640bbcbdae,Where is the loaf placed,on a plate,a white plate
4a74a640bbcbdae,What fruit is visible in the loaf,blueberries,blueberries
6f5968958d46e1b,What material is the cutting board made of,wooden,wood
6f5968958d46e1b,What type of food is on the cutting board,cheese,cheese biscuits
6f5968958d46e1b,What color is the larger piece of cheese loaf,yellow,the larger piece of cheese loaf is white with orange flecks
6f5968958d46e1b,Where is the larger piece of cheese loaf located,on the left,to the left
a9a427f82097900,Are the rolls vegan,yes,"no, they are not vegan"
a9a427f82097900,What color is the plate,white,white
a9a427f82097900,Where are the rolls positioned in the image,in the center,the rolls are positioned in the middle
29b645b9d151199,What color are the lumpia rolls,golden,golden brown
29b645b9d151199,How do the lumpia rolls appear in relation to each other,overlapping,the lumpia rolls appear in a **stacked** formation
29b645b9d151199,What is the predominant color of the lumpia rolls,reddish-brown,golden brown
0595fdb82f39b0f,What color is the sauce,reddish-brown,brown
0595fdb82f39b0f,Where is the small white bowl located,on the right side,upper right of plate
0595fdb82f39b0f,What is the sauce served in,bowl,a small white bowl
91fdbd8bb0a8e0e,What color is the mac and cheese,yellow,the mac and cheese is yellow
91fdbd8bb0a8e0e,What is the cheese doing to the macaroni,covering,the cheese is sticking to the macaroni
e1fafe420d478f3,What describes the overall look of the dish,vibrant,a hearty and savory breakfast skillet
e1fafe420d478f3,What is the dish cooked in,skillet,a red cast iron skillet
e1fafe420d478f3,What color are the chunks of sausage,browned,brown
e1fafe420d478f3,What color is the macaroni and cheese,yellow,the macaroni and cheese is orange
e1fafe420d478f3,Where are the drizzles of hot sauce located,on top of,the hot sauce drizzles are located in the middle of the dish
60ec1726e9600fa,What is the color of the lettuce,green,the lettuce is green
60ec1726e9600fa,Where is the burger located,in the center,the burger is located on the left side
25898d35cdcbac8,What type of pasta is used in the dish,macaroni,macaroni
25898d35cdcbac8,What color is the macaroni in the dish,yellow,the macaroni in the dish is yellow
25898d35cdcbac8,Where is the toasted breadcrumb layer located,on the top,top of the macaroni and cheese
632362f78909a06,What color is the macaroni and cheese,yellow,the macaroni and cheese is yellow
632362f78909a06,What type of pasta is on the plate,macaroni,macaroni and cheese
632362f78909a06,How is the macaroni and cheese arranged on the plate,clustered,the macaroni and cheese is arranged in a large clump
632362f78909a06,On which side of the plate is the macaroni and cheese,on the left side,left
b1e01e4a3f3359e,What flavor is the glaze on the Mahi Mahi,ginger,teriyaki
b1e01e4a3f3359e,What type of fish is shown in the image,mahi mahi,mahi mahi
b1e01e4a3f3359e,What color is the glaze on the Mahi Mahi,brown,dark brown
b1e01e4a3f3359e,Where are the pieces of Mahi Mahi located in the image,in the bottom center,in the lower left corner
d3305955d0cfa7b,What color is the Mahi Mahi,golden-brown,the mahi mahi is light brown
d3305955d0cfa7b,What type of fish is shown in the image,mahi mahi,mahi mahi
d3305955d0cfa7b,What color are the mango cubes,yellow,yellow
d3305955d0cfa7b,What vegetable is on the bottom right of the image,beans,green beans
579368f6acb85bb,What is the color of the filets,white,the filets are white
579368f6acb85bb,What color are the grill marks on the filets,reddish-brown,the grill marks on the filets are **black** and **brown**
579368f6acb85bb,What color are the beans,green,green
29300b2106fa5c0,What color is the creamy sauce in the Rockefeller topping,orange,the creamy sauce in the rockefeller topping is orange
29300b2106fa5c0,What vegetable is included in the Rockefeller topping,spinach,spinach
29300b2106fa5c0,What is the state of the mozzarella cheese on top,melted,mozzarella cheese is melted
c7590e962a199ce,What is the texture of the rice,sticky,the rice appears to be sticky
c7590e962a199ce,What color are the mango slices,yellow,the mango slices are yellow
c7590e962a199ce,How are the mango slices arranged on the rice,arranged,the mango slices are arranged in a fan shape
c7590e962a199ce,Where are the mango slices placed on the rice,on top of,in the middle of the rice
1d14ca8f5e015c6,What color is the Cadillac Margarita,pink,the cadillac margarita is pink
1d14ca8f5e015c6,What is the name of the drink,cadillac,margarita
1d14ca8f5e015c6,What color are the sugar crystals on the rim of the glass,white,white
1d14ca8f5e015c6,Where is the lime slice attached,on the surface,the lime slice is attached to the margarita glass
1d14ca8f5e015c6,What is the color of the lime slice,green,green
a3a640a49817695,What is the color of the margaritas,yellowish-green,the margaritas are yellow
a3a640a49817695,What is the drink in the image,margaritas,lemon margaritas
a3a640a49817695,What color is the cocktail shaker,silver,the cocktail shaker is silver
c6a5b6d09133e4e,What is the color of the Margarita On The Rocks,yellow-green,the margarita on the rocks is light yellow
c6a5b6d09133e4e,What color are the salt crystals on the rim of the glass,white,white
57ae10df5a5ef66,What color is the liquid in the glass,yellow,the liquid in the glass is yellow
57ae10df5a5ef66,What color is the salt on the rim of the glass,white,the salt on the rim of the glass is white
57ae10df5a5ef66,Where are the pineapple leaves positioned,from the top,on the rim of the glass
0c5a0aacfe0bef7,What type of drink is being served,margaritas,margaritas
0c5a0aacfe0bef7,What color is the plate,blue,blue
0c5a0aacfe0bef7,Where are the margaritas placed,on the plate,on a blue plate
0c5a0aacfe0bef7,What color are the lime slices,green,green
28c13c705876e33,What color is the liquid in the glass,red,the liquid in the glass is red
28c13c705876e33,What fruit is skewered on the stick,blackberries,blackberries
28c13c705876e33,Where are the blackberries and mint leaves placed,on the wooden surface,on the cutting board
28c13c705876e33,What color are the mint leaves,green,green
0a840a459597f90,What is surrounding the chicken pieces,marinade,a brown gravy sauce
0a840a459597f90,Where is the marinade mostly located,surrounding,the marinade is mostly located in the fish
0a840a459597f90,What type of meat is shown in the image,chicken,fish
0a840a459597f90,How does the marinade appear,glossy,the marinade appears brown and syrupy
0a840a459597f90,Where is the marinade located in relation to the chicken pieces,in the background,the marinade is underneath the chicken pieces
9628adf77ad491d,What is the consistency of the marinade,viscous,the marinade is thick and slightly chunky
9628adf77ad491d,What is the purpose of the green mixture in the bowl,marinade,the green mixture in the bowl is a marinade
9628adf77ad491d,Where is the marinade contained,in the bowl,the marinade is contained in a white bowl
9628adf77ad491d,Where is the small white bowl located in the image,in the center,in the middle of the image
9628adf77ad491d,What fruit is placed to the right of the bowl,lemon,a lemon
ff4e68b58369ade,What color is the marinade on the meat skewers,reddish-brown,the marinade on the meat skewers is brown
ff4e68b58369ade,What does the marinade do to the surface of the meat skewers,coats,the marinade makes the meat shiny
ff4e68b58369ade,What are the pieces of meat placed on,skewers,skewers
ff4e68b58369ade,What color is the plate,white,white
1a05e7b22b78c56,What color is the marinade,reddish-brown,the marinade is red
1a05e7b22b78c56,What type of meat is the marinade on,chicken,chicken thighs
1a05e7b22b78c56,Where is the marinade primarily located,on the upper chicken,the marinade is primarily located on the chicken
fa17a9ec083ec53,What is the color of the marmalade described as,amber,the marmalade is brown
fa17a9ec083ec53,What type of preserve is shown in the image,marmalade,apple jam
fa17a9ec083ec53,What color is the marmalade,amber,brown
fa17a9ec083ec53,What is the jar made of,glass,glass
820eb7fa401d2f5,What color is the marmalade,orange,red
820eb7fa401d2f5,What is the shade of the marmalade's color,amber,dark reddish brown
820eb7fa401d2f5,What is the name of the food item in the jar,marmalade,quart of homemade jam
820eb7fa401d2f5,What pattern is on the surface where the marmalade is placed,striped,yellow and white stripes
820eb7fa401d2f5,Where is the kitchen towel in relation to the marmalade,to its left,in front of the marmalade
ee15c597bfb8798,What color is the first marshmallow log,brown,white
ee15c597bfb8798,What is the coating on the marshmallow logs,coated,the coating on the marshmallow logs is shredded coconut
ee15c597bfb8798,How many marshmallow logs are there,three,there are three
ee15c597bfb8798,Where is the first marshmallow log located,on the left,in the back left
ee15c597bfb8798,What is the white coating on the marshmallow logs made of,coconut,the white coating on the marshmallow logs is made of coconut
b7538c474cb8e0d,What type of candy is shown in the image,marshmallows,marshmallows
b7538c474cb8e0d,What color are the marshmallows,light pink,pink
b7538c474cb8e0d,Where are the marshmallows placed,on a small plate,on a white plate
b7538c474cb8e0d,Where are three of the marshmallows located,bottom,on the plate
d5a84d4b2f83ff9,How would you describe the appearance of the watermelon martini,vibrant,the watermelon martini is red with a salted rim
d5a84d4b2f83ff9,What fruit is used to garnish the drink,watermelon,watermelon
d5a84d4b2f83ff9,What color is the watermelon cube on the glass,pink,red
d5a84d4b2f83ff9,Where is the watermelon cube placed,on the top,on the edge of the glass
d5a84d4b2f83ff9,What color is the lime wedge,green,the lime wedge is green
66ae1600ebb7f91,What color is the liquid in the glasses,red,the liquid in the glasses is red
66ae1600ebb7f91,What type of glasses are the drinks served in,stemmed,martini glasses
66ae1600ebb7f91,What color is the granular substance on the rim of the glasses,brown,the granular substance on the rim of the glasses is **white salt**
66ae1600ebb7f91,Where is the lemon slice positioned in each glass,on top of,at the bottom of each glass
faeaf31da2804f9,What color is the liquid in the martini glass,reddish-purple,the liquid in the martini glass is dark red
faeaf31da2804f9,What type of drink is in the glass,martini,margarita
faeaf31da2804f9,What color are the cherries in the martini,red,red
faeaf31da2804f9,What is on the toothpick in the martini,with two bright red cherries,cherries
faeaf31da2804f9,What is the bottle to the left of the martini glass,agave,organic sriracha hot sauce
f03641343949289,What nut is used in the marzipan,pistachio,almonds
f03641343949289,What color is the pistachio marzipan,green,the pistachio marzipan is green
f03641343949289,What shape is the large block of marzipan,cylindrical,the large block of marzipan is shaped like a cylinder
f03641343949289,What shape is the other piece of marzipan,rectangular bar,rectangular
f03641343949289,Where is the cylindrical block positioned,on the left side,on a green cutting board
b18e700533e57c7,What color is the bowl,white,white
b18e700533e57c7,What color are the diced carrots,orange,orange
b18e700533e57c7,What vegetable is scattered in the soup,carrots,carrots
b18e700533e57c7,Where is the soup served,in a bowl,in a white bowl
6e5a18f2e850105,How does the chicken skin appear,crispy,the chicken skin appears golden brown
6e5a18f2e850105,What type of meat is shown in the image,chicken,chicken
6e5a18f2e850105,What color is the plate,white,white
6e5a18f2e850105,What color are the lemon slices,yellow,the lemon slices are yellow
6e5a18f2e850105,Where is the chicken placed,on a plate,on a white plate
d7c036841cefce5,What is the name of the condiment in the image,mayo,butter
d7c036841cefce5,What texture does the 'Thick 'n Tangy Mayo' have,smooth,smooth and silky
d7c036841cefce5,What color is the pan in the image,gray,the pan is silver
d7c036841cefce5,Where is some of the 'Thick 'n Tangy Mayo' located,in the upper left corner,at the top left corner
7e886250c1c8bd7,What is the condiment served in,bowl,a small white bowl
7e886250c1c8bd7,What color is the condiment,orange,orange
7e886250c1c8bd7,What herb is used to top the condiment,basil,basil
7e886250c1c8bd7,Where is the bowl placed,on a light-colored surface,on a table cloth
e4a5cb24b16dcbf,What color is the ramp mayonnaise,light green,green
e4a5cb24b16dcbf,What does the ramp mayonnaise do to the bowl,fills,it makes the bowl green
e4a5cb24b16dcbf,What type of container is the ramp mayonnaise in,bowl,glass bowl
e4a5cb24b16dcbf,What is positioned to the right of the bowl,leaves,a leaf with a flower
e4a5cb24b16dcbf,Where are the leaves and flowers positioned relative to the bowl,to the right of,to the right of the bowl
dd053255e37ce87,What color are the egg noodles,yellow,the egg noodles are yellow
dd053255e37ce87,What is the main protein in the dish,meatballs,the main protein in the dish is meatballs
dd053255e37ce87,Where are the meatballs located,on top,in the center of the dish
dd053255e37ce87,What color are the herbs sprinkled on top,green,green
61be719816b9597,What color are the meatballs primarily,orange-brown,brown
61be719816b9597,What type of sauce is used in the dish,tomato sauce,tomato sauce
61be719816b9597,What does the tomato sauce do to the meatballs,covers,the tomato sauce moistens the meatballs
61be719816b9597,What color are the parsley flakes on top of the dish,green,green
99b06fe64858e3f,What is the flavor of the meatballs,sweet,sweet and sour meatballs
99b06fe64858e3f,What type of food is in the bowl,meatballs,meatballs with a brown sauce
99b06fe64858e3f,What color are the meatballs,brownish-red,the meatballs are brown
99b06fe64858e3f,Where are the meatballs placed in the image,in the center,in the white bowl
99b06fe64858e3f,What is the meatballs served in,bowl,a white bowl
3bcec40caadd96c,What is the texture of the sauce on the meatballs,creamy,the sauce on the meatballs is thick and creamy
3bcec40caadd96c,What is the main protein in the dish,meatballs,meatballs
3bcec40caadd96c,What color is the sauce on the meatballs,orange,orange
3bcec40caadd96c,Where is the rice located in relation to the meatballs,underneath,the rice is under the meatballs
3bcec40caadd96c,What color are the beans in the image,green,green
48ff5489da60b8a,What color is the outer layer of the meatloaf,brown,brown
48ff5489da60b8a,What is served alongside the meatloaf,salad,salad
48ff5489da60b8a,How is the red onion prepared in the salad,sliced,sliced
48ff5489da60b8a,Where is the All-American Meatloaf located in the image,is in,in the top left
48ff5489da60b8a,What color is the bread roll,golden,yellow
7c05dc76a8b9bbd,What type of dish is shown in the image,meatloaf,meatloaf with potatoes and herbs
7c05dc76a8b9bbd,What is the primary color of the meatloaf,light-brown,brown
7c05dc76a8b9bbd,What color is the sauce on the meatloaf,reddish-brown,the sauce on the meatloaf is dark brown
7c05dc76a8b9bbd,Where on the plate is the meatloaf positioned,towards the right side,front right of the plate
5f4fe775f4c81eb,What color is the outer edge of the meatloaf,dark,the outer edge of the meatloaf is **dark brown**
5f4fe775f4c81eb,What is the main dish in the image,meatloaf,meatloaf
5f4fe775f4c81eb,What color is the plate,white,the plate is white
5f4fe775f4c81eb,What is garnished on the meatloaf,with sprigs,thyme
6a7b52c652f8f68,What color are the broccoli florets in the image,bright,green
6a7b52c652f8f68,What vegetable is bright green and scattered in the image,broccoli,broccoli
6a7b52c652f8f68,What color is the diced ham in the image,red,the diced ham in the image is **red**
6a7b52c652f8f68,How do the potato cubes appear in the image,browned,the potato cubes appear slightly browned
6a7b52c652f8f68,Where are the ingredients distributed across the image,across the image,the ingredients are distributed across the entire image
aa903bd2778d89d,What is the color of the top melon ball,yellow,the color of the top melon ball is white
aa903bd2778d89d,What type of drink is in the glass,smoothie,frozen fruit smoothie
aa903bd2778d89d,What is the glass made of,glass,glass is made of glass
aa903bd2778d89d,What is the color of the middle melon ball,white,the color of the middle melon ball is orange
aa903bd2778d89d,Where are the orange and green melon balls positioned,near to,at the bottom of the glass
fe9f0ffd89fa623,What is the color of the glass pitcher,clear,the glass pitcher is clear
fe9f0ffd89fa623,What type of container is the flax seed milk in,pitcher,glass pitcher
fe9f0ffd89fa623,What is the color of the flax seed milk,beige,the color of the flax seed milk is light brown
fe9f0ffd89fa623,Where is the pitcher sitting,in the center-left,on top of a wooden table
84e269f9d9b168c,What color is the tiled surface,pink,pink
84e269f9d9b168c,What type of drink is shown in the image,milkshakes,vanilla milkshake
84e269f9d9b168c,Where is the whipped cream located,topped,on top of the milkshakes
84e269f9d9b168c,What color is the cherry on each milkshake,red,red
84e269f9d9b168c,Where is the cherry positioned,on each milkshake,on the right milkshake
97bf53a3c9e3567,What is the top layer of the cheesecake made of,chocolate,chocolate
97bf53a3c9e3567,What color is the cheesecake itself,brown,the cheesecake is beige
97bf53a3c9e3567,Where are the chocolate chunks located,on top,on top of the cheesecake
067bfdc6a1b4452,What is the appearance of the water in the pitcher,clear,the water in the pitcher appears to be clear and slightly yellowish
067bfdc6a1b4452,What type of container is the citrus water in,pitcher,a glass pitcher
067bfdc6a1b4452,What color are the lemon slices in the pitcher,yellow,the lemon slices in the pitcher are yellow
067bfdc6a1b4452,Where is the pitcher placed,on a wooden board,the pitcher is placed on a wooden cutting board
39267ddba7b95b5,What color is the broth in the soup,yellowish,the broth in the soup is a light brown color
39267ddba7b95b5,What ingredient in the soup is white and rectangular,tofu,tofu
39267ddba7b95b5,How are the sliced green scallions arranged in the soup,scattered across,they are arranged in circles
39267ddba7b95b5,What color is the geometric pattern on the bowl's rim,blue,white
48462df2eb117b1,What color is the Miso Honey Dressing,reddish-brown,the miso honey dressing is brown
48462df2eb117b1,What type of container is the Miso Honey Dressing in,jar,small glass bottle
48462df2eb117b1,What is the texture of the Miso Honey Dressing,viscous,smooth and slightly thick
48462df2eb117b1,Where are the green onion and sesame seeds located,on the top,on top of the sauce
48462df2eb117b1,What is placed beside the jar of Miso Honey Dressing,tomatoes,tomatoes
0bfd3b543549aa0,What is the Chex Mix served in,bowl,a glass bowl
0bfd3b543549aa0,How are the ingredients in the bowl arranged,mixed,the ingredients in the bowl are arranged in a **random** manner
0bfd3b543549aa0,What color are the Chex cereal pieces,brown,brown
0bfd3b543549aa0,What color are the Goldfish crackers,orange,they are orange
0bfd3b543549aa0,Where is the Spicy Buffalo Chex Mix placed,in a clear glass bowl,a glass bowl
b7cc7018ab8a658,What color is the wooden bowl,brown,the wooden bowl is brown
b7cc7018ab8a658,What is the snack mix served in,bowl,a wooden bowl
b7cc7018ab8a658,What type of sweet treats are included in the snack mix,candies,candy corn and chocolate chips
b7cc7018ab8a658,What color are the Bugles in the snack mix,golden-brown,gold
dc76426a240bd72,What color is the checkered cloth,blue,the checkered cloth is blue and white
dc76426a240bd72,What material is the surface the bowls are sitting on,wooden,wood
dc76426a240bd72,What type of snack is golden brown in the bowls,pretzels,chex mix
dc76426a240bd72,What color are the cheese-flavored sticks,orange,yellow
dc76426a240bd72,Where is the bowl with the blue and white checkered cloth located,on the left,behind the bowl on the left
ffed70feaf2c3d8,What color is the caramel corn,beige,the caramel corn is golden brown
ffed70feaf2c3d8,What color are the pretzels,brown,brown
ffed70feaf2c3d8,Where are the pretzels scattered mostly,towards the bottom,the pretzels are scattered mostly at the bottom
869d6b1bdc93aba,What color is the Mocha au Lait Mix,brown,the mocha au lait mix is brown
869d6b1bdc93aba,What is the container for the Mocha au Lait Mix,jar,a glass jar with a black lid
869d6b1bdc93aba,What is the state of the Mocha au Lait Mix in the jar,filled,the mocha au lait mix is in a powdered state
869d6b1bdc93aba,What color are the pieces in the Mocha au Lait Mix,white,the pieces in the mocha au lait mix are brown and white
869d6b1bdc93aba,Where is the jar filled with white powder located,to the left of,on the kitchen counter
958fef1593cd2eb,What is the primary color of the mocha drink,brown,brown
958fef1593cd2eb,What is the texture of the top layer of the drink,foamy,the top layer of the drink is whipped cream
958fef1593cd2eb,What is on top of the mocha drink,with whipped cream,whipped cream and chocolate chips
958fef1593cd2eb,Where are the chocolate chips located,scattered,on top of whipped cream
638bf82e40fbb3d,What is the hue of the mojito,yellow-green,the mojito in the image is green
638bf82e40fbb3d,What type of drink is shown in the image,mojito,mojito
638bf82e40fbb3d,What color are the mint leaves in the mojito,green,green
638bf82e40fbb3d,How is the mojito served in the image,by the pitcher,the mojito is served in a pitcher
638bf82e40fbb3d,What describes the appearance of the mint leaves,fresh,the mint leaves are green
bc20ea826ad34ab,What color is the mojito located at the top left,green,the mojito located at the top left is green
bc20ea826ad34ab,What type of drink is shown in the image,mojito,cocktails
bc20ea826ad34ab,What color is the mojito with mint leaves and a gold straw,yellow,green
bc20ea826ad34ab,What fruit is in the light pink mojito,strawberry,grapefruit
f54d9b4f31ab88c,What is the color of the glasses holding the mousse,transparent,the color of the glasses holding the mousse is clear
f54d9b4f31ab88c,What type of dessert is shown in the image,mousse,vanilla mousse with chocolate sprinkles
f54d9b4f31ab88c,What color is the coffee powder on top of the mousse,brown,brown
f54d9b4f31ab88c,How would you describe the texture of the mousse,creamy,the mousse appears to be light and airy
f54d9b4f31ab88c,Where are the mousses placed,on a silver tray,on a silver tray
42a76678c4704ca,What color is the top of the muffins,golden-yellow,the top of the muffins is yellow
42a76678c4704ca,What type of baked goods are shown in the image,muffins,lemon poppy seed muffins
42a76678c4704ca,What is the front muffin doing to the muffin behind it,obscuring,it is leaning on it
42a76678c4704ca,What color is the serving dish,blue,the serving dish is blue
b65addd2e59de92,What type of drink is the Limoncello Mule,beverage,limoncello mule is a vodka-based drink
b65addd2e59de92,What do the ice cubes fill in the glass,fill,water
b65addd2e59de92,What color are the ice cubes,white,the ice cubes are white
b65addd2e59de92,Where is the sprig of mint leaves located,on top of,in the drink
5a2032b309c2f30,What material is the mug made of,copper,copper
5a2032b309c2f30,What type of drink container is used,mug,copper mug
5a2032b309c2f30,What color is the lime twist on the mug,green,green
5a2032b309c2f30,What color is the candied ginger,yellow,the candied ginger is not visible in the image
5a2032b309c2f30,Where is the slice of lime placed,on the wooden surface,on top of the ice
ea5af326b0c0ae0,What color are the mushrooms,brown,brown
ea5af326b0c0ae0,What type of food is shown in the image,mushrooms,sauteed mushrooms
ea5af326b0c0ae0,How does the sauce on the mushrooms appear,glossy,the sauce appears to be brown and shiny
ea5af326b0c0ae0,What color are the leaves scattered throughout the mushrooms,green,green
ea5af326b0c0ae0,How are the mushrooms arranged,in a pile,they are arranged in a pile
49867bb4f0e8a8e,What color are the scrambled eggs,yellow,yellow
49867bb4f0e8a8e,What is the main ingredient mixed with the mushrooms,eggs,eggs
49867bb4f0e8a8e,What type of vegetable is mixed with the eggs,mushroom,mushrooms
49867bb4f0e8a8e,What color are the mushrooms,brown,the mushrooms are brown and white
2f23310ae0cd1ac,What is the main protein in the dish,chicken,chicken
2f23310ae0cd1ac,What color is the creamy dijon sauce,brown,the creamy dijon sauce is **yellowish orange**
2f23310ae0cd1ac,Where is the chicken located in the bowl,on the right,in the middle of the bowl
2f23310ae0cd1ac,What are the small green specks on the sauce,herbs,chopped parsley
003a0414a7b4b4d,What is the texture of the mushrooms,creamy,the mushrooms appear to be soft and moist
003a0414a7b4b4d,What type of food is being cooked,mushrooms,mushrooms
003a0414a7b4b4d,What color is the pan,black,the pan is black
003a0414a7b4b4d,Where are the mushrooms being cooked,from the pan,in a frying pan
003a0414a7b4b4d,What color are the darker parts of the mushrooms,brown,the darker parts of the mushrooms are black
6b9c89697a4e683,What color are the enoki mushrooms in the image,yellow,the enoki mushrooms in the image are beige
6b9c89697a4e683,What type of mushrooms are shown in the image,enoki mushrooms,enoki mushrooms
6b9c89697a4e683,How do the strands of enoki mushrooms appear in the image,tangled,they appear to be cooked
6b9c89697a4e683,What is the shape of the enoki mushrooms in the image,strands,the enoki mushrooms in the image are long and thin
ae3d0682c44e12e,What is the state of the mussels in the broth,immersed,the mussels in the broth are cooked
ae3d0682c44e12e,What type of seafood is primarily black and in the center of the image,mussels,mussels
ae3d0682c44e12e,What color is the broth surrounding the mussels,orange-red,reddish orange
ae3d0682c44e12e,What color is the chorizo in the broth,brownish-red,red
ae3d0682c44e12e,Where is the piece of bread located in the image,on the left,in the bottom left corner
ced462fa8f5ce2e,What is the color of the mustard sauce,yellow-orange,the color of the mustard sauce is yellow
ced462fa8f5ce2e,What is happening to the mustard sauce above the jar,pouring,a spoon is pouring mustard sauce
ced462fa8f5ce2e,What is the mustard sauce stored in,jar,a glass jar
ced462fa8f5ce2e,What is the cutting board made of,wooden,wood
ced462fa8f5ce2e,Where is the spoonful of mustard sauce held,above the jar,above the jar of mustard sauce
4fde47f85a2d62f,What material is the jar made of,glass,glass
4fde47f85a2d62f,What type of surface is the jar on,wooden,wooden parquet flooring
4fde47f85a2d62f,What condiment is in the jar,mustard,butter
4fde47f85a2d62f,Where is the jar located relative to the silver spreader,to the right,to the left of the spreader
832f0e5e873a85a,What type of mustard is in the jars,dijon,dijon mustard
832f0e5e873a85a,What color is the mustard in the jars,tan,the mustard in the jars is **light brown**
832f0e5e873a85a,How are the jars arranged in the image,lined up,in a row
832f0e5e873a85a,What containers hold the mustard,jars,mason jars
87b272a4cbacfdb,What is the texture of the vegan nacho cheese,creamy,the vegan nacho cheese has a thick and creamy texture
87b272a4cbacfdb,What food is the vegan nacho cheese poured over,nachos,tortilla chips
87b272a4cbacfdb,What color is the vegan nacho cheese,light-orange,the vegan nacho cheese is orange
87b272a4cbacfdb,Where is the chopped green onions scattered,on top of,on top of the nachos
87b272a4cbacfdb,What is the vegan nacho cheese held in,bowl,glass bowl
af8cb9fe3adcc14,What is the base of the dish made of,potato,fried potatoes
af8cb9fe3adcc14,What color is the plate,white,the plate is white
af8cb9fe3adcc14,What color are the potato wedges,golden-brown,golden brown
af8cb9fe3adcc14,What is melted over the potatoes,cheese,cheese
af8cb9fe3adcc14,Where are the quick potato nachos placed,on a plate,a white plate
a87e8139eb5bf66,What is drizzled on top of the nachos,chocolate,chocolate
a87e8139eb5bf66,What type of chips are used for the nachos,nachos,pita chips
a87e8139eb5bf66,What color are the tortilla chips,brown,the tortilla chips are brown
a87e8139eb5bf66,What color is the paper plate,white,"the paper plate is white with green, blue, and purple flowers"
a87e8139eb5bf66,Where is the ice cream and chocolate sauce primarily concentrated,on top of,the ice cream and chocolate sauce are primarily concentrated in the middle of the plate
7745d02f7aac9ca,What is the texture of the nectarine refresher,smooth,the texture of the nectarine refresher is smooth
7745d02f7aac9ca,What is the nectarine refresher served in,glass,a short glass
7745d02f7aac9ca,What color is the nectarine refresher,pink,the nectarine refresher is **red and pink**
7745d02f7aac9ca,What type of drink is in the glass,refresher,freshly squeezed pink juice
2bf4c23266f6f36,What type of dish is being described,soup,chicken soup with lime
2bf4c23266f6f36,What color are the jalapeño slices,green,green
2bf4c23266f6f36,What type of meat is in the soup,chicken,chicken
2bf4c23266f6f36,Where is the lime wedge located,on the lower-right,bottom right of the bowl
35fecfa515fed5b,What color is the bowl,light blue,blue
35fecfa515fed5b,What is the food served in,bowl,a blue bowl
35fecfa515fed5b,How much of the bowl do the noodles occupy,fill,about 3/4 of the bowl
35fecfa515fed5b,What color are the noodles,yellow,yellow
35fecfa515fed5b,Where are the noodles located in the image,in the center,in the center of the bowl
2dcd9ac80de058d,What is the texture of the catfish nuggets,crunchy,the catfish nuggets are crispy and golden brown
2dcd9ac80de058d,What type of food is arranged on the plate,nuggets,fried chicken nuggets
2dcd9ac80de058d,What color is the plate,white,white with black stripes
2dcd9ac80de058d,Where are the catfish nuggets located on the plate,on the right side,upper right side
2dcd9ac80de058d,What color is the sauce on the plate,red,reddish brown sauce
8f2c50a0a19996f,What type of nuts are covered in chocolate,corn nuts,peanuts
8f2c50a0a19996f,What color is the chocolate coating,brown,dark brown
8f2c50a0a19996f,Where is one cluster of chocolate-covered corn nuts located,on the napkin,on the napkin
4c2f9a94422a2e9,What color is the pie crust,golden-brown,the pie crust is light brown
4c2f9a94422a2e9,What type of pie is shown,oatmeal,coconut pie
4c2f9a94422a2e9,What is inside the pie crust,filling,coconut and caramel filling
4c2f9a94422a2e9,What color is the shredded coconut,white,white
4c2f9a94422a2e9,Where is the slice of pie placed,on a white surface,on a white table
0bc89d050cedc1c,What color are the overnight buckwheat oats,beige,the overnight buckwheat oats are light brown
0bc89d050cedc1c,What do the buckwheat oats do in the bowl,fill,"they are not buckwheat oats, they are oats with berries"
0bc89d050cedc1c,What type of berries are dark blue and on top of the oats,blueberries,blueberries
0bc89d050cedc1c,What color are the red berries,red,the red berries are **red**
0bc89d050cedc1c,Where are the blueberries and red berries located,on top,in the center of the bowl
d0530bab5c8a27e,What color is the cooking pot,black,the cooking pot is black
d0530bab5c8a27e,What is the main ingredient in the dish besides okra,rice,rice
d0530bab5c8a27e,What color are the okra pieces,green,the okra pieces are green
d0530bab5c8a27e,What vegetable is mixed with the rice,okra,okra
d0530bab5c8a27e,In what type of pot is the okra rice cooked,in a black cooking pot,a black wok
63259c61ebc63e5,What color is the chicken breast,beige,the chicken breast is white
63259c61ebc63e5,What type of meat is at the center of the plate,chicken,chicken
63259c61ebc63e5,What color are the olives,green,green
63259c61ebc63e5,Where are the green olives placed,on top,on top of the chicken
63259c61ebc63e5,What are the bright red halved fruits on the chicken,tomatoes,cherry tomatoes
07fd6296d93bc13,What color are most of the olives,golden,green
07fd6296d93bc13,What type of food is shown in the image,olives,fried green olives
07fd6296d93bc13,What has been done to three of the olives,cut,they have been cut open
07fd6296d93bc13,Where are the cut olives located,on the bottom,at the bottom of the plate
07fd6296d93bc13,What color are the insides of the cut olives,green,green
861fbbe85de778d,What material is the cutting board made of,wooden,wood
861fbbe85de778d,What type of bread is displayed,bread,italian herb bread
861fbbe85de778d,What color are the olive pieces in the bread,black,black
861fbbe85de778d,What color is the crust of the bread,golden-brown,the crust of the bread is golden brown
861fbbe85de778d,Where is the bread placed,on a wooden cutting board,on a wooden cutting board
6f5f740fb4a87c2,Are the olives visible in the jar,visible,"yes, they are"
6f5f740fb4a87c2,What type of food is inside the jar,olives,pickled lemons and capers
6f5f740fb4a87c2,What material is the jar made of,glass,the jar is made of glass
425e9f115ea8100,What color is the plate,white,white
425e9f115ea8100,What color is the omelet,yellow,yellow
425e9f115ea8100,What is the filling doing to the omelet,spilling out of,the filling is pushing the omelet outwards
425e9f115ea8100,What type of meat is in the filling,bacon,bacon
425e9f115ea8100,How are the onions prepared in the filling,mixed,they are not visible
1f5e476034d2636,Where is the spinach located,located on the left side,there is no spinach in the image
1f5e476034d2636,What is the main ingredient of the top layer of the dish,omelette,egg
1f5e476034d2636,How is the feta cheese distributed in the dish,scattered,the feta cheese is scattered throughout
1f5e476034d2636,What color are the tomato slices,red,red
b78d925a20b5499,What color are the caramelized onions,caramelized,the caramelized onions are dark brown
b91602b9b0ce9ab,What has happened to the cheese,melted,the cheese has melted
b91602b9b0ce9ab,What ingredient appears as light brown to dark brown strands and chunks,onions,the ingredient that appears as light brown to dark brown strands and chunks is cheese
b91602b9b0ce9ab,What color are the onions,brown,white
b91602b9b0ce9ab,What ingredient covers the entire top surface of the dish,cheese,melted cheese
b91602b9b0ce9ab,Where are the onions more concentrated,towards the bottom,at the top of the dish
67117992b296d76,What color is the hot dog,reddish-brown,the hot dog is red
67117992b296d76,How is the hot dog positioned in the bun,nestled,in the middle
67117992b296d76,What color are the onions,orange,the onions are orange
67117992b296d76,Where is the bowl of onions located in relation to the hot dog,to the left of,behind the hot dog
1c3a4f30fe5d2a1,What color are the roasted oranges,orange,the roasted oranges are orange
1c3a4f30fe5d2a1,What are the roasted oranges served on,plate,a plate
1c3a4f30fe5d2a1,How would you describe the color of the roasted oranges,vibrant,the roasted oranges are light orange
03ad6b911f92ca4,What is the texture of the white layer on top of the drink,thick,the white layer on top of the drink is frozen
03ad6b911f92ca4,What type of beverage is the Orange Glorious II,drink,orange glorious ii is a smoothie
03ad6b911f92ca4,What is the mint leaf used for on the drink,garnished,garnish
03ad6b911f92ca4,What color is the mint leaf used as garnish,green,green
03ad6b911f92ca4,Where are the bright orange pieces from the drink located,at the bottom,bottom left corner
8442a41c2de89de,What color is the light pink layer,pink,the light pink layer is strawberry
8442a41c2de89de,Does the dessert contain Oreo,oreo,"yes, it does"
8442a41c2de89de,Is the whipped topping sprinkled with chocolate chips,sprinkled,"no, it's not sprinkled with chocolate chips"
8442a41c2de89de,Where are the chocolate chips scattered,on top surface,on top of the dessert
9ffec9e57522152,What shape is the Cajun Oyster Pie,circular,the cajun oyster pie is shaped like a **star and wave**
9ffec9e57522152,What part of the pie is decorated with a star,crust,the top part of the pie is decorated with a star
f58a02071aaec42,What shape is the plate,star-shaped,the plate is star-shaped
f58a02071aaec42,What type of seafood is featured in the image,oysters,oysters
f58a02071aaec42,What color are the herbs on the oysters,green,the herbs on the oysters are green
f58a02071aaec42,Where are the oysters placed,on a star-shaped plate,a star-shaped plate
421870f09cf9265,What color is the ice bed,white,white
421870f09cf9265,What type of seafood is shown,oysters,oysters
421870f09cf9265,What color is the liquid inside the oyster shells,yellow,yellow
421870f09cf9265,What color are the cooked bacon pieces,reddish-brown,the cooked bacon pieces are brown
bb7bc9e1f7ec7b8,What color is the bowl,white,white
bb7bc9e1f7ec7b8,What color is the rice in the paella,yellow,yellow
bb7bc9e1f7ec7b8,How are the mussels arranged in the bowl,scattered,the mussels are arranged in a circular pattern
bb7bc9e1f7ec7b8,What type of seafood is near the top and bottom of the bowl,shrimp,shrimp
bb7bc9e1f7ec7b8,Where is the squid located in the dish,in a bowl,the squid is located in the middle of the dish
246d3e9d0a52a4a,What type of meat is included in the paella besides shrimp,chicken,chicken
246d3e9d0a52a4a,How are the shrimp distributed in the paella,scattered,scattered throughout the dish
246d3e9d0a52a4a,What color are the pieces of chicken in the paella,orange-brown,the pieces of chicken in the paella are brown
246d3e9d0a52a4a,What seafood is included in the paella,shrimp,shrimp
5964496678097b7,What color are the green onions in the pancake,green,the green onions are green
5964496678097b7,What type of food is shown in the image,pancake,scallion pancakes
5964496678097b7,What color is the plate,white,white
5964496678097b7,What color is the pancake's surface,golden brown,the pancake's surface is brown
5964496678097b7,Where are the pancakes located on the plate,on the left side,in the middle
ca56d40bbb8f833,What is the taste of the pancakes,salty,sweet
ca56d40bbb8f833,What type of food is shown in the image,pancakes,crepes
ca56d40bbb8f833,How were the pancakes prepared,cooking,they were pan-fried
ca56d40bbb8f833,What color is the base of the pancakes,yellow,the base of the pancakes is white
dabd4bad6169994,What color are the paneer cubes,golden yellow,yellow
dabd4bad6169994,What is the main ingredient in the dish,paneer,paneer
dabd4bad6169994,What color is the gravy,reddish-brown,the gravy is brown
dabd4bad6169994,Where are the cilantro leaves placed,on top,on top of the food
dabd4bad6169994,How would you describe the cilantro leaves,vibrant,the cilantro leaves are green and chopped
16f44d88446908d,What color is the Palak Paneer,green,the palak paneer is green
16f44d88446908d,What is the shape of the container holding the Palak Paneer,bowl,the container is a **round** bowl
16f44d88446908d,What color is the bowl,blue,the bowl is blue
16f44d88446908d,How are the cubes of Paneer distributed in the Palak Paneer,scattered,the cubes of paneer are distributed randomly
16f44d88446908d,"Where is the thin, white cream drizzled",on top,"the thin, white cream is drizzled on the soup"
72baeae4b31f87f,What fruit is used in the parfait,cranberry,cherries
72baeae4b31f87f,What is the bowl made of,glass,the bowl is made of glass
72baeae4b31f87f,What color is the bottom layer of the parfait,red,red
72baeae4b31f87f,Where is the bowl placed,on a table,on a table
72baeae4b31f87f,What color is the cream layer in the parfait,white,the cream layer in the parfait is beige
9754b1ddb854f12,What type of dessert is shown in the image,parfaits,yogurt parfait
9754b1ddb854f12,What color are the sliced strawberries,red,red
9754b1ddb854f12,Where are the granola pieces sprinkled,on top,on top of the strawberries
9754b1ddb854f12,What fruit is peeking out from behind the strawberry fan,orange,blueberries
52fcd4430f4183a,What color is the soup,yellow,the soup is yellow
52fcd4430f4183a,What does the soup do inside the bowl,fills,the soup is yellow with a white dollop
52fcd4430f4183a,What type of soup is it,vegetable,potato soup with sour cream
52fcd4430f4183a,What color is the dollop in the center,white,white
52fcd4430f4183a,Where is the dollop located in the soup,in the center,in the center of the bowl
79ced46151bbe7a,What shape is the bowl containing the mashed parsnips,round,cylindrical
79ced46151bbe7a,What vegetable is mashed in the bowl,parsnips,potato
79ced46151bbe7a,What color are the mashed parsnips,beige,the mashed parsnips are white
79ced46151bbe7a,How would you describe the texture of the mashed parsnips,smooth,the mashed parsnips appear to be smooth and creamy
6092f585b9a1ca9,What type of meat is used in the dish,chicken,chicken
6092f585b9a1ca9,What color is the tomato-based sauce,reddish-orange,red
6092f585b9a1ca9,What type of pasta is used in the dish,pasta,rotini
6092f585b9a1ca9,Where are the white beans located in the dish,scattered amidst,scattered throughout the pasta
6092f585b9a1ca9,What is the size of the red tomatoes in the dish,diced,small to medium size
6fd53226d02f234,What color is the bright cheese on top of the pasta,orange,the bright cheese on top of the pasta is orange
6fd53226d02f234,What type of food is the main component of the dish,pasta,cheesy pasta casserole
6fd53226d02f234,What is the state of the white cheese on top of the pasta,melted,the white cheese on top of the pasta is melted
6fd53226d02f234,What color is the base layer of the pasta,brownish-tan,the base layer of the pasta is **yellow-orange**
7f8b5fc69d20db3,What color is the pasta in the image,beige,the pasta in the image is **light green**
7f8b5fc69d20db3,What type of pasta is in the image,pasta,penne
7f8b5fc69d20db3,What seafood is included in the dish,shrimp,shrimp
7f8b5fc69d20db3,What color are the asparagus spears in the image,green,green
7f8b5fc69d20db3,Where are the capers mostly located in the image,over the shrimp,in the middle of the dish
c16a6bf8525f695,How are the diced chicken pieces distributed in the dish,scattered,scattered throughout the dish
c16a6bf8525f695,What is the base of the dish made of,pasta,pasta
c16a6bf8525f695,What color is the pasta in the dish,yellow,yellow
c16a6bf8525f695,Where is the shredded cheese placed in the dish,on top,on top of the pasta
be20945d4d2f1af,What is the main component of the dish,dish,pasta
be20945d4d2f1af,What color are the tomatoes,red,red
be20945d4d2f1af,How are the tomatoes arranged in the dish,scattered,the tomatoes are diced
0828e13422d34d9,What vegetable is included in the pasta,eggplant,tomatoes
0828e13422d34d9,What color are the pasta tubes,golden-yellow,the pasta tubes are yellow
0828e13422d34d9,Where is the larger portion of pasta served,bowls,in the back bowl
0828e13422d34d9,What color is the handle of the fork,with a brown wooden handle,the handle of the fork is brown
0828e13422d34d9,What color is the parmesan cheese on top,white,white
b56fe91729ed59b,What color is the lemon curd,yellow,yellow
b56fe91729ed59b,What fruit is on top of the lemon curd,blueberries,blueberries
b56fe91729ed59b,Where are the blueberries located,nestled among,in the middle of the cake
b56fe91729ed59b,What dessert is being described,pavlova,blueberry pavlova
97f31ab9cff2ce8,What is the color of the split pea soup,greenish-yellow,the color of the split pea soup is green
97f31ab9cff2ce8,What type of dish is the greenish-yellow mixture,soup,split pea soup
97f31ab9cff2ce8,What is the color of the bowls containing the soup,white,the bowls are white
97f31ab9cff2ce8,Where is the silver spoon in relation to the soup,submerged,in the bowl of soup
080a08688d3f0e9,What type of food is in the bowl,peas,green peas and onions
080a08688d3f0e9,Where are the peas located,bowl,in the bowl
080a08688d3f0e9,What cuisine do the peas belong to,italian,indian cuisine
080a08688d3f0e9,Where are the peas positioned in the frame,on the right side,in the top right corner
bf93c4762564a50,How would you describe the color of the peaches,vibrant,the peaches are orange
bf93c4762564a50,What is the spoon doing with the peach slices,holding,it is scooping them up
bf93c4762564a50,What color is the skillet,white,the skillet is green
bf93c4762564a50,Where is the skillet located in the image,in the center,lower left of image
af12c2c429e30b2,What color is the liquid in the glasses,yellow-orange,the liquid in the glasses is orange
af12c2c429e30b2,What type of container holds the Peach Bellinis,glasses,champagne flutes
af12c2c429e30b2,What material is the board that the glasses are placed on,wooden,wood
af12c2c429e30b2,Where are the peach slices placed on the glasses,on the rim,on the right side
af12c2c429e30b2,What color are the peach slices on the rim of the glasses,reddish-yellow,red
c37969d9f8d91ec,What type of drink is featured in the image,margaritas,frozen margarita cocktail
c37969d9f8d91ec,How are the Peach Margaritas presented,served,in salt-rimmed margarita glasses
c37969d9f8d91ec,How would you describe the color of the margaritas,bright,the color of the margaritas is a vibrant yellow
c37969d9f8d91ec,What are the drinks served in,glasses,margarita glasses
c37969d9f8d91ec,Where are the margaritas positioned in the frame,in the center,top right of the frame
1f020898833f361,What type of beverage is shown in the image,tea,peach smoothie
1f020898833f361,What is the person in the image doing with the peach tea,drinking,the person in the image is drinking peach tea
1f020898833f361,What flavor is the tea in the image,peach,peach tea
1f020898833f361,What color are the straws in the glasses,yellow,yellow and white striped
1f020898833f361,Where is the second glass of peach tea positioned,to the right,behind the first glass
e58d9abdaf831a2,What color is the liquid in the pitcher,peachy-orange,the liquid in the pitcher is red
e58d9abdaf831a2,What is the sangria served in on the left,pitcher,a glass pitcher
e58d9abdaf831a2,What color are the strawberries in the sangria,red,red
e58d9abdaf831a2,Where is the glass pitcher positioned,on the left,to the left of the pineapple
2987d882d66a7e8,What color is the peanut butter in the cookie on the left,dark,dark brown
2987d882d66a7e8,What type of butter is used in the cookies,peanut butter,peanut butter
2987d882d66a7e8,What color is the cookie part of the Peanut Butter Temptations II,golden brown,the cookie part of the peanut butter temptations ii is golden brown
2987d882d66a7e8,Where is the cookie with light brown peanut butter located,on the lower right,in the foreground
2987d882d66a7e8,What type of dessert is shown in the image,cookie,peanut butter cup desserts
a2f7338a23dae10,What color is the peanut butter ice cream topping,light brown,brown
a2f7338a23dae10,What type of food is the topping made of,ice cream,caramel
a2f7338a23dae10,What is the consistency of the peanut butter ice cream topping,smooth,the peanut butter ice cream topping is thick and smooth
a2f7338a23dae10,Where is the reflective surface particularly noticeable,near the top,the reflective surface is particularly noticeable in the upper left quadrant of the image
d52439fae098204,What color is the plate,yellow,white
d52439fae098204,What type of food is shown in the image,muffins,baked goods
d52439fae098204,How would you describe the appearance of the muffins,perfect,"the muffins appear to be small and golden brown, with a light dusting of powdered sugar on top"
d52439fae098204,What color are the paper liners of the muffins,white,white
d52439fae098204,Where are most of the muffins placed,on the plate,on the plate
3b04aeb0107acac,What color are the pears,red,the pears are red
3b04aeb0107acac,Where are the pears located in the image,in the left side,in the white bowl
b076ebd5863251a,What color is the pecan filling,brown,brown
b076ebd5863251a,What type of nuts are used in the pie,pecan,pecans
b076ebd5863251a,What color is the whipped cream on one of the pies,white,white
b076ebd5863251a,Where is the pecan filling located,on top,on top of the cheesecake
b076ebd5863251a,What color are the scattered pecans,reddish-brown,brown
3718baab129db6e,What color are the crackers,tan,the crackers are yellow
3718baab129db6e,How are the two crackers in the foreground positioned,overlapping,one behind the other
3718baab129db6e,What color are the specks on the crackers,brown,brown
3718baab129db6e,Where is the pecan pepper appetizer located,on the cracker,on top of crackers
3718baab129db6e,What type of dish is the pecan pepper mixture,appetizer,crackers
e57b2feba7c0dd2,What type of pasta is in the bowl,penne,penne
e57b2feba7c0dd2,How is the penne pasta arranged in the bowl,distributed,in a circular pattern
e57b2feba7c0dd2,What color is the mango chile sauce,red,there is no mango chile sauce in the image
e57b2feba7c0dd2,What herb is scattered on top of the pasta,cilantro,parsley
e57b2feba7c0dd2,Where is the cilantro placed,on top of,in the middle of the dish
3f3ebc236374bd6,What type of pasta is visible in the image,penne,penne
3f3ebc236374bd6,What color are the peppers in the dish,red-orange,red
3f3ebc236374bd6,How are the peppers prepared in the dish,sauteed,they are sliced and diced
3f3ebc236374bd6,What is distributed throughout the dish alongside the penne,peppers,sausages are distributed throughout the dish
176aa7a0d1fac3f,What color are the Padron peppers,green,the padron peppers are green
176aa7a0d1fac3f,What type of vegetable is shown in the image,peppers,green peppers
176aa7a0d1fac3f,Where are the peppers scattered across,scattered across,the peppers are scattered across a white plate
176aa7a0d1fac3f,How do the peppers appear on the plate,glistening,the peppers appear to be charred
c19a3ea29eeebad,What color is the container,white,the container is white
c19a3ea29eeebad,What type of sauce is in the container,pesto,pesto sauce
c19a3ea29eeebad,What is the chive pesto stored in,container,a plastic container
c19a3ea29eeebad,How would you describe the green color of the pesto,vibrant,"the green color of the pesto is bright, vibrant, and fresh"
e83d92fa9726ea1,How does the walnut pesto appear in terms of texture,textured,the walnut pesto appears to be **coarse and chunky**
e83d92fa9726ea1,What type of sauce is primarily green and textured,pesto,pesto sauce
e83d92fa9726ea1,What does the walnut pesto fill in the image,fills,a bowl of green pesto
e83d92fa9726ea1,What color is the ceramic bowl,white,the ceramic bowl is white
e83d92fa9726ea1,Where are the fresh basil leaves placed,on top of,the fresh basil leaves are placed on top of the pesto
ac6d8e898685baa,What is the main protein in the dish,chicken,chicken
ac6d8e898685baa,Where are some of the capers falling,falling onto,on the chicken breast
ac6d8e898685baa,What color are the capers,green,the capers are green
ac6d8e898685baa,How are the chicken pieces arranged in the image,scattered,overlapping each other
7f4a3652f38c3ca,What is the main ingredient in the jar,pickles,sliced yellow squash
7f4a3652f38c3ca,What material is the jar made of,glass,glass
7f4a3652f38c3ca,Is the jar full or empty,full,the jar is full
7f4a3652f38c3ca,What color are some of the zucchini slices,yellow,yellow
7f4a3652f38c3ca,How are the zucchini pickles cut,sliced,the zucchini pickles are sliced
23c54d8ee77e341,What color are the candied dill pickles,yellowish-green,green
23c54d8ee77e341,What type of pickles are shown in the image,pickles,sliced dill pickles
23c54d8ee77e341,Where is the jar filled with pickles located,on the left side,behind the white bowl
23c54d8ee77e341,What color is the bowl on the right side,white,white
80b4940c04976c6,What is the color of the glass jar,clear,the glass jar is clear
80b4940c04976c6,What type of food is inside the jar,pickles,pickles
80b4940c04976c6,What color are the pickles,green,the pickles are green
80b4940c04976c6,Where are the pickles stored,in a jar,the pickles are stored in a jar
f631b6ffa9f8e44,What is the state of the cheese layer on top of the pie,melted,the cheese layer is broken
f631b6ffa9f8e44,What type of food is primarily located on the right side of the image,pie,pie
f631b6ffa9f8e44,What color is the crust of the pie,tan,the crust of the pie is **light brown**
f631b6ffa9f8e44,What color is the baking tin the pie is sitting in,silver,silver
d1323e9519e7ce3,What type of fruit is used in the pies,apricot,apples
d1323e9519e7ce3,What color are the pies,golden-brown,the pies are golden brown
d1323e9519e7ce3,What type of dessert is shown in the image,pies,fried dough with powdered sugar
d1323e9519e7ce3,What is the texture of the pies,uneven,the pies appear to be crispy
e8022d21e4305f3,What type of dessert is shown in the image,pie,pie
e8022d21e4305f3,What color is the ceramic dish,white,the ceramic dish is white
e8022d21e4305f3,What color is the plate under the dish,green plate,the plate is green
d759993231e4ae6,What color are the pierogi,yellow,golden yellow
d759993231e4ae6,What type of food is shown in the image,pierogi,polish dumplings
d759993231e4ae6,Where are the pierogi placed,on the plate,a plate
d759993231e4ae6,Where is the pierogi located in the middle of the plate,center,the pierogi is located at the top
9847bc5024dc67b,What color is the plate,white,white
9847bc5024dc67b,What color is the hotdog,pinkish-red,the hotdog is red
9847bc5024dc67b,Where are the pigs in a blanket placed,on a plate,on a white plate
def28ab9ad33050,What is the main ingredient in the Apricot Almond Pilaf,rice,almonds
def28ab9ad33050,Where are all the food items placed,inside the bowl,in the bowl
da6f20f25f32a9d,What color is the base of the rice,yellow,the base of the rice is black
da6f20f25f32a9d,How are the slices of red bell peppers arranged,scattered,in a circular pattern
da6f20f25f32a9d,What is the main ingredient in the pilaf,rice,rice
da6f20f25f32a9d,What color are the bell pepper slices partially visible beneath the yellow rings,red,green
da6f20f25f32a9d,Where are the green bell pepper slices mostly located,on the left,the green bell pepper slices are mostly located in the **bottom left corner**
a6d484ebeacc37e,What size is the glass punch bowl,large,large
a6d484ebeacc37e,Where is the coconut shell cup located,to the lower left,lower right corner
1c9c8473c25453f,What is the primary flavor of the pinwheels,chocolate,chocolate
1c9c8473c25453f,What color is the dark chocolate component of the pinwheel,brown,dark brown
1c9c8473c25453f,Where is the larger pinwheel located,on the left,right
d16d3b9f8992526,What is the temperature of the pinwheels,hot,the temperature of the pinwheels is not provided in the image
d16d3b9f8992526,What color are the onion pieces on the pinwheels,brown,the onion pieces on the pinwheels are dark brown
d16d3b9f8992526,Where are the onion pieces located on the pinwheels,on top,on top of the pinwheels
f18e99e9dcc91a3,What type of bread is shown in the image,bread,pita bread
f18e99e9dcc91a3,What color is the gluten-free pita flatbread,brown,the gluten-free pita flatbread is light brown
f18e99e9dcc91a3,Where is part of the bread located,on the plate,inside the pita bread
f18e99e9dcc91a3,What is scattered on the plate under the bread,crumbs,shredded cheese
c1b6d1ed9795a47,What color is the plate,white,the plate is white
c1b6d1ed9795a47,What type of bread is shown in the image,bread,naan bread
c1b6d1ed9795a47,What color is the napkin,red,the napkin is red
c1b6d1ed9795a47,What color is the pita bread,tan,the pita bread is golden brown
c1b6d1ed9795a47,Where is the pita bread placed,on a white plate,on a white plate
025ee3dfc1e85c2,How are the pear slices arranged on the pizza,arranged,in a circular pattern
025ee3dfc1e85c2,What fruit is placed on top of the cheese,pear,pear
025ee3dfc1e85c2,Where are the pear slices placed on the pizza,on top of,on top of the pizza
09ffcc95dea0190,What color is the pizza pan,silver,the pizza pan is silver
09ffcc95dea0190,What type of food is shown in the image,pizza,pizza dough with tomato sauce
09ffcc95dea0190,What color is the tomato sauce,red,red
09ffcc95dea0190,What color is the crust,beige,the crust is white
09ffcc95dea0190,What is the shape of the pizza pan,on a round,circular
03c09164b78a5c8,What color is the crust of the cobbler,golden-brown,the crust of the cobbler is **yellowish and golden**
03c09164b78a5c8,Where is the baking dish located,on the left,upper left corner
3a8a01d4826590d,What type of bread is shown in the image,plum bread,muffins
3a8a01d4826590d,What color is the plate,white,white
3a8a01d4826590d,What color is the base of the plum bread,tan,the base of the plum bread is brown
3a8a01d4826590d,What is the texture of the top of the plum bread,cracked,cracked and slightly crumbly
3a8a01d4826590d,Where is the plate placed,on a plate,on a black countertop
9925a351bf1ca8c,What is the color of the watermelon's interior,pink,the watermelon's interior is red
9925a351bf1ca8c,What is the food served on,plate,a white plate
9925a351bf1ca8c,What is the color of the watermelon's flesh,red,red
9925a351bf1ca8c,What green herb is beside the watermelon slice,parsley,parsley
e5661bb8414166b,What type of dish is featured in the image,polenta,mashed potatoes
e5661bb8414166b,What color is the polenta,yellow,the polenta is yellow
e5661bb8414166b,What color is the parsley garnish,green,the parsley garnish is green
8d5dbc4a9462c53,What is the dish in the lower center of the image,polenta,mashed potatoes with corn and herbs
8d5dbc4a9462c53,Where is the polenta located in the image,in the lower center,in the foreground
8d5dbc4a9462c53,How is the corn prepared in the polenta,roasted,the corn is prepared as kernels
4668800e907780a,What color are the chicken pieces,beige,the chicken pieces are white
4668800e907780a,What type of meat is in the dish,chicken,chicken
4668800e907780a,What color is the cream sauce,yellow,the cream sauce is yellowish-white
4668800e907780a,What color is the sauce covering the dish,cream,creamy yellow color
953f6be44a13027,What color are many of the rice grains coated in,yellow,yellow
953f6be44a13027,What is the main grain used in the dish,rice,rice
953f6be44a13027,What color is the ground meat mixed with the cabbage,brown,the ground meat is brown
953f6be44a13027,What color are the pieces of cabbage,in light yellow,white
6908c6556f00d12,How are the dark brown pieces of meat and green beans distributed in the rice,interspersed,scattered throughout the rice
6908c6556f00d12,What is the main ingredient in the lower half of the image,rice,rice
6908c6556f00d12,What color are the diced tomatoes in the salad,red,red
6908c6556f00d12,What color are the diced cucumbers in the salad,green,green
6908c6556f00d12,Where is the salad located in relation to the rice,above the rice,above the rice
c664b30dc984fe4,What color is the frosting on the cake pop,pink,the frosting is pink
c664b30dc984fe4,What type of dessert is the food item,cake,cake pop
c664b30dc984fe4,What are the sprinkles on the cake pop like,colorful,they are like tiny dots
c664b30dc984fe4,Where is the cake pop placed,on a light brown surface,the cake pop is placed on a wooden table
77f4c5b414b903a,What color are the ice pops,brown,the ice pops are beige
77f4c5b414b903a,What type of food is shown in the image,ice pops,ice cream popsicles
77f4c5b414b903a,What color is the plate,white,the plate is white
77f4c5b414b903a,Where are the ice pops placed,on a white plate,on a white plate
77f4c5b414b903a,What is the state of the background objects,blurred,the background objects are out of focus
95c0881264faca7,What color are the gingersnap cookies,brown,brown
95c0881264faca7,What type of baked goods are shown in the image,cookies,gingerbread cookies
95c0881264faca7,Where are the cookies placed,on a metal baking sheet,the cookies are placed on a baking sheet
cc8ab18052f66ff,How does the surface of the chicken appear,shiny,the surface of the chicken appears to be well-cooked
cc8ab18052f66ff,What is the color of the rice,rice,the rice is brown
cc8ab18052f66ff,What is the color of the chicken surface,brown,the color of the chicken surface is brown
cc8ab18052f66ff,How are the chicken pieces arranged,stacked on,the chicken pieces are arranged in a pile
efa79f62e1212b8,What color is the bowl,pink,the bowl is pink
efa79f62e1212b8,What is holding the candied almonds,bowl,the bowl
efa79f62e1212b8,What color are the candied almonds,brown,the candied almonds are brown
a9de64865353ad1,What type of nuts are in the jar,almonds,almonds
a9de64865353ad1,What is the container for the almonds,jar,a glass jar
a9de64865353ad1,Where are the scattered almonds located,on the same surface,to the right of the jar
9a2122c94391ed2,What color is the almond tea,orange,the almond tea is orange
9a2122c94391ed2,What type of surface is the glass sitting on,on the bottom center,a wooden surface
9a2122c94391ed2,What color is the background of the image,green,the background of the image is green
0a14bf73604dec2,What color are the sweet potatoes,vibrant,orange
0a14bf73604dec2,What type of vegetable is in the bowl,sweet potatoes,sweet potato
0a14bf73604dec2,What color is associated with the sweet potatoes,orange,orange
0a14bf73604dec2,Where are the sweet potatoes mounded,within the bowl,a glass bowl
d0501785b532eca,What color are the darker patches on the apples,brown,the darker patches on the apples are **brown**
d0501785b532eca,What fruit is shown in the image,apples,peaches
d0501785b532eca,What color is the bowl,white,the bowl is white with a blue rim
d0501785b532eca,What color is the cut apple piece,yellow,the cut apple piece is orange
d0501785b532eca,Where are the apples placed,in a bowl,the apples are in a bowl
47319ad0fa9cdb4,What is the applesauce contained in,applesauce,a blue glass bowl
47319ad0fa9cdb4,What color is the bowl,blue,the bowl is blue
47319ad0fa9cdb4,What color is the apple closer to the bowl,red,the apple closer to the bowl is red
47319ad0fa9cdb4,Where is the bowl placed,on a surface,next to the apples
dc9c9c226ed6f6b,What is the color of the applesauce,applesauce,the color of the applesauce is orange
dc9c9c226ed6f6b,What is the color of the applesauce in the bowl,golden-brown,the color of the applesauce in the bowl is orange
dc9c9c226ed6f6b,What is being done with the spoon in the image,scooped,spoon is being scooped out
dc9c9c226ed6f6b,What color is the bowl containing the applesauce,white,the bowl is white
dc9c9c226ed6f6b,Where is most of the applesauce located,in the bowl,in the bowl
e0e667da478e560,What color is the pear-applesauce inside the jar,golden-amber,the color of the pear-applesauce inside the jar is orange
e0e667da478e560,What is the container holding the pear-applesauce,jar,a glass jar
e0e667da478e560,What color is the apple on the table,yellow,yellow
e0e667da478e560,Where is the jar of pear-applesauce placed,on the table,on a wooden tray
e0e667da478e560,What color is the small dish containing more pear-applesauce,white,the small dish containing more pear-applesauce is white
996c337701e6c89,What is the main protein in the dish,meat,ground beef
996c337701e6c89,What vegetable is visible in the ground meat mixture,carrots,potatoes
996c337701e6c89,How are the plantains prepared,fried,the plantains are fried
996c337701e6c89,Where is the ground meat mixture located,on the plate,in the middle left of the plate
996c337701e6c89,Where is the rice placed relative to the ground meat,adjacent,the rice is placed to the right of the ground meat
e0d807ecc1cc31b,What color are the artichoke hearts,green,the artichoke hearts are green
e0d807ecc1cc31b,What type of vegetable is shown in the lower-left area,artichoke,spinach
e0d807ecc1cc31b,What color is the plate,white,white
e0d807ecc1cc31b,Where are the lettuce leaves located,to the right,to the right of the artichokes
fa3f82cfa61ea05,What color is the majority of the asparagus,green,the majority of the asparagus is green
fa3f82cfa61ea05,What vegetable is featured in the dish,asparagus,asparagus
fa3f82cfa61ea05,How are the asparagus pieces arranged on the plate,arranged,the asparagus pieces are arranged in a pile
dadaf1377287f2d,What color are the asparagus spears,green,the asparagus spears are green
dadaf1377287f2d,What vegetable is shown in the image,asparagus,asparagus
dadaf1377287f2d,In which direction are the asparagus tips pointing,upwards,to the left
dadaf1377287f2d,Where are the asparagus spears stacked,on top of,the asparagus spears are stacked on a white plate
a07fe2567ba507e,What color is the avocado near the center,green,green
a07fe2567ba507e,What fruit is used to hold the baked egg,avocado,avocado
a07fe2567ba507e,What color is the egg white,white,white
a07fe2567ba507e,Where is the avocado's outer skin described,on its outer skin,the avocado's outer skin is described as the **rim**
a07fe2567ba507e,Where are the diced pieces of ham located,scattered,on top of the egg
d294dd73f747ba7,What color is the pie filling,green,green
d294dd73f747ba7,What type of dessert is shown in the image,pie,key lime pie
d294dd73f747ba7,What color is the whipped cream on top of the pie,white,white
d294dd73f747ba7,Where is the whipped cream located,on top,on top of the pie
e57919c504620ad,What color is the fried batter coating of the avocado bites,golden-brown,the fried batter coating of the avocado bites is **yellowish and light orange**
e57919c504620ad,What is the main ingredient of the bites,avocado,avocados
e57919c504620ad,What color is the avocado inside the bites,green,the avocado inside the bites is green
e57919c504620ad,Where are the avocado bites placed,on a white square plate,on a white square plate
e57919c504620ad,Do the avocado bites have the same size and shape,vary,"no, they are not uniform"
bc65d8c82c97c6e,What type of berries are on the Dutch Babies,raspberries,raspberries and blueberries
bc65d8c82c97c6e,How are the berries near the left edge arranged,scattered,they are arranged in a bowl
bc65d8c82c97c6e,What color are the raspberries,red,red
bc65d8c82c97c6e,Where are the Dutch Babies presented,on the white cloth,a cast iron skillet
43f16eb0ce00b22,How does the bacon appear on the surface,glistening,it appears to be glazed
43f16eb0ce00b22,What type of meat is shown in the image,bacon,bacon
43f16eb0ce00b22,What color is the exterior of the bacon,dark brown,the exterior of the bacon is dark brown
43f16eb0ce00b22,Where are the two pieces of bacon positioned relative to each other,separated by,the two pieces of bacon are positioned side by side
603ff0b14e008eb,What type of meat is shown in the image,bacon,bacon
603ff0b14e008eb,Where is the bacon being cooked,oven,the oven
603ff0b14e008eb,Where is the bacon placed in the oven,on a wire rack,the bacon is placed on the middle rack
dd10c756d295fd9,What color are the bagel bites,golden-brown,the bagel bites are light brown with seasoning on top
dd10c756d295fd9,What type of food is shown in the image,bagel bites,bagels and berries
dd10c756d295fd9,Where are the bagel bites located in the image,blue,bottom left
dd10c756d295fd9,How many bagel bites are broken,in the bottom half,one
dd10c756d295fd9,What color is the plate in the image,broken,the plate is blue
4ffc92ecaab59bc,What color are the bagels,golden-brown,golden brown
4ffc92ecaab59bc,What type of food is shown in the image,bagels,bagels
4ffc92ecaab59bc,What gives the bagels a speckled appearance,spice,the coarse sugar topping
4ffc92ecaab59bc,Where are the bagels placed,on a wire rack,on a cooling rack
cc3286afe2ca6f4,What type of bread are the bagels made of,pumpernickel,sourdough
cc3286afe2ca6f4,What color are the bagels,brown,brown
cc3286afe2ca6f4,What food item is being described,bagels,sesame seed bagels
cc3286afe2ca6f4,Where are the bagels placed,on a black wire rack,on a cooling rack
cc3286afe2ca6f4,What color are the sesame seeds on the bagels,white,white
66d008af21ff8da,What color is the bagel on the left,golden-brown,brown
66d008af21ff8da,What is the state of the cheese on the right bagel,melted,the cheese on the right bagel is melted
66d008af21ff8da,What is the bagel placed on,plate,a white plate
66d008af21ff8da,What type of seeds are on the bagel on the left,sesame,sesame seeds
66d008af21ff8da,Where is the golden-brown bagel located,on the left,on the left side
63f9b9692722870,What color is the baking dish,white,white
63f9b9692722870,What is the main ingredient in the top layer of the bake,cheese,cheese
63f9b9692722870,"What are the small, dark brown pieces within the cheese",sausage,"the small, dark brown pieces within the cheese are **cooked sausage bits**"
63f9b9692722870,What color are the cooked sausage pieces,brown,brown
63f9b9692722870,Where are the sausage pieces located,within the cheese,in the middle of the dish
3a687442b546d06,What color is the smoothie,beige,the smoothie is light brown
3a687442b546d06,What fruit is used to make the smoothie,bananas,the smoothie is made with bananas
3a687442b546d06,What color is the straw,yellow,yellow
3a687442b546d06,Where are the bananas located,to the left of,to the left of the smoothie
be6202dbef60502,What color are the chocolate chips on top of the loaves,brown,brown
be6202dbef60502,What type of chips are on top of the loaves,chocolate,chocolate chips
be6202dbef60502,What shape are the loaves,loaves,the loaves are rectangular
be6202dbef60502,What color is the crust of the loaves,golden-brown,golden brown
be6202dbef60502,Where is one loaf angled towards,towards the center,the left
eba8e48373f79c5,What type of fries are shown in the image,fries,fried plantains
eba8e48373f79c5,What color are the fries,brown,brown
eba8e48373f79c5,What color is the plate,white,the plate is white with black and gold stripes
eba8e48373f79c5,Where are the fries placed,on a plate,on a plate
4880300b48ec41e,What fruit is used in the dish,bananas,pineapple
4880300b48ec41e,What color are the bananas,golden-yellow,yellow
4880300b48ec41e,What liquid are the bananas immersed in,in coconut milk,milk
4880300b48ec41e,What is the food served in,bowl,a small glass bowl
aa269a3e332dd1e,What color are the banana tempura pieces,golden-brown,golden brown
aa269a3e332dd1e,What fruit is used to make the tempura,banana,**answer:** oranges
aa269a3e332dd1e,How are the banana tempura pieces arranged,together,they are piled up
aa269a3e332dd1e,What type of dish is the banana tempura,tempura,banana tempura
aa269a3e332dd1e,What is the shape of the banana tempura pieces,irregular,the banana tempura pieces are round
7fbda1224d53057,What color is the banana,yellow,yellow
7fbda1224d53057,What fruit is cut lengthwise into four pieces,banana,banana
7fbda1224d53057,What color is the bowl,white,white
7fbda1224d53057,Where is the yogurt placed,on top of,in the middle of the banana
7fbda1224d53057,What color are the blueberries,dark blue,the blueberries are blue
79ff76ebd665917,What color are the persimmon bars,golden,the persimmon bars are brown
79ff76ebd665917,What is the shape of the food items,bars,square
79ff76ebd665917,What color is the icing on the persimmon bars,white,the icing on the persimmon bars is white
016070192578a84,What color is the chicken,reddish-brown,the chicken is brown
016070192578a84,What type of meat is shown in the image,chicken,chicken
016070192578a84,What color is the rice,white,the rice is white
016070192578a84,Where is the chicken positioned in relation to the rice,on top of,the chicken is on top of the rice
016070192578a84,What color are the lime wedges,green,green
880233b6f196640,What is the barley beef stew a mix of,mix,"beef, carrots, onions, celery, broth"
880233b6f196640,What color is the bowl,white,white
880233b6f196640,How is the barley dispersed in the stew,dispersed,the barley is dispersed throughout the stew
880233b6f196640,What color are the diced carrots,orange,orange
880233b6f196640,What type of meat is in the stew,of beef,beef
ce69b21f2bd939f,What color is the rice,white,the rice is white
ce69b21f2bd939f,What type of meat is on top of the rice,chicken,chicken
ce69b21f2bd939f,What color are the onions,brown,there are no onions in the image
ce69b21f2bd939f,What color are the basil leaves,green,green
ce69b21f2bd939f,Where is the rice located,at the bottom,at the bottom of the bowl
6a5c1c9d36c3e55,How are the Sea Bass fillets arranged in the dish,overlapping,"side by side, one on top of the other"
6a5c1c9d36c3e55,What type of fish is being served,sea bass,cod
6a5c1c9d36c3e55,What color is the interior of the Sea Bass fillets,white,the interior of the sea bass fillets is white
6a5c1c9d36c3e55,Where is the first Sea Bass fillet located in the dish,on the left side,upper left corner
6a5c1c9d36c3e55,What color are the scallions sprinkled on top of the fish,green,green
63557262258d2b9,What tint do the sea bass fillets have,yellowish,white
63557262258d2b9,How are the pieces of dill arranged on the fillets,scattered,randomly on the fillets
63557262258d2b9,What type of fish is shown in the image,sea bass,salmon
63557262258d2b9,Where are the sea bass fillets placed,on the rack,on a metal rack
63557262258d2b9,What color are the pieces of dill on the fillets,green,green
0681647b77c7278,Does the batter have a smooth texture,smooth,"yes, it looks smooth"
0681647b77c7278,Is the batter made of cottage cheese and brownie ingredients,batter,"no, it's chocolate mousse with chocolate chips"
0681647b77c7278,Is the batter light brown in color,brown,"no, it's chocolate brown"
0681647b77c7278,Are the chocolate chips on top of the dollop,on top,"no, they are on the jar"
0681647b77c7278,Are there chocolate chips scattered around the jar,yes,"yes, there are chocolate chips"
58477a44062ce7f,What is the flavor of the Elaine's Sweet and Tangy Loose Beef BBQ,tangy,sweet and tangy loose beef
58477a44062ce7f,What type of meat is used in the Elaine's Sweet and Tangy Loose Beef BBQ,beef,loose beef
58477a44062ce7f,What color is the top bun of the Elaine's Sweet and Tangy Loose Beef BBQ,tan,the top bun of the elaine's sweet and tangy loose beef bbq is light brown
58477a44062ce7f,What color is the plate that the Elaine's Sweet and Tangy Loose Beef BBQ is served on,orange,the plate is **orange**
4b14434d6c946ae,What is the texture of the meat in the Carolina BBQ,shredded,the meat in the carolina bbq is tender and juicy
4b14434d6c946ae,What is the main component of the Carolina BBQ,meat,pulled pork
4b14434d6c946ae,What is the appearance of the sauce on the meat,coating,the sauce on the meat is orange and shiny
4b14434d6c946ae,What color is the crust of the bun,yellowish,the crust of the bun is light brown
a6476d1a8bc7334,What type of meat is shown in the image,chicken,chicken
cc4a281c77aaedf,What color is the BBQ sauce,reddish-brown,brown
cc4a281c77aaedf,What type of meat is being grilled,ribs,pork ribs with barbecue sauce
cc4a281c77aaedf,Where are the ribs being cooked,grill,on a grill
cc4a281c77aaedf,How is the BBQ sauce distributed across the ribs,unevenly,the bbq sauce is evenly distributed
cc4a281c77aaedf,Where is the BBQ sauce primarily located,on the top,on the top two ribs
7b7b1a6c35b0571,How do the green beans appear,tasty,the green beans appear saucy and slightly browned
7b7b1a6c35b0571,What is used to cook the green beans,pan,a frying pan
7b7b1a6c35b0571,What color are the green beans,green,the green beans are green
7b7b1a6c35b0571,What type of beans are in the pan,green beans,green beans
7b7b1a6c35b0571,Where are the green beans mostly concentrated,in the center,the green beans are mostly concentrated at the bottom of the pan
4992817db78e3f2,What color are the pinto beans,reddish-brown,the pinto beans are brown
4992817db78e3f2,What color are the diced carrots,orange,orange
4992817db78e3f2,What are the pinto beans mixed with,with other ingredients,pinto beans are mixed with tomatoes
4992817db78e3f2,What is the pinto beans served on,plate,a decorative plate
f6a053c5e1893f9,What color are the string beans,green,green
f6a053c5e1893f9,What type of vegetable is in the bottom center of the image,beans,green beans
f6a053c5e1893f9,How are the string beans arranged in the image,tangled,the string beans are arranged in a pile
f6a053c5e1893f9,Do the string beans overlap any other food in the image,yes,"no, they do not"
f6a053c5e1893f9,Where are the string beans located in the image,in the bottom center,the string beans are located in the lower part of the image
441fcc9cb344ba1,How would you describe the surface of the beans,glossy,the surface of the beans is shiny and wet
441fcc9cb344ba1,What type of vegetable is shown in the image,beans,green beans
441fcc9cb344ba1,What seasoning or characteristic is visible on some of the beans,peppered,garlic
441fcc9cb344ba1,How are the beans arranged in the image,overlapping,the beans are arranged in a random pattern
441fcc9cb344ba1,Where are the beans located in the image,throughout the entire image frame,the beans are in the middle
993feff14891476,What color are the beans primarily,tan,the beans are primarily light brown
993feff14891476,What is the food served in,bowl,a red ceramic bowl
993feff14891476,How much of the bowl do the beans occupy,fill,the beans occupy most of the bowl
993feff14891476,What color is the broth surrounding the beans,brown,brown
993feff14891476,Where are the beans located in the broth,in the broth,in the orange bowl
21e2637de941dd5,How are the peppers prepared,sliced,the peppers are stir-fried
21e2637de941dd5,What type of meat is used in the dish,beef,ground beef
21e2637de941dd5,What color is the ground beef,brown,brown
21e2637de941dd5,What is the ground beef mixed with,with peppers,ground beef is mixed with peppers
f546b3a3af7abd8,How was the beef cooked,slow,the beef was braised
f546b3a3af7abd8,What color is the roast beef,reddish-brown,the roast beef is brown
f546b3a3af7abd8,What type of food is shown in the image,meat,"meat, mashed potatoes, and brussels sprouts"
f546b3a3af7abd8,Where is the roast beef positioned in the frame,in the upper-right portion,top right of the plate
253f5d3a1d7e9f7,What color is the slushy at the bottom of the mug,brown,brown
253f5d3a1d7e9f7,What color is the foam at the top of the mug,white,the foam is white
253f5d3a1d7e9f7,Where is the thick layer of white foam located,at the top,at the top of the drink
02c1cb3e79e9c55,What are the drinks served in,glasses,tall glasses
02c1cb3e79e9c55,What color is the shandy in the right glass,amber,the shandy in the right glass is **golden brown**
02c1cb3e79e9c55,Where are the lime wedges placed,surface,to the left of the glasses
344194d426c2abd,What color are most of the beets in the bowl,red,most of the beets are red
344194d426c2abd,What is the main ingredient in the bowl,beets,beets
344194d426c2abd,What color are the herbs scattered among the beets,green,the herbs scattered among the beets are green
53e3760a31b1ff1,What color is the base of the cake,yellow,the base of the cake is orange
53e3760a31b1ff1,What type of dessert is shown in the image,cake,lemon cherry cake
53e3760a31b1ff1,What is the cake placed on,on a clear glass,a glass cake stand
2a66270884effd6,What color are the biscuits primarily,yellow,light yellow
2a66270884effd6,What type of baked goods are shown in the image,biscuits,buttermilk biscuits
2a66270884effd6,How are the biscuits arranged,clustered,the biscuits are arranged in a pile
2a66270884effd6,How do the biscuits appear to be prepared,baked,the biscuits appear to be baked
a75733bc0677785,What color is the top of the first biscuit,golden-brown,golden brown
0d09531e7da3c55,What color is the arrowroot biscuit,pale,white
0d09531e7da3c55,What is the color of the surface of the biscuit,cream,the surface of the biscuit is white
0d09531e7da3c55,Where is the arrowroot biscuit located,on a wire rack,on the wire rack
72c615959ec4225,What color are the biscuits,beige,the biscuits are orange and white
72c615959ec4225,What type of food is shown in the image,biscuits,baked cheese and cheddar biscuits
72c615959ec4225,What color are the flecks on the biscuits,orange,orange
72c615959ec4225,Where are the biscuits located in the image,across the image,the biscuits are located in the **bottom left**
06add82d08c0d34,What texture does the crust of the cranberry brie bites have,flaky,flaky and golden
7e6dae689e22dd5,What color is the plate used for the blondies,light-colored,the plate is blue and white with a leaf pattern
7e6dae689e22dd5,What type of dessert is shown in the image,blondies,peanut butter blondies
7e6dae689e22dd5,What color are the blondies overall,brown,the blondies are brown
7e6dae689e22dd5,Where is the drizzle applied on the blondies,on top,on top of the blondies
7e6dae689e22dd5,What is the darker brown topping on the blondies,drizzle,caramel sauce
edcf433b4d8b884,What color are the blueberries,purple,purple
edcf433b4d8b884,What type of fruit is being pickled,blueberries,blackberries
eed8781f7c6e76f,What color is the Bologna Salad Sandwich Spread,pink,the color of the bologna salad sandwich spread is **pinkish-orange**
eed8781f7c6e76f,What is the Bologna Salad Sandwich Spread located in,bowl,a white bowl
eed8781f7c6e76f,Where are the crackers located,under the bowl,below the bowl of dip
eed8781f7c6e76f,What color are the crackers,golden-brown,the crackers are brown
ba6fcc58d8b5770,What color is the bolognese,reddish-brown,red
ba6fcc58d8b5770,What is the bolognese doing to the pasta,covering,covering the pasta
ba6fcc58d8b5770,What is the bolognese served on,plate,rigatoni pasta
ba6fcc58d8b5770,What color is the pasta,yellow,yellow
ba6fcc58d8b5770,Where is the bolognese located on the plate,in the center,in the center of the plate
8f97cf903a03575,What color are the spinach leaves,green,green
8f97cf903a03575,What is one of the main green ingredients in the bowl,spinach,spinach
8f97cf903a03575,What is the color of the avocado cubes closest to the center,avocado,green
8f97cf903a03575,Where are the pieces of chicken located in relation to the bowl's edge,closer to,below the edge
2f105290de1dd3a,What color is the rice in the bowl,tan,the rice is brown
2f105290de1dd3a,What type of grain is located on the left side of the bowl,rice,brown rice
2f105290de1dd3a,Where is the rice located in the bowl,on the left side,the rice is located in the lower left corner of the bowl
2f105290de1dd3a,What color are the avocado slices in the bowl,green,green
902318f170069ad,What color are the brats,reddish-brown,brown
902318f170069ad,What type of sausages are shown,brats,italian sausages
902318f170069ad,What color is the parsley,green,green
902318f170069ad,Where are the onions placed,draped over,on top of the sausages
902318f170069ad,What is visible underneath the brats,liquid,onions
441400d5b739292,What ingredient is visible throughout the bread,walnuts,walnuts
441400d5b739292,How would you describe the interior of the bread,speckled,the interior of the bread is light brown and dense
441400d5b739292,Where are the walnuts located on the bread,on top,on top of the bread
074294b6160f6df,What color is the interior of the bread,white,the interior of the bread is white
074294b6160f6df,What is the form of the bread on the left side of the frame,loaf,a loaf of bread
074294b6160f6df,What color is the crust of the bread,tan,golden brown
074294b6160f6df,How are the bread slices arranged on the cutting board,overlapping,the bread slices are arranged in a fan shape
074294b6160f6df,Where is the loaf of bread positioned,on the board,in the background
21bea6d1906db3a,What color is the interior of the sliced bread,white,the interior of the sliced bread is white
21bea6d1906db3a,What color is the crust of the sliced bread,golden-brown,golden brown
21bea6d1906db3a,How are the three slices arranged,stacked,stacked on top of each other
3ffaff754079068,What color is the crust of the bread,beige,the crust of the bread is golden brown
3ffaff754079068,What type of food is shown in the image,bread,bread
3ffaff754079068,What color is the inside of the bread,creamy,the inside of the bread is white
3ffaff754079068,Where is the bread placed,on a wire rack,on a wire rack
1e9542136c1c977,What color are the egg whites,bright,the egg whites are white
1e9542136c1c977,What color are the pieces of cheese,orange,the pieces of cheese are orange
1e9542136c1c977,Where are the diced potatoes scattered,around the eggs,the diced potatoes are scattered around the eggs
0a72c38706e4f5d,What color is the beef brisket,brown,brown
0a72c38706e4f5d,What type of meat is on the plate,beef brisket,beef
0a72c38706e4f5d,What color are the peas on the plate,green,the peas are green
0a72c38706e4f5d,What is covering the beef brisket and mashed potatoes,gravy,gravy is covering the beef
0a72c38706e4f5d,Where is the beef brisket located on the plate,on the plate,on the right side
305b748881067fd,What color is the brittle,golden-brown,the brittle is yellow
305b748881067fd,Where are the macadamia nuts located in the brittle,within,on top of the brittle
c052db6181c54f4,What color are the beef pieces,brown,the beef pieces are brown
c052db6181c54f4,What type of meat is in the dish,beef,beef
c052db6181c54f4,What color are the broccoli florets,green,the broccoli florets are green
c052db6181c54f4,Where is the beef and broccoli located,on a plate,the beef and broccoli is located on the plate
c052db6181c54f4,What is located underneath the beef and broccoli,rice,rice
3002415d68ad56f,What vegetable is shown in the image,broccoli,broccoli
3002415d68ad56f,What is the dominant color of the broccoli florets,green,green
3002415d68ad56f,What color is the plate under the broccoli,red,the plate is red and yellow
3002415d68ad56f,How does the broccoli appear to be prepared,cooked,it appears to be steamed
3002415d68ad56f,Where is the broccoli located,on a plate,in the bowl
097296e0ac0a9cd,What is the main liquid in the pot,broth,the main liquid in the pot is water
097296e0ac0a9cd,What color are the diced celery pieces,green,green
097296e0ac0a9cd,Where are the chunks of chicken located,within the broth,in the large pot
b325c9edcf69610,What shape is the brownie,square,square
b325c9edcf69610,What color is the brownie,brown,the brownie is brown
b325c9edcf69610,Where are the green mint leaves placed,on top,on top of the brownie
b325c9edcf69610,What color are the mint leaves,green,green
dfd187cc612cd0e,What color is the cardboard container,brown,the cardboard container is brown
dfd187cc612cd0e,How does the top of the brownie appear,shiny,the top of the brownie appears to be cracked
dfd187cc612cd0e,What type of nuts are embedded in the brownie,pecans,pecans
8ca33970fcac581,What color are the brownies,brown,brown
8ca33970fcac581,What is the dessert shown in the image,brownies,brownies
8ca33970fcac581,What is the texture of the top brownie,cracked,the top brownie is very fudgy and moist
8ca33970fcac581,What ingredient is visible in the brownies,walnuts,white chocolate chips
8ca33970fcac581,Where are the brownies placed to the plate,on top of,in the middle
6e6511f7b9124cb,What color are the brownies,dark-brown,the brownies are dark brown
6e6511f7b9124cb,How are the brownies placed in the image,arranged,the brownies are placed in a random manner
6e6511f7b9124cb,What type of dessert is shown in the image,brownies,brownies
6e6511f7b9124cb,Where are the small nuts or inclusions located,within the chocolate,on top of the brownies
3c56ae3de51e0ba,What color is the plate,white,the plate is white
3c56ae3de51e0ba,What is the name of the dish in the center of the image,bruschetta,pizza muffin
3c56ae3de51e0ba,What color are the chopped tomatoes,red,red
3c56ae3de51e0ba,Where is the bruschetta located,on the center,the bruschetta is located on a plate
3c56ae3de51e0ba,What is the base of the bruschetta,toasted,english muffin
e4642d415d4395f,What has happened to the cheese on the bread,melted,the cheese has melted
e4642d415d4395f,What is the color of the plate,black,the plate is black
e4642d415d4395f,What color are the tomato slices,red,red
e4642d415d4395f,Where are the bright green basil leaves placed,on top,on top of the pizza
5d026af492d6a34,What color is the beef,reddish-brown,the beef is red
5d026af492d6a34,What type of meat is shown in the image,beef,raw tuna
5d026af492d6a34,How does the beef appear in the image,glistening,the beef appears to be raw
5d026af492d6a34,Where are the shredded carrots located in the image,on top of,scattered throughout the dish
5d026af492d6a34,What color are the shredded carrots,orange,orange
e21891b1b067fb8,What portion of the image do the burgers take up,one-third,the burgers take up the lower half
e21891b1b067fb8,What type of food is the main focus of the image,burgers,salisbury steak with gravy and mashed potatoes
e21891b1b067fb8,What color is the sauce covering the burgers,brownish-tan,the sauce covering the burgers is brown
e21891b1b067fb8,What is the sauce covering,of the burgers,the sauce is covering meat
e21891b1b067fb8,What color are the beans,green,the beans are green
31c8d45426631c6,What color is the baking dish,white,the baking dish is white
31c8d45426631c6,What has happened to the cheese on top of the casserole,melted,the cheese on top of the casserole has melted
31c8d45426631c6,What color is the melted cheese mostly,orange,yellow
31c8d45426631c6,Where is the burrito casserole,in the dish,in the baking dish
31c8d45426631c6,How is the casserole arranged,layers,the casserole is arranged in a rectangular shape
2d3ce990cc41e09,Are the burritos vegan,vegan,"no, they are not"
2d3ce990cc41e09,What type of food is shown in the image,burritos,chicken burritos
2d3ce990cc41e09,What color are the tofu chunks,tan,white
2d3ce990cc41e09,Where is the cut burrito placed,on top,on a striped tablecloth
de95b62def287ff,What is the flavor profile of the burritos,sweet,"beef, cheese, and spicy sauce"
de95b62def287ff,What type of food is shown in the image,burritos,chili cheese burritos
de95b62def287ff,What color is the plate,black,the plate is black and red
de95b62def287ff,Where are the burritos placed,on a black plate,a red tray
de95b62def287ff,What color is the sweet potato filling,orange,orange
537825d37055ad1,What is the primary color of the frosting,white,white
537825d37055ad1,What is the dessert in the image,cupcake,cupcake with an american flag
537825d37055ad1,What color streaks are incorporated into the frosting besides red,light blue,blue
537825d37055ad1,Where is the frosting placed on the cupcake,on top of,the frosting is placed on top
d042eca485dd728,What shape is the cake,rectangular,the cake is rectangular
d042eca485dd728,What type of dessert is shown in the image,cake,birthday cake
d042eca485dd728,What color is the lettering on the cake,blue,the lettering on the cake is blue
d042eca485dd728,What is the buttercream flavor on the cake,caramel,the cake appears to be vanilla-flavored buttercream
d042eca485dd728,Where are the orange flowers placed on the cake,around the perimeter,the orange flowers are placed on the cake's top and sides
ac5a3aa8ca9674b,What is the texture of the cabbage in the image,shredded,the cabbage in the image is shredded
ac5a3aa8ca9674b,What type of vegetable is shown in the image,cabbage,red cabbage
ac5a3aa8ca9674b,Where is the cabbage located in the image,on the top-right,in the bowl
ac5a3aa8ca9674b,What is the color of the bowl in the image,white,white
ac5a3aa8ca9674b,What is the color of the shredded cabbage in the image,pinkish-red,pink
64226aa9f3056f4,What color is the bowl,white,the bowl is white
64226aa9f3056f4,What is the shape of the container holding the scalloped cabbage,bowl,the container is circular
64226aa9f3056f4,What is visible on top of the golden brown crust,breadcrumbs,panko breadcrumbs
64226aa9f3056f4,What color is the crust on top of the scalloped cabbage,golden,the crust on top of the scalloped cabbage is light brown
a18c5a91e434bbb,What is the texture of the cabbage in the salad,shredded,the texture of the cabbage in the salad is **slightly crunchy**
a18c5a91e434bbb,What type of cabbage is used in the salad,green-cabbage,shredded cabbage is used
a18c5a91e434bbb,What color is the shredded cabbage in the salad,white,white
a18c5a91e434bbb,What color are the carrot slivers in the salad,orange,orange
a18c5a91e434bbb,Where are the carrot slivers located in the salad,within the salad,scattered throughout the salad
ddd7b62c8f666e1,What color is the bowl,reddish-orange,orange
ddd7b62c8f666e1,What is the main vegetable in the dish,cabbage,cabbage
ddd7b62c8f666e1,What color is the cabbage,yellowish-green,the cabbage is yellow
ddd7b62c8f666e1,What type of beans are in the dish,beans,red kidney beans
ddd7b62c8f666e1,Where is the dish positioned in the image,in the center,in the center of the image
1f70da84dd0fa82,What is the main vegetable in the dish,cabbage,carrots
1f70da84dd0fa82,What color is the plate,brown,the plate is brown
1f70da84dd0fa82,Where is the cabbage placed,on top of the plate,in the middle of the dish
1f70da84dd0fa82,What color are the diced carrots,orange,orange
8643addc01f5c98,How are the cabbage pieces arranged in the soup,evenly-distributed ,the cabbage pieces are arranged in a random pattern
8643addc01f5c98,Where are the solid ingredients located in the bowl,floating in,in the middle of the bowl
8643addc01f5c98,What color are the tomatoes in the soup,red,red
8643addc01f5c98,What color are the carrot chunks in the soup,orange,orange
c71c9651e38223e,What color is the chicken piece,light-brown,the chicken piece is light brown
c71c9651e38223e,What type of meat is featured in the dish,chicken,chicken
c71c9651e38223e,What color are the tomato bits in the sauce,red,red
c71c9651e38223e,Where is the chicken piece positioned on the plate,on the right side,in the middle of the plate
c71c9651e38223e,What type of noodles are under the chicken,spaghetti,spaghetti
3588268d71872c9,What color is the tomato-based sauce,reddish-brown,the tomato-based sauce is red
3588268d71872c9,What is the main protein in the dish,chicken,the main protein in the dish is chicken
3588268d71872c9,What color are the egg noodles,light-yellow,the egg noodles are light brown
3588268d71872c9,Where is the chicken positioned on the plate,in the center,in the middle of the plate
d0e3d9a163d4065,What color is the spaghetti in the dish,light,the spaghetti is white
d0e3d9a163d4065,What type of meat is used in the dish,chicken,chicken
d0e3d9a163d4065,What color is the tomato sauce in the dish,red,the tomato sauce is red
d0e3d9a163d4065,What is sprinkled on top of the dish,cheese,shredded cheese
a5761726130842d,What color are the calamari rings,golden,the calamari rings are light brown
a5761726130842d,What type of seafood is shown in the image,calamari,calamari
a5761726130842d,How are the calamari rings placed on the plate,arranging,the calamari rings are placed in a circular pattern around the center of the plate
a5761726130842d,What color is the plate,white,the plate is white
a5761726130842d,Where is the dark red sauce placed,on the plate,in the middle of the plate
6d770809b93ee86,What color is the bowl,yellow,the bowl is yellow and white
6d770809b93ee86,What is the soup served in,bowl,a yellow and white bowl
6d770809b93ee86,What color is the broth,brown,brown
6d770809b93ee86,Where are the avocado slices positioned,on top of,atop the soup in the bowl
f123e18d594e493,What color is the corn on the cob,yellow,yellow
f123e18d594e493,What is the dish served on,plate,a white paper plate
f123e18d594e493,What type of meat is in the dish,beef,beef
f123e18d594e493,What color is the beef,brown,the beef is brown
f123e18d594e493,What is the beef submerged in,in broth,beef is submerged in corn
2334aa188b34959,What color is the interior of the candy,yellow,the interior of the candy is yellow
2334aa188b34959,What is the exterior coating of the candy made of,chocolate,chocolate
2334aa188b34959,What type of food is shown in the image,candy,chocolate peanut butter candy
2334aa188b34959,What color is the exterior of the candy,brown,the exterior of the candy is brown
2334aa188b34959,Where is the orange ribbon located in relation to the candy,right of orange ribbon,behind the candy
0d091be8b650e7b,What color are the candies,brown,brown and white
0d091be8b650e7b,What is the main ingredient of the candies,sugar,**main ingredient:** peanut butter
0d091be8b650e7b,What color is the plate,white,the plate is white
0d091be8b650e7b,Where is the pink flower positioned,to the left,to the left of the fudge
996b61b45564b37,What color is the meat,brownish-red,the meat is brown
996b61b45564b37,What type of food is in the center of the image,meat,roasted meat with vegetables
996b61b45564b37,What color are the charred edges of the meat,dark brown,the charred edges of the meat are dark brown
996b61b45564b37,How would you describe the edges of the meat,charred,the edges of the meat are charred and crispy
996b61b45564b37,What is not present in the image,vegetables,spoon
b24a6f2ed6a3e36,What is the texture of the candy,hard,the candy has a **crispy** texture
b24a6f2ed6a3e36,What type of food is shown in the image,candy,candied orange peel
b24a6f2ed6a3e36,What is the dominant color of the candy,orange,the dominant color of the candy is orange
b24a6f2ed6a3e36,What is the relationship between the candy and the white powder,coated,the candy is coated with powdered sugar
b24a6f2ed6a3e36,Where are the pieces of candy located in the image,throughout,the pieces of candy are located in the **center** of the image
b4d3f2a98200f70,What color is the plate,green,green
b4d3f2a98200f70,What type of food is shown in the image,candy,cinnamon candy with sprinkles
b4d3f2a98200f70,What color is the candy,reddish-brown,red
b4d3f2a98200f70,Where is the pile of candy located on the plate,center,the pile of candy is located on the **right** side
b4d3f2a98200f70,Where is the candy placed,on the plate,the candy is on the plate
95b9f7b9949ffcd,What color is the prickly pear candy,red,red
95b9f7b9949ffcd,How was the candy applied to the parchment paper,poured,it was poured onto the parchment paper
95b9f7b9949ffcd,What type of food is shown in the image,candy,jelly
95b9f7b9949ffcd,What is the appearance of the candy in terms of light transmission,translucent,the candy appears translucent
95b9f7b9949ffcd,Where is the candy located on the parchment paper,on a piece,the candy is on the top
163f1ab33bea657,What color is the filling of the pie,yellow,the filling of the pie is yellow
163f1ab33bea657,Where is the Cantaloupe Pie located in the image,center of the image,the cantaloupe pie is located in the center of the image
163f1ab33bea657,How does the meringue topping appear,fluffy and toasted,the meringue topping appears to be golden and crispy
163f1ab33bea657,What is the topping on the pie called,meringue,the topping on the pie is called meringue
163f1ab33bea657,What color is the crust of the pie,silver,gold
f2527f9cf419a07,What color is the pasta,light-green,the pasta is yellow
f2527f9cf419a07,What type of dish is shown in the image,pasta,spaghetti with cheese sauce
f2527f9cf419a07,What color is the pepper sprinkled on the pasta,black,black
f2527f9cf419a07,What is the pasta coated in,in a creamy sauce,cheese sauce
f2527f9cf419a07,What color is the fork,silver,gray
359af529a2897e9,What color is the exterior of the meat,brown,the exterior of the meat is pink
359af529a2897e9,What type of food is being cooked,meat,pork is being cooked
359af529a2897e9,What is happening to the liquid around the meat,bubbling,the liquid is boiling
359af529a2897e9,What color is the liquid surrounding the meat,yellow-brown,the liquid surrounding the meat is brown
eab27a4e2f33b77,What color are the carrots,orange,the carrots are orange
eab27a4e2f33b77,What vegetable is in the bowl,carrots,carrots
eab27a4e2f33b77,What color is the bowl,white,the bowl is white
35190d2da66fdbc,What color are the carrots,orange,orange
35190d2da66fdbc,What vegetable is the main focus of the dish,carrots,carrots
35190d2da66fdbc,How do the carrots appear on the plate,glistening,sliced and seasoned
35190d2da66fdbc,Where are the carrots mostly arranged on the plate,in the center,the carrots are mostly arranged on the left side of the plate
35190d2da66fdbc,What color is the garnish next to the carrots,green,the garnish next to the carrots is green
cddc2590663c874,What color is the rice besides white,yellowish,yellow
cddc2590663c874,What is the main ingredient in the dish besides rice,rice,carrots
cddc2590663c874,What color are the small pieces distributed throughout the rice,orange,orange
cddc2590663c874,What color is the sprig located on the left side of the rice,green,green
06aa1cd4906fc6e,What type of nuts are shown in the image,cashews,cashews
06aa1cd4906fc6e,What color are the cashews,tan,the cashews are golden
06aa1cd4906fc6e,How are the cashews arranged in the bowl,piled randomly,the cashews are arranged in a pile
06aa1cd4906fc6e,Where is the bowl placed,on a purple surface,on a purple tablecloth
b07024f19d54163,What shape is the casserole presented in,triangular,semi-circle
b07024f19d54163,What type of dish is the food served in,casserole,a glass plate
b07024f19d54163,What color is the spinach in the casserole,green,green
b07024f19d54163,What is the bacon mixed with on top of the casserole,with cheese,cheese
b07024f19d54163,What appears as a yellow or off-white layer in the casserole,egg,egg
1c9f4259812306b,What color is the catfish fillet,beige,the catfish fillet is white
1c9f4259812306b,What type of fish is featured in the dish,catfish,cod
1c9f4259812306b,What color is the tomato-based sauce,reddish-orange,the tomato-based sauce is red
1c9f4259812306b,Where is the catfish fillet situated in the image,in the upper-center,on top of zucchini noodles
1c9f4259812306b,How is the dark brown component prepared,fried,the dark brown component is prepared as **crispy bacon bits**
6d22247b721e6d5,What color is the catfish,golden-brown,the catfish is golden brown
6d22247b721e6d5,What type of fish is shown in the image,catfish,salmon
6d22247b721e6d5,Where is the catfish located in the image,center,front of the plate
6d22247b721e6d5,What color are the beans next to the catfish,green,green
6d22247b721e6d5,Where is the catfish positioned in the image,on the foreground,the catfish is positioned in the foreground
834120a1d388a55,What does the cauliflower purée do to the blue bowl,fills,it creates a hole in the bowl
834120a1d388a55,What vegetable is used to make the purée,cauliflower,potato
834120a1d388a55,What color is the bowl,blue,the bowl is blue
834120a1d388a55,What color is the cauliflower purée,yellow,yellow
fd20accf5e43db6,What is the texture of the mac-n-cheese,creamy,the mac-n-cheese is creamy and smooth
fd20accf5e43db6,What dish is being described,mac-n-cheese,macaroni and cheese
fd20accf5e43db6,What color is the bowl,white,the bowl is white
fd20accf5e43db6,What color are the thin strips of cheddar cheese on top,orange-yellow,yellow
e2f67c2710c00c9,What is the primary color of the cauliflower florets,off-white,white
e2f67c2710c00c9,What vegetable is off-white to light tan in color,cauliflower,cauliflower
e2f67c2710c00c9,What color are the brussels sprouts,green,green
e2f67c2710c00c9,What vegetable is intermixed with the cauliflower,broccoli,the vegetable intermixed with the cauliflower is broccoli
e2f67c2710c00c9,What vegetable is dark green and scattered throughout the bowl,broccoli,brussels sprouts
5499c0eb50d5cca,What are the jars made of,glass jars,glass
5499c0eb50d5cca,What color is the cauliflower in the jars,white,white
5499c0eb50d5cca,What color are the carrot slices in the jars,orange,the carrot slices in the jars are orange
5499c0eb50d5cca,Where are the jars placed,on the countertop,the jars are placed on a countertop
706760a64a27a1f,What color is the exterior of the Challah bread,golden-brown,the exterior of the challah bread is golden brown
706760a64a27a1f,What type of food is shown in the image,bread,challah bread
706760a64a27a1f,Where is the Challah bread positioned,on the cutting board,on a wooden cutting board
706760a64a27a1f,What color is revealed in the inner sections of the Challah bread,yellow,the inner sections of the challah bread reveal a **golden yellow** color
db3b1778b24456b,What color is the Swiss chard,dark green,dark green
db3b1778b24456b,What type of green vegetable is in the bowl,chard,spinach
db3b1778b24456b,What ingredient is mixed with the Swiss chard,garlic,garlic
db3b1778b24456b,What color are the garlic pieces,white,white
db3b1778b24456b,Where is the Swiss chard with garlic located,in a bowl,in the white bowl
641396b8036abef,What colors are present in the rainbow chard,rainbow,"red, orange, green, and purple"
641396b8036abef,What type of chard is shown in the image,chard,swiss chard
641396b8036abef,What is the primary color of the chard leaves,green,the primary color of the chard leaves is red
641396b8036abef,Where is the bowl placed in the image,in a bowl,the bowl is placed on a cloth
641396b8036abef,What ingredient is mixed in with the chard,vegetables,"carrots, oranges, and apples"
c2f3350b60c42de,What type of burger is shown in the image,cheeseburger,cheeseburger
c2f3350b60c42de,What color is the cheese on the burger,yellow,yellow
c2f3350b60c42de,What color is the bottom half of the burger bun,golden-brown,the bottom half of the burger bun is **light brown**
c2f3350b60c42de,What is the pale green item beside the burger,pickle,pickled cucumber
c2f3350b60c42de,Where is the cheeseburger placed,on a white plate,on a plate
2635e661bc71dc5,What color is the top bun of the burger,tan,the top bun of the burger is **light brown**
2635e661bc71dc5,What type of food is the main item in the image,burger,burger with avocado and cheese
2635e661bc71dc5,What color are the sweet potato fries next to the burger,orange,orange
2635e661bc71dc5,Where is the burger located in relation to the sweet potato fries,located to the left,in front of the fries
ae5fb0be294fa94,What color is the cheesecake,beige,the cheesecake is white
ae5fb0be294fa94,What is the cheesecake doing to the silver baking pan,filling,it is sitting in it
ae5fb0be294fa94,Where is the cheesecake located in the image,right side of the image,the cheesecake is in the pan
ae5fb0be294fa94,What color is the baking pan,silver,the baking pan is silver
ae5fb0be294fa94,What color is the crust around the edge of the cheesecake,golden-brown,golden brown
cbe96f00898ea30,What type of dessert is shown in the image,cheesecake,cheesecake
cbe96f00898ea30,What color is the whipped cream on the cheesecake,white,the whipped cream on the cheesecake is white
cbe96f00898ea30,What is sprinkled on the whipped cream,sprinkled,cinnamon
9d7d5e0ae2b7c49,What color is the crust of the cheesecake,white,the crust is brown
9d7d5e0ae2b7c49,What type of dessert is shown in the image,cheesecake,cheesecake
9d7d5e0ae2b7c49,What color are the blueberries on the cheesecake,blue,the blueberries are **dark blue**
9d7d5e0ae2b7c49,Where are the cheesecake slices placed,on the plate,a grey tray
9d7d5e0ae2b7c49,What is drizzled over the berries and cheesecake filling,syrup,caramel sauce
3000aab5c950cd8,What color are the strawberries,red,red
3000aab5c950cd8,What is the dessert served in,jar,glass jars
3000aab5c950cd8,Where are the strawberry halves placed,on top of,on top of the cream
0ac165f57de52dd,What color is the top layer of the cheesecake,dark-brown,the top layer of the cheesecake is **chocolate**
0ac165f57de52dd,What type of dessert is shown in the image,cheesecake,chocolate cake
0ac165f57de52dd,What is the texture of the top layer of the cheesecake,glaze,the texture of the top layer of the cheesecake is **smooth and chocolatey**
0ac165f57de52dd,What fruit is placed on top of the cheesecake,strawberries,strawberries
0ac165f57de52dd,Where are the strawberries located on the cheesecake,on top of,on top of the cheesecake
76a2efddff0ea38,What is the texture of the base mixed with cherries,creamy,the base mixed with cherries has a **creamy** texture
76a2efddff0ea38,What fruit is mixed into the creamy base,cherries,cherries
76a2efddff0ea38,What does the Cherry Cloud do to the bowl,fills,it makes the bowl pink
76a2efddff0ea38,What color are the cherries dispersed throughout the mixture,purple,black
76a2efddff0ea38,Where are the cherries dispersed in the mixture,throughout the bowl,the cherries are dispersed throughout the mixture
7651b58f5f3b4b0,What color is the exposed portion of the first cherry,red,red
7651b58f5f3b4b0,What type of fruit is dipped in chocolate,cherries,cherries
7651b58f5f3b4b0,What color is the chocolate coating on the cherries,brown,the chocolate coating on the cherries is brown
7651b58f5f3b4b0,Where is the first cherry located,on the left,bottom left corner
1e3f3ddd8e96695,What color are the diced carrots in the stew,orange,the diced carrots in the stew are orange
1e3f3ddd8e96695,What is the color of the ground chicken in the stew,browned,the ground chicken in the stew is orange
1e3f3ddd8e96695,What type of meat is used in the stew,chicken,ground chicken
1e3f3ddd8e96695,Where is the stew located in the image,on top of the plate,on top of the rice
1e3f3ddd8e96695,What herb is placed on top of the stew,parsley,parsley
f0bc5f6eb400aaf,What color is the chicken on top,golden,brown
f0bc5f6eb400aaf,What color is the chicken on the sides,brown,the chicken on the sides is golden brown
f0bc5f6eb400aaf,What color is the sauce surrounding the chicken,reddish-brown sauce,red
f0bc5f6eb400aaf,Where is the reddish-brown sauce located,on and around the chicken,the reddish-brown sauce is located in the pan
061f9094142c1e3,What color is the scramble,yellow,yellow
061f9094142c1e3,What color are the diced tomatoes in the scramble,red,red
061f9094142c1e3,Where are the white shards of cheese located,sprinkled on top,on top of the scrambled eggs
061f9094142c1e3,What utensil is placed on the plate,fork,a silver fork
061f9094142c1e3,What texture do the tortilla chips have,crispy,crunchy
7bae9e3e598aff1,What is the size of the pot,large,the pot is large
7bae9e3e598aff1,What is the main ingredient in the dish,chili,beef
7bae9e3e598aff1,What color is the broth,red,the broth is a dark orange color
7bae9e3e598aff1,Where is the chili located,in a pot,in the pot
7bae9e3e598aff1,What type of meat is in the chili,sausage,ground beef
65c82ce184feb05,What color is the chimichurri,green,green
65c82ce184feb05,What is the chimichurri contained in,bowl,a ceramic bowl
65c82ce184feb05,Where is the chimichurri located,in the bowl,the chimichurri is located in a bowl
65c82ce184feb05,What color is the bowl,green,the bowl is pink
65c82ce184feb05,Where is the spoon in relation to the bowl,dip in,in the bowl
47be8f81c88ee14,How are the chips arranged in the image,scattered,they are randomly arranged
47be8f81c88ee14,What type of food is shown in the image,chips,crispy fried green peppers
47be8f81c88ee14,What color are some of the chips,green,some of the chips are **yellow**
47be8f81c88ee14,What color do some of the chips display,golden-yellow,some of the chips display **a dark brown color**
47be8f81c88ee14,Where are most of the chips located in the frame,towards the central region,in the center
05c9906b7d13f12,What pattern is seen on the chocolates,swirled,marbled pattern
05c9906b7d13f12,What is the predominant color of the chocolates,tan,the predominant color of the chocolates is **white and brown**
05c9906b7d13f12,How many pieces of chocolate are shown in the image,many,twenty-three
05c9906b7d13f12,What shape are the chocolates cut into,rectangular,square
05c9906b7d13f12,What material are the chocolates wrapped in,in clear plastic,plastic
0f45ead135cb68e,What type of dish is the dessert served in,dessert,glass baking dish
0f45ead135cb68e,What is the appearance of the glass dish,clear,the glass dish is rectangular and clear
0f45ead135cb68e,What type of fruit is on top of the dessert,raspberries,dried cranberries
0f45ead135cb68e,How are the white chocolate chips arranged around the dish,scattered,scattered around the dish
0f45ead135cb68e,Where are the white chocolate chips placed,on a metallic surface,near the bottom right corner
19152d394d56652,What color is the chocolate filling,chocolate,brown
19152d394d56652,What color are the pastry layers,brown,golden
19152d394d56652,What color is the powdered sugar,golden-brown,white
19152d394d56652,Where are the chocolate clouds positioned,on top of,inside the puff pastry
701a877404f09ee,What is the texture of the topping on the cake,creamy,the topping on the cake is crumbly
701a877404f09ee,What is the base layer of the food item,cake,chocolate cake
701a877404f09ee,What color is the base cake,brown,the base cake is brown
701a877404f09ee,Where are the chocolate cookie crumbles located,on top,on top of the cake
701a877404f09ee,What is the main flavor of the crumbles on top,chocolate,chocolate
a01489b3eac8ec8,What is the sauce doing to the ice cream,drizzled,the sauce is melting the ice cream
a01489b3eac8ec8,What is the color of the chocolate sauce,brown,the color of the chocolate sauce is brown
a01489b3eac8ec8,What is the main dessert in the bowl,ice cream,ice cream with chocolate sauce
a01489b3eac8ec8,What color is the ice cream,white,the ice cream is white
a01489b3eac8ec8,Where has some of the chocolate sauce pooled,at the bottom,on the left side
85057719a8f7290,What color is the vegetable chowder,yellow,creamy yellow vegetable chowder
85057719a8f7290,What is the vegetable chowder served in,bowl,a ceramic bowl
85057719a8f7290,How are the diced carrots and herbs distributed in the chowder,dispersed,the diced carrots and herbs are scattered throughout the chowder
85057719a8f7290,What vegetable is diced and visible in the chowder,carrots,carrots
85057719a8f7290,Where is the sprig of parsley located,on the surface,in the soup
7e6905e6903434a,What is the main vegetable ingredient in the chowder,corn,corn
7e6905e6903434a,What color are the bacon pieces,brown,the bacon pieces are **red** and **crumbly**
7e6905e6903434a,What color are the corn kernels in the chowder,yellow,the corn kernels in the chowder are yellow
7e6905e6903434a,Where are the thinly sliced scallions distributed,across the surface,on top of the soup
4f1f20526bc57a3,What color is the cranberry chutney,red,red
4f1f20526bc57a3,What is the chutney served in,bowl,a white ceramic bowl
4f1f20526bc57a3,Where is the cranberry chutney located,center of the bowl,in the white bowl
4f1f20526bc57a3,How much of the bowl does the chutney fill,fills,the chutney fills about half the bowl
4f1f20526bc57a3,What is the consistency of the chutney besides whole cranberries,pulpy,"the chutney is mostly a thick, syrupy consistency"
44b56d634060bf5,What is the container for the chutney,jar,a small glass jar
44b56d634060bf5,What color is the chutney,brownish-yellow,brown
44b56d634060bf5,What is the jar filled with,with the chutney,rhubarb chutney
44b56d634060bf5,What is on the jar,label,rhubarb chutney label
ec2780b0cdb57b7,What color are the apple slices concentrated at the top and right,red,red
ec2780b0cdb57b7,What fruit is visible in the image,apple,apples
ec2780b0cdb57b7,What are the apple slices submerged in,slices,water
ec2780b0cdb57b7,What color are the apple slices at the bottom and left,green,green
ec2780b0cdb57b7,Where are the green apple slices located,in a clear liquid,the green apple slices are located in the bottom left
e283a9a4aac5d7e,What color is the bowl,white,the bowl is white
e283a9a4aac5d7e,What is the cinnamon rice served in,bowl,a white enamel bowl
e283a9a4aac5d7e,What color are some of the rice grains,brown,some of the rice grains are dark brown
e283a9a4aac5d7e,Where is the rice primarily located in the image,in the center,the rice is primarily located in the bowl
7ff22df8804e302,What color is the chowder,off-white,the chowder is white
7ff22df8804e302,What type of soup is in the bread bowl,chowder,clam chowder
7ff22df8804e302,Where does the dish sit,sits on,a white plate
7ff22df8804e302,What is the bread bowl like,circle,the bread bowl is round and crusty
7ff22df8804e302,What is on top of the chowder,herbs,a sprig of celery
cea8aeba6870289,What color is the bowl,white,white
cea8aeba6870289,What type of seafood is in the bowl,clams,shellfish
cea8aeba6870289,What color are the bands on the clam shells,brown,brown
cea8aeba6870289,Where are the clams placed,in a bowl,in a white bowl
cea8aeba6870289,What color are the herbs scattered amongst the clams,green,green
530fe55b9b9c31b,What color is the pumpkin cobbler's top and base,golden-brown,the pumpkin cobbler's top is orange and the base is yellow
530fe55b9b9c31b,What is the main ingredient in the cobbler,pumpkin,pumpkin
530fe55b9b9c31b,What color is the plate,white,the plate is white
530fe55b9b9c31b,Where is the pumpkin cobbler slice placed,on the plate,on a white plate
530fe55b9b9c31b,What is the texture of the cobbler's top and base,crumbly,the top of the cobbler is crumbly and the base is moist
68bd96227109ec0,What is the color of the top crust of the cobbler,golden-brown,golden brown
68bd96227109ec0,What type of dessert is shown in the image,cobbler,cheesecake
68bd96227109ec0,What color are the lighter patches on the cobbler's surface,yellow,golden
68bd96227109ec0,What creates the textured appearance of the cobbler's top crust,with variations,the texture is created by the **crumbly biscuit topping**
68bd96227109ec0,What process is indicated by the golden-brown hue and crispy edges of the cobbler,baking,baking
440eb56040e7a70,Is the vegetable juice cocktail homemade,homemade,"yes, it is homemade"
440eb56040e7a70,What are the containers used for the vegetable juice cocktail,jars,the containers used for the vegetable juice cocktail are **canning jars**
440eb56040e7a70,Are the jars in the foreground overlapping,yes,"no, they're not overlapping"
440eb56040e7a70,What type of juice is in the jars,vegetable,**answer:** orange juice
440eb56040e7a70,Are the jars centered in the frame,yes,"no, they are not"
d55b3849c761b7e,What type of drink is in the glass,cocktail,cranberry juice cocktail
d55b3849c761b7e,What do the cranberries do in the liquid,float,they float on top
d55b3849c761b7e,What is the clarity of the glass,clear,the glass is clear
d55b3849c761b7e,What type of glass is the cocktail served in,glass,martini glass
d55b3849c761b7e,How are the cranberries arranged in the drink,in a slight curve,in the middle
eb0547ba26a8d76,What is the color of the glass,clear,the glass is clear
eb0547ba26a8d76,What type of glass is the cocktail served in,glass,a margarita glass
eb0547ba26a8d76,What color is the salt on the rim of the glass,white,white
eb0547ba26a8d76,What is the slight tint of the cocktail,yellow,the slight tint of the cocktail is blue
eb0547ba26a8d76,Where is the lemon slice placed,on top of,the lemon slice is placed on top of the ice
87ccb1358aa1510,What color is the liquid in the lower portion of the jar,turquoise-blue,the liquid in the lower portion of the jar is blue
87ccb1358aa1510,What type of container is the cocktail served in,jar,a mason jar
87ccb1358aa1510,What color is the layer above the turquoise-blue liquid,red,white
87ccb1358aa1510,Where are the red candies and shark decoration placed,on the rim,on the rim of the jar
87ccb1358aa1510,What type of decoration is on the rim of the jar,shark,a shark decoration
e58c798c8bc3f13,What is the orange peel used for in the image,garnished,to garnish the drinks
e58c798c8bc3f13,What color are the cocktails in the image,orange,orange
e58c798c8bc3f13,What color is the orange peel in the image,yellow-orange,the orange peel is orange
e58c798c8bc3f13,What is the name of the cocktail in the image,monkey gland,orange sidecar cocktail
e58c798c8bc3f13,Where is the orange peel located in the image,on the surface,on top of the drink
14658cd22c153da,Is the hot cocoa sitting on a plate,yes,"yes, it is"
14658cd22c153da,Is cocoa one of the main ingredients in the drink,cocoa,"no, it's not cocoa"
14658cd22c153da,Is the plate under the mug blue,no,"yes, it is blue"
14658cd22c153da,Is the color of the cocoa light brown,yes,"yes, it is"
14658cd22c153da,Is the cinnamon stick positioned on the upper left side of the mug,on the upper left,"yes, it is"
f8421d48b298f2d,What is the flavor of the Panforte,spiced,"chocolate, nuts, and fruit"
f8421d48b298f2d,What color is the base of the slices,chocolate-brown,the base of the slices is white
f8421d48b298f2d,How many slices of Panforte are shown,two,two
f8421d48b298f2d,Where is the top slice located in relation to the bottom slice,on top of,on top of the bottom slice
815579469c0316a,What color is the cod,golden-brown,the cod is orange
815579469c0316a,What type of fish is on the plate,cod,salmon
815579469c0316a,What is the cod doing on the rice,resting,the cod is sitting on the rice
815579469c0316a,Where is the cod located in relation to the rice,on top of,to the right of the rice
76e207eb30185cc,What material is the drink contained in,glass,glass with ice and liquid
76e207eb30185cc,What is the color of the lime wedge,green,green
76e207eb30185cc,What color is the lime wedge,green,the lime wedge is green
76e207eb30185cc,Where is the lime wedge placed,on the rim,on the rim of the glass
76e207eb30185cc,How would you describe the color of the mocktail,vibrant red,deep red with a hint of pink
a76ca4ec5d52403,What is the color of the coffee in the mug,light,the color of the coffee in the mug is light brown
a76ca4ec5d52403,What is the red and white object in the image,mug,a red coffee mug
a76ca4ec5d52403,What color is the mug in the image,red,red
a76ca4ec5d52403,Where are the coffee beans scattered,across a light brown surface,the coffee beans are scattered on the table
a76ca4ec5d52403,What is scattered across the light brown surface,coffe beans,coffee beans
ee42b0500aad9db,What is the color of the glass mug,clear,the glass mug is clear
ee42b0500aad9db,What type of drink is shown in the image,coffee,ice coffee drink
ee42b0500aad9db,What color is the coffee foam,brown,brown
ee42b0500aad9db,What is placed in the mug for drinking,straw,iced coffee with milk
f98b1e40f10ea12,What is the color of the whipped cream,white,white
f98b1e40f10ea12,What beverage is in the glass,coffee,irish coffee
f98b1e40f10ea12,What is the glass made of,glass,the glass is made of glass
f98b1e40f10ea12,What is on top of the coffee,whipped cream,whipped cream and sugar
f98b1e40f10ea12,Where is the sugar coating,on the rim,the sugar coating is on the rim
c5e136f52b70509,Where is the Colcannon located in the image,at the center,in the black bowl
c5e136f52b70509,What is positioned on top of the Colcannon,sausages,sausages
c5e136f52b70509,What color are the sausages,brown with a slight char,the sausages are red
c5e136f52b70509,What color is the Colcannon,white,the colcannon is white
c5e136f52b70509,What is the Colcannon doing in the bowl,filling,the colcannon is being served
52c7342c98cf6c2,What color is the bowl,white,the bowl is white
52c7342c98cf6c2,What is the St. Patrick's Colcannon served in,bowl,a white bowl
52c7342c98cf6c2,What color are the chopped scallions or green onions,green,green
52c7342c98cf6c2,What color are the chunks of ham,pink,pink
52c7342c98cf6c2,What is the mixture of colors in the colcannon,multicolored,"the mixture of colors in the colcannon is green, white, and pink"
f0cef0090813252,What is the texture of the coleslaw,creamy,the coleslaw has a **shredded** texture
f0cef0090813252,What is the name of the food item in the bowl,coleslaw,coleslaw
f0cef0090813252,What color are the carrot shreds in the coleslaw,orange,orange
f0cef0090813252,Where is the silver spoon located in the bowl,in the left,top left of the bowl
f0cef0090813252,What ingredient adds hints of purple to the coleslaw,onion,the ingredient that adds hints of purple to the coleslaw is **red onion**
8d9999b45e9ce13,What color are the zucchini strands,green,green
8d9999b45e9ce13,What type of utensil is the coleslaw in,bowl,glass serving bowl
8d9999b45e9ce13,What color are the carrot strands,orange,orange
8d9999b45e9ce13,What is the texture of the sauce,creamy,the sauce is clear and oily
8d9999b45e9ce13,Where is the coleslaw placed,in a glass bowl,the coleslaw is placed in a bowl
06c11acfce21e0f,What color is the blackberry compote,red-purple,the blackberry compote is dark red
06c11acfce21e0f,Where is the blackberry compote contained,in the bowl,white ceramic bowl
06c11acfce21e0f,What is the bowl placed on,wooden board,the bowl is placed on a cutting board
06c11acfce21e0f,What is the wooden board used for,cutting and serving,the wooden board is used for cutting blackberries
06c11acfce21e0f,Where is the bowl located in the frame,to the right of,top right of the frame
72c8bdc4ed44bc3,Is the peanut butter melted,yes,no
72c8bdc4ed44bc3,What is the main food item in the image,cookie,cast iron skillet cornbread
72c8bdc4ed44bc3,What color is the cookie,brown,the cookie is brown
72c8bdc4ed44bc3,Where is the skillet placed,on the pan,the skillet is placed on a stove
9607fe377ae1740,What color is the jar,clear,clear
9607fe377ae1740,What is the container for the cookie mix,jar,a glass jar
9607fe377ae1740,What color are the chocolate chips,brown,black
9607fe377ae1740,What is tied around the jar's lid,with red ribbon,a red and white checkered ribbon
47a6475103a994d,How would you describe the color of the cooler,bright,the cooler is transparent
47a6475103a994d,Where is the cooler placed,on the colorful surface,on a striped tablecloth
47a6475103a994d,What does the cooler fill,orange juice,orange juice
47a6475103a994d,Where is the straw inserted,into the cooler,the straw is inserted in the cup
56070b0625b083c,What color is the majority of the corn,yellow,the majority of the corn is yellow
56070b0625b083c,Is the corn yellow,yes,"yes, it is"
56070b0625b083c,Where is the corn located on the plate,across the majority of,in the middle
56070b0625b083c,What is the corn topped with,melted and browned cheese,cheese
56070b0625b083c,What color is the larger piece on top of the corn,brownish-orange,the larger piece on top of the corn is brown
dc8b523f5e54193,What is the color of the caramel corn,light,the caramel corn is golden
dc8b523f5e54193,What shade is the caramel corn,golden-brown,golden brown
dc8b523f5e54193,What are the bowls made of,glass,the bowls are made of ceramic
dc8b523f5e54193,Where is the second bowl located,on the top-left,upper left corner
5cc4c378f4527c4,What color are the corn kernels in the salad,yellow,yellow
5cc4c378f4527c4,What is the main ingredient in the salad,corn,corn
5cc4c378f4527c4,How are the ingredients in the salad prepared,mixed,the ingredients in the salad are **chopped** and mixed
5cc4c378f4527c4,What color are the diced bell peppers in the salad,red,the diced bell peppers in the salad are red
7a46895d46f89e7,What color are the black beans,brown,the black beans are **dark brown**
7a46895d46f89e7,What type of food are used in the dish,beans,"beans, corn, tomatoes, and peppers"
7a46895d46f89e7,What color are the pieces of bell pepper,red,the pieces of bell pepper are red
7a46895d46f89e7,Where is the wooden spoon located,on the right,in the middle of the bowl
1e791e94ce68a17,What color is the bowl,white,white
1e791e94ce68a17,How are the corn kernels arranged in the bowl,scattered,scattered around the other ingredients
1e791e94ce68a17,What color are the corn kernels,yellow,the corn kernels are yellow
1e791e94ce68a17,Where are the red tomato slices,in a bowl,in the center of the bowl
1e791e94ce68a17,Where are the purple onion pieces mostly located,in a bowl,at the bottom of the bowl
a9321bba4920843,What color is the cornbread,golden-yellow,the cornbread is yellow
a9321bba4920843,What type of bread is shown in the image,cornbread,cornbread
a9321bba4920843,What color is the cast iron pan,black,the cast iron pan is black
a9321bba4920843,How does the texture of the cornbread appear,coarse,the cornbread appears to be moist and crumbly
cc61c4260366898,What color is the cornbread,golden,the cornbread is orange
cc61c4260366898,What type of bread is shown in the image,cornbread,cheese biscuits
cc61c4260366898,What color is the plate used for serving the cornbread,white,the plate is white
cc61c4260366898,Where is the parsley placed in relation to the cornbread stack,on a plate,on the left side
a264b1ee256e419,What are the green specks in the cornbread embedded with,cornbread,the green specks in the cornbread are jalapenos
a264b1ee256e419,What type of bread is shown in the image,cornbread,cornbread
a264b1ee256e419,What color are the scattered pieces of broccoli,green,green
a264b1ee256e419,Where is the smaller piece of cornbread positioned in the image,on the top-left,in the background
01c000a5e0c2720,What type of cheese is in the bowl,cottage cheese,cottage cheese
01c000a5e0c2720,What color is the bowl,white,white
01c000a5e0c2720,What color are the bananas,yellow,yellow
01c000a5e0c2720,Where are the bananas placed in relation to the cottage cheese,around the cottage cheese,on top of the cottage cheese
6ff9ae19b3eed61,What is the main protein in the dish,chicken,chicken
6ff9ae19b3eed61,Where is the chicken located in the image,on the pan,the chicken is in a pan
6ff9ae19b3eed61,What vegetable is mixed with the cottage cheese,spinach,spinach
6ff9ae19b3eed61,What color is the cottage cheese,white,white
6ff9ae19b3eed61,Where is the chicken located in relation to the spinach and cottage cheese mixture,in the foreground,the chicken is located inside the spinach and cottage cheese mixture
d980f97dbe2a1e9,What color is the couscous,yellow,the couscous is beige
d980f97dbe2a1e9,What type of grain is in the bowl,couscous,couscous
d980f97dbe2a1e9,What color is the bowl,white,white
d980f97dbe2a1e9,What color are the herbs in the couscous,green,the herbs in the couscous are green
d980f97dbe2a1e9,Where are the lemon wedges placed,on top of,on top of the couscous
191f4793a5b5caa,What color is the Israeli Couscous,tan,the israeli couscous is cream-colored
191f4793a5b5caa,What is the couscous filling in the image,filling,cheesy risotto
191f4793a5b5caa,What type of grain is shown in the image,couscous,risotto
191f4793a5b5caa,What color is the bowl containing the couscous,white,white
191f4793a5b5caa,What texture does the sauce coating the couscous appear to have,creamy,the sauce appears to have a creamy texture
df3bd933b12e81f,What is the color of the couscous in the dish,tan,the couscous is yellow
df3bd933b12e81f,What is the main grain used in the dish,couscous,couscous
df3bd933b12e81f,What color are the chunks of tomatoes mixed within the couscous,red,red
df3bd933b12e81f,What color are the smaller flecks mixed within the couscous,green,red
df3bd933b12e81f,Where is the Jazzed Up Couscous dish located within the image,within the pot,at the top of the pot
c8be669cf4a7994,What is the couscous served in,bowl,a white ceramic bowl
c8be669cf4a7994,What color is the couscous,white,the couscous is light brown
c8be669cf4a7994,What color are the almonds or nuts,beige,light brown
c8be669cf4a7994,What shape is the couscous forming,small and round,the couscous is forming small balls
c8be669cf4a7994,Where is the couscous served,in a white bowl,in a white bowl
22a6a503038da42,"What is the color of the cauliflower ""couscous""",yellowish-orange,"the color of the cauliflower ""couscous"" is yellow"
22a6a503038da42,"What color are the sprigs scattered across the top of the ""couscous""",green,"the sprigs scattered across the top of the ""couscous"" are green"
22a6a503038da42,Where are the sprigs of green cilantro scattered,across the top,the cilantro sprigs are scattered in the pan
22a6a503038da42,"What is resting partially within the ""couscous""",spoon,a wooden spoon
4dc12e07d49694b,What type of food is prominently featured in the image,crab cakes,fish cakes with tartar sauce
4dc12e07d49694b,What color are the edges of the crab cakes,golden,the edges of the crab cakes are golden brown
4dc12e07d49694b,What color are the green flecks scattered throughout the crab cakes,green,the green flecks scattered throughout the crab cakes are **bright green**
b1cc9100561c3f3,What color are the crab pieces,reddish-orange,the crab pieces are orange
b1cc9100561c3f3,What seafood is present in the dish,crab,crab
b1cc9100561c3f3,How are the crab pieces arranged in the dish,clustered,the crab pieces are arranged in the dish **in a random pattern**
b1cc9100561c3f3,What type of meat is distributed around the crab,sausages,sausages
bddadd64cc7bae0,What color is the cranberry filling in the pie,red,red
bddadd64cc7bae0,What type of dessert is shown in the image,pie,rhubarb pie
bddadd64cc7bae0,What color is the crumb topping on the pie,tan,the crumb topping on the pie is **light brown**
bddadd64cc7bae0,What color is the pie crust,golden,light brown
bddadd64cc7bae0,In which direction is the pie slightly positioned,towards the left,to the right
fbf680ba3d3b096,What type of sauce is on the chicken,cranberry,strawberry jam
fbf680ba3d3b096,What type of meat is shown in the image,chicken,chicken legs with sauce
fbf680ba3d3b096,What color is the plate,light blue,the plate is light blue
fbf680ba3d3b096,What color is the chicken,golden brown,the chicken is light brown
fbf680ba3d3b096,Where are the chicken pieces placed,on a plate,a plate
4581574ec92aee2,What does the pomegranate cranberry sauce/relish do to the bowl,fills,it makes the bowl red
4581574ec92aee2,What is the pomegranate cranberry sauce/relish served in,bowl,a glass bowl
4581574ec92aee2,What is the consistency of the pomegranate cranberry sauce/relish,thick,thick and chunky
4581574ec92aee2,What color are the walnuts in the bowl,light brown and red,the walnuts are light brown
4581574ec92aee2,Where are the walnuts located in the image,in the center,scattered throughout the cranberry sauce
9a3edf97d4725d1,What type of seafood is visible in the bisque,crawfish,crayfish
9a3edf97d4725d1,What color are the chopped chives in the bisque,green,green
9a3edf97d4725d1,Where is the Louisiana Crawfish Bisque served,within a white bowl,a bowl
4f5150c34518129,What color is the rice described as,beige,the rice is orange
4f5150c34518129,How is the rice arranged on the plate,piled,in a small mound
4f5150c34518129,What type of seafood is mixed within the rice,crawfish,crab
4f5150c34518129,What color are the crawfish tails,red,red
4f5150c34518129,Where are the crawfish tails placed in relation to the rice,on top of,mixed throughout the rice
d7976d426b5fc7b,What is the texture of the Honey Walnut Cream Cheese,light,the texture of the honey walnut cream cheese is smooth
d7976d426b5fc7b,What type of nuts are mixed into the cream cheese,walnuts,walnuts
d7976d426b5fc7b,What color is the Honey Walnut Cream Cheese,beige,the color of the honey walnut cream cheese is white
d7976d426b5fc7b,Where is the walnut half located in relation to the cream cheese,on top,to the left of the cream cheese
d7976d426b5fc7b,What is the container used to hold the Honey Walnut Cream Cheese,bowl,the container used to hold the honey walnut cream cheese is a glass bowl
70f1689e82535a7,What is the texture of the chantilly cream,soft,the chantilly cream is smooth and airy
70f1689e82535a7,What is the main component of the dessert,cream,whipped cream
70f1689e82535a7,What color is the chantilly cream,off-white,the chantilly cream is white
70f1689e82535a7,What does the cream do to the glass dessert dish,fills,the cream supports the glass dessert dish
70f1689e82535a7,Where are the dollops of cream located,on top,there are no dollops of cream in the image
feb8da6d4727a62,What color is the plate,white,the plate is white
feb8da6d4727a62,What fruit is mixed within the creamy filling of the crepes,blueberries,blueberries
feb8da6d4727a62,What color is the base of the crepes,brown,the base of the crepes is brown
feb8da6d4727a62,What is inside the rolled crepes,blueberries,blueberry cream cheese
feb8da6d4727a62,Where are the blueberries scattered,on the plate,on top of the crepes
83d9469b7d2e536,What color is the crepe,golden brown,the crepe is light brown
83d9469b7d2e536,What is located in the center of the image,crepe,the center of the image features a crepe
83d9469b7d2e536,How would you describe the edges of the crepe,darker,the edges of the crepe are crispy
83d9469b7d2e536,Where is the crepe located in the image,in the center,the crepe is located at the center
97317ea0a16f6ba,What color is the cloth the rolls are arranged on,purple,the cloth is purple
97317ea0a16f6ba,What is the shape of the food items in the image,rolls,the food items in the image are shaped like a croissant
97317ea0a16f6ba,What color are the Nutella crescent rolls,golden brown ,brown
97317ea0a16f6ba,What is visible in the cut roll,flaky dough,chocolate filling
97317ea0a16f6ba,Where is one of the whole rolls located in relation to the cut roll,on the lower right,behind the cut roll
5dc5bfed7295e6e,What color are the crisps,golden-yellow,yellow
5dc5bfed7295e6e,How are the crisps arranged on the plate,overlap,the crisps are arranged in a **random** fashion
5dc5bfed7295e6e,What type of food is described as golden-yellow and lacy,cheese,cheese crisps
5dc5bfed7295e6e,What texture do the crisps have,lacy,crunchy
5dc5bfed7295e6e,Where are the crisps located on the plate,on the upper-left,the crisps are on the right
7207161ee7fdd3a,What color are the sesame seeds on the crisps,white,white
7207161ee7fdd3a,What color are the edges of some crisps,brown,the edges of some crisps are brown
7207161ee7fdd3a,Where are the Sesame Lemon Crisps placed,on a white plate,on a white plate
7207161ee7fdd3a,Which crisp appears bigger compared to the others,the crisp in the front,the one in the front
f7e98ee1e808dcc,What color is the plate,green,the plate is light green
f7e98ee1e808dcc,What shape are the croissant ice cream cones,cones,the croissant ice cream cones are triangular
f7e98ee1e808dcc,What color are the croissant ice cream cones,golden-brown,golden brown
f7e98ee1e808dcc,How is one of the cones positioned on the plate,lies,upside down
1747472deb3ca10,What color is the front center croquette,brown,brown
1747472deb3ca10,What type of food is shown in the image,croquettes,deep fried meatballs
1747472deb3ca10,What color is the back croquette,dark,the back croquette is brown
1747472deb3ca10,Where are the croquettes placed,on a plate,on a decorative plate
1747472deb3ca10,How are the croquettes positioned on the plate,arranged,the croquettes are positioned in a circular pattern
873396a9d5e4f00,How would you describe the croquettes,yummylicious,the croquettes are round and golden brown
873396a9d5e4f00,What type of food is shown in the image,croquettes,breaded meatballs
873396a9d5e4f00,What color are the croquettes,golden,the croquettes are golden brown
873396a9d5e4f00,Where are the croquettes placed,on a silver metal rack,on a baking tray
873396a9d5e4f00,What color are the darker croquettes,brown,the darker croquettes are golden brown
72ee70465299f12,What color is the plate,beige,the plate is white
72ee70465299f12,What type of food is shown in the image,croquettes,salmon patties on a plate
72ee70465299f12,What color is the crust of the croquettes,golden brown,the crust of the croquettes is golden brown
72ee70465299f12,Where are the croquettes resting,resting on the plate,the croquettes are resting on a plate
72ee70465299f12,Is the bottom croquette fully visible,yes,"no, it is cut off"
f72b411f57d390c,What type of dessert is shown in the image,pie,blueberry crumble pie
f72b411f57d390c,What color are the mint leaves,green,the mint leaves are green
f72b411f57d390c,What color is the ice cream next to the pie,off-white,white
f72b411f57d390c,Where is the slice of berry crumble pie placed,on a white plate,on a white plate
8dcec925b92152d,What color are the raspberries in the bowl,red,the raspberries in the bowl are red
8dcec925b92152d,What is the dessert served in,bowl,a white ceramic bowl
8dcec925b92152d,What color are the peaches in the bowl,orange,the peaches are orange
8dcec925b92152d,How are the peaches and raspberries arranged in the bowl,mixed,the peaches and raspberries are layered on top of each other
8dcec925b92152d,Where is the crumble topping located in relation to the fruit,on top of,on top of the fruit
59b9dea4ab611ae,What color is the berry filling,red,the berry filling is red
59b9dea4ab611ae,What is the dessert served in,bowl,a white ceramic bowl
59b9dea4ab611ae,Is the berry filling covered by the crumble topping,yes,"yes, it is"
59b9dea4ab611ae,What color is the crumble topping,golden-brown,the crumble topping is brown
59b9dea4ab611ae,Where is the berry filling located,at the bottom,at the bottom of the dish
92211a75310aaef,What type of dessert is shown in the image,pie,mixed berry crumble pie
92211a75310aaef,What color are the raspberries in the pie filling,red,red
92211a75310aaef,Where is the pie filling located in relation to the crumble topping,beneath,beneath the crumble topping
8f3db33916b0bc0,What is the color of the crunches in the top center of the image,brown,the color of the crunches in the top center of the image is **light brown**
39bcc4756e74344,What color is the bowl containing the Berry Nut and Seed Crunch,green,the bowl is yellow
39bcc4756e74344,How are the berries distributed in the bowl,scattered,the berries are scattered
39bcc4756e74344,What color are the nuts in the Berry Nut and Seed Crunch,brown,the nuts in the berry nut and seed crunch are **light brown**
39bcc4756e74344,What type of fruit is scattered throughout the bowl,berries,dried cranberries
39bcc4756e74344,Where is the mixture of Berry Nut and Seed Crunch placed,atop,a small yellow bowl
286cb0fa3aefa9b,What color is the pie crust,golden-brown,the pie crust is light brown
286cb0fa3aefa9b,What type of food is shown in the image,pie,apple pie
286cb0fa3aefa9b,What pattern is formed by the pie crust across the top,lattice,a lattice pattern
286cb0fa3aefa9b,Where is the lattice pattern placed on the pie,across the entire top,the lattice pattern is placed on top of the pie
286cb0fa3aefa9b,What decorative elements are placed in the lower-center of the pie,leaves,two leaves
71b37d19149e978,What color is the pie crust,yellow,the pie crust is white
71b37d19149e978,What type of food is shown in the image,pie,pie crust
71b37d19149e978,What part of the pie is in the dish,crust,the crust
71b37d19149e978,How is the edge of the pie crust described,crimped,the edge of the pie crust is described as crimped
71b37d19149e978,Where is the pie crust located in the image,in the center,in the center
79863139fcf71cc,What color is the pie crust,golden,the pie crust is light brown
79863139fcf71cc,What type of food is shown in the image,pie,pie
79863139fcf71cc,What color is the filling of the pie,red,red
79863139fcf71cc,What color are the lattice strips on the pie,tan,the lattice strips on the pie are **light yellow**
54b457d0076dc63,What is the melted cheese doing on the side of the crust,dripping,it is dripping down the side
54b457d0076dc63,What color is the premium pizza crust,tan,golden brown
54b457d0076dc63,What word describes the quality of the pizza crust,premium,golden brown
54b457d0076dc63,What is the melted ingredient on the pizza,cheese,the melted ingredient on the pizza is cheese
54b457d0076dc63,Where is the crust positioned in the image,in the lower portion,lower right corner
36e9730c7ccff02,What color are the Persian cucumbers on the inside,green,green
36e9730c7ccff02,What type of vegetable is mixed with the yogurt in the image,cucumbers,cucumber
36e9730c7ccff02,What color is the yogurt in the image,white,white
36e9730c7ccff02,What is the texture of the yogurt in the image,creamy,the yogurt in the image is creamy
36e9730c7ccff02,Where are the cucumber pieces distributed in the image,throughout the image,the cucumber pieces are located at the center of the image
1750d80b96e62ce,What color is the plate used for the salad,white,white
1750d80b96e62ce,What type of dish is being described in the image,salad,caprese salad
1750d80b96e62ce,What color are the tomato slices in the salad,red,the tomato slices in the salad are red
1750d80b96e62ce,Where is the salad placed,on a plate,a long white plate
1750d80b96e62ce,What color are the basil leaves in the salad,green,the basil leaves in the salad are green
0f170af0c72067e,What color are the cucumber slices,green,green
0f170af0c72067e,What type of dish is shown in the image,salad,a glass bowl
0f170af0c72067e,Are the seeds in the cucumber slices visible,visible,"yes, they are visible"
0f170af0c72067e,What color are the onion slices,white,white
0f170af0c72067e,Where are the salad components placed,inside a transparent bowl,in the bowl
b268dae475851c9,What color are the cucumbers,green,the cucumbers are green
b268dae475851c9,What vegetable is being described,cucumbers,cucumbers
b268dae475851c9,How are the cucumbers cut,sliced,the cucumbers are cut into **thin round slices**
b268dae475851c9,Where are the small brown specks located,on their surfaces,on the cucumbers
cd9183721a494fa,How would you describe the cucumbers in the bowl,fresh,thinly sliced green cucumbers
cd9183721a494fa,What type of vegetable is shown in the image,cucumbers,cucumbers
cd9183721a494fa,What color is the outer skin of the cucumber slices,green,green
cd9183721a494fa,How are the cucumber slices arranged in the bowl,overlapping,the cucumber slices are arranged in a circular pattern
cfcc90df3d3057d,What color is the margarita liquid,yellow,the margarita liquid is yellow
cfcc90df3d3057d,What type of drink is shown,margaritas,margarita
cfcc90df3d3057d,What color is the placemat,white,white
cfcc90df3d3057d,What vegetable is used as a garnish,cucumber,cucumber
cfcc90df3d3057d,Where are the cucumber slices placed,on the rim,the cucumber slices are placed on the rims of the glasses
3aa798519a72bac,What color is the whole cucumber,green,green
3aa798519a72bac,What vegetable is lying on the left side of the image,cucumber,a cucumber
3aa798519a72bac,What type of surface are all the items placed on,wooden,a wooden cutting board
ac0f7b09bbfb88a,What type of vegetable is used in the dish,cucumbers,cucumber
ac0f7b09bbfb88a,What do the cucumbers do in the bowl,fill,they are sliced and marinated
ac0f7b09bbfb88a,What color are the sesame seeds,white,white
ac0f7b09bbfb88a,Where are the cucumbers placed,in a shallow bowl,in the bowl
bd4d9d9c7ff359f,What color is the surface the walnut cups are placed on,white,the surface the walnut cups are placed on is white
bd4d9d9c7ff359f,What color is the crust of the walnut cups,golden-brown,the crust of the walnut cups is light brown
bd4d9d9c7ff359f,Where are the walnut cups placed,on a white surface,the walnut cups are placed on a plate
a2269fe475bbdeb,What color is the plate in the foreground,pink,the plate in the foreground is pink
a2269fe475bbdeb,What color is the base of the cupcake,reddish-brown,the base of the cupcake is brown
a2269fe475bbdeb,What type of dessert is shown in the image,cupcake,chocolate cupcakes
a2269fe475bbdeb,Where is the single cupcake placed,on the plate,a pink plate
a72579744b544da,What color is the mango-lime curd,yellow,yellow
a72579744b544da,What is the name of the food in the glass dessert dish,curd,mango sorbet
a72579744b544da,What type of dish is the mango-lime curd in,glass,green glass dessert dish
a72579744b544da,Where is the spoon in relation to the curd,submerged inside,the spoon is in the curd
a72579744b544da,What is the texture of the mango-lime curd,smooth,the mango-lime curd is smooth and creamy
21d55487638b1d9,What is the main dish in the image,curry,chicken curry with rice
21d55487638b1d9,What color is the bowl,white,white
21d55487638b1d9,What color is the curry in certain areas,golden-brown,the curry in certain areas appears to be **golden brown**
21d55487638b1d9,Where are the green onions located,on top of,in the center of the dish
b0ca546137615ee,What is the buttercream doing to the cake,covering,it is decorating the cake
b0ca546137615ee,What is the dessert in the image,cake,pink frosted cake
b0ca546137615ee,What do the piped patterns resemble,roses,they resemble roses
b0ca546137615ee,How are the piped patterns arranged,swirling,in a circular pattern
b0ca546137615ee,Where are the roses covering the cake,over the entire surface,the roses are covering the cake
3bde60851fad917,What color is the frozen custard,yellow,the frozen custard is white
3bde60851fad917,What type of dessert is shown in the image,custard,vanilla ice cream
3bde60851fad917,Where is the spoon inserted,into the custard,the spoon is inserted into the ice cream
938c91ef3f2cc96,What color is the baked pumpkin custard,orange-brown,the baked pumpkin custard is orange
938c91ef3f2cc96,What type of dessert is in the bowl,custard,pumpkin pie with whipped cream
938c91ef3f2cc96,What does the custard do to the bowl,fills,it fills the bowl
938c91ef3f2cc96,What color is the whipped cream,white,white
938c91ef3f2cc96,Where is the bowl placed,on the plate,on a decorative plate
d72be19d8c5e314,What color are the chicken breast cutlets,pale,the chicken breast cutlets are light brown
d72be19d8c5e314,What type of meat is being served,chicken,chicken
d72be19d8c5e314,What color are the capers,brown,green
d72be19d8c5e314,Where are the sun-dried tomatoes placed,on top,on top of the chicken
d72be19d8c5e314,What color is the plate,red,the plate is red
f9b928117774fd5,What is the color of the Daiquiri,white,white
cc2e00dd885336d,What is the dal doing to the Chakolya pieces,immersing,the dal is covering the chakolya pieces
cc2e00dd885336d,What color are the spices in the dish,dark,black
cc2e00dd885336d,What are the small dark items scattered throughout the dish,spices,the small dark items scattered throughout the dish are **cumin seeds**
cc2e00dd885336d,Where are the Chakolya pieces scattered,across the bowl,the chakolya pieces are scattered in the **yellow soup**
7c96df80891e3e6,What fruit is used in the danish filling,raspberry,cherry
7c96df80891e3e6,What color is the crust of the pastry,golden-brown,the crust of the pastry is golden brown
7c96df80891e3e6,Where is the raspberry danish placed,plate,a white plate
7c96df80891e3e6,What color is the raspberry filling,red,red
7c96df80891e3e6,Where are the pieces of raspberry danish located,on a plate,on a white plate
f6fd1014d1b13e4,What type of dessert is shown in the image,turkish delight,candied orange peels
f6fd1014d1b13e4,What is covering many of the Turkish Delight pieces,coated,powdered sugar
f6fd1014d1b13e4,What color is the powder coating the Turkish Delight pieces,white,white
f6fd1014d1b13e4,How are the Turkish Delight pieces arranged in the frame,scattered,in a random scattered manner
f6fd1014d1b13e4,Where are the Turkish Delight pieces placed in the image,across the frame,in the middle
00c972776282f93,What type of food is the image showing,dessert,strawberry shortcake
00c972776282f93,What is the fork doing to the dessert,taking,poking the dessert
00c972776282f93,What color is the plate under the dessert,white,the plate under the dessert is white
00c972776282f93,Where are the strawberries positioned in the dessert,on top,on top of the dessert
00c972776282f93,What is the texture of the red sauce on the strawberries,glossy,the red sauce on the strawberries is **thick and glossy**
e493d73bc9d382e,What cooking method was used to prepare the dip,baking,baked
e493d73bc9d382e,What is the predominant color of the dip,yellow,the dip is predominantly yellow
e493d73bc9d382e,What is the texture of the cheese in the dip,melted,the cheese in the dip is melted and gooey
e493d73bc9d382e,What type of dish is the dip served in,in a clear glass,a glass baking dish
543a807478f983f,What is the black bean dip doing in the bowl,filling,waiting to be eaten
543a807478f983f,What type of dip is shown in the image,bean,black bean dip
543a807478f983f,What color is the black bean dip,brown-black,brownish gray
543a807478f983f,Where is the bowl of black bean dip located in the image,in the center-left,the bowl of black bean dip is located in the center of the image
adfb72af7a0bd14,What color is the base layer of the Chunky Pizza Dip,white,white
adfb72af7a0bd14,What type of dish is the Chunky Pizza Dip,pizza,a chunky pizza dip
adfb72af7a0bd14,What color are the pepperoni slices on the Chunky Pizza Dip,red,the pepperoni slices on the chunky pizza dip are red
adfb72af7a0bd14,Where are the toppings scattered on the Chunky Pizza Dip,across the surface,the toppings are scattered on the dip in the center
adfb72af7a0bd14,What color are the chives used as garnish on the Chunky Pizza Dip,green,green
e4ae0db95c78dcd,What color is the top corn dog,golden-brown,the top corn dog is brown
e4ae0db95c78dcd,What type of food is shown in the image,corn dogs,corn dogs
e4ae0db95c78dcd,What color is the sausage inside the second corn dog,reddish-brown,the sausage inside the second corn dog is brown
e4ae0db95c78dcd,Where are the corn dogs placed,on a white plate,a white paper plate
b22014db168d51d,What is the main flavor of the donuts,chocolate,chocolate
b22014db168d51d,What type of pastry is shown in the image,donuts,chocolate frosted donuts
b22014db168d51d,What color is the glaze on the donuts,brown,the glaze on the donuts is brown
b22014db168d51d,Where is the partially visible donut located in the image,in the bottom left,top right corner
411cfea46839757,What color is the plate,white,the plate is white
411cfea46839757,What type of food is shown in the image,pierogi,perogies
411cfea46839757,What color are the pierogi dough pieces,beige,the pierogi dough pieces are beige
411cfea46839757,Where are the pierogi dough pieces placed,on plate,the pierogi dough pieces are placed on a plate
411cfea46839757,Are the pierogi dough pieces fried,fried,"no, they are not fried"
69e1e4ce9be4696,What color is the doughnut at the bottom of the stack,brown,brown
69e1e4ce9be4696,What type of food is shown in the image,doughnuts,sugary donuts
69e1e4ce9be4696,What color is the doughnut to the upper-left of the bottom doughnut,yellow,the doughnut to the upper-left of the bottom doughnut is white
69e1e4ce9be4696,How are the doughnuts arranged on the plate,stacked,stacked in a pyramid formation
69e1e4ce9be4696,Where is the doughnut at the top positioned,on top of,at the top of the stack
4a6f40639aa4853,What type of food is shown in the image,doughnuts,donuts
4a6f40639aa4853,What color is the powdered sugar on the doughnuts,white,white
4a6f40639aa4853,Where is the vibrant red doughnut located,in the center,in the middle
83c156078f10e36,What color is the doughnuts' hue,orange-brown,the doughnuts' hue is brown
83c156078f10e36,What type of food is shown,doughnuts,donuts
83c156078f10e36,What flavor are the doughnuts,maple,vanilla doughnuts with nuts
83c156078f10e36,What color are the mint leaves,green,green
09cff0d234fbcde,What flavor are the doughnuts,vanilla,coconut
09cff0d234fbcde,What color is the doughnut in the front,tan,the doughnut in the front is light brown
09cff0d234fbcde,Where is the doughnut in the front located in the frame,in the front,lower left quadrant
69bd3096ba5c8f0,What type of food is the dressing used for,salad,salad
69bd3096ba5c8f0,What is the quality of the salad dressing described as,best,golden brown
69bd3096ba5c8f0,What color is the bottom portion of the dressing,brownish,the bottom portion of the dressing is brown
69bd3096ba5c8f0,What color are the small particles in the dressing,black,the small particles in the dressing are black
69bd3096ba5c8f0,Where is the glass carafe located in the image,in the lower-left corner,left side of the plate
e06318f6d8379da,What color is the salad dressing,orange,the salad dressing is pink
e06318f6d8379da,What type of dish is shown in the image,salad,glass salad bowl
e06318f6d8379da,How is the salad dressing applied to the salad,drizzled,the salad dressing is drizzled on top
e06318f6d8379da,Where is the salad dressing mostly concentrated,top of the salad,on the left side
e06318f6d8379da,What is one of the main ingredients in the salad,lettuce,"let's take a look at the image. the main ingredients in the salad appear to be lettuce, cheese, and croutons"
fef5d8957367c9c,What color is the bowl,white,white
fef5d8957367c9c,What is the wasabi salad dressing served in,bowl,small white bowl
fef5d8957367c9c,What color is the wasabi salad dressing,brown,brown
fef5d8957367c9c,What is the main ingredient in the salad dressing,wasabi,tomato
fef5d8957367c9c,Where is the white bowl positioned in the image,towards the upper-right,upper right corner
6dc09e0f572307d,What color is the Dorothy Lynch Style Salad Dressing,orange-red,orange
6dc09e0f572307d,What does the Dorothy Lynch Style Salad Dressing do to the pitcher,fills,it makes the pitcher shiny
6dc09e0f572307d,What is the container for the Dorothy Lynch Style Salad Dressing,pitcher,a clear glass pitcher
6dc09e0f572307d,What color is the surface under the pitcher,white,white
6dc09e0f572307d,Where are the green leaves located relative to the pitcher,to the bottom left,the green leaves are located in the bottom left corner of the pitcher
2c45c0f2dbad7eb,What color is the bottom layer of the dressing,yellow,the bottom layer of the dressing is **light yellowish**
2c45c0f2dbad7eb,What type of container is the dressing stored in,jar,glass jar
2c45c0f2dbad7eb,What is the texture of the bottom layer of the dressing,creamy,thick
2c45c0f2dbad7eb,What color is the top layer of the dressing,greenish,the top layer of the dressing is clear
2c45c0f2dbad7eb,Where is the jar of dressing placed,on a red surface,on a red tray
5d5b67e2f56a8dc,What is the texture of the drumsticks' skin,crispy,the texture of the drumsticks' skin is crispy
5d5b67e2f56a8dc,What part of the chicken is shown in the image,drumsticks,the chicken legs
5d5b67e2f56a8dc,What color is the plate,white,the plate is white
5d5b67e2f56a8dc,What color is the checkered cloth in the background,blue,blue and white checkered
5d5b67e2f56a8dc,Where are the drumsticks placed,on a plate,on a white plate
5d7534e55a162f9,What is the purpose of the plate in the image,decorative,to serve the rabbit
5d7534e55a162f9,What type of meat is shown in the image,drumsticks,rabbit
5d7534e55a162f9,What color is the drumstick on the left,pinkish-tan,the drumstick on the left is white
5d7534e55a162f9,Where is the first drumstick positioned,on the left,front right
5d7534e55a162f9,What color are the sage leaves,green,green
64323bbbf31a300,What color is the duck,pink,the duck is pink
64323bbbf31a300,What type of meat is shown,duck,the meat shown is turkey
64323bbbf31a300,How is the duck prepared,sliced,the duck is roasted
64323bbbf31a300,What color is the apple dressing,yellow,the apple dressing is yellowish
64323bbbf31a300,Where is the small ball of dressing located,to the left,top left of the plate
ab19ecd247fdabc,What is the name of the dish in the center of the plate,duck adobo,steak with onions and gravy
ab19ecd247fdabc,What is the glossy sauce doing to the rice,covering,the glossy sauce is soaking the rice
ab19ecd247fdabc,What color is the rice under the Duck Adobo,white,white
ab19ecd247fdabc,How does the sauce on the Duck Adobo appear,glossy,"the sauce on the duck adobo appears to be **thick, dark brown, and glossy**"
ab19ecd247fdabc,Where is the Duck Adobo located on the plate,in the center,in the center of the plate
08ca42fdeb64a9b,What color is the skin of the roasted duck,brown,golden brown
08ca42fdeb64a9b,What type of meat is being served,duck,roasted chicken
08ca42fdeb64a9b,How would you describe the texture of the duck skin,crispy,the texture of the duck skin is crispy
08ca42fdeb64a9b,What color are the rosemary leaves,green,green
08ca42fdeb64a9b,Where is the roasted duck presented,on an oval platter,a white plate
e0039d104925b12,What color are the dumplings,golden-brown,brown
e0039d104925b12,What type of food is shown in the image,dumplings,cinnamon sugar bread
e0039d104925b12,What material is the baking pan made of,metal,stainless steel
e0039d104925b12,Where are the dumplings arranged,in a metal baking pan,in a baking dish
e0039d104925b12,What color is the syrupy liquid,amber,the syrupy liquid is **golden brown**
703a17269805495,What color is the yolk of the foremost egg slice,yellow,yellow
703a17269805495,What is the main ingredient of the slices,egg,eggs
703a17269805495,Where are the small brown and red flecks located,sprinkled on,the small brown and red flecks are located on the eggs
703a17269805495,What color is the white ring around the yolk,white,the white ring around the yolk is golden
703a17269805495,What is the appearance of the white ring around the yolk,translucent,the white ring around the yolk appears to be a cooked egg white
c8a87f40f3b57c4,What color is the outer layer of the Scotch eggs,golden-brown,the outer layer of the scotch eggs is brown
c8a87f40f3b57c4,What is inside the sausage meat layer of the Scotch eggs,eggs,hard-boiled egg
c8a87f40f3b57c4,What color is the outer layer of the hard-boiled egg,white,brown
c8a87f40f3b57c4,Where are the Scotch eggs placed,on a plate,on a white plate
c8a87f40f3b57c4,What color is the yolk of the hard-boiled egg,yellow,yellow
e7b97785c0393ba,What color is the surface of the French toast,golden-brown,the surface of the french toast is golden brown
e7b97785c0393ba,What type of French toast is shown in the image,eggnog,cinnamon sugar french toast
e7b97785c0393ba,What color is the surface the plate is on,white,the surface the plate is on is **white marble**
e7b97785c0393ba,Where is the white powder located,on top,the white powder is located on the plate
e7b97785c0393ba,What is pooled around the base of the French toast,syrup,maple syrup
a61dbb321d47ac1,What shape are the eggplant balls,round,the eggplant balls are round
a61dbb321d47ac1,What type of vegetable are the balls made of,eggplant,vegetables
a61dbb321d47ac1,What color is the cheese sprinkled on the eggplant balls,white,white
a61dbb321d47ac1,Where is one of the eggplant balls located in the image,in the top-center,in the center of the bowl
ee13d5a702f7c8f,What vegetable is used to make the rollatini,eggplant,eggplant
ee13d5a702f7c8f,What color is the tomato sauce,red,the tomato sauce is red
ee13d5a702f7c8f,Where is the tomato sauce located,on top of,at the bottom of the dish
21a17e4674852b9,What color is the top empanada,golden-brown,brown
21a17e4674852b9,What type of food is shown in the image,empanada,empanadas
21a17e4674852b9,What color is the plate or napkin,white,white with pink flowers
21a17e4674852b9,Where is the empanada on the right edge placed,on a patterned napkin,on a white floral plate
ad588d1b60cf200,What is the texture of the enchiladas,creamy,the enchiladas appear to be soft
ad588d1b60cf200,What color are the enchiladas,yellow,red and green
ad588d1b60cf200,Where are the diced tomatoes located,scattered across,on top of the casserole
ad588d1b60cf200,What color are the diced tomatoes,red,the diced tomatoes are red
ad588d1b60cf200,Where does the reddish sauce appear,peeks,the reddish sauce appears on the bottom of the dish
88b5d3061ab9e04,What color is the majority of the popcorn,white,white
88b5d3061ab9e04,What type of food is shown in the image,popcorn,popcorn
88b5d3061ab9e04,Is the popcorn spilling out of the container,spilling out,"yes, it is"
88b5d3061ab9e04,What color are some of the darker popcorn pieces,brown,the darker popcorn pieces are brown
88b5d3061ab9e04,Is the popcorn cup tilted to one side,tilted,"yes, it is tilted"
6f5bf99a67539bb,What color is some of the popcorn,red,the popcorn is green
6f5bf99a67539bb,What type of food is shown in the image,popcorn,popcorn
6f5bf99a67539bb,What flavor does the popcorn suggest,peppermint,peppermint and white chocolate
6f5bf99a67539bb,What is the bowl made of,glass,glass
6f5bf99a67539bb,Where is the popcorn located,in a bowl,in the glass bowl
4209d484eabbd49,What color is the bowl,blue,the bowl is blue
4209d484eabbd49,What is the popcorn served in,bowl,a blue bowl
4209d484eabbd49,What is the primary color of the popcorn,white,white
9fa6ee09dafbefd,What type of diet do these jalapeño poppers cater to,keto,keto
9fa6ee09dafbefd,What are the jalapeño poppers called,poppers,bacon-wrapped jalapeño poppers
9fa6ee09dafbefd,What color are the jalapeños,green,the jalapeños are green
9fa6ee09dafbefd,What color is the filling inside the jalapeño poppers,white,the filling inside the jalapeño poppers is **cream and cheese**
9fa6ee09dafbefd,Where are the jalapeño poppers placed,on a black metal rack,in an air fryer basket
f10fc233eb96b8e,What color is the bowl holding the poppers,gray,the bowl is black
f10fc233eb96b8e,What type of food is shown in the image,poppers,pumpkin cookies
f10fc233eb96b8e,How are the poppers presented,wrapped,in a bowl
f10fc233eb96b8e,What color are the stems of some jalapenos,green,green
5870b784e4b8bbc,What color are the jalapeños,green,the jalapeños are green
5870b784e4b8bbc,What type of pepper is used in the poppers,jalapeño,jalapeno
5870b784e4b8bbc,What is wrapped around the jalapeños,bacon,bacon
5870b784e4b8bbc,Where are the jalapeño poppers placed,on a white plate,on a white plate
5870b784e4b8bbc,How does the bacon appear,crisp,it appears crispy and golden
964fde4c4f698ab,What color are the jalapeño poppers,green,the jalapeño poppers are green and orange
964fde4c4f698ab,What type of food is shown in the image,poppers,jalapeno poppers
964fde4c4f698ab,What is the filling inside the jalapeño poppers,cream cheese,cheese
964fde4c4f698ab,What color is the shredded cheese on top of the cream cheese,orange,the shredded cheese on top of the cream cheese is orange
0d41621d7097dac,What color are the butternut squash chunks,white,orange
0d41621d7097dac,What type of meat is mixed with the posole,chicken,chicken
0d41621d7097dac,What color are the butternut squash chunks,orange,orange
0d41621d7097dac,Where are the parsley leaves and shredded cheese placed,on top,the parsley leaves and shredded cheese are placed on top of the soup
0d41621d7097dac,What color is the tortilla,brown,the tortilla is brown
168e13ac82b3814,What color are the mashed potatoes,light,the mashed potatoes are white
168e13ac82b3814,What is the main ingredient in the dish,potatoes,mashed potatoes
168e13ac82b3814,What color is the bowl,black,black
168e13ac82b3814,Where is the green leaf located,at the center,in the middle of the bowl
b99d79351a4c043,What is the main ingredient in the dish,potatoes,potatoes
b99d79351a4c043,What color are the potatoes,brown,the potatoes are brown
b99d79351a4c043,What color is the sauce coating the potatoes,reddish-brown,red
b99d79351a4c043,What is the texture of the sauce on the potatoes,coated,the sauce on the potatoes appears to be **thick and slightly syrupy**
b99d79351a4c043,Where are the potatoes placed,on the plate,the potatoes are on the plate
9f45ef995126187,What color are the air fryer breakfast potatoes,yellow,the air fryer breakfast potatoes are golden brown
9f45ef995126187,What type of food are the air fryer breakfast potatoes,potatoes,air-fried breakfast potatoes
9f45ef995126187,How are the edges of the air fryer breakfast potatoes described,crispy,the edges of the air fryer breakfast potatoes are crispy
9f45ef995126187,What utensil is placed on the left of the air fryer breakfast potatoes,fork,fork
9f45ef995126187,Where is the fork placed in relation to the air fryer breakfast potatoes,on the left,left side of the plate
96e156d64e6fb9f,What type of seasoning is used on the potatoes,spiced,garlic and herb seasoning
96e156d64e6fb9f,What is the main ingredient in the dish,potatoes,potatoes
96e156d64e6fb9f,What color are the potatoes,yellowish-tan,the potatoes are light brown
96e156d64e6fb9f,Where are the potatoes located in the image,across the entire image,in the baking dish
96e156d64e6fb9f,What color are some of the potato pieces due to the spices,brown,brown
2b756defc8abb5d,What type of vegetable is shown in the image,potato,potatoes
2b756defc8abb5d,What color are the potato wedges,yellow,the potato wedges are golden
2b756defc8abb5d,How are the parsley leaves arranged in the dish,scattered,scattered randomly over the food
2b756defc8abb5d,What cooking method gives the potato wedges a deeper brown color,roasting,frying
2b756defc8abb5d,Where are the potato wedges located,in the dish,on a wooden plate
27c2a182df0a9c5,What color is the crust of the potato on the left,brown,the crust of the potato on the left is golden brown
27c2a182df0a9c5,What is the main ingredient in the dish,potatoes,potato
27c2a182df0a9c5,What color are the herbs on top of the potatoes,green,the herbs on top of the potatoes are green
27c2a182df0a9c5,Where are the green herbs located,on top,the green herbs are located on top of the potatoes
27c2a182df0a9c5,What pattern is visible on the backdrop,checkered,a red and white checkered pattern
594dddaf6053392,What color is the base of the pralines,light brown,the base of the pralines is caramel
594dddaf6053392,What type of food is scattered on the plate,pralines,pecan candy
594dddaf6053392,What color are the pecans on top of the pralines,reddish-brown,the pecans are brown
594dddaf6053392,Where are the pralines placed,on a plate,on a white plate
594dddaf6053392,Is the small portion of the praline at the top right corner visible,visible,"yes, it is"
f752fd3ed5939df,What color is the plate,white,white
f752fd3ed5939df,What type of seafood is shown in the image,prawns,shrimp
f752fd3ed5939df,What color are the prawn tails,orange-brown,orange
f752fd3ed5939df,Where are the prawns placed,on a plate,on a white plate
d1e6cc204da0a91,What is the base color of the pudding,beige,the base color of the pudding is white
d1e6cc204da0a91,What is the name of the dessert in the image,pudding,tiramisu
d1e6cc204da0a91,What spice is sprinkled on top of the pudding,cinnamon,cinnamon
d1e6cc204da0a91,What color is the cinnamon on top of the pudding,brown,brown
547d8a5e2a6c1c7,What is the primary color of the pudding,golden-yellow,yellow
547d8a5e2a6c1c7,What type of dish is shown in the image,pudding,a plate of corn pudding
547d8a5e2a6c1c7,What is the texture of the custard-like substance,creamy,the custard-like substance has a grainy texture
547d8a5e2a6c1c7,Where is the pudding placed,on a white plate,on a white plate
547d8a5e2a6c1c7,What ingredient is visible within the pudding,corn,corn
5101ecc1b650286,What color is the plate,white,the plate is white
5101ecc1b650286,What color is the bun's outer shell,tan,the bun's outer shell is light brown
5101ecc1b650286,What is the pale yellow part of the bun,filling,the pale yellow part of the bun is cream
5101ecc1b650286,How does the bun's outer shell appear,cracked,the bun's outer shell appears to be **crusty and golden brown**
5101ecc1b650286,Where are the crumbs located,to the left,on the plate
655048ef177156b,What color is the base of each loaf,yellow,white
655048ef177156b,What are the baked goods in the image called,loaves,marble cake loaves
655048ef177156b,What color is the swirl on top of each loaf,brown,brown
655048ef177156b,Where is the brown swirl located on each loaf,on top,top center of each loaf
655048ef177156b,What is the appearance of each loaf described as,mottled,the loaves are topped with a brown substance
3a3da3679ddc0e2,What color is the pumpkin puree,orange,yellow
3a3da3679ddc0e2,What is the pumpkin puree served in,bowl,a decorative white bowl
3a3da3679ddc0e2,Does the pumpkin puree fill the bowl,fills,"no, it does not"
3a3da3679ddc0e2,Is the pumpkin puree thick,thick,"yes, it is"
3a3da3679ddc0e2,Where is the pumpkin puree mounded,in the center,the pumpkin puree is mounded in the center of the bowl
15ce12b2011c706,What color is the bowl,white,the bowl is white
15ce12b2011c706,What is the first container,bowl,the first container is a white bowl
15ce12b2011c706,What color is the liquid in the white bowl,beige,the liquid in the white bowl is **off-white**
15ce12b2011c706,Where is the transparent bathtub-shaped glass located,at the bottom,in front of the white bowl
a1f27fd1ff6d6de,What material are the glasses made of,glasses,the glasses are made of glass
a1f27fd1ff6d6de,What is the board made of,wooden,the board is made of wood
a1f27fd1ff6d6de,What color are the lime slices,green,green
a1f27fd1ff6d6de,Where are the glasses placed,on a wooden board,on a wooden cutting board
8b85ed897a11006,What is the punch served in on the lower left of the image,mug,glass mug
8b85ed897a11006,What color is the punch in the clear glass mug,red,the punch is pink
87ae3f463235ec8,What color are the Honduran Quesadillas on top,brown,golden brown
87ae3f463235ec8,What type of food is shown in the image,quesadillas,cake
87ae3f463235ec8,What color is the top of the Honduran Quesadillas,golden,golden brown
87ae3f463235ec8,Where are the Honduran Quesadillas located,on top,in the glass baking dish
34a7280a47e87fe,What color is the parchment paper,brown,brown
34a7280a47e87fe,What type of food is shown in the image,quesadillas,quesadillas
34a7280a47e87fe,What color is the andouille sausage,red-orange,the andouille sausage is red
34a7280a47e87fe,Where is the sour cream and parsley located,on top,on top of the quesadilla
34a7280a47e87fe,What color is the melted cheese,yellow,yellow
fd753b15d1d0a45,What type of cheese is the queso made with,queso,white cheddar cheese
fd753b15d1d0a45,How does the queso appear on the chips,melted,the queso appears to be melted
fd753b15d1d0a45,What is the texture of the queso,creamy,the queso is creamy and melted
fd753b15d1d0a45,Where is the queso drizzled over,over a pile,the queso is drizzled over the chips
fd753b15d1d0a45,What is the queso coating,chips,white nacho cheese sauce
797b3a03ee421d6,What color is the crust of the quiche,golden-brown,the crust of the quiche is light brown
797b3a03ee421d6,What color are the broccoli florets in the quiche,green,green
797b3a03ee421d6,Where is the slice of quiche positioned,on a white plate,on a white plate
4de000c2cae8ec6,How would you describe the ingredients in the soup,colorful,"vegetables, tomatoes, broth, and herbs"
4de000c2cae8ec6,What type of soup is shown in the image,soup,minestrone soup
4de000c2cae8ec6,What color are the carrot pieces in the soup,orange,orange
4de000c2cae8ec6,Where are the red tomato chunks mainly located,on the right,top half of the soup
4de000c2cae8ec6,What is sprinkled across the surface of the soup,sprinkled,fresh herbs
ea990353528fe56,What color is the quinoa besides brown,reddish-brown,black
ea990353528fe56,What is the main ingredient in the dish,quinoa,quinoa
ea990353528fe56,What does the quinoa do in the bowl,fills,it holds the quinoa
ea990353528fe56,What color is the garnish in the center,green,green
ea990353528fe56,Where is the green garnish located,in the center,on top of the food
5392f467220fdbd,What gives the dish a creamy yellow hue,cheesy,the dish gets its creamy yellow hue from **cheese**
5392f467220fdbd,What is the main grain in the dish,quinoa,quinoa
5392f467220fdbd,What color is the quinoa,yellow,the quinoa is red and white
5392f467220fdbd,What color are the broccoli pieces,green,green
a84bf6988435e9d,What does the quinoa do in the image,fills,it is cooked in the pan
a84bf6988435e9d,What is the main grain in the dish,quinoa,quinoa
a84bf6988435e9d,What color is the quinoa,beige,the quinoa is white
a84bf6988435e9d,What color are the pieces of kale,green,green
a84bf6988435e9d,Where are the pieces of kale located,within the quinoa,in the middle of the bowl
60ba3bf86baa0b8,What is the main grain in the dish,quinoa,quinoa
60ba3bf86baa0b8,What color is the cabbage,red,purple
60ba3bf86baa0b8,Where is the quinoa mixture,in,in the white bowl
07c95622876fe96,What color are the radishes in the image,pink,the radishes are pink
07c95622876fe96,What type of vegetable is featured in the image,radishes,radishes
07c95622876fe96,What is the radish pile placed in,bowl,a white ceramic bowl
07c95622876fe96,What color is the spoon in the image,silver,silver
07c95622876fe96,Where is the concentration of radish slices located in the bowl,in the bottom center,in the middle of the bowl
7f739d8ffdd41f3,What color are the sautéed radish greens,dark green,the sautéed radish greens are green
7f739d8ffdd41f3,What vegetable has a purple outer ring and a white center,radish,radish
7f739d8ffdd41f3,What color is the outer ring of the radish slices,purple,purple
7f739d8ffdd41f3,Where are the radish greens distributed,distributed throughout,the radish greens are distributed in the salad
7f739d8ffdd41f3,What ingredient is scattered throughout the dish in crumbles,cheese,feta cheese
33b96dcfe6d4d33,What color are the daikon radish pieces,white,white
33b96dcfe6d4d33,What type of vegetable are the white pieces,radish,the white pieces are jicama
33b96dcfe6d4d33,How are the daikon radish pieces arranged in the dish,dispersed,the daikon radish pieces are arranged in a **slanted vertical** pattern
33b96dcfe6d4d33,What color are the carrot pieces,orange,orange
33b96dcfe6d4d33,Where are most of the carrot pieces located,at the bottom,the middle of the dish
0bcda430641db62,What color is the pie crust,golden-brown,the pie crust is golden brown
0bcda430641db62,What type of food is shown in the image,pie,pie
0bcda430641db62,What material is the pie tin made of,silver,aluminum foil
0bcda430641db62,What ingredient is visible through the cutouts in the star crust,raisins,chocolate
133544b12f11fe8,What color is the pie crust,golden brown,the pie crust is brown
133544b12f11fe8,What type of dessert is shown in the image,pie,a pie
133544b12f11fe8,What color is the meringue on top of the pie,white,the meringue on top of the pie is **white**
133544b12f11fe8,Where is the meringue located on the pie,on top,on top of the pie crust
133544b12f11fe8,What is the topping on the pie called,meringue,the topping on the pie is called meringue
9e015333bc6e4a5,What color are the chopped onions on top of the ramen,green,the chopped onions on top of the ramen are green
9e015333bc6e4a5,What is the ramen served in,bowl,a green ceramic bowl
9e015333bc6e4a5,What type of noodles are in the bowl,ramen,instant noodles
9e015333bc6e4a5,Where is the fried egg located in the bowl,on top,in the top middle
ba3faccb0397e1d,What is the main flavor of the noodles,cheesy,the main flavor of the noodles is **chili garlic flavor**
ba3faccb0397e1d,What type of food is shown in the bowl,noodles,instant noodles with chili oil
ba3faccb0397e1d,What color are the noodles,yellow,the noodles are yellow
ba3faccb0397e1d,Where is the chili oil mixture placed,on top,the chili oil mixture is placed on top of the noodles
ba3faccb0397e1d,What is scattered on top of the noodles,scallions,green onions are scattered on top
f1bb196371ea8a6,What color is the bowl,white,white
f1bb196371ea8a6,What is the ramen served in,bowl,a white bowl
f1bb196371ea8a6,What color are the ramen noodles,yellow,yellow
f1bb196371ea8a6,Where are the egg halves located,on top,left side of the bowl
f1bb196371ea8a6,What color are the red pepper strips,red,the red pepper strips are **bright red**
9a226b3b99e85d3,What color are the noodles in the bowl,yellow,white
9a226b3b99e85d3,What is the Top Ramen served in,bowl,a decorative bowl
9a226b3b99e85d3,What is scattered on top of the noodles,scallions,green onions are scattered on top
9a226b3b99e85d3,What color are the scallions on top of the noodles,green,green
9a226b3b99e85d3,Where are the scallions located on the noodles,on top of,scallions are located on top of noodles
5688b99c7513d35,What is the condition of the turnovers,fresh,the turnovers are slightly broken
5688b99c7513d35,What type of pastries are shown,turnovers,scones
5688b99c7513d35,What color is the plate,white,the plate is white
5688b99c7513d35,What color is the raspberry filling,red,the raspberry filling is red
5688b99c7513d35,Where are the turnovers located,on a plate,the turnovers are located on the plate
cd33f15258660af,What color is the raspberry coulis,red,the raspberry coulis is red
cd33f15258660af,What type of container holds the raspberry coulis,pitcher,a glass pitcher
cd33f15258660af,What material is the surface made of,wooden,wood
cd33f15258660af,Where is the pitcher placed,on the wooden surface,on a wooden table
b94f18f8c120bfb,What color is the ravioli pasta,yellow,yellow
b94f18f8c120bfb,What is happening to the edges of the ravioli,browning,the edges of the ravioli are being **pulled apart**
b94f18f8c120bfb,What type of meat is included in the dish,chicken,chicken
b94f18f8c120bfb,What is the texture of the alfredo sauce,creamy,the alfredo sauce is creamy and smooth
b94f18f8c120bfb,Where is the ravioli located in the dish,at the bottom,center of the dish
c5f6a8461d681c2,Is the hot dog served hot,hot,"yes, it is served hot"
c5f6a8461d681c2,Where are the onions placed on the hot dog,on top of,on top of the hot dog
c5f6a8461d681c2,What is on top of the hot dog,onions,chopped onions and relish
80447800af4a3dd,What is the predominant color of the relish,red,the predominant color of the relish is red
80447800af4a3dd,What color are the strands scattered on the top of the relish,orange,yellow
3390dbed9e76535,What color is the bowl that contains the Indian Relish,white,white
3390dbed9e76535,What is the Indian Relish made of,relish,"onions, bell peppers, tomatoes, and herbs"
3390dbed9e76535,What color is the Indian Relish,red,red
3390dbed9e76535,Where is the Indian Relish placed on the tarts,on,in the middle of the tarts
3390dbed9e76535,What is the Indian Relish composed of,vegetables,"tomato, onion, pepper, and spices"
d2fe88d169bdcb1,What color are the cranberries in the relish,red,the cranberries in the relish are red
d2fe88d169bdcb1,What fruit is used in the relish,cranberries,"the relish contains strawberries, blueberries, and cranberries"
d2fe88d169bdcb1,What nut is mixed into the relish,walnuts,pecan
d2fe88d169bdcb1,Where is the relish located in the image,in the center,in the glass baking dish
71e7d4fcdaf03d1,What color is the zucchini in the relish,yellow,yellow
71e7d4fcdaf03d1,What vegetable is light yellow with darker specks in the relish,zucchini,the vegetable is light yellow with darker specks in the relish is **jicama**
71e7d4fcdaf03d1,How are the ingredients arranged in the relish,mixed,the ingredients are arranged in a random order
71e7d4fcdaf03d1,What color are the onions in the relish,red,the onions in the relish are purple
71e7d4fcdaf03d1,Where are the red bell pepper pieces in the relish,in the mix,the red bell pepper pieces are on the right side
d248c0b8836816e,What color is the plate,white,white
d248c0b8836816e,What type of dessert is shown,cake,banana bread
d248c0b8836816e,What color is the crust of the cake,golden-brown,the crust of the cake is golden brown
d248c0b8836816e,Where is the cake placed,on a plate,the cake is placed on a plate
d248c0b8836816e,What fruit is visible in the cake,rhubarb,strawberries
d77c9b1bcc7aa02,What color is the crust of the cake,golden-brown,the crust of the cake is golden brown
d77c9b1bcc7aa02,What is the dessert in the image,cake,strawberry cake with ice cream
d77c9b1bcc7aa02,What color are the rhubarb pieces in the cake,red,red
d77c9b1bcc7aa02,Where is the cake located,on a plate,the cake is located on the plate
d77c9b1bcc7aa02,What color is the plate under the cake,pink,the plate under the cake is pink
1a530eb3a533848,What is the texture of the cookies,rough,the cookies appear to be soft and chewy
1a530eb3a533848,What type of food is shown in the image,cookies,chocolate chip cookies
1a530eb3a533848,What color are the rhubarb pieces in the cookies,pinkish-red,the rhubarb pieces in the cookies are **light pink**
1a530eb3a533848,Where are the cookies placed,on a plate,the cookies are placed on a plate
1a530eb3a533848,What color is the plate,purple,the plate is grey
8eaeadde7ec90ed,What color is the Rhubarb Gelatin Salad primarily,red,red
8eaeadde7ec90ed,What type of dish is the Rhubarb Gelatin Salad,salad,rhubarb gelatin salad
8eaeadde7ec90ed,What color is the plate under the Rhubarb Gelatin Salad,white,white
8eaeadde7ec90ed,Where is the white cream positioned,atop the salad,on top of the red dessert
eec4b08a5b31ea1,What is in the bowl,applesauce,applesauce
eec4b08a5b31ea1,What color is the bowl,bowl,white
eec4b08a5b31ea1,What color are the apples,red,red
f8dd81fd986fe02,What color is the rhubarb relish,red,the rhubarb relish is red
f8dd81fd986fe02,What color are the lids of the jars,silver,the lids of the jars are silver
ae9c9138f7052aa,What color is the barbecue sauce glaze on the ribs,reddish-brown,reddish-brown
ae9c9138f7052aa,What type of meat is shown in the image,ribs,baby back ribs
ae9c9138f7052aa,Where are the ribs positioned in the image,foreground,the ribs are positioned in the middle
ae9c9138f7052aa,What color are the herb pieces on the ribs,green,the herb pieces on the ribs are green
4bc967e8b59bff8,What color is the rice mostly,white,the rice is mostly white
4bc967e8b59bff8,Where are the grilled chicken pieces placed,on top,on top of the rice
ce2e7668f8d030e,What color is the rice,reddish-orange,orange
ce2e7668f8d030e,What is the main ingredient in the dish,rice,rice
ce2e7668f8d030e,What color are the bell peppers,green,green
ce2e7668f8d030e,What is mixed with the rice in the dish,sausage,chicken and vegetables
52471d9f8adc68a,Is the Easy Mexican Rice easy to prepare,easy,"yes, it is easy to prepare"
52471d9f8adc68a,What is the main ingredient in the Easy Mexican Rice,rice,rice
52471d9f8adc68a,What color is the rice in the Easy Mexican Rice,orange-red,the rice in the easy mexican rice is red
52471d9f8adc68a,Where is the Easy Mexican Rice placed in the bowl,on the right side,middle of the bowl
52471d9f8adc68a,What color is the lettuce in the bowl,green,green
aa787be93801e4f,What is the main food in the image,rice,yellow rice with green herbs
aa787be93801e4f,What does the rice do in the frame,fills,it is being stirred by a spoon
aa787be93801e4f,What is the pot made of,silver,the pot is made of stainless steel
aa787be93801e4f,What material is the spoon made of,wooden,wood
aa787be93801e4f,Where are the green herbs located,throughout,on top of the rice
6c4915e6e42b776,What color is the plate,white,white
6c4915e6e42b776,What type of pasta is used in the dish,rigatoni,rigatoni
6c4915e6e42b776,What color are the rigatoni pasta pieces,golden-yellow,yellow
6c4915e6e42b776,Where is the vodka rigatoni placed,on a white plate,white plate
6c4915e6e42b776,What color are the peas in the dish,green,green
2b74d1e6dab2d28,What color is the pesto risotto,green,the pesto risotto is green
2b74d1e6dab2d28,How are the cannellini beans distributed in the dish,scattered,scattered throughout the dish
2b74d1e6dab2d28,What color are the tomatoes in the dish,red,red
2b74d1e6dab2d28,Where is the poached egg placed in the dish,on the egg,in the middle of the dish
d0af628ffb3bebe,What is the dish in the image,risotto,chicken and sausage orzo
d0af628ffb3bebe,What color are the sausage slices,brown,red
d0af628ffb3bebe,How are the chicken pieces distributed in the dish,scattered,the chicken pieces are mixed
d0af628ffb3bebe,Where are the chicken pieces mostly located,on the left,in the center
f71ba10eff86632,What color is the plate,white,the plate is white with a gold trim
f71ba10eff86632,What is the main dish in the image,roast,pot roast
f71ba10eff86632,What color is the roast,brown,brown
f71ba10eff86632,Where are the diced carrots located in the dish,within,scattered throughout the dish
f71ba10eff86632,What color are the parsley pieces,green,green
ff205d7130c410e,What color is the roast,pink,the roast is pink and brown
ff205d7130c410e,What cooking method was used for the roast,roast,roasting
ff205d7130c410e,Where is the roast placed,on a wooden cutting board,on a wooden cutting board
9a6ef55e58c8bfb,What color are the rolls on top,golden,the rolls on top are **light brown**
9a6ef55e58c8bfb,What type of food is shown in the image,rolls,baked bread rolls
9a6ef55e58c8bfb,What color are the rolls on their upper surfaces,brown,the rolls are light brown
9a6ef55e58c8bfb,Where are the coarse salt and brown caraway seeds sprinkled,on top,on top of the buns
9a6ef55e58c8bfb,How are the rolls in the top row positioned relative to each other,adjacent,the rolls in the top row are positioned side by side
83cddb1a32acb9f,What color are the elevated surfaces of the rolls,golden-brown,golden brown
83cddb1a32acb9f,What are the items in the image called,rolls,dinner rolls
83cddb1a32acb9f,How are the rolls arranged,stacked,the rolls are arranged in a pile
83cddb1a32acb9f,What is the color of the rolls at the bottom,lighter,the rolls at the bottom are light brown
83cddb1a32acb9f,Where are several rolls located,towards the top-left area,in the center of the image
ae14c37e1da12cc,What color is the salami in the roll-up,light pink,pink
ae14c37e1da12cc,What type of meat is the outermost layer of the roll-up,salami,salami
ae14c37e1da12cc,What color is the cream cheese in the roll-up,white,yellow
ae14c37e1da12cc,What color is the pepperoncini in the roll-up,yellow-orange,yellow
ae14c37e1da12cc,Where is the pepperoncini located in the roll-up,in the center,in the middle
b04183d45e40ff2,What type of seasoning is in the jar,bbq,chili powder
b04183d45e40ff2,What is the BBQ Spice Rub contained in,jar,a glass jar
b04183d45e40ff2,Where is the spoon in relation to the BBQ Spice Rub,submerged,on top of the rub
b04183d45e40ff2,What color is the spoon,silver,silver
b04183d45e40ff2,Where is the jar positioned in the image,in the center,on the left side
ef26b197bbe2006,What color is the dry rub on the fish,brownish,brown
ef26b197bbe2006,What type of protein is being cooked in the image,fish,fish
ef26b197bbe2006,What color is the lettuce in the salad,green,the lettuce in the salad is green
ef26b197bbe2006,Where are the fish pieces placed in the image,on top of,on top of the salad
ef26b197bbe2006,What is the base of the dish in the image,salad,the base of the dish is lettuce
583b571a74b7ca3,What type of container is used for the rib rub,jar,a mason jar
583b571a74b7ca3,What color is the bottom layer of the rib rub,brown,brown
583b571a74b7ca3,Where is the jar placed,on the wooden surface,on a wooden countertop
583b571a74b7ca3,What has happened to some of the reddish-brown seasoning,spilled,it has spilled on the table
22c208ba7aeaf55,How does the dry rub appear on the bottom-right of the frame,scattered,it appears to be a pile
22c208ba7aeaf55,What is the primary color of the dry rub,reddish-brown,brown
22c208ba7aeaf55,What utensil is used to hold a smaller portion of the dry rub,spoon,spoon
22c208ba7aeaf55,What color is the spoon that holds the dry rub,silver,silver
22c208ba7aeaf55,Where is the silver spoon positioned in relation to the larger pile of dry rub,on top of,on top of the pile
3fc53a69cff0092,What type of food is featured in the image,bread,bread
3fc53a69cff0092,How is the large loaf presented in the image,halved,cut into two pieces
3fc53a69cff0092,Where does the larger loaf sit,sits on,the larger loaf sits on top
3fc53a69cff0092,What color is the interior crumb of the bread,yellow,the interior crumb of the bread is light-colored
3fc53a69cff0092,What is the shape of the bread featured in the image,loaf,the bread is a loaf
91d1723a6aedd7b,What is the main dish in the image,chicken salad,chicken salad with crackers
91d1723a6aedd7b,What color is the bowl containing the chicken salad,green,the bowl is green
91d1723a6aedd7b,Where is the bowl placed in the image,in the center,on the wooden cutting board
91d1723a6aedd7b,What is stuck into the chicken salad near the upper-right edge of the bowl,cracker,a saltine cracker
0e22cce15b99b8b,What color is the spinach in the salad,dark green,the spinach in the salad is green
0e22cce15b99b8b,What type of dish is shown in the image,salad,a wooden salad bowl
0e22cce15b99b8b,Where is the spinach located in the salad,located throughout,at the bottom of the salad
0e22cce15b99b8b,What color is the nectarine in the salad,peach,yellow
0e22cce15b99b8b,What type of cheese is in the salad,halloumi,halloumi cheese
d5596c269b73398,What is the texture of the base of the salad,creamy,the base of the salad is smooth and creamy
d5596c269b73398,What is the salad served in,bowl,a clear glass bowl
d5596c269b73398,What color are the cherries on the salad,red,red
d5596c269b73398,What is being done to the salad with the cherries,adding,the cherries are being added
d5596c269b73398,Where are the cherries placed on the salad,on top,on top of the salad
3ff47bf6d70aa77,What color is the bowl,white,the bowl is white
3ff47bf6d70aa77,What color are the bok choy leaves,green,the bok choy leaves are green
3ff47bf6d70aa77,What is the salad served in,bowl,a white bowl
3ff47bf6d70aa77,Where are the bok choy leaves distributed,throughout,the bok choy leaves are distributed throughout the bowl
324a37ae3e79125,What color is the salad,green,green
324a37ae3e79125,What type of dish is described,salad,a plate
324a37ae3e79125,How would you describe the size of the salad,large,it is a large salad
324a37ae3e79125,How are the white and beige solids arranged in the salad,interspersed,the white and beige solids are arranged in a **random** fashion
324a37ae3e79125,Where are the grapes placed in relation to the salad,against the base,surrounding the salad
3baad2f96caa8f2,What color is the plate,white,the plate is white
3baad2f96caa8f2,How are the poppy seeds distributed in the salad,scattered,they are scattered throughout the salad
3baad2f96caa8f2,What type of onions are in the salad,green onions,scallions
3baad2f96caa8f2,What color are the almond slivers,brown,light brown
3baad2f96caa8f2,Where is the salad placed,on a white plate,a white bowl
272dbc456d817f5,What color are the tomato halves in the salad,red,red
272dbc456d817f5,What is the base of the salad made of,salad,dandelion leaves
272dbc456d817f5,How are the green leaves arranged in the salad,spread,the green leaves are arranged in a random pattern
272dbc456d817f5,What color are the onion slices in the salad,purple,the onion slices in the salad are **purple**
272dbc456d817f5,Where are the tomato halves placed in the salad,among the leaves,on top of the greens
b9b52c83506dad8,What color are the tomatoes in the salad,red,red
b9b52c83506dad8,How are the tomatoes prepared in the salad,halved,the tomatoes are halved
b9b52c83506dad8,What vegetable is cubed and distributed evenly in the salad,cucumbers,the vegetable that is cubed and distributed evenly in the salad is cucumber
b9b52c83506dad8,What herb is placed on top of the salad,dill,dill
b9b52c83506dad8,Where is the dill placed on the salad,on top,in the middle
1f2f9689135b1a9,What color are the watermelon chunks,red,red
1f2f9689135b1a9,What is the salad served in,bowl,a metal bowl
1f2f9689135b1a9,What material is the bowl made of,silver,the bowl is made of stainless steel
1f2f9689135b1a9,What color are the cucumber chunks,green,the cucumber chunks are white
1f2f9689135b1a9,Where is the Cucumber-Watermelon Salad located,inside a silver bowl,a metal bowl on the stove
c7fddc777f16260,What color are the cucumber slices,light,green
c7fddc777f16260,What vegetable is light green with darker green skins,cucumbers,cucumbers
c7fddc777f16260,What color are the tomato wedges,red,the tomato wedges are red
c7fddc777f16260,Where are the cucumber slices and tomato wedges placed,throughout the blue bowl,in the blue bowl
925730a6770069d,What color are the spinach leaves in the salad,green,green
925730a6770069d,What type of dish is being described,salad,a square white plate
925730a6770069d,What color are the mango cubes in the salad,yellow,yellow
925730a6770069d,Where are the red onion slices placed in the salad,across the top,on top of the salad
925730a6770069d,What color is the dish containing the salad,white,white
4372fe51102230d,What color are the black beans in the salad,black,black
4372fe51102230d,What type of salad is shown in the image,salad,corn and black bean salad
4372fe51102230d,What color is the bowl containing the salad,white,the bowl is white with a pink stripe
4372fe51102230d,What color are the corn kernels in the salad,yellow,yellow
7b0210017aec1a1,What color is the rice,white,the rice is white
7b0210017aec1a1,What is the main grain in the dish,rice,the main grain in the dish is **white rice**
7b0210017aec1a1,What color are the collard greens,green,the collard greens are dark green
7b0210017aec1a1,What is the salmon served with,with,salmon is served with rice and greens
7b0210017aec1a1,What color is the glaze on the salmon,orange,the glaze on the salmon is **dark orange**
f9daae725d65b39,What is the name of the dish in the bowl,salsa,guacamole
f9daae725d65b39,What color is the bowl,white,the bowl is blue and white
f9daae725d65b39,What are the primary red ingredients in the salsa,tomatoes,"tomatoes, onions, and red peppers"
f9daae725d65b39,Where is the salsa placed in relation to the chips,in a bowl,in the middle of the chips
8cfaa3facf82d38,What colors are present in the bowl,colorful,"red, yellow, green, white, and brown"
8cfaa3facf82d38,What is the apricot salsa served in,bowl,white ceramic bowl
8cfaa3facf82d38,What fruit is diced and mixed throughout the salsa,apricot,pineapple
8cfaa3facf82d38,What color are the diced green bell peppers,green,green
8cfaa3facf82d38,Where are the bright red halved cherry tomatoes scattered,within the mixture,the bright red halved cherry tomatoes are scattered on top of the salad
3da567ab3ca2f6e,What is the color of the salsa described as,murky,brown
3da567ab3ca2f6e,What color is the bowl,white,white
3da567ab3ca2f6e,Where is the bowl located,atop,the bowl is located in the center of the plate
17d95c9ed8191a1,What color are the mango pieces,yellow,yellow
17d95c9ed8191a1,How are the mango pieces arranged in the bowl,distributed,the mango pieces are randomly arranged
17d95c9ed8191a1,What color are the cucumber pieces,green,the cucumber pieces are green
17d95c9ed8191a1,What color are the pieces of onion,white,white
17d95c9ed8191a1,Where is the jalapeno slice placed,on top of,on top of the cucumber
ddbfac8734f1e43,What color is the bowl containing the salsa,black,black
ddbfac8734f1e43,Where is the salsa located,bowl,in the black bowl
ddbfac8734f1e43,What is the predominant color of the salsa,reddish-orange,red
ddbfac8734f1e43,What are the green flecks in the salsa,herbs,the green flecks in the salsa are cilantro
ddbfac8734f1e43,Where is the bowl positioned in the image,in the center,in the upper left corner
75de0d790f2d1f1,What color are the black beans,black,the black beans are shiny black
75de0d790f2d1f1,What is the name of the dish in the image,salsa,black bean and corn salsa
75de0d790f2d1f1,What color are the corn kernels in the salsa,yellow,yellow
75de0d790f2d1f1,What color are the scallions in the salsa,green,the scallions are green
e6791edfa8447f6,What color is the salsa,red,red
e6791edfa8447f6,What is the name of the dish,salsa,tacos with salsa and chips
e6791edfa8447f6,What utensil is inside the salsa bowl,spoon,a spoon
e6791edfa8447f6,What color is the bowl,white,the bowl is white
e6791edfa8447f6,Where is the bowl located in the image,in the lower left,top left of the image
71b2ca0ab4b6918,What color is the salsa in the white cup,reddish-orange,the salsa in the white cup is orange
71b2ca0ab4b6918,What is the salsa served in at the top center,cup,a small white cup
71b2ca0ab4b6918,What does the salsa do in the white cup,fills,it holds the salsa
71b2ca0ab4b6918,Where is the glass jar located,on the right,behind the salsa in the bowl
71b2ca0ab4b6918,What color is the salsa in the glass jar,brownish-red,the salsa in the glass jar is brown
7a66a68a347449c,What color is the poblano salsa primarily,red,the poblano salsa is primarily red
7a66a68a347449c,What type of salsa is shown in the image,salsa,homemade salsa fresca
7a66a68a347449c,What does the salsa do to the clear glass jar,fills,it makes the jar dirty
7a66a68a347449c,What is the glass jar described as,clear,a jar of salsa
42c33972e71f72b,What type of salt is shown in the image,homemade,coarse salt
42c33972e71f72b,What is the main ingredient in the jar,salt,coconut
42c33972e71f72b,What color are some of the specks in the salt,red,red and black
42c33972e71f72b,How is the salt near the wooden spoon described,scattered,the salt near the wooden spoon is described as **coarse and slightly orange**
42c33972e71f72b,Where is the jar of salt located in the image,on the upper left,on the wooden cutting board
6b40081e4f024d6,What color is the seasoned salt described as,reddish-brown,brown
6b40081e4f024d6,What ingredient is the Copycat Lawry's Seasoned Salt primarily made of,salt,"salt, paprika, garlic, onion, celery"
6b40081e4f024d6,What does the seasoned salt do to the measuring spoon,fills,it fills the measuring spoon
6b40081e4f024d6,What is the overall appearance of the seasoned salt in terms of color intensity,light,the seasoned salt appears to be light brown in color intensity
6b40081e4f024d6,Where is the measuring spoon positioned,above a white bowl,the measuring spoon is positioned in a bowl
45174eed362036b,What color is the bread of the sandwiches,brown,the bread of the sandwiches is brown
45174eed362036b,What type of food is shown in the image,sandwiches,sandwiches
45174eed362036b,What color is the white filling in the sandwiches,white,the white filling in the sandwiches is **mayonnaise**
45174eed362036b,What color are the pickle slices in the sandwiches,green,green
45174eed362036b,Where are the sandwiches placed,on a white surface,a white plate
3d98df155636be2,What color is the plate,blue,blue
3d98df155636be2,What color are the slices of steak,brown,brown
3d98df155636be2,How are the green bell peppers and onions distributed,scattered,the green bell peppers and onions are distributed **evenly throughout the sandwiches**
3d98df155636be2,Where is the top Philly Cheesesteak Sandwich located,in the top left corner,bottom right
1c0ce6903ed0925,What color is the plate,blue,blue
1c0ce6903ed0925,How are the marshmallows arranged around the sandwich,scattered,they are arranged in a circle
1c0ce6903ed0925,What is the orange-brown layer in the sandwich,peanut butter,the orange-brown layer in the sandwich is cheese
1c0ce6903ed0925,What color are the bread slices,golden-brown,the bread slices are white
1c0ce6903ed0925,Where is the sandwich placed,on a blue plate,a blue plate
34403e80d88d12c,What type of food is the sauce on,pasta,pasta
34403e80d88d12c,What cuisine does the pasta belong to,italian,italian
34403e80d88d12c,What is the sauce doing on the sides of the pasta,dripping,the sauce is not on the sides of the pasta
34403e80d88d12c,What is garnished on top of the sauce,herbs,shredded parmesan cheese is garnished on top of the sauce
84db1a26c1782bd,What color is the chile barbeque sauce,reddish-brown,red
84db1a26c1782bd,What is being coated by the chile barbeque sauce,food,the pork chops
84db1a26c1782bd,Where does the chile barbeque sauce trickle,down the sides,the chile barbeque sauce trickle down the pork
ca23b48dd5e6428,What color is the sugar sauce,brown,the sugar sauce is golden
ca23b48dd5e6428,What is the main ingredient in the sauce,sugar,caramel
ca23b48dd5e6428,What color is the sauce described as,amber,caramel
ca23b48dd5e6428,What type of glass is the dessert served in,in a clear glass,glass sundae dish
ca23b48dd5e6428,Where is some of the sauce located in the dish,bottom,on the left side
55181dc0db808c2,What color is the pasta,yellow,the pasta is white
55181dc0db808c2,What type of food is the main dish,pasta,spaghetti with meatballs
55181dc0db808c2,What color is the Nonna's Sweet Pasta Sauce,red,red
55181dc0db808c2,Where is the meatball placed,on top of,on top of the pasta
55181dc0db808c2,What color are the small specks on top of the sauce and meatball,white,white
9ca38ea82e94789,What color is the vodka sauce,orange-red,the vodka sauce is orange
9ca38ea82e94789,What type of noodles are in the dish,spaghetti,spaghetti
9ca38ea82e94789,What color is the plate,white,the plate is white
9ca38ea82e94789,Where is the sauce distributed on the plate,from center to edges,the sauce is distributed throughout the pasta
bd7bd756ee18ffb,What color is the bowl in the image,reddish-brown,pink
bd7bd756ee18ffb,What is the No Cook BBQ Sauce contained in,bowl,a red plastic bowl
bd7bd756ee18ffb,What color is the bowl that holds the No Cook BBQ Sauce,pink,the bowl is **pink**
bd7bd756ee18ffb,Where is the bowl located in the image,in the center,the bowl is located on the countertop
fd8d018e2c7cb26,What color is the tomato sauce in the bowl,reddish-orange,red
fd8d018e2c7cb26,What is the main component of the dish in the bowl,sauce,meat stew
fd8d018e2c7cb26,What does the tomato sauce do to most of the bowl,fills,the tomato sauce covers most of the bowl
fd8d018e2c7cb26,What color is the piece positioned slightly to the left of the center,green,green
fd8d018e2c7cb26,Where is the green piece positioned in the bowl,to the left,the green piece is positioned in the middle of the bowl
ddb3d77b8ca050e,What color is the pizza sauce,red,the pizza sauce is red
ddb3d77b8ca050e,What type of surface is the bowl placed on,wooden surface,a wooden cutting board
ddb3d77b8ca050e,What color are most of the strands of shredded cheese,white,white
ddb3d77b8ca050e,Where are some strands of shredded cheese located,next to,behind the white ramekin
cb07a393ddb422a,What does the BBQ sauce do in the bowl,fills,the bbq sauce is being used to brush
cb07a393ddb422a,What color is the BBQ sauce,brown,the bbq sauce is dark brown
cb07a393ddb422a,What is the BBQ sauce contained in,bowl,a black cup
cb07a393ddb422a,Where is the paintbrush resting,on the rim,the paintbrush is resting in the cup
320f477ddba74f5,What color is the sauce on the wings,orange,the sauce on the wings is orange
320f477ddba74f5,How are the wings prepared,coated,they are fried and sauced
320f477ddba74f5,What vegetable is orange and arranged around the wings,carrots,carrots
320f477ddba74f5,What color are the celery sticks,green,green
320f477ddba74f5,Where are the food items placed,on a plate,on a white plate
641c68e581d733f,What color is the Homestead Barbecue Sauce,reddish-brown,red
69aee1d3ba018ff,What color are the tangerine segments,orange,orange
69aee1d3ba018ff,What is the container used to hold the cranberry sauce and tangerine segments,bowl,a glass dessert bowl
69aee1d3ba018ff,What color is the cranberry sauce,red,red
69aee1d3ba018ff,Where are the whole cranberries placed,on top,in the middle of the dessert
1c00b85749755c0,What color is the beef in the image,brownish-red,the beef in the image is brown
1c00b85749755c0,What type of meat is featured in the dish,beef,beef
1c00b85749755c0,How is the beef prepared in the image,cooked,the beef is slow cooked
1c00b85749755c0,What color are the carrots in the image,orange,orange
1c00b85749755c0,Where is the cabbage located on the plate,in the top center,behind the carrots
bd9bb1c1a13d688,What color is the stew-like liquid,dark brown,the stew-like liquid is brown
bd9bb1c1a13d688,What type of dish is the dark brown liquid,stew,a pot of soup
bd9bb1c1a13d688,What color is the cooking pan,light brown,the cooking pan is copper
bd9bb1c1a13d688,What color are the tiny pieces scattered throughout the liquid,golden,the tiny pieces scattered throughout the liquid are **brownish-yellow in color**
bd9bb1c1a13d688,Where are the bubbles and steam rising from,from the surface,the bubbles and steam are rising from the pot
9ab4e1e0b9e3538,What color is the sauerkraut in the bowl,yellowish-white,white
9ab4e1e0b9e3538,What is the sauerkraut doing in the bowl,forming,the sauerkraut is mixed with sausage
9ab4e1e0b9e3538,What is the sauerkraut placed in,bowl,a white bowl
9ab4e1e0b9e3538,What color are the smokies,brownish-red,brown
9ab4e1e0b9e3538,Where is the smokie located in the bowl,in the bottom-left,in the middle of the bowl
f4c5c78433d6d23,What color is the wrapper of the sausage flowers,golden-brown,the wrapper of the sausage flowers is brown
f4c5c78433d6d23,What are the edible items shaped like flowers in the image,sausage flowers,wonton wrappers
f4c5c78433d6d23,What color is the sausage mixture inside the flowers,brownish-orange,brown
f4c5c78433d6d23,Where are the green scallions placed,sprinkled over,on top of the wontons
f4c5c78433d6d23,What is the color of the tray holding the sausage flowers,silver tray,silver
0f4169610c6b102,What type of meat is used in the dish,sausage,sausage
0f4169610c6b102,What color is the sausage,reddish-brown,red
0f4169610c6b102,What shape is the bowl,in a leaf-shaped bowl,leaf-shaped
0f4169610c6b102,How was the sausage cooked,grilled,the sausage was grilled
0f4169610c6b102,What fruit is mixed with the sausage,pineapple,the fruit is pineapple
b03fd7734dcd1f9,What is the color of the scallops,creamy,white
b03fd7734dcd1f9,What type of dish is served alongside the scallops,pasta,garlic bread
b03fd7734dcd1f9,What color is the pasta,white,the pasta is white
b03fd7734dcd1f9,Where is the toast located in the image,on the side,upper right corner
0165a5347fc3006,What shape is the scone,triangular,triangle
0165a5347fc3006,What type of food is shown in the image,scone,lemon scones
0165a5347fc3006,What color is the lemon wedge,yellow,yellow
0165a5347fc3006,Where is the scone placed,on a plate,on the plate
0165a5347fc3006,What color is the plate,white,the plate is white with gold and black accents
06b69ab2d9fd200,What color is the plate the scones are on,white,white
06b69ab2d9fd200,What type of baked goods are shown in the image,scones,scones
06b69ab2d9fd200,What color is the scone in the foreground,golden brown,the scone in the foreground is beige
06b69ab2d9fd200,Where is the golden brown scone located,in the foreground,"in the front, on the plate"
76051d98525aa3b,What color are the scrambled eggs,yellow,the scrambled eggs are yellow
76051d98525aa3b,What fruit is interspersed throughout the eggs,tomato,tomatoes
76051d98525aa3b,What color is the basil leaf,green,the basil leaf is green
76051d98525aa3b,Where is the basil leaf positioned,towards the center,in the middle
5befd704424b15d,What is the primary color of the seasoning,reddish-brown,red
ea86b8337adee6c,What color are the pumpkin seeds,brown,brown
ea86b8337adee6c,What type of seeds are shown in the image,pumpkin seeds,sugar coated almonds
ea86b8337adee6c,What is the white coating on the pumpkin seeds,sugar,sugar
9bdab5eeae956d5,What color is the semifreddo,orange,the semifreddo is orange and white
9bdab5eeae956d5,What type of dessert is shown,semifreddo,cheesecake shaped like a christmas tree
9bdab5eeae956d5,What color is the tray,silver,the tray is silver
9bdab5eeae956d5,What color is the base of the semifreddo,off-white,white
9bdab5eeae956d5,Where is the semifreddo placed,on a tray,on a metal tray
6976d7e77ced1df,What color is the bowl,white,the bowl is white
6976d7e77ced1df,What color are the shrimp,pinkish-orange,the shrimp are orange
6976d7e77ced1df,Where are the shrimp arranged,in the center,the shrimp are arranged on the right side of the plate
6976d7e77ced1df,What color are the vegetables in the sauce,green,green
8e0a5a668884897,What color is the plate,white,white
8e0a5a668884897,What type of seafood is shown,shrimp,shrimp
8e0a5a668884897,What color are the spots on the shrimp,reddish-orange,red
8e0a5a668884897,Where are the shrimp located on the plate,in the center,in the center of the plate
b37293b876e011e,What color is the plate,blue,the plate is blue
b37293b876e011e,What type of seafood is shown,shrimp,shrimp
b37293b876e011e,What ingredient is visible on the shrimp,garlic,garlic
b37293b876e011e,What color are the shrimp,pink-orange,the shrimp are orange
b37293b876e011e,Where is the garlic shrimp placed,on a blue plate,on the blue plate
5bb240fd272bf4e,What is the base of the dish made of,hash brown,eggs
5bb240fd272bf4e,What color are the bacon pieces,red,the bacon pieces are red
5bb240fd272bf4e,What garnish is sprinkled atop the dish,scallions,chopped green onions
acd98ebf33a8275,What color is the plate,white,white
acd98ebf33a8275,What fruit is on top of the slaw,pineapple,pineapple
acd98ebf33a8275,What color are the pineapple chunks,yellow,yellow
acd98ebf33a8275,What color are the celery slices,green,green
acd98ebf33a8275,Where is the slaw placed,on a white plate,on a white plate
abe4eca7b50eea2,What is the main ingredient in the slaw,corn,corn
abe4eca7b50eea2,What color are the corn kernels,yellow,yellow
abe4eca7b50eea2,How are the corn kernels distributed in the slaw,scattered,the corn kernels are mixed
abe4eca7b50eea2,What color are the small cubes of bell pepper,red,red
abe4eca7b50eea2,Where is the slaw located on the plate,on the left side,on the left side
67cc22c854d166a,What color is the cabbage in the image,green,the cabbage in the image is green and purple
67cc22c854d166a,What is the main vegetable in the dish,cabbage,cabbage
67cc22c854d166a,How are the ingredients arranged in the image,mixed,the ingredients are mixed together
67cc22c854d166a,What color are the carrots in the image,orange,orange
a8534ffc026fa1a,How are the ingredients arranged in the bowl,scattered,the ingredients are mixed
a8534ffc026fa1a,What type of salad is shown in the image,coleslaw,coleslaw
a8534ffc026fa1a,What color are the shreds of carrot in the coleslaw,orange,the shreds of carrot in the coleslaw are orange
a8534ffc026fa1a,Where is the coleslaw located in the image,in the bowl,in the bowl
ce59e2b561648cc,What color is the orange slice,orange,the orange slice is yellow
ce59e2b561648cc,What is the orange slush served in,glass,a clear wine glass
ce59e2b561648cc,How would you describe the color of the orange slice,bright,the color of the orange slice is yellow
ce59e2b561648cc,Where is the orange slice placed,on the rim,behind the glass
8e0e736b1ed4313,What material is the tray made of,metal,the tray is made of metal
8e0e736b1ed4313,What type of drink is shown in the image,slushies,frozen fruit drinks
8e0e736b1ed4313,What color is the slushie at the top of the image,red,the slushie at the top of the image is purple
8e0e736b1ed4313,Where are the slushies placed,in a metal tray,the slushies are placed in a tray
fdc7674729342a7,What flavor is the smoothie,chocolate,chocolate
fdc7674729342a7,What is the smoothie served in,cup,a clear plastic cup
fdc7674729342a7,What color is the smoothie,brown,the smoothie is brown
1d68b70e9d2f4a0,What color are the specks in the smoothie,pink,the specks in the smoothie are red
1d68b70e9d2f4a0,What type of drink is in the glass,smoothie,a pink smoothie drink
1d68b70e9d2f4a0,What color are the mint leaves,green,green
1d68b70e9d2f4a0,Where is the sprig of mint leaves positioned,on top of,atop the smoothie in the glass
150e8e2edb2a656,What is the main flavor of the smoothie,chocolate,chocolate
150e8e2edb2a656,What type of drink is shown in the image,smoothie,chocolate smoothie
150e8e2edb2a656,What color is the smoothie,brown,brown
150e8e2edb2a656,What color are the swirling patterns on the plate,green,the swirling patterns on the plate are brown
a462ea5e69d2845,What fruit is used to make the smoothie,pineapple,the fruit used to make the smoothie is pineapple
a462ea5e69d2845,What is the color of the glass mug,clear,the glass mug is clear
a462ea5e69d2845,What type of drink is in the glass,smoothie,pineapple coconut smoothie
a462ea5e69d2845,Where is the whole pineapple located,to the right,behind the glass
be72e9b3eb9427e,What color are the mint specks in the smoothie,green,green
be72e9b3eb9427e,What type of drink is in the glass,smoothie,a strawberry mint smoothie
be72e9b3eb9427e,What fruit is on top of the smoothie,strawberry,a strawberry
be72e9b3eb9427e,Where is the strawberry placed,on top of,on the drink's top
5abab4fc0138458,What is the consistency of the Pina Colada Sorbet,solid,it is very icy and cold
5abab4fc0138458,What type of dessert is shown in the image,sorbet,ice cream
5abab4fc0138458,What is the color of the Pina Colada Sorbet,pale,white
5abab4fc0138458,What shade of white is the Pina Colada Sorbet,off-white,off-white
dc3896d8b1db274,What color is the blueberry sorbet described as,rich,the blueberry sorbet is described as **dark purple**
dc3896d8b1db274,What type of dessert is the purple food,sorbet,the purple food is a blackberry ice cream
dc3896d8b1db274,What color is the sorbet,purple,the sorbet is dark red
dc3896d8b1db274,Where is most of the sorbet contained,in the bowl,in the white bowl
dc3896d8b1db274,What fruit is the sorbet made from,blueberry,beet
3caf51c2d92cd50,What is the bowl doing on the plate,resting,the bowl is holding food
3caf51c2d92cd50,What color is the bowl and plate,pale green,white and blue
3caf51c2d92cd50,What color is the souffle,golden-brown,golden brown
3caf51c2d92cd50,What texture does the top of the souffle have,crispy,golden brown and crispy
3caf51c2d92cd50,Where is the banana prop located in the image,in the upper-left corner,behind the dessert
61fc5053796ebfe,What color is the bowl containing the soup,blue,blue
61fc5053796ebfe,What type of vegetable is scattered on the surface of the soup,mushrooms,mushrooms
61fc5053796ebfe,Where are the mushrooms located in the soup,scattered on the surface,the mushrooms are on top
61fc5053796ebfe,What type of green leaves are visible in the soup,spinach,spinach
330898f48df1db1,What color is the bowl containing the soup,white,white
330898f48df1db1,What type of food is in the white bowl,soup,chili
330898f48df1db1,What color is the broth of the soup,brown,the broth of the soup is dark brown
330898f48df1db1,What color are the cilantro leaves on the soup,green,green
18f853cc27fadce,What color is the bowl that holds the soup,white,white
18f853cc27fadce,What color is the broth of the soup,reddish-brown,reddish brown
18f853cc27fadce,Where is the bowl of soup situated in the image,in the right half,on the right side of the image
18f853cc27fadce,What are the visible chunks in the broth,vegetables,"potatoes, tomatoes, peas, and beans"
74a9a3f58309faa,What color is the soup,orange,the soup is light brown
74a9a3f58309faa,What type of dish is shown in the image,soup,bowl of creamy soup
74a9a3f58309faa,What is placed to the left of the soup bowl,bread,a piece of toast
74a9a3f58309faa,Where is the soup bowl placed,on top of,on a white plate
c5462855d00750c,What type of pasta is shown in the image,spaghetti,spaghetti
c5462855d00750c,What color is the tomato sauce,red,red
c5462855d00750c,What type of dairy product is scattered on top,cheese,cheese
c5462855d00750c,Where is the spaghetti arranged in the dish,around the perimeter,the spaghetti is arranged at the bottom
5eac54e4802fefe,What color is the spaghetti sauce,reddish-brown,red
5eac54e4802fefe,What is the sauce on top of,spaghetti,spaghetti
5eac54e4802fefe,What is the texture of the sauce,chunky,the sauce has a thick texture
d3e4bdd012fe051,What color is the spaghetti,light,the spaghetti is yellow
d3e4bdd012fe051,What is the white topping on the spaghetti,cheese,melted cheese
d3e4bdd012fe051,What color are the pepper pieces in the spaghetti,red,the pepper pieces in the spaghetti are red
d3e4bdd012fe051,Where is the spaghetti located,in a casserole dish,in the center of the pan
f9048429e64a34c,What type of pasta is shown in the image,spaghetti,spaghetti
f9048429e64a34c,How are the white shreds distributed over the dish,scattered,evenly scattered throughout the dish
f9048429e64a34c,What are the deep red items on top of the spaghetti,meatballs,meatballs
f9048429e64a34c,Where are the meatballs placed,placed on top,on top of the pasta
6f68655695a3194,What color is the plate,blue,the plate is blue
6f68655695a3194,What is the name of the dish,musubi,spam musubi
6f68655695a3194,What color is the Spam,orange-red,red
6f68655695a3194,Where is the nori wrapped,around,the nori is wrapped around the spam
6f68655695a3194,What color is the rice,white rice,the rice is white
7477038f95780fb,What color is the barbecue sauce on the sandwich,reddish-brown,red
7477038f95780fb,What is the main item in the image,sandwich,sandwich
7477038f95780fb,How does the barbecue sauce on the spam appear,glazed,the barbecue sauce on the spam appears thick and red
7477038f95780fb,What color is the bowl in the image,blue,the bowl is blue
2f21b09945b7362,What is the color of the bacon strips,light-brown,red
2f21b09945b7362,What type of food is the main item in the image,burger,bacon cheese burger
2f21b09945b7362,What is the color of the bacon strips,reddish-brown,red
2f21b09945b7362,Where is the bun located,on top,at the top of the sandwich
2f21b09945b7362,What is the main ingredient of the patty,spam,cheese
3939b19ee46c259,What color is the spinach,green,the spinach is green
3939b19ee46c259,What is the main ingredient in the dish,spinach,spinach
3939b19ee46c259,What color is the plate,white,the plate is white
3939b19ee46c259,What does the plate have around its edge,with a patterned rim,the plate has leaves around its edge
3939b19ee46c259,What is scattered throughout the spinach,onions,onions
a07f90b218b678c,What is the condition of the spinach leaves,fresh,the spinach leaves appear to be wilted
a07f90b218b678c,What type of dish is shown in the image,salad,a black serving bowl
a07f90b218b678c,What is the primary color of the spinach leaves,green,green
a07f90b218b678c,What color are the onion slices scattered in the salad,white,the onion slices in the salad are white
a07f90b218b678c,Where is the spinach salad placed,in a bowl,a black bowl
0aa19bafe23c2b6,What color are the spinach leaves,green,the spinach leaves are green
0aa19bafe23c2b6,What type of vegetable is shown in the image,spinach,kale
0aa19bafe23c2b6,How is the spinach arranged in the image,haphazard,"in the image, the spinach is arranged in a **crispy pile**"
0aa19bafe23c2b6,What texture is suggested by the glossy sheen on the spinach leaves,oily texture,the glossy sheen on the spinach leaves suggests a **crunchy** texture
3ac1c74df484d2b,What type of leaves are in the bowl,spinach,spinach
3ac1c74df484d2b,What color are the spinach leaves,green,green
3ac1c74df484d2b,What is the spinach served in,bowl,a white bowl
3ac1c74df484d2b,What is mixed with the spinach in the bowl,with shallots,garlic
900103ca5bb4951,What color are the Brussels sprouts,green,green
900103ca5bb4951,What type of vegetable is shown in the image,sprouts,brussel sprouts
900103ca5bb4951,What color is the baking dish,blue,the baking dish is blue
900103ca5bb4951,What meat is scattered among the sprouts,bacon,bacon
900103ca5bb4951,Where is the baking dish placed,on a white surface,the baking dish is placed on a towel
9bdba56968b4d9b,What color are the Brussels sprouts,green,green
9bdba56968b4d9b,What type of vegetable is shown in the image,sprouts,brussels sprouts
9bdba56968b4d9b,What type of sauce coats the sprouts,creamy,parmesan cheese sauce
9bdba56968b4d9b,How are the sprouts arranged in the image,overlapping,they are cut into pieces
e2f1b28722a3845,What color are most of the brussels sprouts,green,most of the brussels sprouts are green
e2f1b28722a3845,What type of vegetable is primarily on the plate,sprouts,brussels sprouts
e2f1b28722a3845,What color are the roasted tips or edges of some sprouts,brown,brown
e2f1b28722a3845,How are the brussels sprouts arranged on the plate,scattered across,the brussels sprouts are mixed
e2f1b28722a3845,What color are the lemon wedges,yellow,yellow
cd4727b9541285f,What color are the brussels sprouts,green,green
cd4727b9541285f,What type of vegetable is shown in the image,sprouts,brussels sprouts
cd4727b9541285f,What color is the breading on the brussels sprouts,brown,the breading on the brussels sprouts is white
cd4727b9541285f,Where are the darker brown crumbs located,around the sprouts,at the top of the dish
ad4a650ab046c06,What color are the brussels sprouts,green,green
ad4a650ab046c06,What type of vegetable is shown in the image,brussels sprouts,brussel sprouts
ad4a650ab046c06,What color is the bowl,white,the bowl is multicolored
ad4a650ab046c06,What color are the charred spots on the brussels sprouts,brownish,the charred spots on the brussels sprouts are **dark brown and black**
ad4a650ab046c06,Where are the brussels sprouts located,in a bowl,in the white bowl
585df28df4130ee,How is the butternut squash distributed in the dish,dispersed,scattered throughout the dish
585df28df4130ee,What color is the kale,green,the kale is dark green
585df28df4130ee,Where are all the ingredients contained,bowl,the ingredients are in the bowl
67b896c431bcb75,What color is the spaghetti squash in the dish,yellowish-white,the spaghetti squash is not visible in the dish
67b896c431bcb75,What is the cheese doing to the beans and onions,covering,melted over the beans and onions
67b896c431bcb75,Where is the melted cheese located in the dish,on top,on top of the black beans
67b896c431bcb75,What color are the beans in the dish,black,the beans in the dish are black
aa98211e256f592,What color are the squash skins,green,green
aa98211e256f592,What type of vegetable is used in this dish,squash,zucchini
aa98211e256f592,What color is the filling inside the squash,orange,the filling inside the squash is red
aa98211e256f592,Where are the stuffed squash halves placed,on a white plate,on a white plate
4343704aac2ef25,What color is the spaghetti squash,yellow,the spaghetti squash is yellow
4343704aac2ef25,What type of vegetable is being described,squash,spaghetti squash
4343704aac2ef25,Where is the spaghetti squash mounded,on the concave part,on the spoon
4343704aac2ef25,What color is the parsley behind the spoon,green,green
63a0d4e6b2fcc53,What color is the rind of the acorn squash,green,green
63a0d4e6b2fcc53,What color is the flesh of the squash,yellow,the flesh of the squash is yellow
63a0d4e6b2fcc53,How are the squash halves positioned on the plate,overlapping,overlapping
63a0d4e6b2fcc53,Where are the squash halves placed,on the plate,on a white plate
a0db3aca84f3043,What color is the flesh of the squash,orange-yellow,the flesh of the squash is yellow
a0db3aca84f3043,What type of vegetable is shown in the image,squash,a type of squash
a0db3aca84f3043,What color is the skin of the squash,green,the skin of the squash is green
a0db3aca84f3043,How do the tips of the squash appear,charred,the tips of the squash appear charred
a0db3aca84f3043,Where are the squash slices mainly clustered,in the center,the squash slices are mainly clustered on the right side of the image
a4539523aa36409,What color are the diced cubes of squash,orange,the diced cubes of squash are orange
a4539523aa36409,What type of vegetable is shown in the image,squash,sweet potatoes
a4539523aa36409,What color is the bowl containing the squash,blue,blue
a4539523aa36409,Where is the bowl positioned in the image,in the center-left,the bowl is positioned on the table
b3947b98f069ed9,What is the soup doing around the steak,surrounding,it is dripping down the steak
b3947b98f069ed9,What is the main protein in the dish,steak,pork
b3947b98f069ed9,What color is the soup,tan,the soup is light brown
b3947b98f069ed9,What color are the steaks,brown,the steaks are light brown
34155128095ebcd,What color are the steak fingers,golden-brown,light brown
34155128095ebcd,How would you describe the surface of the steak fingers,crispy,the surface of the steak fingers is crispy
34155128095ebcd,How are the steak fingers positioned in the image,arranged,in a circular pattern
34155128095ebcd,Where is the creamy white sauce placed,bowl,the creamy white sauce is placed in the center of the plate
34155128095ebcd,What is the color of the sauce in the bowl,white,the color of the sauce in the bowl is white
577f563155789a4,What color is the exterior of the fish,golden-brown,golden brown
577f563155789a4,What type of food is on the plate,fish,baked fish fillet
577f563155789a4,What color is the interior of the fish,white,the interior of the fish is white
577f563155789a4,Where is the fish located,on the plate,on the white plate
577f563155789a4,What color is the pattern around the edge of the plate,blue,blue
05fd940d8cb03b7,What color are the mushroom steaks,golden-brown,there are no mushroom steaks in the image
05fd940d8cb03b7,What color are the chives garnishing the steaks,green,the chives are green
05fd940d8cb03b7,Where is the dark purple-black rice located,beneath the steaks,under the cooked fish
7584477e98cfefa,What color is the broth of the stew,reddish-brown,the broth of the stew is orange
7584477e98cfefa,What type of meat is visible in the stew,hamburger,ground beef
7584477e98cfefa,What vegetable is distributed throughout the stew,potatoes,corn
7584477e98cfefa,Where are the green beans and green peas located,throughout the stew,in the middle of the soup
7b52ddf044f5e3f,What color is the bowl,red,red
7b52ddf044f5e3f,What type of dish is being described,stew,a bowl of salad
7b52ddf044f5e3f,What type of meat is in the stew,ham,ham
7b52ddf044f5e3f,What color is the cabbage,green,the cabbage is green
7b52ddf044f5e3f,Where do the chunks of ham appear,on the left,the chunks of ham appear in the soup
9e25af6e0f1e9b3,What color are the beef chunks,brown,brown
9e25af6e0f1e9b3,How are the beef chunks distributed in the stew,scattered,the beef chunks are distributed randomly
9e25af6e0f1e9b3,What color are the carrots,orange,orange
9e25af6e0f1e9b3,What color is the bowl,white,the bowl is white
cff67dfc76f90d1,What color are the chicken pieces that are deeper in shade,brown,the chicken pieces that are deeper in shade are **reddish-brown**
cff67dfc76f90d1,What type of meat is featured in the stew,chicken,chicken
cff67dfc76f90d1,What color are the carrot slices in the dish,orange,orange
cff67dfc76f90d1,Where is the slice of orange colored food located,on the left side,upper left corner
db61a4da902bdd2,What color is the base broth of the stew,brown,brown
db61a4da902bdd2,What red ingredient is visible in the broth,tomatoes,tomato
db61a4da902bdd2,What type of protein is found in small bits throughout the stew,meat,ground beef
db61a4da902bdd2,Where is the bright yellow shredded cheese placed,on top,the bright yellow shredded cheese is placed on top of the avocado
db61a4da902bdd2,What color is the shredded cheese on top of the stew,yellow,yellow
ffc1a5a062f3888,What color are the corn kernels in the stew,yellow,yellow
ffc1a5a062f3888,Where is the dollop of sour cream located,atop the center,in the middle of the bowl
c910f76bf4763c0,What is the overall color of the stew,orange-brown,the overall color of the stew is **orange-brown**
c910f76bf4763c0,What color are the individual grains of rice in the stew,white,white
c910f76bf4763c0,Where are some of the translucent yellow onions located,on the surface,scattered throughout the rice
c910f76bf4763c0,What is the appearance of the yellow onions in the stew,translucent,the yellow onions in the stew appear translucent and slightly caramelized
0aa0330f3238b29,What is the flavor profile of the stir-fry,savory,"savory, slightly sweet, and slightly spicy"
0aa0330f3238b29,What type of food is being cooked,vegetables,vegetables
0aa0330f3238b29,What color are the broccoli pieces,green,green
0aa0330f3238b29,Where are the green broccoli pieces mostly located,around the top,top right of the pan
0aa0330f3238b29,What color are the bell pepper segments,yellow,"the bell pepper segments are **red**, **yellow**, and **orange**"
b7b5f7fb4c23822,What color is the base of the strawberry whip,pink,white
b7b5f7fb4c23822,What fruit is arranged on top of the whip,strawberries,strawberries
b7b5f7fb4c23822,How are the sliced strawberries arranged on the whip,displaying,in a random pattern
b7b5f7fb4c23822,What color are the outer edges of the sliced strawberries,red,red
b7b5f7fb4c23822,Where are the sliced strawberries placed on the whip,on top,on the top of the whipped cream
28f3831cc0cf2c8,What color are the sugar crystals on the strawberries,red,red
28f3831cc0cf2c8,What type of fruit is shown in the image,strawberries,a strawberry
28f3831cc0cf2c8,How do the sugar crystals on the strawberries appear,bright,the sugar crystals on the strawberries appear to be red and shiny
28f3831cc0cf2c8,Where are the strawberries placed,on a white paper liner,on the plate
7c7cf1bb8fede70,What color are the strawberries,red,red
7c7cf1bb8fede70,What fruit is shown in the image,strawberries,strawberries
7c7cf1bb8fede70,What color is the chocolate on the strawberries,brown,dark
7c7cf1bb8fede70,Where is the chocolate on the strawberries,on the bottom,at the bottom of strawberries
27d0d3a6a8dbde3,What color are the strawberries,red,red
27d0d3a6a8dbde3,What type of fruit is in the salad,strawberries,strawberries
27d0d3a6a8dbde3,Are the strawberries whole or sliced,sliced,the strawberries are sliced
27d0d3a6a8dbde3,Where are the whole strawberries located,on the upper side,at the top of the salad
27d0d3a6a8dbde3,What color is the cheese,white,the cheese is white
4679824a46cf2b8,What color are the strawberries in the image,red,red
4679824a46cf2b8,What type of fruit is shown in the image,strawberries,the fruit shown in the image is **strawberries**
4679824a46cf2b8,How are the strawberry slices arranged in the bowl,clustered,in a circular pattern
4679824a46cf2b8,How do the strawberry slices appear due to the sauce,juicy,the strawberry slices appear to be glazed
c488e64add203b0,What color is the Fresh Strawberry Granita,red,red
c488e64add203b0,What fruit is used in the Fresh Strawberry Granita,strawberry,strawberry
c488e64add203b0,What type of container is the Fresh Strawberry Granita served in,glass,margarita glass
c488e64add203b0,How would you describe the color of the Fresh Strawberry Granita,bright,the color of the fresh strawberry granita is a vibrant red
c488e64add203b0,Where is the red strawberry placed,on the plate,in front of the glass
7b607810af9b476,What type of nut is in the stuffing,chestnut,walnuts
7b607810af9b476,What color are the toasted bread cubes,brown,golden brown
7b607810af9b476,How do some of the bread cubes appear,toasted,some of the bread cubes appear burnt
7b607810af9b476,What color are the softer bread cubes,yellow,white
3c68b3ad534c61b,What color are the darker pieces of the stuffing,brown,brown
3c68b3ad534c61b,How are the darker brown pieces distributed in the dish,scattered,the darker brown pieces are evenly distributed throughout the dish
3c68b3ad534c61b,What is the stuffing served in,dish,a white ceramic dish
3c68b3ad534c61b,What color is the dish,white,white
3c68b3ad534c61b,Where are the darker brown pieces of the stuffing located,throughout the dish,in the back right corner
21b0cdcf0eacf35,What color are the darker bread cubes,brown,the darker bread cubes are brown
21b0cdcf0eacf35,What are the green flecks in the stuffing,herbs,the green flecks in the stuffing are sage leaves
280ee18dd93e4e5,What is the stuffing being prepared for,baking,thanksgiving dinner
280ee18dd93e4e5,What color is the baking dish,white,the baking dish is white
280ee18dd93e4e5,How are the green specks of herbs distributed in the stuffing,scattered,the green specks of herbs are randomly distributed
280ee18dd93e4e5,What color is the stuffing,brown,the stuffing is brown
280ee18dd93e4e5,Where is the stuffing located in the image,in the center,in the baking dish
bfbe4bfd83aca81,What is the texture of the sugar in the glass,powdered,the sugar in the glass is **powdery and fine**
bfbe4bfd83aca81,What material is the container made of,glass,glass
0457d45f6c3b8ad,Is the sushi vegetarian,vegetarian,"yes, it is"
0457d45f6c3b8ad,What type of food is shown in the image,sushi,sushi rolls
0457d45f6c3b8ad,What color is the plate,black,the plate is black
0457d45f6c3b8ad,Where are the sushi rolls placed,on the plate,a black tray
0457d45f6c3b8ad,What color are the scallions in the dipping sauce,green,green
f6ec970b5ce1712,What type of fish is used as the base of the dish,swordfish,chicken
f6ec970b5ce1712,Where is the vibrant mixture located in the dish,atop,on top of the chicken
f6ec970b5ce1712,What color are the diced tomatoes scattered throughout the dish,red,the diced tomatoes are red
8b0ae37343af5d4,What is the Strawberry-Rhubarb Syrup stored in,pitcher,a glass pitcher
8b0ae37343af5d4,Where is the pitcher placed,on a tablecloth,on a table cloth
5187f1afaf34eae,What color are the carrot matchsticks,orange,the carrot matchsticks are orange
5187f1afaf34eae,What is the base ingredient of the slaw,cabbage,cabbage
5187f1afaf34eae,What color are the cilantro sprigs,green,green
5187f1afaf34eae,What vegetable is scattered among the cabbage,carrot,the vegetable scattered among the cabbage is cilantro
5187f1afaf34eae,Where are the cilantro sprigs placed,on top,on top of the salad
b33b2265b8e3f87,What color is the plate,red,the plate is red
b33b2265b8e3f87,What type of food is shown,tacos,tacos
b33b2265b8e3f87,What color are the taco shells,golden-brown,yellow
b33b2265b8e3f87,What is happening to the fillings,spilling,the fillings are being eaten
b33b2265b8e3f87,Where are the tacos placed,on a red plate,a red plate
f1801f8847dee20,What color is the mahi mahi's crust,brown,black pepper
f1801f8847dee20,What is the mahi mahi served on,plate,creamy mashed potatoes
f1801f8847dee20,Where is the taco topping primarily placed,on top,on top of the fish
f1801f8847dee20,What is on top of the mahi mahi,topping,mango avocado salsa
b5a3740d260a0cf,What type of food is being described,tacos,tacos
b5a3740d260a0cf,What color are the tomato slices,red,green
b5a3740d260a0cf,Where are the tacos placed,on plate,a plate
b5a3740d260a0cf,What color are the avocado slices,green,green
03945ba374db01c,What type of food is shown in the image,tacos,taco sandwich
03945ba374db01c,What color are the taco shells,golden-brown,the taco shells are yellow
03945ba374db01c,What color are the tomatoes inside the tacos,red,red
03945ba374db01c,Where are the other tacos located,behind,behind the taco on the plate
6318b209c5d8b65,What color are the taffy pieces,brown,brown
6318b209c5d8b65,What type of candy is shown in the image,taffy,caramel candies
6318b209c5d8b65,What color is the surface the taffy is on,white,the surface the taffy is on is **white**
6318b209c5d8b65,What other color tone do some taffy pieces have,orange,the other color tone is **light brown**
6318b209c5d8b65,Where are the taffy pieces placed,across a white surface,on a white surface
b0f66d2cb4c1f77,What type of food is displayed in the foreground,tamale,tamale
b0f66d2cb4c1f77,What color is the corn husk under the tamale,yellow,yellow
b0f66d2cb4c1f77,Where are the tamales placed,on a white plate,on a white plate
d28b39d99db3e0b,What color are the taquitos,golden-brown,the taquitos are light brown
d28b39d99db3e0b,What type of food is shown in the image,taquitos,tortillas
d28b39d99db3e0b,What color variations are visible on the taquitos,brown,"the taquitos display a subtle color variation, featuring a light golden hue"
db022623a32e7ae,What color are the baked taquitos,tan,the baked taquitos are orange
db022623a32e7ae,What type of food is shown in the image,taquitos,enchiladas
db022623a32e7ae,What color is the melted cheese on the taquitos,orange,orange
db022623a32e7ae,Where are the fresh green cilantro leaves placed,scattered over,on top of the enchiladas
db022623a32e7ae,What material is the board under the plate made of,wooden,the board under the plate is made of **wood**
1aa5ae3b9f6e0db,What color is the base layer of the tart,yellow,the base layer of the tart is **light yellow**
1aa5ae3b9f6e0db,Where are the Pineapple Meringue Tart pieces placed,plate,on a paper plate
1aa5ae3b9f6e0db,What color is the meringue layer,white,white
1aa5ae3b9f6e0db,What is the texture of the top of the meringue,toasted,the top of the meringue is crunchy
1aa5ae3b9f6e0db,Where are the tart pieces located,on a plate,in the middle of the plate
90ead502d026745,What color are the tater tots,golden brown,the tater tots are golden brown
90ead502d026745,What is the main ingredient in the dish,tater tots,potatoes
90ead502d026745,What color is the plate,white,white
90ead502d026745,Where is the sauce drizzled,over the tater tots,the sauce is drizzled on the top
d1ad9c754aa697a,What color is the tea,orange,the tea is white
d1ad9c754aa697a,What is the tea served in,glass,a glass of ice
d1ad9c754aa697a,How are the ice cubes arranged in the tea,scattered,the ice cubes are arranged in a circular pattern
d1ad9c754aa697a,What color is the cinnamon stick,brown,the cinnamon stick is brown
d1ad9c754aa697a,Where is the cinnamon stick placed,on top,in the drink
b71b76cf8d104b4,What is the color of the tea in the glass teacup,amber,yellow
b71b76cf8d104b4,What type of beverage is in the glass teacup,tea,green tea with lemon
b71b76cf8d104b4,What is floating on the surface of the tea,lemon,a lemon slice
b71b76cf8d104b4,What color is the decorative saucer,green,green
b71b76cf8d104b4,Where is the thin slice of lemon located,on the surface,at the top of the tea
34b57aacca7966a,What type of container is the tea in,mug,a glass mug
34b57aacca7966a,What color is the tea,beige,the tea is white
34b57aacca7966a,Where is the mug placed,on a white tiled surface,on white tiled surface
34b57aacca7966a,What type of beverage is in the mug,tea,hot milk
0eb658c957d98c0,What is the tea served in,glass,a glass cup
0eb658c957d98c0,What color describes the tea,tan,light brown
0eb658c957d98c0,Where is the tea positioned in the image,in the center,the tea is in the glass
ab815925487ce3b,What is the temperature of the tea,hot,the temperature of the tea is not visible in the image
ab815925487ce3b,What type of beverage is shown,tea,black tea
ab815925487ce3b,What color is the tea,amber,dark brown
ab815925487ce3b,Where is the teacup resting,resting on a saucer,on a saucer
ab815925487ce3b,What flavor is the tea,ginger,black tea
b0fdc6af7f2645a,What is the color of the glass teapot,clear,the color of the glass teapot is clear
b0fdc6af7f2645a,What color are the basil leaves,green,green
b0fdc6af7f2645a,What is the hue of the tea,reddish-pink,the tea is a deep red hue
b0fdc6af7f2645a,Where are the loose basil leaves and dried hibiscus flowers positioned,to the left,to the left of the teapot
dc7078acdfb1703,What color are the chicken tenders,brown,the chicken tenders are light brown
dc7078acdfb1703,What type of meat is shown in the image,chicken,chicken
dc7078acdfb1703,What color is the plate,white,the plate is white
d44ef12ebd2068c,What color is the plate,white,white
d44ef12ebd2068c,What type of meat is featured in the dish,tenderloins,roasted pork
d44ef12ebd2068c,What color is the outside of the tenderloins,reddish-brown,the outside of the tenderloins is red
d44ef12ebd2068c,How is the brownish sauce applied to the tenderloins,drizzled,the brownish sauce is drizzled
d44ef12ebd2068c,Where is the sprig of green parsley placed,on top,in the middle of the meat
22730038e750ba4,What color is the interior of the pork,pink,the interior of the pork is pink
22730038e750ba4,What type of meat is shown in the image,pork,pork
22730038e750ba4,What color is the outer layer of the pork,dark brown,the outer layer of the pork is **lightly charred brown**
22730038e750ba4,How was the pork prepared to achieve its outer color,seared,it was grilled
22730038e750ba4,Where is the largest slice of pork located in the image,from the bottom left,in the foreground
1ab59eb690c3b5d,What color are the baked chicken thighs,golden,the baked chicken thighs are golden brown
1ab59eb690c3b5d,What type of meat is shown in the image,chicken,chicken
1ab59eb690c3b5d,What color are the mushrooms,brown,the mushrooms are brown
1ab59eb690c3b5d,Where are the mushrooms placed,piled on top,on top of the chicken
1ab59eb690c3b5d,What color is the parsley,green,green
3f9831aeae8dd21,What color is the tilapia,white,the tilapia is white
3f9831aeae8dd21,What type of fish is shown in the image,tilapia,cod
3f9831aeae8dd21,What color are the crumbs on the tilapia,golden-brown,the crumbs on the tilapia are light brown
3f9831aeae8dd21,Where is the purplish food item located relative to the fish,to the left,in the top left corner
3f9831aeae8dd21,How would you describe the surface of the crumbs on the tilapia,textured,the surface of the crumbs on the tilapia appears to be **crumbly and golden brown**
2eb69d1ad1c14be,What color is the burrata cheese,white,white
2eb69d1ad1c14be,What color are the tomato slices,red,red
2eb69d1ad1c14be,Where are the tomato slices and tomato sauce located,on top,on top of the toast
fd3101be707b71f,What type of dessert is located inside the small glass jar,ice cream,"**key information**

* the image features a small glass jar containing a dessert.
* the dessert is identified as panna cotta, a type of italian dessert"
fd3101be707b71f,Where is the green tea ice cream located,located inside,in the jar
fd3101be707b71f,What is the lighter green ice cream possibly made of,tofu,avocado ice cream
fd3101be707b71f,How does the tofu ice cream appear,creamy,it appears to be pale green
fd3101be707b71f,How is the green tea ice cream served,scooped,in a glass jar with a spoon
b3d4f40408a3449,What is the main protein in the dish,tofu,tofu
b3d4f40408a3449,What color are the bell peppers on the skewers,red,red
b3d4f40408a3449,What color is the tofu on the skewers,golden-brown,the tofu on the skewers is orange
b3d4f40408a3449,What vegetable is dark and threaded onto the skewers,eggplant,zucchini
cb9d2c39afa6e98,What is the name of the Japanese dish in the bowl,agedashi,karaage
cb9d2c39afa6e98,What color is the rim of the bowl,brown,brown
cb9d2c39afa6e98,How are the tofu pieces arranged in the bowl,scattered,the tofu pieces are arranged in a random pattern
6ae90b789637671,What color are the tofu pieces,tan,the tofu pieces are white
6ae90b789637671,Where are the tofu pieces located within the plate,shifted to the left,in the center of the plate
6ae90b789637671,What color are the broccoli florets,green,green
6ae90b789637671,How are the red bell pepper chunks distributed,scattered,evenly throughout the dish
328211d7fd13871,What color are the tofu pieces,orange,the tofu pieces are light brown
328211d7fd13871,What type of protein is used in the dish,tofu,fish
328211d7fd13871,Where is the snow pea resting,resting between,on top of the rice
328211d7fd13871,What is the tofu resting on,rice,rice
328211d7fd13871,How are the carrots arranged around the tofu,scattered,in a random pattern
817a2e78403865a,What color are the edges of the tofu,brown,the edges of the tofu are **lightly browned**
817a2e78403865a,How is the tofu arranged in the bowl,scattered,the tofu is arranged in small chunks
817a2e78403865a,What vegetable is mixed with the tofu,broccoli,the vegetable mixed with the tofu is broccoli
817a2e78403865a,What color is the broccoli,green,green
2fad435041d2dc8,What is the main ingredient of the dish,tofu,tofu
2fad435041d2dc8,What color is the plate,blue,the plate is blue
2fad435041d2dc8,Where are the tofu pieces located on the plate,on the left side,in the center
2fad435041d2dc8,What color are the fried tofu pieces,golden-brown,golden brown
97b516e3344fd79,What type of bowl is the dish served in,decorative,chinese porcelain bowl
97b516e3344fd79,What is the main ingredient in the dish,tofu,tofu
97b516e3344fd79,What color is the decorative bowl,blue,the bowl is blue and white
97b516e3344fd79,Where is the small spoon located,on the upper left,upper left corner
97b516e3344fd79,What is scattered throughout the bowl alongside the tofu,mushrooms,green onions are scattered throughout the bowl
f4f9e7ee742b6e5,What color are the tomatoes,red,the tomatoes are red
f4f9e7ee742b6e5,What type of vegetable is shown in the image,tomatoes,tomatoes
f4f9e7ee742b6e5,What color is the plate,white,the plate is white
f4f9e7ee742b6e5,Where is the front tomato positioned relative to the viewer,closer to,in the foreground
f4f9e7ee742b6e5,What color is the parsley,green,the parsley is green
e98a385db039315,What color are the tomatoes,red,red
e98a385db039315,What type of vegetable is shown in the image,tomatoes,"tomatoes, peppers, and onions"
e98a385db039315,What color are the patches on some of the tomatoes,yellow,the patches on some of the tomatoes are **black and burnt**
26c7b4853f446d6,What is the main ingredient in the casserole,tomato,rice
26c7b4853f446d6,What type of dish is the casserole in,transparent,glass baking dish
26c7b4853f446d6,What color is the melted cheese on top of the casserole,orange,the melted cheese is orange
ea0d52534352951,Is the onion topping gluten-free,gluten-free,"yes, it is gluten-free"
ea0d52534352951,What color is the majority of the onion topping,yellow,yellow
ea0d52534352951,Where is the onion topping placed,on the plate,on a black plate
ea0d52534352951,What color are the edges of some of the onion topping,brown,the edges of some of the onion topping are burnt
39d55e56600d302,What color is the topmost layer of the dessert,white,the topmost layer of the dessert is white
39d55e56600d302,What is the topmost layer of the dessert made of,meringue,whipped cream
39d55e56600d302,What describes the patches on the meringue,browned,brown sugar
39d55e56600d302,What color is the translucent filling,amber-colored,the translucent filling is orange
39d55e56600d302,Where is the dessert resting,on a dark surface,a black plate
e3d1141db582a02,What color is the surface where the tortes are placed,white,white
e3d1141db582a02,What type of pastries are shown in the image,tortes,mini jam tarts
e3d1141db582a02,What color is the wire tray holding the tortes,copper-colored,brown
e3d1141db582a02,Where are the three tortes placed,on a plate,on a plate to the left
817d0a6dd591446,What color is the mousse layer,green,the mousse layer is white
817d0a6dd591446,What is the pale green layer made of,mousse,lime curd
817d0a6dd591446,What color is the plate,white,white
817d0a6dd591446,What color is the base of the torte,brown,the base of the torte is brown
817d0a6dd591446,Where are the small white dollops of cream placed,on top of,on top of the cake
960127d6c89ac13,What type of fruit is used in the torte,plum,plums
960127d6c89ac13,What shape is the torte,round,hexagonal
960127d6c89ac13,What color is the torte filling,yellow,the torte filling is golden brown
960127d6c89ac13,What color is the powdered sugar,white,white
960127d6c89ac13,Where is the powdered sugar sprinkled,over the surface,the powdered sugar is sprinkled on top of the cake
72f70fbadf48fe7,What color are the tortellini,yellow,the tortellini are white
72f70fbadf48fe7,What type of pasta is shown in the image,tortellini,fettuccine
eb4315397495532,What color is the plate,orange,orange
eb4315397495532,What type of pasta is in the dish,tortellini,tortellini
eb4315397495532,What color are the diced bell peppers,yellow,yellow
eb4315397495532,What color are the cherry tomatoes,red,the cherry tomatoes are red
eb4315397495532,Where is the tortellini served,on an orange plate,the tortellini is served on a plate
195e9585a01590a,What color is the surface the tortellini are placed on,blue,the surface is light blue
195e9585a01590a,What type of pasta is shown in the image,tortellini,tortellini
195e9585a01590a,What color are the tortellini,green,green
195e9585a01590a,How does the surface of some tortellini appear,powdered,the surface of some tortellini appears green
4911dd059ba7f62,What color are the tortellini,yellow,orange
4911dd059ba7f62,What color are the sausage pieces,brown,brown
4911dd059ba7f62,Where are the ingredients located in the image,in the center,in the bowl
c21bd7781469b7f,What color are the tortillas,yellow-tan,yellow
c21bd7781469b7f,What type of food item is shown in the image,tortillas,tortillas
c21bd7781469b7f,How are the tortillas arranged,stacked,the tortillas are arranged in a circle
c21bd7781469b7f,What shape are the tortillas,round,round
d3374dbac8ec3d1,What color are the tortillas,tan,the tortillas are light brown
d3374dbac8ec3d1,What type of food is shown in the image,tortillas,tortillas
d3374dbac8ec3d1,What color is the cloth under the tortillas,blue,"the cloth under the tortillas is blue, green, yellow, and white"
d3374dbac8ec3d1,Where are the tortillas placed,on top of,on a colorful cloth
da1d6472e13aadf,What is the base of the tostada made of,tortilla,flour tortilla
da1d6472e13aadf,What color is the ground turkey,brown,brown
da1d6472e13aadf,What color is the diced avocado,green,green
da1d6472e13aadf,Where are the sliced red onions placed,on top,on top of the taco
117a60f129fb597,What color is the plate,white,the plate is white
117a60f129fb597,What color are the tater tots,golden-brown,golden brown
117a60f129fb597,What is the main ingredient in the dish,meat,tater tots
117a60f129fb597,Where is the sloppy joe meat placed,on top of,on top of the tater tots
dada488561e65c8,How are the treats arranged on the parchment paper,scattered,they are arranged in a random pattern
dada488561e65c8,What colorful items are embedded in the green clusters,marshmallows,pink and blue marshmallows
dada488561e65c8,What is the texture of the cereal clusters,congealed,the texture of the cereal clusters is soft and chewy
dada488561e65c8,Where are the treats placed,on wrinkled sheet,on a piece of paper
979f8486655d8c9,What is the texture of the white filling in the trifle,creamy,the texture of the white filling in the trifle is creamy
979f8486655d8c9,What type of dessert is shown in the image,trifle,banana pudding
979f8486655d8c9,What color is the custard layer in the trifle,yellow,yellow
979f8486655d8c9,Where are the whole cookies placed on the trifle,on top,the whole cookies are placed on the top
979f8486655d8c9,What color are the whole cookies on top of the trifle,brown,brown
82ad0c5889276b1,What color are the cake cubes in the base layer,golden-brown,the cake cubes in the base layer are **light yellow**
82ad0c5889276b1,What is the base layer of the trifle made of,cake,cubed pound cake
82ad0c5889276b1,What color are the strawberries in the trifle,red,red
82ad0c5889276b1,What is the trifle topped with,with whipped topping,whipped cream
82ad0c5889276b1,What type of dish is the berry trifle,dessert,a glass trifle dish
f7bcbfa5d91a502,What is the primary color of the Oven-Roasted Tri-Tip,reddish-brown,brown
f7bcbfa5d91a502,What type of meat is shown in the image,tri-tip,the meat shown in the image is beef
f7bcbfa5d91a502,What color is the plate the Tri-Tip is served on,white,the plate is white
f7bcbfa5d91a502,Where is the Tri-Tip located in the image,on a plate,on the white plate
f7bcbfa5d91a502,What color are the onions covering the Tri-Tip,yellow-brown,the onions are caramelized and light brown
1fab03e9b59ddee,How would you describe the size of the fish,large,the fish is a medium size
1fab03e9b59ddee,What type of protein is the main dish,fish,fish
1fab03e9b59ddee,What color is the Steelhead Trout,orange,the steelhead trout is orange
1fab03e9b59ddee,Where is the fish located on the plate,on the right,the fish is on the right side
8532d483872df44,What type of food is being served on the platter,fish,baked fish with lemon and herbs
8532d483872df44,What color are the lemon wedges placed around the fillets,yellow,yellow
8532d483872df44,Where are the Trout Meunière fillets placed,on the platter,the trout meunière fillets are placed on a plate
8532d483872df44,What are the main components of the dish on the platter,fillets,"fish, lemon, and herbs"
2663a5718fa18fe,What is the color of the truffles,dark,brown
2663a5718fa18fe,What color are the truffles,brown,the truffles are brown
2663a5718fa18fe,Where are the truffles placed,in a box,a box
2663a5718fa18fe,What color are the salt crystals on the truffles,white,white
0b5e5c68ea86508,What color is the plate,white,the plate is white
0b5e5c68ea86508,What is the main ingredient of the truffles,chocolate,chocolate
0b5e5c68ea86508,What color are the truffles coated in cocoa powder,brown,brown
0b5e5c68ea86508,Where are the truffles located,on a plate,on the white plate
3aa0bced2f8335c,What type of dessert is shown in the image,truffles,chocolate chip cookie dough balls
3aa0bced2f8335c,What color is the cookie dough center,brown,the cookie dough center is tan with chocolate chips
3aa0bced2f8335c,What is the appearance of the chocolate shell on the sliced truffle,studded,the chocolate shell on the sliced truffle appears to be smooth and shiny
3aa0bced2f8335c,Where are the sprinkles located on the truffles,at the top,on top of the truffles
c1139da94258750,What is inside the chocolate truffles,strawberry-filled,red velvet cake
c1139da94258750,What type of dessert is shown in the image,truffles,chocolate hearts
c1139da94258750,What color is the truffle in the center,brown,dark brown
c1139da94258750,What color is the heart-shaped decoration on the center truffle,with a darker brown,brown
c1139da94258750,What shape are all the truffles,circular,all the truffles are heart-shaped
7f0c8af27a6478f,What color are the noodles in the casserole,yellow,the noodles in the casserole are **egg shaped and yellow**
7f0c8af27a6478f,What type of fish is used in the casserole,tuna,tuna
7f0c8af27a6478f,What is the texture of the sauce in the casserole,creamy,the sauce in the casserole is creamy
7f0c8af27a6478f,Where are the crushed potato chips located,on the top of casserole,on top of the casserole
7f0c8af27a6478f,What color is the creamy sauce in the casserole,white,the creamy sauce in the casserole is yellow
81f47512853201e,What color is the baking dish,white,the baking dish is blue
81f47512853201e,What color are the zucchini slices,green,the zucchini slices are green with brown spots
81f47512853201e,What has happened to the cheese on top of the casserole,melted,the cheese has melted and browned
81f47512853201e,Where is the casserole placed in the image,in a white baking dish,the casserole is placed in the baking dish
31fa025b78a3458,What is the texture of the sauce on top of the dish,creamy,the texture of the sauce is creamy
31fa025b78a3458,What type of meat is used in the dish,turkey,chicken
31fa025b78a3458,What color is the creamy sauce on top of the dish,yellow,the creamy sauce on top of the dish is white
31fa025b78a3458,What type of vegetable is visible on the top layer of the dish,mushrooms,mushrooms
31fa025b78a3458,Where is the Turkey Tetrazzini located in the image,in a dish,on top of the stove
342068e032bf8d6,What color is the rub on the turkey,brownish-orange,brown
342068e032bf8d6,What type of meat is shown in the image,turkey,chicken
342068e032bf8d6,How is the rub distributed on the turkey,scattered,the rub is evenly distributed
342068e032bf8d6,What color are the specks and flakes on the turkey,green,"brown, green, and orange"
342068e032bf8d6,Where is the rub located on the turkey,on the surface,the rub is located on the breast
79b81189e77204a,What color is the plate,white,white
79b81189e77204a,What type of fruit is used in the turnover,blueberry,the fruit used in the turnover is blueberries
79b81189e77204a,What color is the pastry,golden-brown,the pastry is golden brown
79b81189e77204a,How are the blueberries arranged around the pastry,scattered,scattered around the pastry
304ea6b80cd8e93,What color is the bowl,red,the bowl is red and black
304ea6b80cd8e93,What shape is the bowl,square,square
304ea6b80cd8e93,What vegetable is scattered in the broth,carrots,carrots
304ea6b80cd8e93,Where are the cilantro and carrots located,on top,in the soup
30265394037d14c,What is the color of the Veal Scaloppini,golden-brown,the veal scaloppini is golden brown
30265394037d14c,What type of meat is used in the dish,veal,the dish appears to be chicken
30265394037d14c,What color is the Lemon Cream Sauce,white,the lemon cream sauce is white
30265394037d14c,Where is the Veal Scaloppini placed,on the plate,on a white plate
30265394037d14c,How is the Lemon Cream Sauce applied to the veal,drizzled,it is drizzled on top
d1b61b8147cf662,What color is the plate,white,white
d1b61b8147cf662,What type of food is on the plate,vegetables,vegetable salad
d1b61b8147cf662,What color are the peppers,red,red
d1b61b8147cf662,Where are the vegetables located,on a plate,in the center of the plate
950b1803631181d,What color are the decorative leaves on the Wellington,brown,the decorative leaves on the wellington are **brown**
950b1803631181d,What type of dish is shown in the image,wellington,puff pastry chicken envelopes
950b1803631181d,What color is the plate the Wellington is served on,dark blue,the plate is **black**
6e329e616c77aad,What color are the bell pepper chunks,green,the bell pepper chunks are green
6e329e616c77aad,What type of food is being prepared,vegetables,vegetables
6e329e616c77aad,How are the green bell pepper chunks arranged,scattered,alternating with red onion chunks
6e329e616c77aad,Where are the vegetables arranged,on a black grill pan,the vegetables are arranged on a grill
4ac1c59a0e69f40,What is the appearance of the sauce on the venison,glazed,"the sauce on the venison appears to be a dark red, berry-based sauce"
4ac1c59a0e69f40,What color is the sauce around the base of the venison,reddish-brown,the sauce is red
4ac1c59a0e69f40,Where are the blackberries located in relation to the venison,around the base,the blackberries are to the left of the venison
4ac1c59a0e69f40,What fruit is scattered around the venison,blackberries,blackberries
518f951a9a03867,What color is the venison,brown,brown
518f951a9a03867,What type of meat is in the dish,venison,beef
518f951a9a03867,What is covering the venison,gravy,brown gravy with nuts
518f951a9a03867,What color is the plate,green,the plate is green
518f951a9a03867,Where is the dish presented,on the plate,a green plate
5bd2d4f17e38c6e,What color are the fried venison backstrap pieces,golden-brown,golden brown
5bd2d4f17e38c6e,What type of meat is shown in the image,venison,chicken
5bd2d4f17e38c6e,Where are the fried venison backstrap pieces placed,on a plate,the fried venison backstrap pieces are placed in a bowl
5bd2d4f17e38c6e,How are the fried venison backstrap pieces arranged,overlapping,they are piled on top of each other
b15c979347195d8,What type of dish is the blueberry vinaigrette dressing used on,salad,a fresh salad
b15c979347195d8,What color are the lettuce leaves in the salad,green,green
b15c979347195d8,Where are the blueberries located,in the salad,in the middle of the salad
b15c979347195d8,What fruit is included in the salad,blueberries,the fruit included in the salad is blueberries
bd3b4a1c7f9f373,What shade is the liquid in the pitcher,brown,dark brown liquid
bd3b4a1c7f9f373,What is the vinaigrette doing to the light,reflecting,reflecting off the light
bd3b4a1c7f9f373,What is the vinaigrette contained in,pitcher,a clear glass pitcher
bd3b4a1c7f9f373,What type of dressing is shown in the image,vinaigrette,balsamic vinaigrette salad dressing
bd3b4a1c7f9f373,Where is the pitcher positioned in the image,in the foreground,in front of the salad
b78d3c1f05149a8,What type of dressing is shown in the image,vinaigrette,salad dressing
b78d3c1f05149a8,What material is the surface the jar is sitting on,wooden,wooden surface
b78d3c1f05149a8,What color is the vinaigrette,yellow-brown,the vinaigrette is yellow
678de4c539aadec,What is the Mama's Balsamic Vinaigrette contained in,jar,a glass jar
678de4c539aadec,What material is the surface that the jar is placed on,wooden,wood
678de4c539aadec,Where is the jar positioned,on a wooden surface,in front of the salad
da7ef8b9b9c353a,What color is the lettuce in the salad,green,the lettuce in the salad is green
da7ef8b9b9c353a,How are the pomegranate seeds distributed in the salad,scattered,scattered throughout the salad
da7ef8b9b9c353a,What color are the pomegranate seeds,red,red
da7ef8b9b9c353a,What type of vegetable is red and present in the salad,tomato,the red vegetable in the salad is a pomegranate
da7ef8b9b9c353a,Where is the clear glass bowl containing pomegranate vinaigrette dressing located,above the middle,center of the salad plate
8388d987f7f6275,What color are the waffles,golden-brown,golden brown
8388d987f7f6275,What food item is shown in the image,waffles,waffles
8388d987f7f6275,What color is the plate,white,the plate is white
8388d987f7f6275,What describes the color variation of the waffles,darker,the waffles display a light golden brown color variation
8388d987f7f6275,Where are the waffles placed,on a white plate,on a white plate
0cd49eee53547b6,What color are the waffle fries,golden,golden brown
0cd49eee53547b6,What color is the ground beef in the bowl,brown,brown
0cd49eee53547b6,Where are the waffle fries located in the bowl,on the left,the waffle fries are on the left side
0cd49eee53547b6,What color are the diced tomatoes,red,red
57c2735d6cec16a,What is the main food item in the image,waffle,waffle
57c2735d6cec16a,What color are the tomatoes on the waffle,red,red
57c2735d6cec16a,Where are the tomatoes located,on the waffle,on top of the waffle
57c2735d6cec16a,What color are the cilantro pieces,green,green
4ff6dd8fefab333,How would you describe the walleye pieces,awesome,the walleye pieces are cooked and seasoned
4ff6dd8fefab333,What type of fish is shown in the image,walleye,cod
4ff6dd8fefab333,What color are the grilled walleye pieces,tan,the grilled walleye pieces are white
9518cfaa471cdac,What color are the watermelon slices,red,red
9518cfaa471cdac,What fruit is used in the carpaccio,watermelon,watermelon
9518cfaa471cdac,What color is the plate,white,the plate is white
9518cfaa471cdac,Where are the feta cheese crumbles placed,on top,on top of the watermelon
9518cfaa471cdac,What color are the pumpkin seeds,green,green
ef4405d0a3ebb18,What is the color of the My Rosy Watermelon Milk Shake,pink,the color of the my rosy watermelon milk shake is pink
ef4405d0a3ebb18,What fruit is attached to the rim of the glass,watermelon,a slice of watermelon
ef4405d0a3ebb18,What color is the interior of the watermelon wedge,red,green
ef4405d0a3ebb18,What is the color of the glass containing the My Rosy Watermelon Milk Shake,clear,the glass is purple
5eb218e918c79aa,What color is the plate,orange,the plate is orange
5eb218e918c79aa,What shape are the potato pieces,wedges,wedge shaped
5eb218e918c79aa,What color are the potato wedges,golden-brown,the potato wedges are light brown
5eb218e918c79aa,Where are the potato wedges placed,on plate,the potato wedges are placed in the orange plate
5eb218e918c79aa,What are the green flecks on the potato wedges,herbs,the green flecks on the potato wedges are **salt flakes**
92fa4c525eb49da,What color is the sausage in the hot dogs,brown,the sausage in the hot dogs is red
92fa4c525eb49da,What color is the bun of the hot dogs,white,the bun of the hot dogs is white
92fa4c525eb49da,What food item is in the bowl next to the hot dogs,fries,french fries
d6ecf0c1e85cc2a,What fruit is used to garnish the drinks,orange,lemon
d6ecf0c1e85cc2a,What are the drinks served in,glasses,copper serving trays
d6ecf0c1e85cc2a,What color is the mulled orange wine,amber,golden orange
d6ecf0c1e85cc2a,Where are the glasses placed,on the tray,on a copper tray
5c6270288c1f68c,What material is the bowl made of,metallic,stainless steel
5c6270288c1f68c,What part of the chicken are the buffalo wings made from,wings,the buffalo wings are made from chicken wings
5c6270288c1f68c,What color are the buffalo wings,orange,the buffalo wings are orange
5c6270288c1f68c,Where are most of the wings located in the image,in the center,bottom of the bowl
5c6270288c1f68c,What is the texture of the wings' coating,saucy,the wings' coating appears to be crispy
807ba3fcd1dc8e1,What vegetable is the main ingredient in this dish,cauliflower,cauliflower
807ba3fcd1dc8e1,What color are the cauliflower wings,golden brown,golden brown
807ba3fcd1dc8e1,How are the cauliflower wings arranged on the plate,scattered across,they are arranged in a pile
807ba3fcd1dc8e1,What is the cauliflower served on,plate,a blue plate
6a04e8ccad17554,What color are the wontons,golden-brown,golden brown
6a04e8ccad17554,What food is in the bowl,wontons,fried wontons
6a04e8ccad17554,How do the wontons appear,crispy,they appear to be golden brown
6a04e8ccad17554,What contains the wontons,bowl,a bowl
6a04e8ccad17554,Where are the wontons,in the bowl,in the bowl
49f5905aa2f4a48,What color are the cabbage leaves,green,the cabbage leaves are green
49f5905aa2f4a48,What color is the ground beef filling inside the wraps,brownish,brown
49f5905aa2f4a48,Where is the small bowl of sesame seeds located in the image,on the lower right,bottom right corner
49f5905aa2f4a48,What herb is scattered throughout the wraps,cilantro,cilantro
262601b88efcd8d,What color are the wraps,tan,the wraps are light brown
262601b88efcd8d,What are the two halves of food called,wraps,burritos
262601b88efcd8d,What type of vegetable is visible in the filling,corn,corn
262601b88efcd8d,What color is the meat in the filling,pink,the meat in the filling is **light brown**
262601b88efcd8d,Where is some corn located,on the plate,inside the burrito
d7cd03469abbcd0,What type of green vegetable is in the filling,spinach,spinach
d7cd03469abbcd0,What color are the scrambled eggs,yellow,yellow
a3aedc3e6df1f95,What color are the yams,orange,the yams are orange
a3aedc3e6df1f95,What type of vegetable is being served,yams,carrots
a3aedc3e6df1f95,What is the appearance of the yams' coating,glistening,the yams' coating appears to be a shiny orange glaze
a3aedc3e6df1f95,Where are the pistachios placed,on top of,on top of the carrots
a3aedc3e6df1f95,What color are the pistachios,green,green
e687d60cc671e96,What color are the yams,orange,orange
e687d60cc671e96,What type of vegetable is shown in the image,yams,sweet potato
e687d60cc671e96,How are the yam slices arranged on the surface,scattered,the yam slices are arranged in a random pattern
e687d60cc671e96,What color is the surface the yams are on,white,the surface the yams are on is white
e687d60cc671e96,Where are the yams positioned,on a white surface,the yams are positioned in the middle
c7c9a7e27e680e6,What color is the yogurt,white,white
c7c9a7e27e680e6,What color are the pancakes,brown,the pancakes are golden brown
c7c9a7e27e680e6,What fruit is mixed with the yogurt,blueberries,blueberries
69795dbeec9b2ce,What is the texture of the yogurt,creamy,the yogurt has a thick and creamy texture
69795dbeec9b2ce,What is the main ingredient in the bowl,yogurt,yogurt
69795dbeec9b2ce,What color are the raspberries on top of the yogurt,red,red
69795dbeec9b2ce,Where are the raspberries located,on top,top left of the bowl
d3abfd664deac6e,What color is the bowl in the image,blue,blue and white
d3abfd664deac6e,What fruit is on top of the yogurt in the image,raspberries,raspberries
2c056c7914aa530,What color is the baking dish,blue,blue
2c056c7914aa530,What type of pasta is in the dish,ziti,ziti
2c056c7914aa530,What color is the tomato sauce,reddish-orange,the tomato sauce is red
e95d2afc654400d,What color is the turkey,reddish-brown,the turkey is brown
e95d2afc654400d,What is the pale yellow food mixed with the turkey,spaghetti,zucchini noodles
e95d2afc654400d,"Where are the turkey, spaghetti, and zoodles scattered",throughout the entire pan,"the turkey, spaghetti, and zoodles are scattered in a pan"
73c6313f570a1cd,What color are the grilled zucchini sticks,yellow,the grilled zucchini sticks are green
73c6313f570a1cd,What vegetable is shown on the platter,zucchini,zucchini
73c6313f570a1cd,What color is the pepper sprinkled on the zucchini,black,black pepper
73c6313f570a1cd,Where are the zucchini piled on the plate,in the center,in the middle of the plate
