Image,Question,Answer,Predict
ff557f4ea977d3a,What color is the top of the enchiladas,golden-brown,brown
ff557f4ea977d3a,What type of dish is positioned on the left side of the plate,enchiladas,chicken pot pie
ff557f4ea977d3a,What color is the filling of the enchiladas,white,green and white
ff557f4ea977d3a,Where are the enchiladas located on the plate,on the left side,center of the plate
ff557f4ea977d3a,What vegetable is scattered on top of the lettuce,tomatoes,tomatoes
5c89583c7d79eac,What color is the baking dish,white,white
5c89583c7d79eac,What has happened to the vegan cheese on top of the bake,melted,it has melted
5c89583c7d79eac,What is the vegan cheese doing to the bake,covering,melted on top
5c89583c7d79eac,What color are the avocado slices,green,green
5c89583c7d79eac,Where are the sliced olives placed on the bake,across the bake,center of bake
ec8d556e427215f,What color is the chicken,golden-brown,brown
ec8d556e427215f,What type of meat is used in the fajitas,chicken,chicken
ec8d556e427215f,What color is the shredded cheese,yellow,yellow
ec8d556e427215f,Where is the sour cream located,on a plate,next to the guacamole
4540be4f1b7483a,What color is the cilantro,green,green
4540be4f1b7483a,What herb is shown at the top left of the image,cilantro,cilantro
4540be4f1b7483a,What color is the bowl filled with pico de gallo,yellow,yellow bowl
4540be4f1b7483a,What type of meat is included in the fajita mix,chicken,chicken
4540be4f1b7483a,Where is the fajita mix arranged,on a sheet pan,on a baking tray
5466136e2c0ad7d,What type of meat is used in the fajitas,chicken,chicken
5466136e2c0ad7d,What color are the bell peppers,green,yellow and red
5466136e2c0ad7d,Where is the guacamole located,atop the fajita filling,on top of tacos
04bc6b3e8a8aea0,What color are the Mahi Mahi pieces,golden-brown,brown and orange
04bc6b3e8a8aea0,What type of fish is used in the fajitas,mahi mahi,chicken
04bc6b3e8a8aea0,What color are the sliced bell peppers,red,red and yellow
04bc6b3e8a8aea0,Where are the Mahi Mahi pieces placed,throughout the center,on top of vegetables
04bc6b3e8a8aea0,What color are the sliced onions,white,white
706203205f79559,What is the main protein in the fajitas,steak,beef
706203205f79559,What color is the sliced steak,brownish-red,brown
706203205f79559,Where are the fajitas placed,on the plate,on a yellow plate
0fd4b82e0e33a45,What type of vegetables are mixed with the red peppers,mushrooms,mushrooms and asparagus
0fd4b82e0e33a45,What color is the tortilla used for the fajitas,beige,light yellow
a1db7c4c3f6057d,What color are the falafels,golden-brown,brown
a1db7c4c3f6057d,What type of food is shown in the image,falafels,hamburgers
a1db7c4c3f6057d,What color is the lemon,yellow,yellow
a1b92188972141f,What color are the farro grains,brown,light brown
a1b92188972141f,What type of ingredient is dark brown and interspersed with the farro,mushrooms,mushrooms
a1b92188972141f,What color is the cilantro sprig,green,green
a1b92188972141f,Where is the cilantro sprig positioned,on top of,on top of the food
649f26370757a85,Is the dish suitable for vegetarians,yes,yes
649f26370757a85,What is the main grain used in the skillet,farro,barley
649f26370757a85,What color is the bowl used to serve the dish,orange,red
649f26370757a85,Where are the black beans located in the dish,throughout,in the middle of dish
649f26370757a85,What vegetable with green skin is mixed within the farro,zucchini,zucchini
1182fb165965c24,What material are the jars made of,glass,glass
1182fb165965c24,What color is the fennel,yellow,green
1182fb165965c24,Where is the fennel contained,contained within,jars on the table
1182fb165965c24,How are the jars sealed,sealed,with cloth and string
1182fb165965c24,What color is the cloth on the jars,red,red and white
dc82292cc9b95bb,What are the rectangular golden-brown items on the plate,feta fingers,egg rolls or spring rolls
dc82292cc9b95bb,What color are the feta fingers,golden,golden brown
dc82292cc9b95bb,What color is the dotted pattern on the plate,blue,blue and white
c21c69d14faa792,What type of dish is shown in the image,salad,potato salad
c21c69d14faa792,What color is the bowl holding the salad,yellow,yellow and black
c21c69d14faa792,What color are the chicken pieces in the salad,white,pink and white
c0975f297eda584,What does the fettuccine do in the frame,fills,red pasta in a bowl
c0975f297eda584,What type of pasta is shown,fettuccine,spaghetti
c0975f297eda584,What is the texture of the sauce,creamy,creamy and smooth
c0975f297eda584,What is scattered on top of the pasta,cheese,shredded cheese
c0975f297eda584,Where are the thin strands of cheese located,on top of,on top of pasta
4a760002afb43b8,What is the color of the base of the dish,white,off-white
4a760002afb43b8,Where is the fettuccine located in the dish,located throughout,center of the dish
4a760002afb43b8,What type of meat is scattered on top of the pasta,chicken,chicken
4a760002afb43b8,What color are the slightly browned areas on the chicken,asparagus,light brown
614c5dee532b78e,What color are the figs,purple,black
614c5dee532b78e,What type of fruit is shown in the image,figs,dried figs
614c5dee532b78e,Where is the goat cheese placed,on top of,on top of the raisins
614c5dee532b78e,What is the texture of the goat cheese,creamy,creamy and crumbly
614c5dee532b78e,How is the goat cheese distributed,scattered,distributed on top of prunes
a31ea68b260d0c2,What color is the interior of the cut filet,pinkish-red,pink
a31ea68b260d0c2,What type of meat is shown in the image,filet,beef
a31ea68b260d0c2,What color is the seared exterior of the filets,brown,brown
a31ea68b260d0c2,Where are the filets placed,on a plate,on a white plate
a31ea68b260d0c2,How is the exterior of the filets described,seared,seared with a brown crust
260ac1e7d31775e,What color is the plate,blue,black
260ac1e7d31775e,What type of food is being served,fish,chicken
260ac1e7d31775e,What herb is scattered on the fish,dill,dill
260ac1e7d31775e,What color is the fish generally,white,white
395a4e305e40a37,What flavor is the fish,lemony,herb seasoned
395a4e305e40a37,What type of food is shown in the image,fish,fish fillet
395a4e305e40a37,What color is the plate,orange,orange
395a4e305e40a37,Where is the fish placed,on plate,in a pan on the stove
395a4e305e40a37,What color are the herbs on the fish,green,green and brown
a5b87a311528eb8,What color is the plate,yellow,white
a5b87a311528eb8,What type of food is in the center of the plate,fish,fish
a5b87a311528eb8,What color is the fish,golden-brown,orange and yellow
a5b87a311528eb8,Where is the fish located,on a plate,in a lettuce leaf
a5b87a311528eb8,What color are the scallions on the fish,green,green
ce3a724e27e8f9f,What color is the fish,white,white
ce3a724e27e8f9f,What is the main ingredient in the dish,fish,rice
ce3a724e27e8f9f,What color is the sauce on top of the fish,brown,brown
ce3a724e27e8f9f,Where is the ginger placed,on top of,on top of the rice
ce3a724e27e8f9f,What color are the scallions on top of the fish,green,green
27bc4f71b275ae7,What is in the clear glass,drink,milkshake or cocktail
27bc4f71b275ae7,What color is the foam on the drink,white,white with orange tint
27bc4f71b275ae7,What color are the patterns on top of the foam,reddish-orange,orange
27bc4f71b275ae7,Where are the reddish-orange patterns located,on top of,on top of the drink
c3720ab16e601cc,What is the texture of the flan's top surface,shiny,smooth and shiny
c3720ab16e601cc,What type of dessert is shown in the image,flan,creme brulee
c3720ab16e601cc,What color is the plate,white,the plate is white
c3720ab16e601cc,What color is the surface on top of the flan,caramel-colored,brown
8988bdd592b7b2b,What type of meat is scattered on the flatbread,chicken,chicken
8988bdd592b7b2b,How is the teriyaki sauce applied over the toppings,drizzled,brushed on the pizza
8988bdd592b7b2b,What is the color of the onions on the flatbread,purple,purple and white
a04609d90ed6c41,What color is the pineapple in the dish,yellow,yellow
a04609d90ed6c41,How is the pineapple prepared in the dish,diced,pineapple chunks
a04609d90ed6c41,What fruit is used in the dish,pineapple,pineapple
a04609d90ed6c41,What is the texture of the overall mixture,moist,spongy and moist
a04609d90ed6c41,How are the bread and pineapple pieces distributed in the dish,throughout the dish,randomly
df836fe70475d5d,What type of container is the Cranberry Fluff served in,glass,martini glass
df836fe70475d5d,How full is the bowl with the Cranberry Fluff,filling,almost full
df836fe70475d5d,What fruit pieces are visible in the Cranberry Fluff,cranberries,raspberries and cherries
df836fe70475d5d,What fruit halves are prominently visible on the right side of the mound,grapes,pomegranate halves
df836fe70475d5d,Where is the Cranberry Fluff mounded to,to the brim,glass dessert dish
93caec07215ba61,What color is the interior of the focaccia,yellow,yellowish-white
93caec07215ba61,What type of bread is shown in the image,focaccia,sourdough
93caec07215ba61,What color is the basil on top of the focaccia,green,green
93caec07215ba61,What material is the surface the focaccia is resting on,wooden,wooden table
82927363da2288b,What color is the fondue in the bowl,yellow,yellow
82927363da2288b,What is the fondue contained in,bowl,bowl
82927363da2288b,What is the state of the bread's crust,toasted,golden brown and crispy
82927363da2288b,What color is the crust of the bread,golden-brown,brown
82927363da2288b,Where is the fondue dripping from,down from,dripping from the food
2d2938a660f6b1d,What color are the pretzel rings,brown,brown and white
2d2938a660f6b1d,What type of food item is drizzled with white chocolate,pretzel,pretzels
82c11793c3b8518,What color is the dessert,brown,brown
82c11793c3b8518,What type of food is shown in the image,dessert,banana bread
82c11793c3b8518,What shape are the desserts,rectangular,square
f189044f1aaf168,What color are the slivered almonds on the candies,brown,light brown
f189044f1aaf168,What type of nuts are scattered on the candies,almonds,almonds
f189044f1aaf168,How are the almonds positioned on the candies,scattered,on top of the candies
ff63f9d9e982d84,What color is the baking dish,white,white
ff63f9d9e982d84,What type of dish is the Frito Pie Casserole in,casserole,rectangular white ceramic dish
ff63f9d9e982d84,How are the chopped green onions arranged on top of the chips,scattered,sprinkled on top
ff63f9d9e982d84,What color is the mixture underneath the chips,reddish-brown,reddish orange
ff63f9d9e982d84,Where is the layer of Frito chips located,on top,top of the casserole
c1995791b9f2571,What color is the pan,black,black
c1995791b9f2571,What color is the base of the frittata,yellow,yellow
c1995791b9f2571,How are the green herbs distributed in the frittata,scattered,scattered throughout
c1995791b9f2571,What are the bright red slices arranged in the center,tomatoes,tomato slices
c1995791b9f2571,Where are the slices of tomatoes located,in a black pan,on top of the eggs
76f8eb55a8ddb4a,What color is the frittata primarily,yellow,yellow and green
76f8eb55a8ddb4a,What vegetable is visible in the frittata,broccoli,broccoli
76f8eb55a8ddb4a,What is the overall tone of the frittata's color,light,yellowish and creamy
76f8eb55a8ddb4a,What type of cheese is visible in the frittata,cheddar,cheddar
3fd383827ec0643,What color are the crab fritters,brown,brown
3fd383827ec0643,How are the crab fritters arranged on the plate,clustered,in a pile
3fd383827ec0643,What is the food served on,plate,a plate
3fd383827ec0643,What color are the lemon wedges,yellow,yellow
3fd383827ec0643,Where are the lemon wedges located,on the left,on the left side of plate
8fb828778ec290d,What color is the larger fritter,golden-brown,light brown
8fb828778ec290d,What type of food is on the plate,fritter,potato latkes
8fb828778ec290d,How does the texture of the fritter appear around the edges,crispy,crunchy and browned
8fb828778ec290d,What color is the plate,white,white
90566bb352454ee,What is the flavor of the frosting on the stack,chocolate,chocolate
90566bb352454ee,What is the arrangement of the chocolate-frosted items,stack,stacked on a plate
90566bb352454ee,What color is the chocolate frosting,brown,brown
90566bb352454ee,Where is the stack of chocolate-frosted items placed,on a plate,on a plate on the table
a238a1570e7fe42,What is the shape of the frosting,swirled,rose petals
a238a1570e7fe42,What color is the frosting,pink,pink
a238a1570e7fe42,What is the dessert in the image,cupcake,pink cupcake with berries
a238a1570e7fe42,What fruit is in the frosting,cherry,strawberry
a238a1570e7fe42,Where is the frosting located,on top of,on top of the cupcake
d5e6b885904e072,What are the containers holding the frosting,bowls,metal bowls and spoons
0de51666d9bbd9c,What does the frosting evenly do to the cake,coats,protects the cake
0de51666d9bbd9c,What is the dessert in the image,cake,chocolate cake
0de51666d9bbd9c,What color is the frosting,brown,brown
0de51666d9bbd9c,Where is the cake placed,on the plate,on a plate on the table
97145150b1c3a0a,What color is the plate,blue,the plate is light blue
97145150b1c3a0a,What type of dish are shown in the image,fries,poutine
97145150b1c3a0a,What color is the melted cheese,orange,yellow
97145150b1c3a0a,Where is the melted cheese located,on top of,on top of fries
a88c7dd881219e4,What color are the French fries in the casserole,yellow,brown and yellow
a88c7dd881219e4,What type of dish is the food in the image,casserole,pasta bake dish
17b989adaf9150e,What color is the plate,white,the plate is white
17b989adaf9150e,What type of food is described as golden-brown,fries,calzone
17b989adaf9150e,What color are some of the fillings,golden-brown,red and white
17b989adaf9150e,What color are some of the other fillings,orange,red and white
17b989adaf9150e,Where are the green spices sprinkled,on top of,on the pizza
a9c7fa28ed37744,What is the primary color of the fries,yellow,brown and yellow
a9c7fa28ed37744,What vegetable are the fries made from,potato,potato
a9c7fa28ed37744,What color is the skin on some of the fries,reddish-brown,brown and red
a9c7fa28ed37744,Where are the fries placed,on a plate,on a blue plate
892b050aed75a1b,What is the primary color of the sweet potato fries,yellow,orange
892b050aed75a1b,What type of food is shown in the image,fries,french fries
892b050aed75a1b,What is the appearance of the edges of some fries,charred,burnt and black
892b050aed75a1b,Where are the fries arranged on the plate,in the center,middle of the plate
892b050aed75a1b,What color is the napkin under the plate,blue,blue
07cf1edcce84e68,What is the base color of the fudge,white,white
07cf1edcce84e68,What type of food is shown in the image,fudge,fudge
07cf1edcce84e68,What color are the cranberries in the fudge,red,red
07cf1edcce84e68,What type of nuts are in the fudge,walnuts,macadamia nuts
bf0ab2726eb40b3,What color is the fudge,brown,brown
bf0ab2726eb40b3,What type of dessert is shown,fudge,peanut butter fudge
bf0ab2726eb40b3,Where is the fudge located in the image,on the left,center of the image
bf0ab2726eb40b3,What does the surface of the fudge have,sheen,cracks and lines
34f562a43a24940,What color is the crust of the galette,golden-brown,golden brown
34f562a43a24940,What color are the cherry tomatoes,red,red and orange
34f562a43a24940,Where are the basil leaves located on the galette,atop the galette,center of the galette
34f562a43a24940,What color are the basil leaves,green,green
599a7d7530ff76b,What color is the surface of the Galette des Rois,golden-brown,golden brown
599a7d7530ff76b,What type of food is the Galette des Rois,pastry,puff pastry dessert
599a7d7530ff76b,What color is the powdered sugar on the Galette des Rois,white,white
599a7d7530ff76b,How is the powdered sugar distributed on the Galette des Rois,sprinkled,unevenly and sparsely
5b46052cbc1ded8,What fruit is red and placed towards the top and center,strawberry,strawberries
5b46052cbc1ded8,What color is the crust of the galette,golden-brown,golden brown
5b46052cbc1ded8,What fruit is dark blue and nestled among the strawberry slices,blueberries,blueberries
5b46052cbc1ded8,Where are the strawberry slices placed,towards the top,on top of blueberries
fb707f2c874780c,What is the color of the outer layers of the garlic,tan,white and yellow
fb707f2c874780c,What is the main ingredient in the image,garlic,garlic
fb707f2c874780c,What is the color of the exposed cloves of garlic,yellow,yellow and white
fb707f2c874780c,What is the color of the foil surrounding the garlic,silver,silver
014f5ece7199f30,What color is the lemon-lime soda gelatin salad,green,green
014f5ece7199f30,What type of dish is the lemon-lime soda gelatin salad,dessert,jello salad
014f5ece7199f30,What is the texture of the lemon-lime soda gelatin salad like,gelatin,custard-like consistency
014f5ece7199f30,What is the overall impression of the lemon-lime soda gelatin salad,creamy,moldy and unappetizing
3920c6be53a6f6c,What color is the chicken,golden-brown,brown
3920c6be53a6f6c,What is the chicken served in,bowl,a white bowl
3920c6be53a6f6c,How is the chicken arranged,sliced,on top of rice
3920c6be53a6f6c,What color are the garnishes on the chicken,green,green and white
3920c6be53a6f6c,Where is the chicken placed in relation to the rice,on top of,on top of rice
a3729bd13d1a3ce,"What ingredient adds a warm, spicy flavor to the dish",ginger,red pepper
a3729bd13d1a3ce,What is the main protein in the dish,chicken,chicken
a3729bd13d1a3ce,What color is the plate,white,the plate is white
a3729bd13d1a3ce,Where is the stir-fry placed,on a plate,on a white plate
a3729bd13d1a3ce,What color are the bell pepper slices primarily located on the left side of the plate,red,red and yellow
00e593048406ff1,What is the color of the ginger syrup,translucent,light yellow
00e593048406ff1,What is the syrup contained in,jar,mason jar
00e593048406ff1,What color is the ginger syrup,amber,light yellow
00e593048406ff1,Where is the jar positioned in the image,in the center,center of the image
fea12437470c358,What color is the crust of the treats,yellow,yellowish tan
fea12437470c358,What type of treats are shown in the image,gingerbread,pretzels
fea12437470c358,What is on top of the gingerbread treats,chocolate,powdered sugar on top
fea12437470c358,What color is the plate,beige,brown and white
e54f96ac6dd17b3,What color is the gingerbread house,brown,brown
e54f96ac6dd17b3,Is the gingerbread house shaped like a house,yes,yes
e54f96ac6dd17b3,What color is the icing on the roof,white,white
e54f96ac6dd17b3,What shape is formed by the light blue and pink candies,flower,circle
a39e3415ded2a21,What color are the dots on the tan gingerbread figure in the left center,green,red and green
a39e3415ded2a21,Where is the dark brown gingerbread man with green icing located,on top,top left
59f3fdd700719ff,What type of cookies are on the plate,gingerbread cookies,chocolate chip cookies
59f3fdd700719ff,What color are the gingerbread cookies,brown,brown
59f3fdd700719ff,Where is the glass situated,on a plate,on a white plate
40731821312df84,What is the color of the vanilla glaze,beige,white
40731821312df84,What type of baked goods are shown in the image,cookies,cookies with frosting
40731821312df84,How are the cookies arranged,stacked,stacked on a plate
40731821312df84,Where is the glaze spread on the cookies,on top of,on top of cookies
e2f346240095e65,What color is the bowl the soup is served in,white,white
e2f346240095e65,What color is the soup base,yellow,yellow
e2f346240095e65,What meat is scattered throughout the soup,bacon,bacon bits
e2f346240095e65,Where are the chopped green onions placed,on top,on top of the soup
bb9b1c1288afbc7,What type of pasta is pale yellow and scattered on the plate,gnocchi,gnocchi
bb9b1c1288afbc7,What seafood is distributed around the center and left side of the plate,shrimp,shrimp
bb9b1c1288afbc7,What color are the asparagus spears,green,green
f72def05a510d0d,What color is the chicken sausage,brownish-red,brown and yellow
f72def05a510d0d,What type of dumplings are in the dish,gnocchi,banana
f72def05a510d0d,What color are the broccoli florets,green,green and brown
f72def05a510d0d,Where are the food items located,on a plate,on a plate
0596db289a95c00,What color is the rotini pasta,yellow,yellow
0596db289a95c00,What type of food is the rotini,pasta,pasta dish
0596db289a95c00,What color is the tomato-based sauce,red,red
0596db289a95c00,Where is the sprig of parsley placed,on top of,on top of the food
0596db289a95c00,What color is the sprig of parsley,green,green
24e93d74ec63682,What color is the macaroni in the Goulash Supreme,orange-brown,white
24e93d74ec63682,What type of pasta is used in the Goulash Supreme,macaroni,ravioli
24e93d74ec63682,How are the macaroni pieces arranged in the bowl,scattered,clumped together
24e93d74ec63682,What color are the diced tomatoes in the Goulash Supreme,red,red
24e93d74ec63682,Where is the green sprig of parsley located,at the top,top right of bowl
4fe57bd9df72e3f,How is the ground beef arranged in the bowl,scattered,on top of the vegetables
4fe57bd9df72e3f,What type of meat is used in the dish,beef,ground beef
4fe57bd9df72e3f,What color are the potatoes,yellow,yellow
4fe57bd9df72e3f,What color are the carrots,orange,orange
ba01bc8f6481ce0,What color are the specks of lemon zest in the granita,yellow,yellow
ba01bc8f6481ce0,What fruit is used to flavor the granita,lemon,lemon
ba01bc8f6481ce0,What material is the granita served in,glass,glass
e26db2540b79be7,What fruit is used to make the granita,watermelon,watermelon
e26db2540b79be7,What is placed on top of the granita,mint,a mint leaf
56f2be6ebb5a498,What color is the granola,brown,brown with red berries
56f2be6ebb5a498,What type of food is shown in the image,granola,granola
56f2be6ebb5a498,What color are the cranberries in the granola,red,red
1de8bda867af12d,What is the primary color of the granola,brown,brown
1de8bda867af12d,What type of food is being described,granola,granola with dried fruit
1de8bda867af12d,What color are the cranberries in the granola,red,red
1de8bda867af12d,How are the coconut flakes distributed in the granola,scattered,coconut flakes are mixed in
1de8bda867af12d,Where are the almonds located in the granola,in the mixture,on top of granola
c8325a55672f711,What is the color of the creamy sauce,yellow,yellow
c8325a55672f711,What is the main ingredient in the dish,potatoes,potato
c8325a55672f711,What color are the potato slices,yellow,light yellow
c8325a55672f711,Where are the potatoes placed,in a baking dish,on top of the casserole
6469a613547241c,What color is the dish,yellow,blue
6469a613547241c,What type of container holds the scallops,dish,blue ceramic bowl
6469a613547241c,What color are the scallops,white,white with black specks
6469a613547241c,What is the color of the sauce surrounding the scallops,yellow,yellow
6469a613547241c,Where is the dish positioned in the frame,in the lower center,center of the frame
8659c8bf322c959,What is the size of the ham pieces,diced,small cubes
8659c8bf322c959,What type of seafood is in the bowl,shrimp,shrimp
f8f3ab847fbd98e,What color are the carrot pieces,orange,orange
f8f3ab847fbd98e,What is the main liquid in the pot,broth,broth or stock
f8f3ab847fbd98e,Where are the carrots and celery positioned,on the left,in the pot with meat
37efc4acb95a4cc,What is the food served in,bowl,bowl
37efc4acb95a4cc,What color is the lemon wedge,lemon,yellow
37efc4acb95a4cc,What color is the lemon wedge,yellow,yellow
37efc4acb95a4cc,Where is the lemon wedge placed in the bowl,on the left side,upper left of bowl
768d83ac0f75f2c,How are the chicken pieces arranged in the dish,scattered,on top of rice
768d83ac0f75f2c,What color is the sauce in the gumbo,brown,brown
768d83ac0f75f2c,What type of meat is included in the gumbo besides sausage,chicken,chicken and pork
768d83ac0f75f2c,What type of meat is included in the gumbo besides chicken,sausage,sausage and pork
57fcd575d52b6f1,What color is the pita bread,beige,brown and tan
57fcd575d52b6f1,What type of food is shown in the image,gyros,pita sandwich
57fcd575d52b6f1,What color is the gyro meat,brown,brown
57fcd575d52b6f1,Where are the gyros mostly arranged in the image,on the left side,center of the image
57fcd575d52b6f1,What color are the lettuce leaves,green,green
501fae196787866,What is the texture of the panko crust,crispy,crispy and crunchy
501fae196787866,What type of fish is shown in the image,halibut,cod
501fae196787866,What color is the halibut,white,light brown
501fae196787866,What color are the beans,green,green
501fae196787866,Where is the crispy panko crust located,on top,on top of fish
ef1a71508ed5873,What color is the crust of the halibut,beige,golden brown
ef1a71508ed5873,What type of fish is being served,halibut,baked cod fillet
ef1a71508ed5873,What color is the broccoli,green,green
ef1a71508ed5873,What is the broccoli located on,on the right,plate on table
8a148819c0cb4f0,What color are the halloumi pieces after frying,golden-brown,golden brown
8a148819c0cb4f0,What type of cheese is being fried,halloumi,halloumi cheese
8a148819c0cb4f0,What color is the plate,gray,gray
8a148819c0cb4f0,Where is the lemon slice positioned on the plate,on the left,upper left side
8a148819c0cb4f0,What color is the lemon slice,yellow,yellow
d0a17cef7c0faf3,What fruit is visible on the surface of the ham,apricot,none
d0a17cef7c0faf3,What color is the exterior of the ham,reddish-brown,brown and red
d0a17cef7c0faf3,What is next to the ham in the upper right quadrant of the plate,bowl,brown sauce in a bowl
d0a17cef7c0faf3,Where is the bowl of brown sugar sauce located,in the upper right,upper right corner
5d818c429496351,What color is the ham,pink,pinkish brown
5d818c429496351,What type of meat is shown in the image,ham,ham
cc1e04c85b3b6fb,What color is the ham inside the sandwich,pink,pink
cc1e04c85b3b6fb,What is the main food item in the image,sandwich,pastrami sandwich
cc1e04c85b3b6fb,What color are the pickle slices,green,green
cc1e04c85b3b6fb,Where are the food items placed,on a plate,on a white plate
cc1e04c85b3b6fb,What color are the edges of the pickle slices,green,brown edges
1c1452434772ef5,What is the primary color of the ham slices,pink,pink
1c1452434772ef5,What type of meat is shown in the image,ham,ham
1c1452434772ef5,What is the appearance of the edges of some ham slices,caramelized,burnt and blackened
1c1452434772ef5,Where are the ham slices layered,layered on,on top of salad
1c1452434772ef5,What is the ham layered on top of,lettuce,lettuce and tomatoes
b397bd5d4937bfb,What is the main vegetable in the hash,potato,sweet potatoes
b397bd5d4937bfb,What color are the cubed sweet potatoes,orange,orange
b397bd5d4937bfb,Where are the sprigs of dill located,throughout,on top of the egg
b397bd5d4937bfb,What color is the yolk of the fried egg,yellow,yellow
8ba0dca8f0c3725,What color is the Texas Hash,brownish,yellow and brown
8ba0dca8f0c3725,What is the food served on,plate,white plate
8ba0dca8f0c3725,What color is the melted cheese,yellow,yellow
8ba0dca8f0c3725,Where are the scallions placed,sprinkled on top,on top of the food
8ba0dca8f0c3725,What color is the plate,white,white
7e60dd9c05f81e5,What color are the sweet potato cubes,orange,orange
7e60dd9c05f81e5,What type of vegetable is used in the hash,potato,potato
7e60dd9c05f81e5,How is the egg prepared,fried,fried over easy
7e60dd9c05f81e5,Where is the fried egg placed,on top of,on top of the food
7e60dd9c05f81e5,What is the red-colored item in front of the potatoes,bacon,bacon
bae167eccbe36fa,What food item is shown in the image,hash browns,pancakes
bae167eccbe36fa,What color is the top of the top left hash brown,golden-brown,brown
bae167eccbe36fa,Are the hash browns touching each other,yes,yes they are touching
bae167eccbe36fa,Where are the hash browns placed,on a plate,on a plate
9b5b05482f16491,What color are the hash browns,golden-brown,golden brown
9b5b05482f16491,What are the hash browns served on,plate,brown bowl
9b5b05482f16491,What color is the rim of the plate,orange,orange
9b5b05482f16491,What is sprinkled on the white creamy sauce,chives,chopped green onions
71f29ccc1bb79d2,What color are the chicken hearts and mushrooms,brown,brown
71f29ccc1bb79d2,What type of meat is visible in the image,chicken,beef
71f29ccc1bb79d2,What color are the round objects in the upper right corner,yellow,yellow
71f29ccc1bb79d2,"Where are the pale yellow, round objects located in the image",in the upper right,upper right side
6af6a4433e4a0c7,What color is the top of the Cornish Game Hen,golden-brown,brown
6af6a4433e4a0c7,What type of bird is shown in the image,hen,roasted chicken
6af6a4433e4a0c7,What color are the darker grains in the rice stuffing,brown,brown and black
6af6a4433e4a0c7,Where is the Cornish Game Hen positioned in the image,at the top left,top left of plate
4e8597ee35c2dfd,What type of food is in the bowl,salad,salad
4e8597ee35c2dfd,What colors are present in the salad dressing,green-white,green and white
4e8597ee35c2dfd,Where is the dressing drizzled,over the salad leaves,on top of the salad
4e8597ee35c2dfd,What vegetable pieces are in the salad,tomatoes,tomatoes and lettuce
00bf2bb6e5a159a,What type of beans are clustered on top of the hummus,edamame,edamame beans
00bf2bb6e5a159a,What is the base of the dish made of,hummus,avocado
00bf2bb6e5a159a,What color are the small seeds scattered on the hummus,black,black
00bf2bb6e5a159a,Where are the edamame beans located,on top of,center of the bowl
b3642208c36c1c0,What is the color of the hummus,yellow,greenish yellow
b3642208c36c1c0,What is the dip in the bowl,hummus,hummus
b3642208c36c1c0,Where are the crackers placed in relation to the hummus,submerged,on the right side
b3642208c36c1c0,What is served alongside the hummus,crackers,crackers
b3642208c36c1c0,Where are the crackers positioned in the bowl,on the right,on the right side
1d926823e55a19f,What is the hummus served in,bowl,bowl
1d926823e55a19f,What color is the hummus,brownish-green,green
1d926823e55a19f,Where is the bowl situated in the image,towards the top left,top left corner
3c4a5088c3151a4,What color is the hummus,beige,the hummus is white
3c4a5088c3151a4,What is the name of the food in the bowl,hummus,hummus
3c4a5088c3151a4,What color is the oil in the center of the hummus,yellow,yellow
3c4a5088c3151a4,What is arranged around the rim of the bowl,tomatoes,tomatoes
3c4a5088c3151a4,What is dusted on the hummus,spices,paprika or cayenne pepper
8ee85aedb5b644e,What color is the hummus,yellow-beige,light brown
8ee85aedb5b644e,What is the hummus served in,bowl,black bowl
8ee85aedb5b644e,What color are the carrots,orange,orange
8ee85aedb5b644e,What is the hummus served with,carrots,baby carrots
8ee85aedb5b644e,Where are the carrots placed,on the plate,in a bowl
3d48f6b7482aba6,What color is the jam in the jars,reddish-brown,red and brown
3d48f6b7482aba6,What containers are used to hold the jam,jars,glass jars
3d48f6b7482aba6,Where are the jars positioned in the frame,in the center,center of the image
bbf959f60d3b884,What color is the nectarine jam,orange,orange
bbf959f60d3b884,What are the jars made of,jars,glass
bbf959f60d3b884,What material are the lids made of,glass,metal
bbf959f60d3b884,Where are the jars primarily located,in the center,on a white table
bbf959f60d3b884,What color is the background,pinkish-white,white
f065b6f63d2d4a8,Where is the apricot jam located in the image,in the center,center of image
f065b6f63d2d4a8,Which part of the image contains the jam,bottom half,<box>214 305 786 926</box>
f065b6f63d2d4a8,What color is the apricot jam,orange,orange
f065b6f63d2d4a8,How would you describe the color of the jam,vibrant,orange
38ebbd7b792ff0d,What are the jars made of,glass,glass
38ebbd7b792ff0d,What fruit is used to make the jam,papaya,pineapple
38ebbd7b792ff0d,How would you describe the papaya used in the jam,fresh,fruit is orange color
38ebbd7b792ff0d,Where are the jars placed,on a white cloth,on a white and red towel
252b508f8033600,What color is the coffee jelly,dark brown,black and white
252b508f8033600,What shape are the coffee jelly pieces,cubes,square
252b508f8033600,What color is the liquid surrounding the coffee jelly,beige,off-white
252b508f8033600,How are the coffee jelly cubes distributed in the mugs,scattered,randomly throughout the mugs
465a36d85d1bf6d,What color is the jerky,black,black
465a36d85d1bf6d,What color is the jerky described as,dark,black
465a36d85d1bf6d,How is the jerky arranged in the dish,stacked,stacked in a pile
465a36d85d1bf6d,What is the jerky placed in,dish,rectangular white dish
465a36d85d1bf6d,Where is the jerky pile located in the frame,in the center,center of the frame
02649a5833f44cd,What is the primary color of the beef jerky,brown,dark brown
02649a5833f44cd,What type of food is shown in the image,beef jerky,meat
02649a5833f44cd,How are the beef jerky pieces arranged in the image,scattered,in a pile
02649a5833f44cd,What color variation is seen in some of the beef jerky pieces,reddish-brown,light brown and red
02649a5833f44cd,Where are the darkest pieces of beef jerky located,around the edges,top left corner
f4559d130566a05,What color are the beef jerky pieces,brown,dark brown
f4559d130566a05,What type of food is shown in the image,beef jerky,dried beef jerky
f4559d130566a05,How are the beef jerky pieces arranged,overlapping,stacked in pile
580723682f5811f,What color is the beef jerky,dark brown,brown
580723682f5811f,Where is the beef jerky located,located inside,in a mason jar
580723682f5811f,What is the beef jerky stored in,jar,mason jar
580723682f5811f,What is the jar doing on the table,sitting,holding dried meat
580723682f5811f,What is the table made of,wooden,wood
fa7d133f1e16b4d,What color is the filling of the pie,yellow-tan,light brown
fa7d133f1e16b4d,Where is the pie slice placed,plate,on a white plate
fa7d133f1e16b4d,What color is the plate,white,white and blue
fa7d133f1e16b4d,How does the surface of the pie filling appear,glazed,shiny and glazed
331b51dc156ef8d,What is the name of the sandwich in the image,sloppy joe,baked beans sandwich
331b51dc156ef8d,What color is the meat filling in the Sloppy Joe,reddish-brown,brown and red
331b51dc156ef8d,What color are the corn tortilla chips,yellow,yellow
331b51dc156ef8d,Where is the bottom bun located,on the bottom,under the beans
a82943b9e36974d,What color is the top of the bun,golden-brown,brown
a82943b9e36974d,What type of meat is in the filling,chicken,chicken
a82943b9e36974d,What color is the chicken filling,orange,orange
a82943b9e36974d,Where are the jalapeño slices placed,on top,on top of the sandwich
a82943b9e36974d,What is clustered to the right of the Sloppy Joes,chips,potato chips
eb3061e9a1207ac,What color is the top bun,golden-brown,brown
eb3061e9a1207ac,What is covering the Sloppy Joe filling,bun,chopped green peppers
eb3061e9a1207ac,What color is the plate,gray,gray
eb3061e9a1207ac,Where is the filling spilling onto,on a plate,onto the bun
df79f56de740b5c,What color is the bun,tan,brown with white sesame seeds
df79f56de740b5c,Is the food served on a bun,bun,yes it is served on a bun
df79f56de740b5c,What color are the kidney beans,red,dark red
df79f56de740b5c,Where are the sesame seeds located,on top,on top of bun
df79f56de740b5c,Are there diced carrots in the filling,diced,yes
1b262ba9f1f16d2,What color is the sesame seed juice,beige,white
1b262ba9f1f16d2,What type of drink is shown in the image,juice,milk with ice
1b262ba9f1f16d2,Where is the sesame seed juice present,on the table,in the glass bottle
1b262ba9f1f16d2,What is the sesame seed juice served in,glass,glass cup
1b262ba9f1f16d2,Where is the sesame seed juice located,in a glass,in the glass jar
199c11f14158f8f,How would you describe the color of the ginger juice at the bottom,vibrant,orange light brown
199c11f14158f8f,What is the ginger juice served in,glass,glass cup
199c11f14158f8f,What color is the lemon twist,yellow,yellow
27446535c25c7fc,What fruit is used to make the stars,watermelon,watermelon
27446535c25c7fc,What color are the watermelon stars,pink,red
27446535c25c7fc,What fruit is strung together on the skewers,blueberries,watermelon
27446535c25c7fc,What color is the surface the kabobs are placed on,green surface,green
27446535c25c7fc,What holiday do these kabobs represent,4th of july,christmas
8046eb3f2ad1d80,What color is the soup broth,golden-brown,yellow
8046eb3f2ad1d80,How is the kale distributed in the soup,dispersed,throughout the soup
8046eb3f2ad1d80,What type of vegetable is deep green and present in the soup,kale,collard greens
8046eb3f2ad1d80,What is the soup served in,bowl,white bowl
72d522544722a3f,What color are most of the kale chips,green,green and brown
72d522544722a3f,What type of food is shown in the image,chips,kale chips
72d522544722a3f,What is holding the kale chips,bowl,a bowl is holding the kale chips
72d522544722a3f,Where is the bowl placed,on a wooden surface,on a wooden table
72d522544722a3f,What color are the edges of some of the kale chips,brownish,brown
c92064eed9436af,What color is the kale in the dish,dark green,green
c92064eed9436af,What type of vegetable is dark green and cooked in the dish,kale,spinach
c92064eed9436af,What color are the peppers in the dish,red,red and green
c92064eed9436af,Where is the wooden spoon located in the pan,on top of,top right corner
7a5730a599a537b,What is the overall appearance of the kebabs,colorful,skewers of meat and vegetables
7a5730a599a537b,What type of dish is shown in the image,kebabs,skewered meat and vegetables
7a5730a599a537b,What color are the beef pieces,red,brown
7a5730a599a537b,Where are the kebabs placed,on a plate,on a white plate
7a5730a599a537b,What fruit is included in the kebabs,pineapple,pineapple
7c708793b814120,What color is the plate,white,white
7c708793b814120,What vegetable is shown in the image,kohlrabi,potato
7c708793b814120,How are the kohlrabi pieces placed on the plate,arranged,stacked on top of each other
7c708793b814120,What color are the roasted edges of the kohlrabi,brown,dark brown
7c708793b814120,Where are the kohlrabi pieces arranged,on a plate,on a white plate
dfaa2fddbcc3ce6,What color is the serving dish,yellow,black
dfaa2fddbcc3ce6,What type of food is the kugel made of,noodles,potato
dfaa2fddbcc3ce6,What color are the noodles in the kugel,yellow,yellow
dfaa2fddbcc3ce6,Where are the flecks of green parsley scattered,on the top,on top of pasta
0d03349d96e42ba,What is the dominant color of the Kugel,golden-yellow,brown
0d03349d96e42ba,What process is the Kugel undergoing in the dish,baking,baking in an oven
0d03349d96e42ba,What is sprinkled on the surface of the Kugel,sprinkling,parmesan cheese
0d03349d96e42ba,What is the main ingredient visible throughout the Kugel,noodles,noodles
0d03349d96e42ba,What color are the darker elements interspersed throughout the Kugel,brown,brown and black elements
e2f49a9c9cea5ea,What color is the lamb,brown,brown and black
e2f49a9c9cea5ea,What type of meat is centrally located in the image,lamb,roast pork
e2f49a9c9cea5ea,Where is the lamb nestled,in the center,in a pan
ef59e3403eff7c8,What is the color of the broth in the stew,reddish-brown,red
ef59e3403eff7c8,What type of dish is the lamb being cooked in,stew,stew
ef59e3403eff7c8,What does the broth do to the spaces between the solid ingredients,fills,fills them up
ef59e3403eff7c8,What is the color of the bowl containing the stew,white,white
ef59e3403eff7c8,Where are the lamb pieces located in the stew,throughout the stew,center of the stew
cba8c4178e2f10e,What color is the plate the lamb shanks are served on,white,white
cba8c4178e2f10e,What type of meat is featured in the dish,lamb,beef steak
cba8c4178e2f10e,What color is the lamb shank,brown,brown
cba8c4178e2f10e,Where are the diced carrots located,scattered around,on top of the meat
d1f69026ce3c901,What type of meat is shown in the image,lamb,beef roast
d1f69026ce3c901,What does the color of the lamb shank exhibit,gradient,black and brown
d1f69026ce3c901,What color is the sauce surrounding the lamb shanks,brown,brown
d1f69026ce3c901,What are the translucent pieces in the sauce,onions,onions
d1f69026ce3c901,How are the onions described in the image,cooked,dark brown and charred
cbd2b9ac8a823d3,What color is the bowl holding the lasagna,orange,reddish brown
cbd2b9ac8a823d3,What type of dish is being served in the bowl,lasagna,cheese pasta bake
cbd2b9ac8a823d3,What is the texture of the sauce on the lasagna,creamy,cheesy and bubbly
cbd2b9ac8a823d3,What color is the sauce covering the pasta,white,white
cbd2b9ac8a823d3,Where are the specks of black pepper located,on the surface,on the cheese
f5fb0df40b092f8,What color is the top layer of the lasagna,golden-brown,golden brown
f5fb0df40b092f8,What type of dish is shown in the image,lasagna,lasagna
f5fb0df40b092f8,What color is the stovetop,black,silver
f5fb0df40b092f8,Where is the lasagna placed,on a black stovetop,on top of a stove
f5fb0df40b092f8,What color are the visible interior layers of the lasagna,green,green and red
e3a012097af2a98,What color is the lettuce,green,green
e3a012097af2a98,What type of dish is being described,lasagna,taco salad
e3a012097af2a98,What color are the diced tomatoes,red,red
e3a012097af2a98,What color is the melted cheddar cheese,yellow,orange
e3a012097af2a98,Where is the lasagna resting,on top of,on a white plate
114e30b0121f8ac,What fruit is used to make the lassi,banana,mango
114e30b0121f8ac,What color is the straw,yellow,yellow
114e30b0121f8ac,Where is the straw placed in the glass,on the left,on the left side
114e30b0121f8ac,What color is the mint garnish,green,green
2836bea848092dc,What is the color of the glass,clear,clear glass
2836bea848092dc,What color is the spiced mango lassi,yellow,brown
2836bea848092dc,Where is the straw inserted,into the lassi,in the glass of drink
2836bea848092dc,What color are the leaves in the backdrop,green,green
44bbcb71225e21a,What is the color of the glass mugs,transparent,clear glass
44bbcb71225e21a,What color is the tray,white,white
44bbcb71225e21a,What is the primary color of the Eggnog Lattes,tan,brown and white
44bbcb71225e21a,Where are the mugs situated,on a plate,on a white plate
9eef702c19b23dd,What color is the foam on the latte,white,white
9eef702c19b23dd,What color is the latte,tan,brown with white foam
9eef702c19b23dd,Where is the shaved white chocolate placed,on top of,on top of the drink
9eef702c19b23dd,What fruit is placed to the left of the plate,strawberry,strawberry
c5cc39a0e3818c9,What color is the cup,white,the cup is white
c5cc39a0e3818c9,What type of drink is in the cup,latte,latte
c5cc39a0e3818c9,What does the latte have on top of the foam,shaved chocolate,cinnamon or nutmeg
c5cc39a0e3818c9,What color is the bottom layer of the latte,brown,white
c5cc39a0e3818c9,Where is the dusting of brown spice located,on top of,on top of the drink
266ba9144fa1bca,What color is the pie filling,yellow,yellow
266ba9144fa1bca,Where does the pie filling sit,in the center,on crust of pie
266ba9144fa1bca,What is the dessert described in the image,pie,lemon meringue pie
266ba9144fa1bca,What shape is the pie slice,triangular,half-moon
266ba9144fa1bca,Where is the whipped cream located,on the top,on top of the pie
aacd533122666f9,What fruit is the cream made from,lemon,mango
aacd533122666f9,What color is the lemon cream,yellow,yellow
aacd533122666f9,What utensil is partially submerged in the cream,spoon,spoon
db621f115a77b33,What color is the lemon curd in the jar closer to the viewer,yellow,yellow
db621f115a77b33,What containers are used to hold the lemon curd,jars,glass jars
db621f115a77b33,What is the name of the food in the jars,lemon curd,peach preserves
db621f115a77b33,Where is the spoon placed,on the tray,on the marble plate
87435fc8c3e3be1,What color are the cookies,tan,light brown
87435fc8c3e3be1,What type of food is shown in the image,cookies,cookies
87435fc8c3e3be1,Where are the cookies placed,on a sheet,on a silver pan
c52015fe496e29e,What color is the strawberry lemonade,pink,pink
c52015fe496e29e,What fruit is used in the drink,strawberry,lemon
c52015fe496e29e,What color is the lemon slice,yellow,yellow
c52015fe496e29e,Where is the lemon slice placed,on the rim,on the rim of glass
8db7653c1d3620f,What is the drink in the glass mug,lemonade,lemonade
8db7653c1d3620f,What is the glass mug filled with,lemonade,lemonade
8db7653c1d3620f,What color is the lemonade,yellow,yellow
8db7653c1d3620f,What color is the wooden board,brown,brown
45f6c70dda5c055,What color are the Colombian lentils,brown,brown
45f6c70dda5c055,What type of food is mostly brown in color,lentils,lentils
45f6c70dda5c055,Are the lentils clearly seen in the broth,visible,yes the lentils are clearly seen
45f6c70dda5c055,What is the color of the broth-like liquid,light brown,brown in color
45f6c70dda5c055,Where are the lentils located in the image,dispersed,in the soup scattered throughout
3667b2d7425ac3b,What color are the lentils in the bowl,yellowish-orange,orange and green
3667b2d7425ac3b,What is the base ingredient in the bowl,lentils,lentils
3667b2d7425ac3b,How are the lentils distributed in the bowl,dispersed,randomly throughout the bowl
3667b2d7425ac3b,What color is the kale in the bowl,green,green
3667b2d7425ac3b,Where is the kale primarily concentrated in the bowl,dispersed,center of bowl
7dcecb69aa246fa,What color are the diced tomatoes in the salad,red,red
7dcecb69aa246fa,What color are the fresh herbs in the salad,green,green
7dcecb69aa246fa,What color are the lentils in the salad,orange-brown,brown
7dcecb69aa246fa,Where is the dense cluster of curly parsley located,on the left,on the left side
ec6d2fcde874a93,Where are the pale yellow chips located in relation to the lentil salad,to the right,on the right side
ec6d2fcde874a93,What is the light-colored mixture below the salad likely to be,grain,quinoa or couscous
513dc1eda01a289,What color is the limeade,translucent,clear
513dc1eda01a289,What material is the glass made of,glass,glass
513dc1eda01a289,What color is the limeade described as,whitish-yellow,green
513dc1eda01a289,Where is the slice of lime placed,on the rim,on the rim of glass
513dc1eda01a289,What fruit is on the rim of the glass,lime,lemon
5a3a373e75ebdb8,What color is the linguine,yellow,yellowish white
5a3a373e75ebdb8,What type of pasta is shown in the image,linguine,fettuccine alfredo
5a3a373e75ebdb8,What color are the chives,green,green
5a3a373e75ebdb8,How are the clams distributed throughout the dish,scattered,clams are scattered
0f47aba2c1035e4,What color is the linguine pasta,beige,yellow
0f47aba2c1035e4,What type of food is the main ingredient in the dish,pasta,pasta
0f47aba2c1035e4,What color are the portobello mushrooms,brown,dark brown
0f47aba2c1035e4,What color are the fresh herbs,green,green
0f47aba2c1035e4,Where are the sprigs of fresh green herbs placed,on top of,on top of pasta
4a74a640bbcbdae,What color is the plate,white,white
4a74a640bbcbdae,What color is the top of the loaf,golden-brown,golden brown
4a74a640bbcbdae,Where is the loaf placed,on a plate,on a white plate
4a74a640bbcbdae,What fruit is visible in the loaf,blueberries,blueberries
6f5968958d46e1b,What material is the cutting board made of,wooden,wood
6f5968958d46e1b,What type of food is on the cutting board,cheese,bread
6f5968958d46e1b,What color is the larger piece of cheese loaf,yellow,yellowish white
6f5968958d46e1b,Where is the larger piece of cheese loaf located,on the left,on the left side
a9a427f82097900,Are the rolls vegan,yes,no the rolls are not vegan
a9a427f82097900,What color is the plate,white,white
a9a427f82097900,Where are the rolls positioned in the image,in the center,middle of the image
29b645b9d151199,What color are the lumpia rolls,golden,golden brown
29b645b9d151199,How do the lumpia rolls appear in relation to each other,overlapping,side by side in rows
29b645b9d151199,What is the predominant color of the lumpia rolls,reddish-brown,golden brown
0595fdb82f39b0f,What color is the sauce,reddish-brown,reddish brown
0595fdb82f39b0f,Where is the small white bowl located,on the right side,top right of plate
0595fdb82f39b0f,What is the sauce served in,bowl,a small white bowl
91fdbd8bb0a8e0e,What color is the mac and cheese,yellow,yellow
91fdbd8bb0a8e0e,What is the cheese doing to the macaroni,covering,cheese is melting
e1fafe420d478f3,What describes the overall look of the dish,vibrant,cheesy breakfast casserole
e1fafe420d478f3,What is the dish cooked in,skillet,cast iron skillet
e1fafe420d478f3,What color are the chunks of sausage,browned,brown
e1fafe420d478f3,What color is the macaroni and cheese,yellow,yellow
e1fafe420d478f3,Where are the drizzles of hot sauce located,on top of,on top of the food
60ec1726e9600fa,What is the color of the lettuce,green,green
60ec1726e9600fa,Where is the burger located,in the center,in a white paper basket
25898d35cdcbac8,What type of pasta is used in the dish,macaroni,macaroni pasta
25898d35cdcbac8,What color is the macaroni in the dish,yellow,yellow
25898d35cdcbac8,Where is the toasted breadcrumb layer located,on the top,on top of the dish
632362f78909a06,What color is the macaroni and cheese,yellow,yellow
632362f78909a06,What type of pasta is on the plate,macaroni,macaroni and cheese
632362f78909a06,How is the macaroni and cheese arranged on the plate,clustered,piled in the corner
632362f78909a06,On which side of the plate is the macaroni and cheese,on the left side,left side of plate
b1e01e4a3f3359e,What flavor is the glaze on the Mahi Mahi,ginger,soy and garlic
b1e01e4a3f3359e,What type of fish is shown in the image,mahi mahi,tuna fish
b1e01e4a3f3359e,What color is the glaze on the Mahi Mahi,brown,brown and red
b1e01e4a3f3359e,Where are the pieces of Mahi Mahi located in the image,in the bottom center,center of the image
d3305955d0cfa7b,What color is the Mahi Mahi,golden-brown,brown
d3305955d0cfa7b,What type of fish is shown in the image,mahi mahi,salmon
d3305955d0cfa7b,What color are the mango cubes,yellow,yellow
d3305955d0cfa7b,What vegetable is on the bottom right of the image,beans,green beans
579368f6acb85bb,What is the color of the filets,white,white and brown
579368f6acb85bb,What color are the grill marks on the filets,reddish-brown,brown
579368f6acb85bb,What color are the beans,green,green
29300b2106fa5c0,What color is the creamy sauce in the Rockefeller topping,orange,white
29300b2106fa5c0,What vegetable is included in the Rockefeller topping,spinach,spinach
29300b2106fa5c0,What is the state of the mozzarella cheese on top,melted,melted and brown
c7590e962a199ce,What is the texture of the rice,sticky,sticky and sticky
c7590e962a199ce,What color are the mango slices,yellow,yellow
c7590e962a199ce,How are the mango slices arranged on the rice,arranged,in a row
c7590e962a199ce,Where are the mango slices placed on the rice,on top of,on top of rice
1d14ca8f5e015c6,What color is the Cadillac Margarita,pink,pink
1d14ca8f5e015c6,What is the name of the drink,cadillac,pink lady
1d14ca8f5e015c6,What color are the sugar crystals on the rim of the glass,white,white sugar crystals
1d14ca8f5e015c6,Where is the lime slice attached,on the surface,on the rim of glass
1d14ca8f5e015c6,What is the color of the lime slice,green,green
a3a640a49817695,What is the color of the margaritas,yellowish-green,light yellow
a3a640a49817695,What is the drink in the image,margaritas,margarita
a3a640a49817695,What color is the cocktail shaker,silver,silver
c6a5b6d09133e4e,What is the color of the Margarita On The Rocks,yellow-green,pale yellow
c6a5b6d09133e4e,What color are the salt crystals on the rim of the glass,white,white
57ae10df5a5ef66,What color is the liquid in the glass,yellow,yellow
57ae10df5a5ef66,What color is the salt on the rim of the glass,white,white
57ae10df5a5ef66,Where are the pineapple leaves positioned,from the top,in the drink glass
0c5a0aacfe0bef7,What type of drink is being served,margaritas,margaritas
0c5a0aacfe0bef7,What color is the plate,blue,light blue and green
0c5a0aacfe0bef7,Where are the margaritas placed,on the plate,on a blue plate
0c5a0aacfe0bef7,What color are the lime slices,green,green and yellow
28c13c705876e33,What color is the liquid in the glass,red,red
28c13c705876e33,What fruit is skewered on the stick,blackberries,blackberries
28c13c705876e33,Where are the blackberries and mint leaves placed,on the wooden surface,on the glass and board
28c13c705876e33,What color are the mint leaves,green,green
0a840a459597f90,What is surrounding the chicken pieces,marinade,sauce and spices
0a840a459597f90,Where is the marinade mostly located,surrounding,on the right side
0a840a459597f90,What type of meat is shown in the image,chicken,chicken
0a840a459597f90,How does the marinade appear,glossy,thick and brown in color
0a840a459597f90,Where is the marinade located in relation to the chicken pieces,in the background,under the chicken pieces
9628adf77ad491d,What is the consistency of the marinade,viscous,thick and chunky
9628adf77ad491d,What is the purpose of the green mixture in the bowl,marinade,dressing for salad
9628adf77ad491d,Where is the marinade contained,in the bowl,bowl on the table
9628adf77ad491d,Where is the small white bowl located in the image,in the center,center of the image
9628adf77ad491d,What fruit is placed to the right of the bowl,lemon,lemon
ff4e68b58369ade,What color is the marinade on the meat skewers,reddish-brown,brown and red
ff4e68b58369ade,What does the marinade do to the surface of the meat skewers,coats,makes it shiny and sticky
ff4e68b58369ade,What are the pieces of meat placed on,skewers,a white plate
ff4e68b58369ade,What color is the plate,white,the plate is white
1a05e7b22b78c56,What color is the marinade,reddish-brown,red and black
1a05e7b22b78c56,What type of meat is the marinade on,chicken,chicken
1a05e7b22b78c56,Where is the marinade primarily located,on the upper chicken,on the chicken
fa17a9ec083ec53,What is the color of the marmalade described as,amber,brown
fa17a9ec083ec53,What type of preserve is shown in the image,marmalade,apple jelly
fa17a9ec083ec53,What color is the marmalade,amber,brown
fa17a9ec083ec53,What is the jar made of,glass,glass
820eb7fa401d2f5,What color is the marmalade,orange,red
820eb7fa401d2f5,What is the shade of the marmalade's color,amber,dark red
820eb7fa401d2f5,What is the name of the food item in the jar,marmalade,jam or jelly
820eb7fa401d2f5,What pattern is on the surface where the marmalade is placed,striped,yellow and white stripes
820eb7fa401d2f5,Where is the kitchen towel in relation to the marmalade,to its left,to the left
ee15c597bfb8798,What color is the first marshmallow log,brown,light brown
ee15c597bfb8798,What is the coating on the marshmallow logs,coated,coconut shavings
ee15c597bfb8798,How many marshmallow logs are there,three,3
ee15c597bfb8798,Where is the first marshmallow log located,on the left,top left of image
ee15c597bfb8798,What is the white coating on the marshmallow logs made of,coconut,coconut flakes
b7538c474cb8e0d,What type of candy is shown in the image,marshmallows,marshmallow
b7538c474cb8e0d,What color are the marshmallows,light pink,pink
b7538c474cb8e0d,Where are the marshmallows placed,on a small plate,on a plate
b7538c474cb8e0d,Where are three of the marshmallows located,bottom,on plate
d5a84d4b2f83ff9,How would you describe the appearance of the watermelon martini,vibrant,red pinkish martini with lime and watermelon
d5a84d4b2f83ff9,What fruit is used to garnish the drink,watermelon,watermelon and lime
d5a84d4b2f83ff9,What color is the watermelon cube on the glass,pink,red
d5a84d4b2f83ff9,Where is the watermelon cube placed,on the top,on the rim of glass
d5a84d4b2f83ff9,What color is the lime wedge,green,green
66ae1600ebb7f91,What color is the liquid in the glasses,red,red
66ae1600ebb7f91,What type of glasses are the drinks served in,stemmed,wine glasses
66ae1600ebb7f91,What color is the granular substance on the rim of the glasses,brown,salt or sugar
66ae1600ebb7f91,Where is the lemon slice positioned in each glass,on top of,on the rim
faeaf31da2804f9,What color is the liquid in the martini glass,reddish-purple,red
faeaf31da2804f9,What type of drink is in the glass,martini,martini
faeaf31da2804f9,What color are the cherries in the martini,red,red
faeaf31da2804f9,What is on the toothpick in the martini,with two bright red cherries,cherry
faeaf31da2804f9,What is the bottle to the left of the martini glass,agave,orange juice bottle
f03641343949289,What nut is used in the marzipan,pistachio,almonds
f03641343949289,What color is the pistachio marzipan,green,light green
f03641343949289,What shape is the large block of marzipan,cylindrical,round cylinder
f03641343949289,What shape is the other piece of marzipan,rectangular bar,rectangle
f03641343949289,Where is the cylindrical block positioned,on the left side,on a cutting board
b18e700533e57c7,What color is the bowl,white,white
b18e700533e57c7,What color are the diced carrots,orange,orange
b18e700533e57c7,What vegetable is scattered in the soup,carrots,carrot
b18e700533e57c7,Where is the soup served,in a bowl,in a bowl
6e5a18f2e850105,How does the chicken skin appear,crispy,crispy and brown
6e5a18f2e850105,What type of meat is shown in the image,chicken,roast chicken
6e5a18f2e850105,What color is the plate,white,white
6e5a18f2e850105,What color are the lemon slices,yellow,yellow
6e5a18f2e850105,Where is the chicken placed,on a plate,on a plate
d7c036841cefce5,What is the name of the condiment in the image,mayo,mayonnaise
d7c036841cefce5,What texture does the 'Thick 'n Tangy Mayo' have,smooth,creamy and smooth
d7c036841cefce5,What color is the pan in the image,gray,silver
d7c036841cefce5,Where is some of the 'Thick 'n Tangy Mayo' located,in the upper left corner,in the upper left
7e886250c1c8bd7,What is the condiment served in,bowl,bowl
7e886250c1c8bd7,What color is the condiment,orange,light brown
7e886250c1c8bd7,What herb is used to top the condiment,basil,basil
7e886250c1c8bd7,Where is the bowl placed,on a light-colored surface,on a tablecloth
e4a5cb24b16dcbf,What color is the ramp mayonnaise,light green,green
e4a5cb24b16dcbf,What does the ramp mayonnaise do to the bowl,fills,it fills the bowl
e4a5cb24b16dcbf,What type of container is the ramp mayonnaise in,bowl,glass bowl
e4a5cb24b16dcbf,What is positioned to the right of the bowl,leaves,flower and leaves
e4a5cb24b16dcbf,Where are the leaves and flowers positioned relative to the bowl,to the right of,to the right of bowl
dd053255e37ce87,What color are the egg noodles,yellow,yellow
dd053255e37ce87,What is the main protein in the dish,meatballs,meatballs
dd053255e37ce87,Where are the meatballs located,on top,on top of pasta
dd053255e37ce87,What color are the herbs sprinkled on top,green,green
61be719816b9597,What color are the meatballs primarily,orange-brown,reddish brown
61be719816b9597,What type of sauce is used in the dish,tomato sauce,tomato sauce
61be719816b9597,What does the tomato sauce do to the meatballs,covers,it covers them
61be719816b9597,What color are the parsley flakes on top of the dish,green,green
99b06fe64858e3f,What is the flavor of the meatballs,sweet,savory sweet and sour
99b06fe64858e3f,What type of food is in the bowl,meatballs,meatballs in brown sauce
99b06fe64858e3f,What color are the meatballs,brownish-red,brown
99b06fe64858e3f,Where are the meatballs placed in the image,in the center,center of the image
99b06fe64858e3f,What is the meatballs served in,bowl,bowl
3bcec40caadd96c,What is the texture of the sauce on the meatballs,creamy,thick and chunky
3bcec40caadd96c,What is the main protein in the dish,meatballs,meatballs
3bcec40caadd96c,What color is the sauce on the meatballs,orange,orange
3bcec40caadd96c,Where is the rice located in relation to the meatballs,underneath,underneath the meatballs
3bcec40caadd96c,What color are the beans in the image,green,green
48ff5489da60b8a,What color is the outer layer of the meatloaf,brown,brown
48ff5489da60b8a,What is served alongside the meatloaf,salad,a salad and biscuit
48ff5489da60b8a,How is the red onion prepared in the salad,sliced,sliced thinly
48ff5489da60b8a,Where is the All-American Meatloaf located in the image,is in,<box>0 264 534 978</box>
48ff5489da60b8a,What color is the bread roll,golden,brown
7c05dc76a8b9bbd,What type of dish is shown in the image,meatloaf,pork tenderloin
7c05dc76a8b9bbd,What is the primary color of the meatloaf,light-brown,brown
7c05dc76a8b9bbd,What color is the sauce on the meatloaf,reddish-brown,brown
7c05dc76a8b9bbd,Where on the plate is the meatloaf positioned,towards the right side,center of plate
5f4fe775f4c81eb,What color is the outer edge of the meatloaf,dark,brown
5f4fe775f4c81eb,What is the main dish in the image,meatloaf,meatloaf
5f4fe775f4c81eb,What color is the plate,white,white
5f4fe775f4c81eb,What is garnished on the meatloaf,with sprigs,thyme
6a7b52c652f8f68,What color are the broccoli florets in the image,bright,green
6a7b52c652f8f68,What vegetable is bright green and scattered in the image,broccoli,broccoli
6a7b52c652f8f68,What color is the diced ham in the image,red,pink
6a7b52c652f8f68,How do the potato cubes appear in the image,browned,small diced cubes
6a7b52c652f8f68,Where are the ingredients distributed across the image,across the image,top of the dish
aa903bd2778d89d,What is the color of the top melon ball,yellow,orange
aa903bd2778d89d,What type of drink is in the glass,smoothie,mango smoothie
aa903bd2778d89d,What is the glass made of,glass,glass
aa903bd2778d89d,What is the color of the middle melon ball,white,orange
aa903bd2778d89d,Where are the orange and green melon balls positioned,near to,on the rim of a glass
fe9f0ffd89fa623,What is the color of the glass pitcher,clear,clear
fe9f0ffd89fa623,What type of container is the flax seed milk in,pitcher,glass pitcher
fe9f0ffd89fa623,What is the color of the flax seed milk,beige,light brown
fe9f0ffd89fa623,Where is the pitcher sitting,in the center-left,on a wooden table
84e269f9d9b168c,What color is the tiled surface,pink,pink
84e269f9d9b168c,What type of drink is shown in the image,milkshakes,milkshakes
84e269f9d9b168c,Where is the whipped cream located,topped,on top of the drinks
84e269f9d9b168c,What color is the cherry on each milkshake,red,red
84e269f9d9b168c,Where is the cherry positioned,on each milkshake,on top of the milkshake
97bf53a3c9e3567,What is the top layer of the cheesecake made of,chocolate,chocolate frosting and chocolate chips
97bf53a3c9e3567,What color is the cheesecake itself,brown,yellow and brown
97bf53a3c9e3567,Where are the chocolate chunks located,on top,center of the cake
067bfdc6a1b4452,What is the appearance of the water in the pitcher,clear,clear and cold
067bfdc6a1b4452,What type of container is the citrus water in,pitcher,pitcher
067bfdc6a1b4452,What color are the lemon slices in the pitcher,yellow,yellow and green
067bfdc6a1b4452,Where is the pitcher placed,on a wooden board,on a wooden table
39267ddba7b95b5,What color is the broth in the soup,yellowish,clear white
39267ddba7b95b5,What ingredient in the soup is white and rectangular,tofu,tofu
39267ddba7b95b5,How are the sliced green scallions arranged in the soup,scattered across,scattered on top
39267ddba7b95b5,What color is the geometric pattern on the bowl's rim,blue,blue and white
48462df2eb117b1,What color is the Miso Honey Dressing,reddish-brown,red
48462df2eb117b1,What type of container is the Miso Honey Dressing in,jar,glass bottle
48462df2eb117b1,What is the texture of the Miso Honey Dressing,viscous,chunky and thick
48462df2eb117b1,Where are the green onion and sesame seeds located,on the top,on the top of sauce
48462df2eb117b1,What is placed beside the jar of Miso Honey Dressing,tomatoes,cherry tomatoes
0bfd3b543549aa0,What is the Chex Mix served in,bowl,glass bowl
0bfd3b543549aa0,How are the ingredients in the bowl arranged,mixed,mixed together in bowl
0bfd3b543549aa0,What color are the Chex cereal pieces,brown,brown and tan
0bfd3b543549aa0,What color are the Goldfish crackers,orange,light orange
0bfd3b543549aa0,Where is the Spicy Buffalo Chex Mix placed,in a clear glass bowl,in a glass bowl
b7cc7018ab8a658,What color is the wooden bowl,brown,brown
b7cc7018ab8a658,What is the snack mix served in,bowl,wooden bowl
b7cc7018ab8a658,What type of sweet treats are included in the snack mix,candies,candy corn and pretzels
b7cc7018ab8a658,What color are the Bugles in the snack mix,golden-brown,yellow and red
dc76426a240bd72,What color is the checkered cloth,blue,blue and white
dc76426a240bd72,What material is the surface the bowls are sitting on,wooden,wooden cutting board
dc76426a240bd72,What type of snack is golden brown in the bowls,pretzels,pretzels
dc76426a240bd72,What color are the cheese-flavored sticks,orange,orange
dc76426a240bd72,Where is the bowl with the blue and white checkered cloth located,on the left,left of the right bowl
ffed70feaf2c3d8,What color is the caramel corn,beige,brown and white
ffed70feaf2c3d8,What color are the pretzels,brown,brown and tan
ffed70feaf2c3d8,Where are the pretzels scattered mostly,towards the bottom,on the bottom
869d6b1bdc93aba,What color is the Mocha au Lait Mix,brown,brown and white
869d6b1bdc93aba,What is the container for the Mocha au Lait Mix,jar,glass jar
869d6b1bdc93aba,What is the state of the Mocha au Lait Mix in the jar,filled,full in a jar
869d6b1bdc93aba,What color are the pieces in the Mocha au Lait Mix,white,brown and white
869d6b1bdc93aba,Where is the jar filled with white powder located,to the left of,left of the jar
958fef1593cd2eb,What is the primary color of the mocha drink,brown,brown
958fef1593cd2eb,What is the texture of the top layer of the drink,foamy,whipped cream
958fef1593cd2eb,What is on top of the mocha drink,with whipped cream,whipped cream and chocolate chips
958fef1593cd2eb,Where are the chocolate chips located,scattered,on top of whipped cream
638bf82e40fbb3d,What is the hue of the mojito,yellow-green,yellowish green
638bf82e40fbb3d,What type of drink is shown in the image,mojito,lemonade
638bf82e40fbb3d,What color are the mint leaves in the mojito,green,green
638bf82e40fbb3d,How is the mojito served in the image,by the pitcher,in a pitcher
638bf82e40fbb3d,What describes the appearance of the mint leaves,fresh,green and fresh
bc20ea826ad34ab,What color is the mojito located at the top left,green,green
bc20ea826ad34ab,What type of drink is shown in the image,mojito,cocktail
bc20ea826ad34ab,What color is the mojito with mint leaves and a gold straw,yellow,light green
bc20ea826ad34ab,What fruit is in the light pink mojito,strawberry,strawberry
f54d9b4f31ab88c,What is the color of the glasses holding the mousse,transparent,clear
f54d9b4f31ab88c,What type of dessert is shown in the image,mousse,milkshakes
f54d9b4f31ab88c,What color is the coffee powder on top of the mousse,brown,brown
f54d9b4f31ab88c,How would you describe the texture of the mousse,creamy,fluffy and creamy
f54d9b4f31ab88c,Where are the mousses placed,on a silver tray,on a silver tray
42a76678c4704ca,What color is the top of the muffins,golden-yellow,yellow and black
42a76678c4704ca,What type of baked goods are shown in the image,muffins,muffins
42a76678c4704ca,What is the front muffin doing to the muffin behind it,obscuring,hiding it
42a76678c4704ca,What color is the serving dish,blue,blue
b65addd2e59de92,What type of drink is the Limoncello Mule,beverage,lemon and mint drink
b65addd2e59de92,What do the ice cubes fill in the glass,fill,the glass is full of ice
b65addd2e59de92,What color are the ice cubes,white,clear or white
b65addd2e59de92,Where is the sprig of mint leaves located,on top of,on top of the glass
5a2032b309c2f30,What material is the mug made of,copper,copper mug
5a2032b309c2f30,What type of drink container is used,mug,copper mug
5a2032b309c2f30,What color is the lime twist on the mug,green,green
5a2032b309c2f30,What color is the candied ginger,yellow,green
5a2032b309c2f30,Where is the slice of lime placed,on the wooden surface,in the glass
ea5af326b0c0ae0,What color are the mushrooms,brown,brown and tan
ea5af326b0c0ae0,What type of food is shown in the image,mushrooms,pork with onions and herbs
ea5af326b0c0ae0,How does the sauce on the mushrooms appear,glossy,thick and brown
ea5af326b0c0ae0,What color are the leaves scattered throughout the mushrooms,green,green
ea5af326b0c0ae0,How are the mushrooms arranged,in a pile,in a pile
49867bb4f0e8a8e,What color are the scrambled eggs,yellow,yellow and white
49867bb4f0e8a8e,What is the main ingredient mixed with the mushrooms,eggs,eggs
49867bb4f0e8a8e,What type of vegetable is mixed with the eggs,mushroom,mushrooms
49867bb4f0e8a8e,What color are the mushrooms,brown,brown and white
2f23310ae0cd1ac,What is the main protein in the dish,chicken,chicken
2f23310ae0cd1ac,What color is the creamy dijon sauce,brown,orange-brown
2f23310ae0cd1ac,Where is the chicken located in the bowl,on the right,on top of rice
2f23310ae0cd1ac,What are the small green specks on the sauce,herbs,chopped parsley
003a0414a7b4b4d,What is the texture of the mushrooms,creamy,fried and browned
003a0414a7b4b4d,What type of food is being cooked,mushrooms,stir fry mushrooms
003a0414a7b4b4d,What color is the pan,black,black
003a0414a7b4b4d,Where are the mushrooms being cooked,from the pan,in a pan on the stove
003a0414a7b4b4d,What color are the darker parts of the mushrooms,brown,black
6b9c89697a4e683,What color are the enoki mushrooms in the image,yellow,white
6b9c89697a4e683,What type of mushrooms are shown in the image,enoki mushrooms,enoki mushrooms
6b9c89697a4e683,How do the strands of enoki mushrooms appear in the image,tangled,long thin and white
6b9c89697a4e683,What is the shape of the enoki mushrooms in the image,strands,thin string-like
ae3d0682c44e12e,What is the state of the mussels in the broth,immersed,open and cooked
ae3d0682c44e12e,What type of seafood is primarily black and in the center of the image,mussels,mussels
ae3d0682c44e12e,What color is the broth surrounding the mussels,orange-red,red
ae3d0682c44e12e,What color is the chorizo in the broth,brownish-red,red
ae3d0682c44e12e,Where is the piece of bread located in the image,on the left,on the left of bowl
ced462fa8f5ce2e,What is the color of the mustard sauce,yellow-orange,yellow
ced462fa8f5ce2e,What is happening to the mustard sauce above the jar,pouring,mustard sauce being poured
ced462fa8f5ce2e,What is the mustard sauce stored in,jar,glass jar
ced462fa8f5ce2e,What is the cutting board made of,wooden,wood
ced462fa8f5ce2e,Where is the spoonful of mustard sauce held,above the jar,in the air above jar
4fde47f85a2d62f,What material is the jar made of,glass,glass
4fde47f85a2d62f,What type of surface is the jar on,wooden,wooden table top
4fde47f85a2d62f,What condiment is in the jar,mustard,mustard
4fde47f85a2d62f,Where is the jar located relative to the silver spreader,to the right,to the right
832f0e5e873a85a,What type of mustard is in the jars,dijon,whole grain mustard
832f0e5e873a85a,What color is the mustard in the jars,tan,yellow
832f0e5e873a85a,How are the jars arranged in the image,lined up,in a row
832f0e5e873a85a,What containers hold the mustard,jars,mason jars
87b272a4cbacfdb,What is the texture of the vegan nacho cheese,creamy,smooth and creamy
87b272a4cbacfdb,What food is the vegan nacho cheese poured over,nachos,vegan nacho cheese on chips
87b272a4cbacfdb,What color is the vegan nacho cheese,light-orange,yellow
87b272a4cbacfdb,Where is the chopped green onions scattered,on top of,on nachos and cheese
87b272a4cbacfdb,What is the vegan nacho cheese held in,bowl,glass bowl
af8cb9fe3adcc14,What is the base of the dish made of,potato,tortilla chips
af8cb9fe3adcc14,What color is the plate,white,white
af8cb9fe3adcc14,What color are the potato wedges,golden-brown,light brown
af8cb9fe3adcc14,What is melted over the potatoes,cheese,cheese
af8cb9fe3adcc14,Where are the quick potato nachos placed,on a plate,on a white plate
a87e8139eb5bf66,What is drizzled on top of the nachos,chocolate,chocolate syrup
a87e8139eb5bf66,What type of chips are used for the nachos,nachos,corn tortilla chips
a87e8139eb5bf66,What color are the tortilla chips,brown,brown
a87e8139eb5bf66,What color is the paper plate,white,white with floral design
a87e8139eb5bf66,Where is the ice cream and chocolate sauce primarily concentrated,on top of,on the pizza
7745d02f7aac9ca,What is the texture of the nectarine refresher,smooth,liquid and smooth
7745d02f7aac9ca,What is the nectarine refresher served in,glass,a clear glass
7745d02f7aac9ca,What color is the nectarine refresher,pink,pink
7745d02f7aac9ca,What type of drink is in the glass,refresher,strawberry smoothie
2bf4c23266f6f36,What type of dish is being described,soup,chicken soup
2bf4c23266f6f36,What color are the jalapeño slices,green,green
2bf4c23266f6f36,What type of meat is in the soup,chicken,chicken
2bf4c23266f6f36,Where is the lime wedge located,on the lower-right,in the soup bowl
35fecfa515fed5b,What color is the bowl,light blue,blue with brown trim
35fecfa515fed5b,What is the food served in,bowl,a bowl of noodles
35fecfa515fed5b,How much of the bowl do the noodles occupy,fill,the noodles occupy the bowl
35fecfa515fed5b,What color are the noodles,yellow,yellow
35fecfa515fed5b,Where are the noodles located in the image,in the center,center of image
2dcd9ac80de058d,What is the texture of the catfish nuggets,crunchy,breaded and crispy
2dcd9ac80de058d,What type of food is arranged on the plate,nuggets,chicken nuggets
2dcd9ac80de058d,What color is the plate,white,white and black
2dcd9ac80de058d,Where are the catfish nuggets located on the plate,on the right side,on the right side
2dcd9ac80de058d,What color is the sauce on the plate,red,red
8f2c50a0a19996f,What type of nuts are covered in chocolate,corn nuts,peanuts
8f2c50a0a19996f,What color is the chocolate coating,brown,brown
8f2c50a0a19996f,Where is one cluster of chocolate-covered corn nuts located,on the napkin,top right corner
4c2f9a94422a2e9,What color is the pie crust,golden-brown,brown
4c2f9a94422a2e9,What type of pie is shown,oatmeal,apple pie
4c2f9a94422a2e9,What is inside the pie crust,filling,filling is apples
4c2f9a94422a2e9,What color is the shredded coconut,white,white
4c2f9a94422a2e9,Where is the slice of pie placed,on a white surface,on a white plate
0bc89d050cedc1c,What color are the overnight buckwheat oats,beige,brown
0bc89d050cedc1c,What do the buckwheat oats do in the bowl,fill,oatmeal for breakfast
0bc89d050cedc1c,What type of berries are dark blue and on top of the oats,blueberries,blueberries
0bc89d050cedc1c,What color are the red berries,red,red
0bc89d050cedc1c,Where are the blueberries and red berries located,on top,on the oatmeal in bowl
d0530bab5c8a27e,What color is the cooking pot,black,black
d0530bab5c8a27e,What is the main ingredient in the dish besides okra,rice,rice
d0530bab5c8a27e,What color are the okra pieces,green,green
d0530bab5c8a27e,What vegetable is mixed with the rice,okra,celery
d0530bab5c8a27e,In what type of pot is the okra rice cooked,in a black cooking pot,a wok
63259c61ebc63e5,What color is the chicken breast,beige,light brown
63259c61ebc63e5,What type of meat is at the center of the plate,chicken,chicken
63259c61ebc63e5,What color are the olives,green,green and black
63259c61ebc63e5,Where are the green olives placed,on top,on top of the dish
63259c61ebc63e5,What are the bright red halved fruits on the chicken,tomatoes,cherry tomatoes
07fd6296d93bc13,What color are most of the olives,golden,green olives
07fd6296d93bc13,What type of food is shown in the image,olives,olives in cheese balls
07fd6296d93bc13,What has been done to three of the olives,cut,cut in half
07fd6296d93bc13,Where are the cut olives located,on the bottom,on the plate
07fd6296d93bc13,What color are the insides of the cut olives,green,green
861fbbe85de778d,What material is the cutting board made of,wooden,wood
861fbbe85de778d,What type of bread is displayed,bread,sourdough raisin bread
861fbbe85de778d,What color are the olive pieces in the bread,black,black
861fbbe85de778d,What color is the crust of the bread,golden-brown,golden brown
861fbbe85de778d,Where is the bread placed,on a wooden cutting board,on a wooden cutting board
6f5f740fb4a87c2,Are the olives visible in the jar,visible,yes the olives are visible
6f5f740fb4a87c2,What type of food is inside the jar,olives,pickles and lemons
6f5f740fb4a87c2,What material is the jar made of,glass,glass
425e9f115ea8100,What color is the plate,white,white
425e9f115ea8100,What color is the omelet,yellow,yellow and brown
425e9f115ea8100,What is the filling doing to the omelet,spilling out of,spilling out of omelet
425e9f115ea8100,What type of meat is in the filling,bacon,bacon
425e9f115ea8100,How are the onions prepared in the filling,mixed,chopped and cooked
1f5e476034d2636,Where is the spinach located,located on the left side,under the egg
1f5e476034d2636,What is the main ingredient of the top layer of the dish,omelette,eggs
1f5e476034d2636,How is the feta cheese distributed in the dish,scattered,scattered in chunks
1f5e476034d2636,What color are the tomato slices,red,red
b78d925a20b5499,What color are the caramelized onions,caramelized,brown
b91602b9b0ce9ab,What has happened to the cheese,melted,the cheese is melted
b91602b9b0ce9ab,What ingredient appears as light brown to dark brown strands and chunks,onions,cheese
b91602b9b0ce9ab,What color are the onions,brown,brown and white
b91602b9b0ce9ab,What ingredient covers the entire top surface of the dish,cheese,cheese
b91602b9b0ce9ab,Where are the onions more concentrated,towards the bottom,bottom left of casserole
67117992b296d76,What color is the hot dog,reddish-brown,brown
67117992b296d76,How is the hot dog positioned in the bun,nestled,on top of bun
67117992b296d76,What color are the onions,orange,red
67117992b296d76,Where is the bowl of onions located in relation to the hot dog,to the left of,behind the hot dog
1c3a4f30fe5d2a1,What color are the roasted oranges,orange,orange
1c3a4f30fe5d2a1,What are the roasted oranges served on,plate,plate
1c3a4f30fe5d2a1,How would you describe the color of the roasted oranges,vibrant,orange with brown edges
03ad6b911f92ca4,What is the texture of the white layer on top of the drink,thick,foamy or frothy
03ad6b911f92ca4,What type of beverage is the Orange Glorious II,drink,milkshake
03ad6b911f92ca4,What is the mint leaf used for on the drink,garnished,garnish
03ad6b911f92ca4,What color is the mint leaf used as garnish,green,green
03ad6b911f92ca4,Where are the bright orange pieces from the drink located,at the bottom,in the glass
8442a41c2de89de,What color is the light pink layer,pink,pink
8442a41c2de89de,Does the dessert contain Oreo,oreo,no it contains chocolate chips
8442a41c2de89de,Is the whipped topping sprinkled with chocolate chips,sprinkled,yes
8442a41c2de89de,Where are the chocolate chips scattered,on top surface,on top of the cake
9ffec9e57522152,What shape is the Cajun Oyster Pie,circular,round
9ffec9e57522152,What part of the pie is decorated with a star,crust,upper left portion
f58a02071aaec42,What shape is the plate,star-shaped,star-shaped
f58a02071aaec42,What type of seafood is featured in the image,oysters,oysters
f58a02071aaec42,What color are the herbs on the oysters,green,green and white
f58a02071aaec42,Where are the oysters placed,on a star-shaped plate,on a white plate
421870f09cf9265,What color is the ice bed,white,white
421870f09cf9265,What type of seafood is shown,oysters,oysters
421870f09cf9265,What color is the liquid inside the oyster shells,yellow,yellow
421870f09cf9265,What color are the cooked bacon pieces,reddish-brown,brown
bb7bc9e1f7ec7b8,What color is the bowl,white,the bowl is white
bb7bc9e1f7ec7b8,What color is the rice in the paella,yellow,yellow
bb7bc9e1f7ec7b8,How are the mussels arranged in the bowl,scattered,on top of rice
bb7bc9e1f7ec7b8,What type of seafood is near the top and bottom of the bowl,shrimp,shrimp
bb7bc9e1f7ec7b8,Where is the squid located in the dish,in a bowl,in the middle
246d3e9d0a52a4a,What type of meat is included in the paella besides shrimp,chicken,chicken
246d3e9d0a52a4a,How are the shrimp distributed in the paella,scattered,scattered throughout the paella
246d3e9d0a52a4a,What color are the pieces of chicken in the paella,orange-brown,brown
246d3e9d0a52a4a,What seafood is included in the paella,shrimp,shrimp
5964496678097b7,What color are the green onions in the pancake,green,green
5964496678097b7,What type of food is shown in the image,pancake,quesadillas
5964496678097b7,What color is the plate,white,the plate is white
5964496678097b7,What color is the pancake's surface,golden brown,brown and white
5964496678097b7,Where are the pancakes located on the plate,on the left side,on the left side
ca56d40bbb8f833,What is the taste of the pancakes,salty,sweet and fluffy
ca56d40bbb8f833,What type of food is shown in the image,pancakes,naan bread
ca56d40bbb8f833,How were the pancakes prepared,cooking,waffle maker
ca56d40bbb8f833,What color is the base of the pancakes,yellow,light brown
dabd4bad6169994,What color are the paneer cubes,golden yellow,yellow
dabd4bad6169994,What is the main ingredient in the dish,paneer,chicken
dabd4bad6169994,What color is the gravy,reddish-brown,brown
dabd4bad6169994,Where are the cilantro leaves placed,on top,on top of the dish
dabd4bad6169994,How would you describe the cilantro leaves,vibrant,chopped and sprinkled on top
16f44d88446908d,What color is the Palak Paneer,green,green
16f44d88446908d,What is the shape of the container holding the Palak Paneer,bowl,round bowl
16f44d88446908d,What color is the bowl,blue,blue
16f44d88446908d,How are the cubes of Paneer distributed in the Palak Paneer,scattered,randomly placed cubes
16f44d88446908d,"Where is the thin, white cream drizzled",on top,on top of the soup
72baeae4b31f87f,What fruit is used in the parfait,cranberry,strawberry
72baeae4b31f87f,What is the bowl made of,glass,glass
72baeae4b31f87f,What color is the bottom layer of the parfait,red,red
72baeae4b31f87f,Where is the bowl placed,on a table,on a wooden table
72baeae4b31f87f,What color is the cream layer in the parfait,white,white
9754b1ddb854f12,What type of dessert is shown in the image,parfaits,strawberry shortcake
9754b1ddb854f12,What color are the sliced strawberries,red,red
9754b1ddb854f12,Where are the granola pieces sprinkled,on top,on top of the fruit
9754b1ddb854f12,What fruit is peeking out from behind the strawberry fan,orange,blueberries
52fcd4430f4183a,What color is the soup,yellow,yellow
52fcd4430f4183a,What does the soup do inside the bowl,fills,no action performed by soup
52fcd4430f4183a,What type of soup is it,vegetable,pumpkin soup
52fcd4430f4183a,What color is the dollop in the center,white,white
52fcd4430f4183a,Where is the dollop located in the soup,in the center,center of the soup
79ced46151bbe7a,What shape is the bowl containing the mashed parsnips,round,round bowl
79ced46151bbe7a,What vegetable is mashed in the bowl,parsnips,potato
79ced46151bbe7a,What color are the mashed parsnips,beige,white
79ced46151bbe7a,How would you describe the texture of the mashed parsnips,smooth,smooth and creamy texture
6092f585b9a1ca9,What type of meat is used in the dish,chicken,chicken
6092f585b9a1ca9,What color is the tomato-based sauce,reddish-orange,red
6092f585b9a1ca9,What type of pasta is used in the dish,pasta,penne pasta
6092f585b9a1ca9,Where are the white beans located in the dish,scattered amidst,mixed with pasta
6092f585b9a1ca9,What is the size of the red tomatoes in the dish,diced,small
6fd53226d02f234,What color is the bright cheese on top of the pasta,orange,orange and white
6fd53226d02f234,What type of food is the main component of the dish,pasta,pasta
6fd53226d02f234,What is the state of the white cheese on top of the pasta,melted,melting
6fd53226d02f234,What color is the base layer of the pasta,brownish-tan,yellowish orange
7f8b5fc69d20db3,What color is the pasta in the image,beige,light yellow
7f8b5fc69d20db3,What type of pasta is in the image,pasta,penne pasta
7f8b5fc69d20db3,What seafood is included in the dish,shrimp,shrimp
7f8b5fc69d20db3,What color are the asparagus spears in the image,green,green
7f8b5fc69d20db3,Where are the capers mostly located in the image,over the shrimp,on top of shrimp
c16a6bf8525f695,How are the diced chicken pieces distributed in the dish,scattered,evenly throughout the dish
c16a6bf8525f695,What is the base of the dish made of,pasta,pasta
c16a6bf8525f695,What color is the pasta in the dish,yellow,yellow
c16a6bf8525f695,Where is the shredded cheese placed in the dish,on top,on top of the noodles
be20945d4d2f1af,What is the main component of the dish,dish,pasta
be20945d4d2f1af,What color are the tomatoes,red,red
be20945d4d2f1af,How are the tomatoes arranged in the dish,scattered,scattered in the pasta
0828e13422d34d9,What vegetable is included in the pasta,eggplant,tomato
0828e13422d34d9,What color are the pasta tubes,golden-yellow,brown and white
0828e13422d34d9,Where is the larger portion of pasta served,bowls,front of picture
0828e13422d34d9,What color is the handle of the fork,with a brown wooden handle,brown
0828e13422d34d9,What color is the parmesan cheese on top,white,white
b56fe91729ed59b,What color is the lemon curd,yellow,yellow
b56fe91729ed59b,What fruit is on top of the lemon curd,blueberries,blueberries
b56fe91729ed59b,Where are the blueberries located,nestled among,center of the cake
b56fe91729ed59b,What dessert is being described,pavlova,pavlova with berries and cream
97f31ab9cff2ce8,What is the color of the split pea soup,greenish-yellow,green and yellow
97f31ab9cff2ce8,What type of dish is the greenish-yellow mixture,soup,soup
97f31ab9cff2ce8,What is the color of the bowls containing the soup,white,white
97f31ab9cff2ce8,Where is the silver spoon in relation to the soup,submerged,in the bowl
080a08688d3f0e9,What type of food is in the bowl,peas,peas
080a08688d3f0e9,Where are the peas located,bowl,in a white bowl
080a08688d3f0e9,What cuisine do the peas belong to,italian,european cuisine
080a08688d3f0e9,Where are the peas positioned in the frame,on the right side,center of the frame
bf93c4762564a50,How would you describe the color of the peaches,vibrant,orange and yellow
bf93c4762564a50,What is the spoon doing with the peach slices,holding,scooping the peaches
bf93c4762564a50,What color is the skillet,white,white
bf93c4762564a50,Where is the skillet located in the image,in the center,upper left corner
af12c2c429e30b2,What color is the liquid in the glasses,yellow-orange,yellow
af12c2c429e30b2,What type of container holds the Peach Bellinis,glasses,glass cups
af12c2c429e30b2,What material is the board that the glasses are placed on,wooden,wood
af12c2c429e30b2,Where are the peach slices placed on the glasses,on the rim,on the rims of glasses
af12c2c429e30b2,What color are the peach slices on the rim of the glasses,reddish-yellow,light orange
c37969d9f8d91ec,What type of drink is featured in the image,margaritas,orange juice
c37969d9f8d91ec,How are the Peach Margaritas presented,served,cup with salt on the rim
c37969d9f8d91ec,How would you describe the color of the margaritas,bright,orange
c37969d9f8d91ec,What are the drinks served in,glasses,margarita glasses
c37969d9f8d91ec,Where are the margaritas positioned in the frame,in the center,center of the image
1f020898833f361,What type of beverage is shown in the image,tea,peach smoothie
1f020898833f361,What is the person in the image doing with the peach tea,drinking,drinking the peach tea
1f020898833f361,What flavor is the tea in the image,peach,peach
1f020898833f361,What color are the straws in the glasses,yellow,yellow and white
1f020898833f361,Where is the second glass of peach tea positioned,to the right,behind the first glass
e58d9abdaf831a2,What color is the liquid in the pitcher,peachy-orange,red
e58d9abdaf831a2,What is the sangria served in on the left,pitcher,pitcher
e58d9abdaf831a2,What color are the strawberries in the sangria,red,red
e58d9abdaf831a2,Where is the glass pitcher positioned,on the left,on the left side
2987d882d66a7e8,What color is the peanut butter in the cookie on the left,dark,brown
2987d882d66a7e8,What type of butter is used in the cookies,peanut butter,unsalted butter
2987d882d66a7e8,What color is the cookie part of the Peanut Butter Temptations II,golden brown,brown
2987d882d66a7e8,Where is the cookie with light brown peanut butter located,on the lower right,front right
2987d882d66a7e8,What type of dessert is shown in the image,cookie,tarts
a2f7338a23dae10,What color is the peanut butter ice cream topping,light brown,brown
a2f7338a23dae10,What type of food is the topping made of,ice cream,chocolate syrup
a2f7338a23dae10,What is the consistency of the peanut butter ice cream topping,smooth,liquidy and shiny
a2f7338a23dae10,Where is the reflective surface particularly noticeable,near the top,top left of image
d52439fae098204,What color is the plate,yellow,white
d52439fae098204,What type of food is shown in the image,muffins,muffins
d52439fae098204,How would you describe the appearance of the muffins,perfect,golden brown with white frosting
d52439fae098204,What color are the paper liners of the muffins,white,white
d52439fae098204,Where are most of the muffins placed,on the plate,on a plate
3b04aeb0107acac,What color are the pears,red,purple
3b04aeb0107acac,Where are the pears located in the image,in the left side,center of the bowl
b076ebd5863251a,What color is the pecan filling,brown,brown
b076ebd5863251a,What type of nuts are used in the pie,pecan,pecans
b076ebd5863251a,What color is the whipped cream on one of the pies,white,white
b076ebd5863251a,Where is the pecan filling located,on top,on top of the dessert
b076ebd5863251a,What color are the scattered pecans,reddish-brown,brown
3718baab129db6e,What color are the crackers,tan,yellow
3718baab129db6e,How are the two crackers in the foreground positioned,overlapping,one on top of the other
3718baab129db6e,What color are the specks on the crackers,brown,brown and black specks
3718baab129db6e,Where is the pecan pepper appetizer located,on the cracker,on a cracker
3718baab129db6e,What type of dish is the pecan pepper mixture,appetizer,pecan pepper spread
e57b2feba7c0dd2,What type of pasta is in the bowl,penne,penne pasta
e57b2feba7c0dd2,How is the penne pasta arranged in the bowl,distributed,in a circular pattern
e57b2feba7c0dd2,What color is the mango chile sauce,red,red
e57b2feba7c0dd2,What herb is scattered on top of the pasta,cilantro,basil
e57b2feba7c0dd2,Where is the cilantro placed,on top of,on top of the pasta
3f3ebc236374bd6,What type of pasta is visible in the image,penne,penne pasta
3f3ebc236374bd6,What color are the peppers in the dish,red-orange,red and yellow
3f3ebc236374bd6,How are the peppers prepared in the dish,sauteed,diced and sauteed
3f3ebc236374bd6,What is distributed throughout the dish alongside the penne,peppers,sausage and peppers
176aa7a0d1fac3f,What color are the Padron peppers,green,green
176aa7a0d1fac3f,What type of vegetable is shown in the image,peppers,green chili peppers
176aa7a0d1fac3f,Where are the peppers scattered across,scattered across,on a white plate
176aa7a0d1fac3f,How do the peppers appear on the plate,glistening,green peppers on plate
c19a3ea29eeebad,What color is the container,white,white
c19a3ea29eeebad,What type of sauce is in the container,pesto,wasabi
c19a3ea29eeebad,What is the chive pesto stored in,container,a plastic container
c19a3ea29eeebad,How would you describe the green color of the pesto,vibrant,bright green and vibrant
e83d92fa9726ea1,How does the walnut pesto appear in terms of texture,textured,thick and chunky
e83d92fa9726ea1,What type of sauce is primarily green and textured,pesto,pesto sauce
e83d92fa9726ea1,What does the walnut pesto fill in the image,fills,walnut pesto
e83d92fa9726ea1,What color is the ceramic bowl,white,the bowl is white
e83d92fa9726ea1,Where are the fresh basil leaves placed,on top of,on top of the dip
ac6d8e898685baa,What is the main protein in the dish,chicken,chicken
ac6d8e898685baa,Where are some of the capers falling,falling onto,on the plate
ac6d8e898685baa,What color are the capers,green,green
ac6d8e898685baa,How are the chicken pieces arranged in the image,scattered,two pieces side by side
7f4a3652f38c3ca,What is the main ingredient in the jar,pickles,yellow squash
7f4a3652f38c3ca,What material is the jar made of,glass,glass
7f4a3652f38c3ca,Is the jar full or empty,full,full
7f4a3652f38c3ca,What color are some of the zucchini slices,yellow,yellow and green
7f4a3652f38c3ca,How are the zucchini pickles cut,sliced,sliced into rings
23c54d8ee77e341,What color are the candied dill pickles,yellowish-green,yellow
23c54d8ee77e341,What type of pickles are shown in the image,pickles,dill pickle spears
23c54d8ee77e341,Where is the jar filled with pickles located,on the left side,top left of the image
23c54d8ee77e341,What color is the bowl on the right side,white,white
80b4940c04976c6,What is the color of the glass jar,clear,clear
80b4940c04976c6,What type of food is inside the jar,pickles,pickle
80b4940c04976c6,What color are the pickles,green,green and yellow
80b4940c04976c6,Where are the pickles stored,in a jar,in a jar on the table
f631b6ffa9f8e44,What is the state of the cheese layer on top of the pie,melted,melted and brown
f631b6ffa9f8e44,What type of food is primarily located on the right side of the image,pie,pie
f631b6ffa9f8e44,What color is the crust of the pie,tan,golden brown
f631b6ffa9f8e44,What color is the baking tin the pie is sitting in,silver,silver
d1323e9519e7ce3,What type of fruit is used in the pies,apricot,apple pie
d1323e9519e7ce3,What color are the pies,golden-brown,golden brown
d1323e9519e7ce3,What type of dessert is shown in the image,pies,puff pastry pastries
d1323e9519e7ce3,What is the texture of the pies,uneven,crunchy and flaky
e8022d21e4305f3,What type of dessert is shown in the image,pie,blueberry pie
e8022d21e4305f3,What color is the ceramic dish,white,white
e8022d21e4305f3,What color is the plate under the dish,green plate,green
d759993231e4ae6,What color are the pierogi,yellow,yellow
d759993231e4ae6,What type of food is shown in the image,pierogi,pierogies
d759993231e4ae6,Where are the pierogi placed,on the plate,on a plate
d759993231e4ae6,Where is the pierogi located in the middle of the plate,center,center of plate
9847bc5024dc67b,What color is the plate,white,white
9847bc5024dc67b,What color is the hotdog,pinkish-red,red
9847bc5024dc67b,Where are the pigs in a blanket placed,on a plate,on a white plate
def28ab9ad33050,What is the main ingredient in the Apricot Almond Pilaf,rice,apricots and almonds
def28ab9ad33050,Where are all the food items placed,inside the bowl,in a bowl
da6f20f25f32a9d,What color is the base of the rice,yellow,yellow
da6f20f25f32a9d,How are the slices of red bell peppers arranged,scattered,mixed with other vegetables
da6f20f25f32a9d,What is the main ingredient in the pilaf,rice,rice
da6f20f25f32a9d,What color are the bell pepper slices partially visible beneath the yellow rings,red,red and green
da6f20f25f32a9d,Where are the green bell pepper slices mostly located,on the left,bottom left corner
a6d484ebeacc37e,What size is the glass punch bowl,large,large
a6d484ebeacc37e,Where is the coconut shell cup located,to the lower left,bottom left of bowl
1c9c8473c25453f,What is the primary flavor of the pinwheels,chocolate,chocolate and coconut
1c9c8473c25453f,What color is the dark chocolate component of the pinwheel,brown,dark brown
1c9c8473c25453f,Where is the larger pinwheel located,on the left,on the left
d16d3b9f8992526,What is the temperature of the pinwheels,hot,very hot
d16d3b9f8992526,What color are the onion pieces on the pinwheels,brown,dark brown
d16d3b9f8992526,Where are the onion pieces located on the pinwheels,on top,on top of pinwheels
f18e99e9dcc91a3,What type of bread is shown in the image,bread,flatbread or pita bread
f18e99e9dcc91a3,What color is the gluten-free pita flatbread,brown,brown
f18e99e9dcc91a3,Where is part of the bread located,on the plate,on the white plate
f18e99e9dcc91a3,What is scattered on the plate under the bread,crumbs,chicken and tomato pieces
c1b6d1ed9795a47,What color is the plate,white,the plate is white
c1b6d1ed9795a47,What type of bread is shown in the image,bread,naan bread
c1b6d1ed9795a47,What color is the napkin,red,red
c1b6d1ed9795a47,What color is the pita bread,tan,the pita bread is golden
c1b6d1ed9795a47,Where is the pita bread placed,on a white plate,on a plate
025ee3dfc1e85c2,How are the pear slices arranged on the pizza,arranged,radial slices of pear
025ee3dfc1e85c2,What fruit is placed on top of the cheese,pear,pears
025ee3dfc1e85c2,Where are the pear slices placed on the pizza,on top of,on top of the crust
09ffcc95dea0190,What color is the pizza pan,silver,silver
09ffcc95dea0190,What type of food is shown in the image,pizza,pizza dough
09ffcc95dea0190,What color is the tomato sauce,red,red
09ffcc95dea0190,What color is the crust,beige,light brown
09ffcc95dea0190,What is the shape of the pizza pan,on a round,round
03c09164b78a5c8,What color is the crust of the cobbler,golden-brown,yellowish brown
03c09164b78a5c8,Where is the baking dish located,on the left,top left of image
3a8a01d4826590d,What type of bread is shown in the image,plum bread,muffins
3a8a01d4826590d,What color is the plate,white,white
3a8a01d4826590d,What color is the base of the plum bread,tan,brown
3a8a01d4826590d,What is the texture of the top of the plum bread,cracked,cracked and dry
3a8a01d4826590d,Where is the plate placed,on a plate,on a black table
9925a351bf1ca8c,What is the color of the watermelon's interior,pink,red
9925a351bf1ca8c,What is the food served on,plate,white plate
9925a351bf1ca8c,What is the color of the watermelon's flesh,red,red
9925a351bf1ca8c,What green herb is beside the watermelon slice,parsley,parsley
e5661bb8414166b,What type of dish is featured in the image,polenta,macaroni and cheese
e5661bb8414166b,What color is the polenta,yellow,yellow
e5661bb8414166b,What color is the parsley garnish,green,green
8d5dbc4a9462c53,What is the dish in the lower center of the image,polenta,macaroni and cheese
8d5dbc4a9462c53,Where is the polenta located in the image,in the lower center,center of the image
8d5dbc4a9462c53,How is the corn prepared in the polenta,roasted,canned and mixed in
4668800e907780a,What color are the chicken pieces,beige,white
4668800e907780a,What type of meat is in the dish,chicken,chicken
4668800e907780a,What color is the cream sauce,yellow,off-white
4668800e907780a,What color is the sauce covering the dish,cream,yellow
953f6be44a13027,What color are many of the rice grains coated in,yellow,orange and yellow
953f6be44a13027,What is the main grain used in the dish,rice,rice
953f6be44a13027,What color is the ground meat mixed with the cabbage,brown,brown
953f6be44a13027,What color are the pieces of cabbage,in light yellow,yellow and white
6908c6556f00d12,How are the dark brown pieces of meat and green beans distributed in the rice,interspersed,scattered throughout the rice
6908c6556f00d12,What is the main ingredient in the lower half of the image,rice,rice
6908c6556f00d12,What color are the diced tomatoes in the salad,red,red
6908c6556f00d12,What color are the diced cucumbers in the salad,green,green
6908c6556f00d12,Where is the salad located in relation to the rice,above the rice,above the rice
c664b30dc984fe4,What color is the frosting on the cake pop,pink,pink
c664b30dc984fe4,What type of dessert is the food item,cake,cake pop
c664b30dc984fe4,What are the sprinkles on the cake pop like,colorful,white yellow and pink
c664b30dc984fe4,Where is the cake pop placed,on a light brown surface,on a wooden table
77f4c5b414b903a,What color are the ice pops,brown,light brown
77f4c5b414b903a,What type of food is shown in the image,ice pops,popsicle
77f4c5b414b903a,What color is the plate,white,white
77f4c5b414b903a,Where are the ice pops placed,on a white plate,on a white plate
77f4c5b414b903a,What is the state of the background objects,blurred,blurry and out of focus
95c0881264faca7,What color are the gingersnap cookies,brown,brown
95c0881264faca7,What type of baked goods are shown in the image,cookies,pumpkin cookies
95c0881264faca7,Where are the cookies placed,on a metal baking sheet,on a cookie sheet
cc8ab18052f66ff,How does the surface of the chicken appear,shiny,brown and crispy
cc8ab18052f66ff,What is the color of the rice,rice,brown
cc8ab18052f66ff,What is the color of the chicken surface,brown,brown
cc8ab18052f66ff,How are the chicken pieces arranged,stacked on,chicken is on top of rice
efa79f62e1212b8,What color is the bowl,pink,pink
efa79f62e1212b8,What is holding the candied almonds,bowl,pink bowl or cup
efa79f62e1212b8,What color are the candied almonds,brown,brown
a9de64865353ad1,What type of nuts are in the jar,almonds,almonds
a9de64865353ad1,What is the container for the almonds,jar,glass jar
a9de64865353ad1,Where are the scattered almonds located,on the same surface,on the wooden board
9a2122c94391ed2,What color is the almond tea,orange,orange
9a2122c94391ed2,What type of surface is the glass sitting on,on the bottom center,picnic table
9a2122c94391ed2,What color is the background of the image,green,green and brown
0a14bf73604dec2,What color are the sweet potatoes,vibrant,orange
0a14bf73604dec2,What type of vegetable is in the bowl,sweet potatoes,pumpkin
0a14bf73604dec2,What color is associated with the sweet potatoes,orange,orange
0a14bf73604dec2,Where are the sweet potatoes mounded,within the bowl,in a glass bowl
d0501785b532eca,What color are the darker patches on the apples,brown,brown
d0501785b532eca,What fruit is shown in the image,apples,peach
d0501785b532eca,What color is the bowl,white,white with blue rim
d0501785b532eca,What color is the cut apple piece,yellow,yellow and red
d0501785b532eca,Where are the apples placed,in a bowl,in a bowl
47319ad0fa9cdb4,What is the applesauce contained in,applesauce,blue bowl
47319ad0fa9cdb4,What color is the bowl,blue,the bowl is blue
47319ad0fa9cdb4,What color is the apple closer to the bowl,red,red and yellow
47319ad0fa9cdb4,Where is the bowl placed,on a surface,on the ground
dc9c9c226ed6f6b,What is the color of the applesauce,applesauce,light brown in color
dc9c9c226ed6f6b,What is the color of the applesauce in the bowl,golden-brown,brown
dc9c9c226ed6f6b,What is being done with the spoon in the image,scooped,scooping applesauce into bowl
dc9c9c226ed6f6b,What color is the bowl containing the applesauce,white,white
dc9c9c226ed6f6b,Where is most of the applesauce located,in the bowl,in the bowl
e0e667da478e560,What color is the pear-applesauce inside the jar,golden-amber,orange
e0e667da478e560,What is the container holding the pear-applesauce,jar,glass jar
e0e667da478e560,What color is the apple on the table,yellow,yellow
e0e667da478e560,Where is the jar of pear-applesauce placed,on the table,on a wooden table
e0e667da478e560,What color is the small dish containing more pear-applesauce,white,white
996c337701e6c89,What is the main protein in the dish,meat,beef
996c337701e6c89,What vegetable is visible in the ground meat mixture,carrots,chopped onion
996c337701e6c89,How are the plantains prepared,fried,fried or fried and browned
996c337701e6c89,Where is the ground meat mixture located,on the plate,on the left side of plate
996c337701e6c89,Where is the rice placed relative to the ground meat,adjacent,right of the ground meat
e0d807ecc1cc31b,What color are the artichoke hearts,green,light green
e0d807ecc1cc31b,What type of vegetable is shown in the lower-left area,artichoke,artichoke
e0d807ecc1cc31b,What color is the plate,white,white
e0d807ecc1cc31b,Where are the lettuce leaves located,to the right,next to the artichokes
fa3f82cfa61ea05,What color is the majority of the asparagus,green,green
fa3f82cfa61ea05,What vegetable is featured in the dish,asparagus,asparagus
fa3f82cfa61ea05,How are the asparagus pieces arranged on the plate,arranged,in a pile
dadaf1377287f2d,What color are the asparagus spears,green,bright green
dadaf1377287f2d,What vegetable is shown in the image,asparagus,asparagus
dadaf1377287f2d,In which direction are the asparagus tips pointing,upwards,left
dadaf1377287f2d,Where are the asparagus spears stacked,on top of,on a plate
a07fe2567ba507e,What color is the avocado near the center,green,yellow
a07fe2567ba507e,What fruit is used to hold the baked egg,avocado,avocado
a07fe2567ba507e,What color is the egg white,white,yellow
a07fe2567ba507e,Where is the avocado's outer skin described,on its outer skin,on the outer edge
a07fe2567ba507e,Where are the diced pieces of ham located,scattered,on top of the egg
d294dd73f747ba7,What color is the pie filling,green,green
d294dd73f747ba7,What type of dessert is shown in the image,pie,mint chocolate chip pie
d294dd73f747ba7,What color is the whipped cream on top of the pie,white,white
d294dd73f747ba7,Where is the whipped cream located,on top,on top of pie
e57919c504620ad,What color is the fried batter coating of the avocado bites,golden-brown,light green
e57919c504620ad,What is the main ingredient of the bites,avocado,tofu
e57919c504620ad,What color is the avocado inside the bites,green,green
e57919c504620ad,Where are the avocado bites placed,on a white square plate,on a white plate
e57919c504620ad,Do the avocado bites have the same size and shape,vary,no they do not
bc65d8c82c97c6e,What type of berries are on the Dutch Babies,raspberries,blueberries and raspberries
bc65d8c82c97c6e,How are the berries near the left edge arranged,scattered,in a bowl
bc65d8c82c97c6e,What color are the raspberries,red,red
bc65d8c82c97c6e,Where are the Dutch Babies presented,on the white cloth,in a cast iron skillet
43f16eb0ce00b22,How does the bacon appear on the surface,glistening,bacon is cut into strips
43f16eb0ce00b22,What type of meat is shown in the image,bacon,ham
43f16eb0ce00b22,What color is the exterior of the bacon,dark brown,black and brown
43f16eb0ce00b22,Where are the two pieces of bacon positioned relative to each other,separated by,on cutting board
603ff0b14e008eb,What type of meat is shown in the image,bacon,bacon
603ff0b14e008eb,Where is the bacon being cooked,oven,in the oven
603ff0b14e008eb,Where is the bacon placed in the oven,on a wire rack,on aluminum foil
dd10c756d295fd9,What color are the bagel bites,golden-brown,brown and white
dd10c756d295fd9,What type of food is shown in the image,bagel bites,blueberries and muffins
dd10c756d295fd9,Where are the bagel bites located in the image,blue,upper right side
dd10c756d295fd9,How many bagel bites are broken,in the bottom half,1
dd10c756d295fd9,What color is the plate in the image,broken,white
4ffc92ecaab59bc,What color are the bagels,golden-brown,brown and white
4ffc92ecaab59bc,What type of food is shown in the image,bagels,bagels
4ffc92ecaab59bc,What gives the bagels a speckled appearance,spice,spices on the bagels
4ffc92ecaab59bc,Where are the bagels placed,on a wire rack,on a wire rack
cc3286afe2ca6f4,What type of bread are the bagels made of,pumpernickel,whole wheat
cc3286afe2ca6f4,What color are the bagels,brown,brown
cc3286afe2ca6f4,What food item is being described,bagels,donuts
cc3286afe2ca6f4,Where are the bagels placed,on a black wire rack,on a cooling rack
cc3286afe2ca6f4,What color are the sesame seeds on the bagels,white,white
66d008af21ff8da,What color is the bagel on the left,golden-brown,brown with sesame seeds
66d008af21ff8da,What is the state of the cheese on the right bagel,melted,melty and bubbly
66d008af21ff8da,What is the bagel placed on,plate,a white plate
66d008af21ff8da,What type of seeds are on the bagel on the left,sesame,sesame seeds
66d008af21ff8da,Where is the golden-brown bagel located,on the left,on the left side
63f9b9692722870,What color is the baking dish,white,white
63f9b9692722870,What is the main ingredient in the top layer of the bake,cheese,cheese
63f9b9692722870,"What are the small, dark brown pieces within the cheese",sausage,sausage or bacon bits
63f9b9692722870,What color are the cooked sausage pieces,brown,brown
63f9b9692722870,Where are the sausage pieces located,within the cheese,on top of the dish
3a687442b546d06,What color is the smoothie,beige,the smoothie is beige
3a687442b546d06,What fruit is used to make the smoothie,bananas,banana
3a687442b546d06,What color is the straw,yellow,yellow
3a687442b546d06,Where are the bananas located,to the left of,on the left of the jar
be6202dbef60502,What color are the chocolate chips on top of the loaves,brown,brown
be6202dbef60502,What type of chips are on top of the loaves,chocolate,chocolate chips
be6202dbef60502,What shape are the loaves,loaves,cubical
be6202dbef60502,What color is the crust of the loaves,golden-brown,brown
be6202dbef60502,Where is one loaf angled towards,towards the center,towards the camera
eba8e48373f79c5,What type of fries are shown in the image,fries,plantain fries
eba8e48373f79c5,What color are the fries,brown,brown
eba8e48373f79c5,What color is the plate,white,white and black
eba8e48373f79c5,Where are the fries placed,on a plate,on a plate
4880300b48ec41e,What fruit is used in the dish,bananas,pineapple
4880300b48ec41e,What color are the bananas,golden-yellow,yellow
4880300b48ec41e,What liquid are the bananas immersed in,in coconut milk,milk
4880300b48ec41e,What is the food served in,bowl,glass bowl
aa269a3e332dd1e,What color are the banana tempura pieces,golden-brown,golden brown
aa269a3e332dd1e,What fruit is used to make the tempura,banana,banana
aa269a3e332dd1e,How are the banana tempura pieces arranged,together,in a pile
aa269a3e332dd1e,What type of dish is the banana tempura,tempura,banana tempura dish
aa269a3e332dd1e,What is the shape of the banana tempura pieces,irregular,round and oblong
7fbda1224d53057,What color is the banana,yellow,yellow
7fbda1224d53057,What fruit is cut lengthwise into four pieces,banana,banana
7fbda1224d53057,What color is the bowl,white,white bowl
7fbda1224d53057,Where is the yogurt placed,on top of,in a white bowl
7fbda1224d53057,What color are the blueberries,dark blue,dark blue
79ff76ebd665917,What color are the persimmon bars,golden,brown with white glaze
79ff76ebd665917,What is the shape of the food items,bars,rectangle
79ff76ebd665917,What color is the icing on the persimmon bars,white,white
016070192578a84,What color is the chicken,reddish-brown,brown and black
016070192578a84,What type of meat is shown in the image,chicken,chicken
016070192578a84,What color is the rice,white,white with orange
016070192578a84,Where is the chicken positioned in relation to the rice,on top of,on top of rice
016070192578a84,What color are the lime wedges,green,green and yellow
880233b6f196640,What is the barley beef stew a mix of,mix,meat and vegetables
880233b6f196640,What color is the bowl,white,the bowl is white
880233b6f196640,How is the barley dispersed in the stew,dispersed,barley is mixed in stew
880233b6f196640,What color are the diced carrots,orange,orange
880233b6f196640,What type of meat is in the stew,of beef,beef or pork
ce69b21f2bd939f,What color is the rice,white,white
ce69b21f2bd939f,What type of meat is on top of the rice,chicken,chicken
ce69b21f2bd939f,What color are the onions,brown,green
ce69b21f2bd939f,What color are the basil leaves,green,green
ce69b21f2bd939f,Where is the rice located,at the bottom,in a bowl
6a5c1c9d36c3e55,How are the Sea Bass fillets arranged in the dish,overlapping,side by side
6a5c1c9d36c3e55,What type of fish is being served,sea bass,salmon
6a5c1c9d36c3e55,What color is the interior of the Sea Bass fillets,white,white and flaky
6a5c1c9d36c3e55,Where is the first Sea Bass fillet located in the dish,on the left side,top left corner
6a5c1c9d36c3e55,What color are the scallions sprinkled on top of the fish,green,green
63557262258d2b9,What tint do the sea bass fillets have,yellowish,light white and pink
63557262258d2b9,How are the pieces of dill arranged on the fillets,scattered,randomly scattered
63557262258d2b9,What type of fish is shown in the image,sea bass,salmon
63557262258d2b9,Where are the sea bass fillets placed,on the rack,on a metal rack
63557262258d2b9,What color are the pieces of dill on the fillets,green,green
0681647b77c7278,Does the batter have a smooth texture,smooth,yes
0681647b77c7278,Is the batter made of cottage cheese and brownie ingredients,batter,no
0681647b77c7278,Is the batter light brown in color,brown,no
0681647b77c7278,Are the chocolate chips on top of the dollop,on top,yes on top of dollop
0681647b77c7278,Are there chocolate chips scattered around the jar,yes,yes there are chocolate chips scattered around the jar
58477a44062ce7f,What is the flavor of the Elaine's Sweet and Tangy Loose Beef BBQ,tangy,sweet and tangy
58477a44062ce7f,What type of meat is used in the Elaine's Sweet and Tangy Loose Beef BBQ,beef,beef
58477a44062ce7f,What color is the top bun of the Elaine's Sweet and Tangy Loose Beef BBQ,tan,light brown
58477a44062ce7f,What color is the plate that the Elaine's Sweet and Tangy Loose Beef BBQ is served on,orange,orange
4b14434d6c946ae,What is the texture of the meat in the Carolina BBQ,shredded,shredded and stringy
4b14434d6c946ae,What is the main component of the Carolina BBQ,meat,pulled pork sandwich
4b14434d6c946ae,What is the appearance of the sauce on the meat,coating,thick and brown
4b14434d6c946ae,What color is the crust of the bun,yellowish,brown
a6476d1a8bc7334,What type of meat is shown in the image,chicken,chicken
cc4a281c77aaedf,What color is the BBQ sauce,reddish-brown,brown and red
cc4a281c77aaedf,What type of meat is being grilled,ribs,pork ribs
cc4a281c77aaedf,Where are the ribs being cooked,grill,on a grill
cc4a281c77aaedf,How is the BBQ sauce distributed across the ribs,unevenly,unevenly and thick
cc4a281c77aaedf,Where is the BBQ sauce primarily located,on the top,on the ribs
7b7b1a6c35b0571,How do the green beans appear,tasty,green and cooked
7b7b1a6c35b0571,What is used to cook the green beans,pan,pan with lid
7b7b1a6c35b0571,What color are the green beans,green,bright green
7b7b1a6c35b0571,What type of beans are in the pan,green beans,green beans
7b7b1a6c35b0571,Where are the green beans mostly concentrated,in the center,center of the pan
4992817db78e3f2,What color are the pinto beans,reddish-brown,brown and red
4992817db78e3f2,What color are the diced carrots,orange,orange
4992817db78e3f2,What are the pinto beans mixed with,with other ingredients,tomatoes and rice
4992817db78e3f2,What is the pinto beans served on,plate,a decorative plate
f6a053c5e1893f9,What color are the string beans,green,green
f6a053c5e1893f9,What type of vegetable is in the bottom center of the image,beans,green beans
f6a053c5e1893f9,How are the string beans arranged in the image,tangled,in a pile
f6a053c5e1893f9,Do the string beans overlap any other food in the image,yes,yes they overlap
f6a053c5e1893f9,Where are the string beans located in the image,in the bottom center,bottom right corner
441fcc9cb344ba1,How would you describe the surface of the beans,glossy,glossy and shiny
441fcc9cb344ba1,What type of vegetable is shown in the image,beans,green beans
441fcc9cb344ba1,What seasoning or characteristic is visible on some of the beans,peppered,blackened and charred
441fcc9cb344ba1,How are the beans arranged in the image,overlapping,in a pile
441fcc9cb344ba1,Where are the beans located in the image,throughout the entire image frame,center of image
993feff14891476,What color are the beans primarily,tan,brown
993feff14891476,What is the food served in,bowl,clay bowl
993feff14891476,How much of the bowl do the beans occupy,fill,the beans occupy the bowl
993feff14891476,What color is the broth surrounding the beans,brown,brown broth surrounding beans
993feff14891476,Where are the beans located in the broth,in the broth,in the bowl
21e2637de941dd5,How are the peppers prepared,sliced,sliced and cooked
21e2637de941dd5,What type of meat is used in the dish,beef,ground beef
21e2637de941dd5,What color is the ground beef,brown,brown
21e2637de941dd5,What is the ground beef mixed with,with peppers,peppers and onions
f546b3a3af7abd8,How was the beef cooked,slow,roasted
f546b3a3af7abd8,What color is the roast beef,reddish-brown,brown and juicy
f546b3a3af7abd8,What type of food is shown in the image,meat,roast beef and vegetables
f546b3a3af7abd8,Where is the roast beef positioned in the frame,in the upper-right portion,top left of the image
253f5d3a1d7e9f7,What color is the slushy at the bottom of the mug,brown,brown
253f5d3a1d7e9f7,What color is the foam at the top of the mug,white,white
253f5d3a1d7e9f7,Where is the thick layer of white foam located,at the top,on top of the drink
02c1cb3e79e9c55,What are the drinks served in,glasses,cups and glasses
02c1cb3e79e9c55,What color is the shandy in the right glass,amber,orange and white
02c1cb3e79e9c55,Where are the lime wedges placed,surface,on the table
344194d426c2abd,What color are most of the beets in the bowl,red,purple and red
344194d426c2abd,What is the main ingredient in the bowl,beets,beets
344194d426c2abd,What color are the herbs scattered among the beets,green,green
53e3760a31b1ff1,What color is the base of the cake,yellow,brown
53e3760a31b1ff1,What type of dessert is shown in the image,cake,blueberry coffee cake
53e3760a31b1ff1,What is the cake placed on,on a clear glass,cake stand
2a66270884effd6,What color are the biscuits primarily,yellow,light brown
2a66270884effd6,What type of baked goods are shown in the image,biscuits,biscuits
2a66270884effd6,How are the biscuits arranged,clustered,in a pile
2a66270884effd6,How do the biscuits appear to be prepared,baked,uncooked dough pieces
a75733bc0677785,What color is the top of the first biscuit,golden-brown,brown and yellow
0d09531e7da3c55,What color is the arrowroot biscuit,pale,off-white
0d09531e7da3c55,What is the color of the surface of the biscuit,cream,light brown
0d09531e7da3c55,Where is the arrowroot biscuit located,on a wire rack,on a metal grate
72c615959ec4225,What color are the biscuits,beige,light brown
72c615959ec4225,What type of food is shown in the image,biscuits,cookies
72c615959ec4225,What color are the flecks on the biscuits,orange,orange
72c615959ec4225,Where are the biscuits located in the image,across the image,top left bottom right
06add82d08c0d34,What texture does the crust of the cranberry brie bites have,flaky,golden and flaky pastry
7e6dae689e22dd5,What color is the plate used for the blondies,light-colored,white and blue
7e6dae689e22dd5,What type of dessert is shown in the image,blondies,pecan pie
7e6dae689e22dd5,What color are the blondies overall,brown,light brown
7e6dae689e22dd5,Where is the drizzle applied on the blondies,on top,top of blondies
7e6dae689e22dd5,What is the darker brown topping on the blondies,drizzle,caramel or toffee sauce
edcf433b4d8b884,What color are the blueberries,purple,purple
edcf433b4d8b884,What type of fruit is being pickled,blueberries,blackberries
eed8781f7c6e76f,What color is the Bologna Salad Sandwich Spread,pink,pink and white
eed8781f7c6e76f,What is the Bologna Salad Sandwich Spread located in,bowl,bowl on plate
eed8781f7c6e76f,Where are the crackers located,under the bowl,on a plate
eed8781f7c6e76f,What color are the crackers,golden-brown,brown
ba6fcc58d8b5770,What color is the bolognese,reddish-brown,red
ba6fcc58d8b5770,What is the bolognese doing to the pasta,covering,covering it
ba6fcc58d8b5770,What is the bolognese served on,plate,a white plate
ba6fcc58d8b5770,What color is the pasta,yellow,light brown
ba6fcc58d8b5770,Where is the bolognese located on the plate,in the center,center of the plate
8f97cf903a03575,What color are the spinach leaves,green,green
8f97cf903a03575,What is one of the main green ingredients in the bowl,spinach,avocado
8f97cf903a03575,What is the color of the avocado cubes closest to the center,avocado,light green
8f97cf903a03575,Where are the pieces of chicken located in relation to the bowl's edge,closer to,near the edge
2f105290de1dd3a,What color is the rice in the bowl,tan,brown and white
2f105290de1dd3a,What type of grain is located on the left side of the bowl,rice,rice
2f105290de1dd3a,Where is the rice located in the bowl,on the left side,on the left side
2f105290de1dd3a,What color are the avocado slices in the bowl,green,green
902318f170069ad,What color are the brats,reddish-brown,brown
902318f170069ad,What type of sausages are shown,brats,bratwurst sausages
902318f170069ad,What color is the parsley,green,green
902318f170069ad,Where are the onions placed,draped over,on top of the sausage
902318f170069ad,What is visible underneath the brats,liquid,plate of food
441400d5b739292,What ingredient is visible throughout the bread,walnuts,walnuts
441400d5b739292,How would you describe the interior of the bread,speckled,light brown with nuts
441400d5b739292,Where are the walnuts located on the bread,on top,on top of the bread
074294b6160f6df,What color is the interior of the bread,white,white
074294b6160f6df,What is the form of the bread on the left side of the frame,loaf,loaf form
074294b6160f6df,What color is the crust of the bread,tan,brown
074294b6160f6df,How are the bread slices arranged on the cutting board,overlapping,in a row leaning on loaf
074294b6160f6df,Where is the loaf of bread positioned,on the board,on a cutting board
21bea6d1906db3a,What color is the interior of the sliced bread,white,light white
21bea6d1906db3a,What color is the crust of the sliced bread,golden-brown,brown
21bea6d1906db3a,How are the three slices arranged,stacked,stacked on each other
3ffaff754079068,What color is the crust of the bread,beige,brown
3ffaff754079068,What type of food is shown in the image,bread,bread
3ffaff754079068,What color is the inside of the bread,creamy,grayish white
3ffaff754079068,Where is the bread placed,on a wire rack,on a metal cooling rack
1e9542136c1c977,What color are the egg whites,bright,white
1e9542136c1c977,What color are the pieces of cheese,orange,yellow and white
1e9542136c1c977,Where are the diced potatoes scattered,around the eggs,on top of the eggs
0a72c38706e4f5d,What color is the beef brisket,brown,brown
0a72c38706e4f5d,What type of meat is on the plate,beef brisket,beef roast with gravy
0a72c38706e4f5d,What color are the peas on the plate,green,green
0a72c38706e4f5d,What is covering the beef brisket and mashed potatoes,gravy,gravy
0a72c38706e4f5d,Where is the beef brisket located on the plate,on the plate,right side of plate
305b748881067fd,What color is the brittle,golden-brown,brown
305b748881067fd,Where are the macadamia nuts located in the brittle,within,in the center
c052db6181c54f4,What color are the beef pieces,brown,brown
c052db6181c54f4,What type of meat is in the dish,beef,beef
c052db6181c54f4,What color are the broccoli florets,green,green
c052db6181c54f4,Where is the beef and broccoli located,on a plate,on a pink plate
c052db6181c54f4,What is located underneath the beef and broccoli,rice,white rice
3002415d68ad56f,What vegetable is shown in the image,broccoli,broccoli
3002415d68ad56f,What is the dominant color of the broccoli florets,green,dark green
3002415d68ad56f,What color is the plate under the broccoli,red,red and yellow
3002415d68ad56f,How does the broccoli appear to be prepared,cooked,steamed and sprinkled with salt
3002415d68ad56f,Where is the broccoli located,on a plate,on a plate
097296e0ac0a9cd,What is the main liquid in the pot,broth,chicken broth
097296e0ac0a9cd,What color are the diced celery pieces,green,light green
097296e0ac0a9cd,Where are the chunks of chicken located,within the broth,in the soup
b325c9edcf69610,What shape is the brownie,square,rectangle-shaped
b325c9edcf69610,What color is the brownie,brown,brown
b325c9edcf69610,Where are the green mint leaves placed,on top,on top of the whipped cream
b325c9edcf69610,What color are the mint leaves,green,green
dfd187cc612cd0e,What color is the cardboard container,brown,brown
dfd187cc612cd0e,How does the top of the brownie appear,shiny,cracked and smooth
dfd187cc612cd0e,What type of nuts are embedded in the brownie,pecans,pecans
8ca33970fcac581,What color are the brownies,brown,brown
8ca33970fcac581,What is the dessert shown in the image,brownies,brownies
8ca33970fcac581,What is the texture of the top brownie,cracked,firm and moist
8ca33970fcac581,What ingredient is visible in the brownies,walnuts,nuts
8ca33970fcac581,Where are the brownies placed to the plate,on top of,stacked on top of each other
6e6511f7b9124cb,What color are the brownies,dark-brown,dark brown
6e6511f7b9124cb,How are the brownies placed in the image,arranged,on a white plate
6e6511f7b9124cb,What type of dessert is shown in the image,brownies,brownies
6e6511f7b9124cb,Where are the small nuts or inclusions located,within the chocolate,in the chocolate brownies
3c56ae3de51e0ba,What color is the plate,white,white
3c56ae3de51e0ba,What is the name of the dish in the center of the image,bruschetta,tuna and tomato sandwich
3c56ae3de51e0ba,What color are the chopped tomatoes,red,red
3c56ae3de51e0ba,Where is the bruschetta located,on the center,on a white plate
3c56ae3de51e0ba,What is the base of the bruschetta,toasted,bread
e4642d415d4395f,What has happened to the cheese on the bread,melted,melted and bubbled
e4642d415d4395f,What is the color of the plate,black,black
e4642d415d4395f,What color are the tomato slices,red,red
e4642d415d4395f,Where are the bright green basil leaves placed,on top,on top of the pizza
5d026af492d6a34,What color is the beef,reddish-brown,red
5d026af492d6a34,What type of meat is shown in the image,beef,raw steak
5d026af492d6a34,How does the beef appear in the image,glistening,raw and sliced into cubes
5d026af492d6a34,Where are the shredded carrots located in the image,on top of,top and center
5d026af492d6a34,What color are the shredded carrots,orange,orange
e21891b1b067fb8,What portion of the image do the burgers take up,one-third,50% of the image
e21891b1b067fb8,What type of food is the main focus of the image,burgers,meatballs in gravy
e21891b1b067fb8,What color is the sauce covering the burgers,brownish-tan,brown
e21891b1b067fb8,What is the sauce covering,of the burgers,the meatballs
e21891b1b067fb8,What color are the beans,green,green and yellow
31c8d45426631c6,What color is the baking dish,white,white
31c8d45426631c6,What has happened to the cheese on top of the casserole,melted,melted and brown
31c8d45426631c6,What color is the melted cheese mostly,orange,yellow and white
31c8d45426631c6,Where is the burrito casserole,in the dish,in a white dish
31c8d45426631c6,How is the casserole arranged,layers,in a baking dish
2d3ce990cc41e09,Are the burritos vegan,vegan,no they are not vegan
2d3ce990cc41e09,What type of food is shown in the image,burritos,tacos
2d3ce990cc41e09,What color are the tofu chunks,tan,light brown
2d3ce990cc41e09,Where is the cut burrito placed,on top,on top of the whole burrito
de95b62def287ff,What is the flavor profile of the burritos,sweet,spicy and cheesy
de95b62def287ff,What type of food is shown in the image,burritos,quesadilla
de95b62def287ff,What color is the plate,black,black
de95b62def287ff,Where are the burritos placed,on a black plate,on a plate
de95b62def287ff,What color is the sweet potato filling,orange,orange
537825d37055ad1,What is the primary color of the frosting,white,white and blue
537825d37055ad1,What is the dessert in the image,cupcake,cupcake with american flag on top
537825d37055ad1,What color streaks are incorporated into the frosting besides red,light blue,blue and white
537825d37055ad1,Where is the frosting placed on the cupcake,on top of,on top of the cupcake
d042eca485dd728,What shape is the cake,rectangular,rectangle
d042eca485dd728,What type of dessert is shown in the image,cake,birthday cake
d042eca485dd728,What color is the lettering on the cake,blue,blue
d042eca485dd728,What is the buttercream flavor on the cake,caramel,vanilla
d042eca485dd728,Where are the orange flowers placed on the cake,around the perimeter,on top and sides
ac5a3aa8ca9674b,What is the texture of the cabbage in the image,shredded,shredded and chopped
ac5a3aa8ca9674b,What type of vegetable is shown in the image,cabbage,cabbage
ac5a3aa8ca9674b,Where is the cabbage located in the image,on the top-right,in a bowl
ac5a3aa8ca9674b,What is the color of the bowl in the image,white,white
ac5a3aa8ca9674b,What is the color of the shredded cabbage in the image,pinkish-red,pinkish-red
64226aa9f3056f4,What color is the bowl,white,white
64226aa9f3056f4,What is the shape of the container holding the scalloped cabbage,bowl,round casserole dish
64226aa9f3056f4,What is visible on top of the golden brown crust,breadcrumbs,grated cheese and breadcrumbs
64226aa9f3056f4,What color is the crust on top of the scalloped cabbage,golden,golden brown
a18c5a91e434bbb,What is the texture of the cabbage in the salad,shredded,shredded and crisp
a18c5a91e434bbb,What type of cabbage is used in the salad,green-cabbage,shredded green cabbage
a18c5a91e434bbb,What color is the shredded cabbage in the salad,white,white
a18c5a91e434bbb,What color are the carrot slivers in the salad,orange,orange
a18c5a91e434bbb,Where are the carrot slivers located in the salad,within the salad,in the salad
ddd7b62c8f666e1,What color is the bowl,reddish-orange,the bowl is orange
ddd7b62c8f666e1,What is the main vegetable in the dish,cabbage,cabbage
ddd7b62c8f666e1,What color is the cabbage,yellowish-green,green and yellow
ddd7b62c8f666e1,What type of beans are in the dish,beans,red kidney beans
ddd7b62c8f666e1,Where is the dish positioned in the image,in the center,center of the image
1f70da84dd0fa82,What is the main vegetable in the dish,cabbage,cabbage
1f70da84dd0fa82,What color is the plate,brown,black
1f70da84dd0fa82,Where is the cabbage placed,on top of the plate,on top of the carrots
1f70da84dd0fa82,What color are the diced carrots,orange,orange
8643addc01f5c98,How are the cabbage pieces arranged in the soup,evenly-distributed ,randomly chopped
8643addc01f5c98,Where are the solid ingredients located in the bowl,floating in,in broth all mixed
8643addc01f5c98,What color are the tomatoes in the soup,red,red
8643addc01f5c98,What color are the carrot chunks in the soup,orange,orange
c71c9651e38223e,What color is the chicken piece,light-brown,the chicken piece is brown
c71c9651e38223e,What type of meat is featured in the dish,chicken,chicken
c71c9651e38223e,What color are the tomato bits in the sauce,red,red
c71c9651e38223e,Where is the chicken piece positioned on the plate,on the right side,center of the plate
c71c9651e38223e,What type of noodles are under the chicken,spaghetti,spaghetti noodles
3588268d71872c9,What color is the tomato-based sauce,reddish-brown,red
3588268d71872c9,What is the main protein in the dish,chicken,meat loaf
3588268d71872c9,What color are the egg noodles,light-yellow,yellow
3588268d71872c9,Where is the chicken positioned on the plate,in the center,center of the plate
d0e3d9a163d4065,What color is the spaghetti in the dish,light,white
d0e3d9a163d4065,What type of meat is used in the dish,chicken,chicken
d0e3d9a163d4065,What color is the tomato sauce in the dish,red,red
d0e3d9a163d4065,What is sprinkled on top of the dish,cheese,shredded cheese
a5761726130842d,What color are the calamari rings,golden,golden brown
a5761726130842d,What type of seafood is shown in the image,calamari,seafood: squid
a5761726130842d,How are the calamari rings placed on the plate,arranging,surrounding the dipping sauce
a5761726130842d,What color is the plate,white,white
a5761726130842d,Where is the dark red sauce placed,on the plate,in the middle of plate
6d770809b93ee86,What color is the bowl,yellow,yellow and white
6d770809b93ee86,What is the soup served in,bowl,bowl
6d770809b93ee86,What color is the broth,brown,yellowish brown
6d770809b93ee86,Where are the avocado slices positioned,on top of,on top of the bowl
f123e18d594e493,What color is the corn on the cob,yellow,yellow
f123e18d594e493,What is the dish served on,plate,white plate
f123e18d594e493,What type of meat is in the dish,beef,beef
f123e18d594e493,What color is the beef,brown,brown
f123e18d594e493,What is the beef submerged in,in broth,corn and carrots
2334aa188b34959,What color is the interior of the candy,yellow,yellow
2334aa188b34959,What is the exterior coating of the candy made of,chocolate,chocolate
2334aa188b34959,What type of food is shown in the image,candy,chocolate covered cake
2334aa188b34959,What color is the exterior of the candy,brown,brown
2334aa188b34959,Where is the orange ribbon located in relation to the candy,right of orange ribbon,behind the candy
0d091be8b650e7b,What color are the candies,brown,brown and white
0d091be8b650e7b,What is the main ingredient of the candies,sugar,peanut butter
0d091be8b650e7b,What color is the plate,white,white
0d091be8b650e7b,Where is the pink flower positioned,to the left,left of the food
996b61b45564b37,What color is the meat,brownish-red,brown and red
996b61b45564b37,What type of food is in the center of the image,meat,beef roast in skillet
996b61b45564b37,What color are the charred edges of the meat,dark brown,black
996b61b45564b37,How would you describe the edges of the meat,charred,crispy and brown
996b61b45564b37,What is not present in the image,vegetables,sauce or gravy
b24a6f2ed6a3e36,What is the texture of the candy,hard,crumbly crystalline sugar candy
b24a6f2ed6a3e36,What type of food is shown in the image,candy,gummy candy
b24a6f2ed6a3e36,What is the dominant color of the candy,orange,orange
b24a6f2ed6a3e36,What is the relationship between the candy and the white powder,coated,coating on the candy
b24a6f2ed6a3e36,Where are the pieces of candy located in the image,throughout,center of image
b4d3f2a98200f70,What color is the plate,green,green and black
b4d3f2a98200f70,What type of food is shown in the image,candy,gummy worms
b4d3f2a98200f70,What color is the candy,reddish-brown,brown
b4d3f2a98200f70,Where is the pile of candy located on the plate,center,center of the plate
b4d3f2a98200f70,Where is the candy placed,on the plate,on a plate
95b9f7b9949ffcd,What color is the prickly pear candy,red,red
95b9f7b9949ffcd,How was the candy applied to the parchment paper,poured,dripped on with spoon
95b9f7b9949ffcd,What type of food is shown in the image,candy,baked blood sausages
95b9f7b9949ffcd,What is the appearance of the candy in terms of light transmission,translucent,opaque and non-transparent
95b9f7b9949ffcd,Where is the candy located on the parchment paper,on a piece,candy is on parchment paper
163f1ab33bea657,What color is the filling of the pie,yellow,yellow
163f1ab33bea657,Where is the Cantaloupe Pie located in the image,center of the image,<box>0 185 997 982</box>
163f1ab33bea657,How does the meringue topping appear,fluffy and toasted,brown and bubbled
163f1ab33bea657,What is the topping on the pie called,meringue,meringue topping
163f1ab33bea657,What color is the crust of the pie,silver,golden brown
f2527f9cf419a07,What color is the pasta,light-green,yellow
f2527f9cf419a07,What type of dish is shown in the image,pasta,pasta dish
f2527f9cf419a07,What color is the pepper sprinkled on the pasta,black,black and white
f2527f9cf419a07,What is the pasta coated in,in a creamy sauce,cheese and pepper
f2527f9cf419a07,What color is the fork,silver,gray
359af529a2897e9,What color is the exterior of the meat,brown,brown
359af529a2897e9,What type of food is being cooked,meat,meat in soup
359af529a2897e9,What is happening to the liquid around the meat,bubbling,bubbling and boiling
359af529a2897e9,What color is the liquid surrounding the meat,yellow-brown,brownish orange
eab27a4e2f33b77,What color are the carrots,orange,orange
eab27a4e2f33b77,What vegetable is in the bowl,carrots,baby carrots
eab27a4e2f33b77,What color is the bowl,white,white bowl
35190d2da66fdbc,What color are the carrots,orange,orange
35190d2da66fdbc,What vegetable is the main focus of the dish,carrots,carrots
35190d2da66fdbc,How do the carrots appear on the plate,glistening,carrots are sliced and cooked
35190d2da66fdbc,Where are the carrots mostly arranged on the plate,in the center,center of the plate
35190d2da66fdbc,What color is the garnish next to the carrots,green,green parsley
cddc2590663c874,What color is the rice besides white,yellowish,yellow and orange
cddc2590663c874,What is the main ingredient in the dish besides rice,rice,carrots and nuts
cddc2590663c874,What color are the small pieces distributed throughout the rice,orange,orange and white
cddc2590663c874,What color is the sprig located on the left side of the rice,green,green
06aa1cd4906fc6e,What type of nuts are shown in the image,cashews,cashews
06aa1cd4906fc6e,What color are the cashews,tan,brown
06aa1cd4906fc6e,How are the cashews arranged in the bowl,piled randomly,jumbled and mixed together
06aa1cd4906fc6e,Where is the bowl placed,on a purple surface,on a table
b07024f19d54163,What shape is the casserole presented in,triangular,square shape
b07024f19d54163,What type of dish is the food served in,casserole,glass plate
b07024f19d54163,What color is the spinach in the casserole,green,green
b07024f19d54163,What is the bacon mixed with on top of the casserole,with cheese,cheese and tomatoes
b07024f19d54163,What appears as a yellow or off-white layer in the casserole,egg,egg or cheese layer
1c9f4259812306b,What color is the catfish fillet,beige,light orange
1c9f4259812306b,What type of fish is featured in the dish,catfish,salmon
1c9f4259812306b,What color is the tomato-based sauce,reddish-orange,red
1c9f4259812306b,Where is the catfish fillet situated in the image,in the upper-center,center of the image
1c9f4259812306b,How is the dark brown component prepared,fried,pan fried
6d22247b721e6d5,What color is the catfish,golden-brown,brown and black
6d22247b721e6d5,What type of fish is shown in the image,catfish,salmon
6d22247b721e6d5,Where is the catfish located in the image,center,on a plate
6d22247b721e6d5,What color are the beans next to the catfish,green,green
6d22247b721e6d5,Where is the catfish positioned in the image,on the foreground,center of the image
834120a1d388a55,What does the cauliflower purée do to the blue bowl,fills,creates a mess
834120a1d388a55,What vegetable is used to make the purée,cauliflower,potato
834120a1d388a55,What color is the bowl,blue,the bowl is blue
834120a1d388a55,What color is the cauliflower purée,yellow,yellowish white
fd20accf5e43db6,What is the texture of the mac-n-cheese,creamy,creamy and cheesy
fd20accf5e43db6,What dish is being described,mac-n-cheese,macaroni and cheese
fd20accf5e43db6,What color is the bowl,white,white
fd20accf5e43db6,What color are the thin strips of cheddar cheese on top,orange-yellow,yellow
e2f67c2710c00c9,What is the primary color of the cauliflower florets,off-white,white
e2f67c2710c00c9,What vegetable is off-white to light tan in color,cauliflower,cauliflower
e2f67c2710c00c9,What color are the brussels sprouts,green,green and brown
e2f67c2710c00c9,What vegetable is intermixed with the cauliflower,broccoli,broccoli
e2f67c2710c00c9,What vegetable is dark green and scattered throughout the bowl,broccoli,broccoli
5499c0eb50d5cca,What are the jars made of,glass jars,glass
5499c0eb50d5cca,What color is the cauliflower in the jars,white,white
5499c0eb50d5cca,What color are the carrot slices in the jars,orange,orange
5499c0eb50d5cca,Where are the jars placed,on the countertop,on a kitchen counter
706760a64a27a1f,What color is the exterior of the Challah bread,golden-brown,brown and golden
706760a64a27a1f,What type of food is shown in the image,bread,bread
706760a64a27a1f,Where is the Challah bread positioned,on the cutting board,on a wooden cutting board
706760a64a27a1f,What color is revealed in the inner sections of the Challah bread,yellow,light brown or yellowish
db3b1778b24456b,What color is the Swiss chard,dark green,green and white
db3b1778b24456b,What type of green vegetable is in the bowl,chard,collard greens
db3b1778b24456b,What ingredient is mixed with the Swiss chard,garlic,green onions
db3b1778b24456b,What color are the garlic pieces,white,white
db3b1778b24456b,Where is the Swiss chard with garlic located,in a bowl,in a bowl
641396b8036abef,What colors are present in the rainbow chard,rainbow,red yellow and green
641396b8036abef,What type of chard is shown in the image,chard,swiss chard
641396b8036abef,What is the primary color of the chard leaves,green,green and red
641396b8036abef,Where is the bowl placed in the image,in a bowl,upper left corner
641396b8036abef,What ingredient is mixed in with the chard,vegetables,tomatoes
c2f3350b60c42de,What type of burger is shown in the image,cheeseburger,cheeseburger
c2f3350b60c42de,What color is the cheese on the burger,yellow,yellow
c2f3350b60c42de,What color is the bottom half of the burger bun,golden-brown,brown
c2f3350b60c42de,What is the pale green item beside the burger,pickle,pickle spear
c2f3350b60c42de,Where is the cheeseburger placed,on a white plate,on a white plate
2635e661bc71dc5,What color is the top bun of the burger,tan,light brown
2635e661bc71dc5,What type of food is the main item in the image,burger,hamburger with fries
2635e661bc71dc5,What color are the sweet potato fries next to the burger,orange,orange
2635e661bc71dc5,Where is the burger located in relation to the sweet potato fries,located to the left,left of the fries
ae5fb0be294fa94,What color is the cheesecake,beige,off-white
ae5fb0be294fa94,What is the cheesecake doing to the silver baking pan,filling,baked in the pan
ae5fb0be294fa94,Where is the cheesecake located in the image,right side of the image,center of image
ae5fb0be294fa94,What color is the baking pan,silver,gray
ae5fb0be294fa94,What color is the crust around the edge of the cheesecake,golden-brown,brown
cbe96f00898ea30,What type of dessert is shown in the image,cheesecake,cheesecake
cbe96f00898ea30,What color is the whipped cream on the cheesecake,white,white
cbe96f00898ea30,What is sprinkled on the whipped cream,sprinkled,cinnamon
9d7d5e0ae2b7c49,What color is the crust of the cheesecake,white,brown
9d7d5e0ae2b7c49,What type of dessert is shown in the image,cheesecake,cheesecake
9d7d5e0ae2b7c49,What color are the blueberries on the cheesecake,blue,blue
9d7d5e0ae2b7c49,Where are the cheesecake slices placed,on the plate,on a plate
9d7d5e0ae2b7c49,What is drizzled over the berries and cheesecake filling,syrup,caramel sauce
3000aab5c950cd8,What color are the strawberries,red,red
3000aab5c950cd8,What is the dessert served in,jar,jars
3000aab5c950cd8,Where are the strawberry halves placed,on top of,on top of the yogurt
0ac165f57de52dd,What color is the top layer of the cheesecake,dark-brown,brown
0ac165f57de52dd,What type of dessert is shown in the image,cheesecake,chocolate cake
0ac165f57de52dd,What is the texture of the top layer of the cheesecake,glaze,chocolate and smooth
0ac165f57de52dd,What fruit is placed on top of the cheesecake,strawberries,strawberries
0ac165f57de52dd,Where are the strawberries located on the cheesecake,on top of,center of the cake
76a2efddff0ea38,What is the texture of the base mixed with cherries,creamy,creamy
76a2efddff0ea38,What fruit is mixed into the creamy base,cherries,strawberries
76a2efddff0ea38,What does the Cherry Cloud do to the bowl,fills,contains food
76a2efddff0ea38,What color are the cherries dispersed throughout the mixture,purple,dark red
76a2efddff0ea38,Where are the cherries dispersed in the mixture,throughout the bowl,cherries are dispersed throughout
7651b58f5f3b4b0,What color is the exposed portion of the first cherry,red,red
7651b58f5f3b4b0,What type of fruit is dipped in chocolate,cherries,cherries
7651b58f5f3b4b0,What color is the chocolate coating on the cherries,brown,brown
7651b58f5f3b4b0,Where is the first cherry located,on the left,top left of the image
1e3f3ddd8e96695,What color are the diced carrots in the stew,orange,orange
1e3f3ddd8e96695,What is the color of the ground chicken in the stew,browned,brown
1e3f3ddd8e96695,What type of meat is used in the stew,chicken,beef or pork
1e3f3ddd8e96695,Where is the stew located in the image,on top of the plate,on top of rice
1e3f3ddd8e96695,What herb is placed on top of the stew,parsley,parsley
f0bc5f6eb400aaf,What color is the chicken on top,golden,brown
f0bc5f6eb400aaf,What color is the chicken on the sides,brown,brown and red
f0bc5f6eb400aaf,What color is the sauce surrounding the chicken,reddish-brown sauce,reddish-brown
f0bc5f6eb400aaf,Where is the reddish-brown sauce located,on and around the chicken,in the pan with chicken
061f9094142c1e3,What color is the scramble,yellow,yellow and white
061f9094142c1e3,What color are the diced tomatoes in the scramble,red,red
061f9094142c1e3,Where are the white shards of cheese located,sprinkled on top,scattered throughout the eggs
061f9094142c1e3,What utensil is placed on the plate,fork,fork
061f9094142c1e3,What texture do the tortilla chips have,crispy,crunchy and thin
7bae9e3e598aff1,What is the size of the pot,large,large
7bae9e3e598aff1,What is the main ingredient in the dish,chili,meat
7bae9e3e598aff1,What color is the broth,red,orange
7bae9e3e598aff1,Where is the chili located,in a pot,in a large pot
7bae9e3e598aff1,What type of meat is in the chili,sausage,beef or pork
65c82ce184feb05,What color is the chimichurri,green,green
65c82ce184feb05,What is the chimichurri contained in,bowl,a bowl
65c82ce184feb05,Where is the chimichurri located,in the bowl,in a bowl
65c82ce184feb05,What color is the bowl,green,brown
65c82ce184feb05,Where is the spoon in relation to the bowl,dip in,in bowl
47be8f81c88ee14,How are the chips arranged in the image,scattered,randomly scattered
47be8f81c88ee14,What type of food is shown in the image,chips,bacon bits
47be8f81c88ee14,What color are some of the chips,green,green and brown
47be8f81c88ee14,What color do some of the chips display,golden-yellow,brown and green
47be8f81c88ee14,Where are most of the chips located in the frame,towards the central region,center of the frame
05c9906b7d13f12,What pattern is seen on the chocolates,swirled,swirl pattern
05c9906b7d13f12,What is the predominant color of the chocolates,tan,white and brown
05c9906b7d13f12,How many pieces of chocolate are shown in the image,many,10
05c9906b7d13f12,What shape are the chocolates cut into,rectangular,square
05c9906b7d13f12,What material are the chocolates wrapped in,in clear plastic,plastic wrap
0f45ead135cb68e,What type of dish is the dessert served in,dessert,glass casserole dish
0f45ead135cb68e,What is the appearance of the glass dish,clear,square and filled with cream
0f45ead135cb68e,What type of fruit is on top of the dessert,raspberries,strawberries
0f45ead135cb68e,How are the white chocolate chips arranged around the dish,scattered,in a pile nearby
0f45ead135cb68e,Where are the white chocolate chips placed,on a metallic surface,on the table next to cake
19152d394d56652,What color is the chocolate filling,chocolate,brown
19152d394d56652,What color are the pastry layers,brown,yellow and brown
19152d394d56652,What color is the powdered sugar,golden-brown,white
19152d394d56652,Where are the chocolate clouds positioned,on top of,in the middle of pastries
701a877404f09ee,What is the texture of the topping on the cake,creamy,crumbly and crumbly
701a877404f09ee,What is the base layer of the food item,cake,chocolate cake
701a877404f09ee,What color is the base cake,brown,brown
701a877404f09ee,Where are the chocolate cookie crumbles located,on top,on top of the cake
701a877404f09ee,What is the main flavor of the crumbles on top,chocolate,oreo cookie crumbles
a01489b3eac8ec8,What is the sauce doing to the ice cream,drizzled,dripping down the sides
a01489b3eac8ec8,What is the color of the chocolate sauce,brown,brown
a01489b3eac8ec8,What is the main dessert in the bowl,ice cream,ice cream sundae
a01489b3eac8ec8,What color is the ice cream,white,white and brown
a01489b3eac8ec8,Where has some of the chocolate sauce pooled,at the bottom,in the bottom of bowl
85057719a8f7290,What color is the vegetable chowder,yellow,creamy white
85057719a8f7290,What is the vegetable chowder served in,bowl,ceramic bowl
85057719a8f7290,How are the diced carrots and herbs distributed in the chowder,dispersed,randomly throughout the chowder
85057719a8f7290,What vegetable is diced and visible in the chowder,carrots,carrots
85057719a8f7290,Where is the sprig of parsley located,on the surface,on the soup in a bowl
7e6905e6903434a,What is the main vegetable ingredient in the chowder,corn,corn
7e6905e6903434a,What color are the bacon pieces,brown,brown and crispy
7e6905e6903434a,What color are the corn kernels in the chowder,yellow,yellow
7e6905e6903434a,Where are the thinly sliced scallions distributed,across the surface,on top of the dish
4f1f20526bc57a3,What color is the cranberry chutney,red,red
4f1f20526bc57a3,What is the chutney served in,bowl,white bowl
4f1f20526bc57a3,Where is the cranberry chutney located,center of the bowl,in a bowl
4f1f20526bc57a3,How much of the bowl does the chutney fill,fills,95% of bowl
4f1f20526bc57a3,What is the consistency of the chutney besides whole cranberries,pulpy,sauce-like and chunky
44b56d634060bf5,What is the container for the chutney,jar,glass jar with lid
44b56d634060bf5,What color is the chutney,brownish-yellow,brown and purple
44b56d634060bf5,What is the jar filled with,with the chutney,rhubarb chutney
44b56d634060bf5,What is on the jar,label,rhubarb chutney
ec2780b0cdb57b7,What color are the apple slices concentrated at the top and right,red,red and yellow
ec2780b0cdb57b7,What fruit is visible in the image,apple,apples
ec2780b0cdb57b7,What are the apple slices submerged in,slices,water or liquid
ec2780b0cdb57b7,What color are the apple slices at the bottom and left,green,green and yellow
ec2780b0cdb57b7,Where are the green apple slices located,in a clear liquid,center of the bowl
e283a9a4aac5d7e,What color is the bowl,white,white with black rim
e283a9a4aac5d7e,What is the cinnamon rice served in,bowl,white and black bowl
e283a9a4aac5d7e,What color are some of the rice grains,brown,brown and white
e283a9a4aac5d7e,Where is the rice primarily located in the image,in the center,center of the image
7ff22df8804e302,What color is the chowder,off-white,off-white
7ff22df8804e302,What type of soup is in the bread bowl,chowder,cream of chicken
7ff22df8804e302,Where does the dish sit,sits on,on a white plate
7ff22df8804e302,What is the bread bowl like,circle,round and toasted
7ff22df8804e302,What is on top of the chowder,herbs,cilantro and parsley
cea8aeba6870289,What color is the bowl,white,the bowl is white
cea8aeba6870289,What type of seafood is in the bowl,clams,clams in a bowl
cea8aeba6870289,What color are the bands on the clam shells,brown,brown and white
cea8aeba6870289,Where are the clams placed,in a bowl,in a white bowl
cea8aeba6870289,What color are the herbs scattered amongst the clams,green,green
530fe55b9b9c31b,What color is the pumpkin cobbler's top and base,golden-brown,golden brown
530fe55b9b9c31b,What is the main ingredient in the cobbler,pumpkin,banana
530fe55b9b9c31b,What color is the plate,white,the plate is white
530fe55b9b9c31b,Where is the pumpkin cobbler slice placed,on the plate,on a plate
530fe55b9b9c31b,What is the texture of the cobbler's top and base,crumbly,crispy top moist base
68bd96227109ec0,What is the color of the top crust of the cobbler,golden-brown,golden brown
68bd96227109ec0,What type of dessert is shown in the image,cobbler,pineapple upside-down cake
68bd96227109ec0,What color are the lighter patches on the cobbler's surface,yellow,yellowish white
68bd96227109ec0,What creates the textured appearance of the cobbler's top crust,with variations,cinnamon and brown sugar topping
68bd96227109ec0,What process is indicated by the golden-brown hue and crispy edges of the cobbler,baking,baking process
440eb56040e7a70,Is the vegetable juice cocktail homemade,homemade,yes
440eb56040e7a70,What are the containers used for the vegetable juice cocktail,jars,glass jars
440eb56040e7a70,Are the jars in the foreground overlapping,yes,yes the jars are overlapping
440eb56040e7a70,What type of juice is in the jars,vegetable,pumpkin juice
440eb56040e7a70,Are the jars centered in the frame,yes,no the jars are not centered
d55b3849c761b7e,What type of drink is in the glass,cocktail,martini
d55b3849c761b7e,What do the cranberries do in the liquid,float,garnish the drink
d55b3849c761b7e,What is the clarity of the glass,clear,very clear
d55b3849c761b7e,What type of glass is the cocktail served in,glass,martini glass
d55b3849c761b7e,How are the cranberries arranged in the drink,in a slight curve,in a row
eb0547ba26a8d76,What is the color of the glass,clear,clear or transparent
eb0547ba26a8d76,What type of glass is the cocktail served in,glass,a martini glass
eb0547ba26a8d76,What color is the salt on the rim of the glass,white,the salt is white
eb0547ba26a8d76,What is the slight tint of the cocktail,yellow,slightly yellow
eb0547ba26a8d76,Where is the lemon slice placed,on top of,in the glass
87ccb1358aa1510,What color is the liquid in the lower portion of the jar,turquoise-blue,blue
87ccb1358aa1510,What type of container is the cocktail served in,jar,mason jar
87ccb1358aa1510,What color is the layer above the turquoise-blue liquid,red,clear
87ccb1358aa1510,Where are the red candies and shark decoration placed,on the rim,on the rim of a jar
87ccb1358aa1510,What type of decoration is on the rim of the jar,shark,shark tooth
e58c798c8bc3f13,What is the orange peel used for in the image,garnished,garnish for drinks
e58c798c8bc3f13,What color are the cocktails in the image,orange,yellow
e58c798c8bc3f13,What color is the orange peel in the image,yellow-orange,orange
e58c798c8bc3f13,What is the name of the cocktail in the image,monkey gland,mimosa
e58c798c8bc3f13,Where is the orange peel located in the image,on the surface,on the rim of glass
14658cd22c153da,Is the hot cocoa sitting on a plate,yes,yes the hot cocoa is on a plate
14658cd22c153da,Is cocoa one of the main ingredients in the drink,cocoa,yes
14658cd22c153da,Is the plate under the mug blue,no,yes
14658cd22c153da,Is the color of the cocoa light brown,yes,yes
14658cd22c153da,Is the cinnamon stick positioned on the upper left side of the mug,on the upper left,yes the cinnamon stick is on upper left
f8421d48b298f2d,What is the flavor of the Panforte,spiced,mixed fruit and nut
f8421d48b298f2d,What color is the base of the slices,chocolate-brown,white
f8421d48b298f2d,How many slices of Panforte are shown,two,two
f8421d48b298f2d,Where is the top slice located in relation to the bottom slice,on top of,above the bottom slice
815579469c0316a,What color is the cod,golden-brown,brown
815579469c0316a,What type of fish is on the plate,cod,salmon
815579469c0316a,What is the cod doing on the rice,resting,resting on rice
815579469c0316a,Where is the cod located in relation to the rice,on top of,on top of rice
76e207eb30185cc,What material is the drink contained in,glass,glass
76e207eb30185cc,What is the color of the lime wedge,green,green and yellow
76e207eb30185cc,What color is the lime wedge,green,green and yellow
76e207eb30185cc,Where is the lime wedge placed,on the rim,on the rim of glass
76e207eb30185cc,How would you describe the color of the mocktail,vibrant red,red
a76ca4ec5d52403,What is the color of the coffee in the mug,light,brown
a76ca4ec5d52403,What is the red and white object in the image,mug,coffee mug
a76ca4ec5d52403,What color is the mug in the image,red,red
a76ca4ec5d52403,Where are the coffee beans scattered,across a light brown surface,surrounding the mug
a76ca4ec5d52403,What is scattered across the light brown surface,coffe beans,coffee beans
ee42b0500aad9db,What is the color of the glass mug,clear,clear glass
ee42b0500aad9db,What type of drink is shown in the image,coffee,milk coffee in a glass
ee42b0500aad9db,What color is the coffee foam,brown,white
ee42b0500aad9db,What is placed in the mug for drinking,straw,iced coffee
f98b1e40f10ea12,What is the color of the whipped cream,white,white
f98b1e40f10ea12,What beverage is in the glass,coffee,hot chocolate
f98b1e40f10ea12,What is the glass made of,glass,glass
f98b1e40f10ea12,What is on top of the coffee,whipped cream,whipped cream
f98b1e40f10ea12,Where is the sugar coating,on the rim,on the whipped cream
c5e136f52b70509,Where is the Colcannon located in the image,at the center,in the bowl
c5e136f52b70509,What is positioned on top of the Colcannon,sausages,sausages
c5e136f52b70509,What color are the sausages,brown with a slight char,brown and red
c5e136f52b70509,What color is the Colcannon,white,white and green
c5e136f52b70509,What is the Colcannon doing in the bowl,filling,being mashed with a fork
52c7342c98cf6c2,What color is the bowl,white,the bowl is white
52c7342c98cf6c2,What is the St. Patrick's Colcannon served in,bowl,a white bowl
52c7342c98cf6c2,What color are the chopped scallions or green onions,green,green
52c7342c98cf6c2,What color are the chunks of ham,pink,pink
52c7342c98cf6c2,What is the mixture of colors in the colcannon,multicolored,yellow white green
f0cef0090813252,What is the texture of the coleslaw,creamy,shredded and creamy
f0cef0090813252,What is the name of the food item in the bowl,coleslaw,potato salad
f0cef0090813252,What color are the carrot shreds in the coleslaw,orange,orange
f0cef0090813252,Where is the silver spoon located in the bowl,in the left,top left of the bowl
f0cef0090813252,What ingredient adds hints of purple to the coleslaw,onion,purple cabbage
8d9999b45e9ce13,What color are the zucchini strands,green,green and dark green
8d9999b45e9ce13,What type of utensil is the coleslaw in,bowl,glass bowl
8d9999b45e9ce13,What color are the carrot strands,orange,orange
8d9999b45e9ce13,What is the texture of the sauce,creamy,custard-like and smooth
8d9999b45e9ce13,Where is the coleslaw placed,in a glass bowl,in a bowl on the table
06c11acfce21e0f,What color is the blackberry compote,red-purple,red and black
06c11acfce21e0f,Where is the blackberry compote contained,in the bowl,in a white bowl
06c11acfce21e0f,What is the bowl placed on,wooden board,wooden cutting board
06c11acfce21e0f,What is the wooden board used for,cutting and serving,serving blackberries and jam
06c11acfce21e0f,Where is the bowl located in the frame,to the right of,bottom right corner
72c8bdc4ed44bc3,Is the peanut butter melted,yes,yes the peanut butter is melted
72c8bdc4ed44bc3,What is the main food item in the image,cookie,brownies
72c8bdc4ed44bc3,What color is the cookie,brown,brown
72c8bdc4ed44bc3,Where is the skillet placed,on the pan,on a gas stove
9607fe377ae1740,What color is the jar,clear,clear glass jar
9607fe377ae1740,What is the container for the cookie mix,jar,glass jar with ribbon
9607fe377ae1740,What color are the chocolate chips,brown,black
9607fe377ae1740,What is tied around the jar's lid,with red ribbon,red and white ribbon
47a6475103a994d,How would you describe the color of the cooler,bright,clear plastic cooler
47a6475103a994d,Where is the cooler placed,on the colorful surface,on a table
47a6475103a994d,What does the cooler fill,orange juice,pineapple juice
47a6475103a994d,Where is the straw inserted,into the cooler,top of cup
56070b0625b083c,What color is the majority of the corn,yellow,yellow
56070b0625b083c,Is the corn yellow,yes,yes
56070b0625b083c,Where is the corn located on the plate,across the majority of,on the bottom of plate
56070b0625b083c,What is the corn topped with,melted and browned cheese,cheese and sour cream
56070b0625b083c,What color is the larger piece on top of the corn,brownish-orange,brown
dc8b523f5e54193,What is the color of the caramel corn,light,brown and yellow
dc8b523f5e54193,What shade is the caramel corn,golden-brown,light brown caramel corn
dc8b523f5e54193,What are the bowls made of,glass,ceramic or porcelain
dc8b523f5e54193,Where is the second bowl located,on the top-left,top left of image
5cc4c378f4527c4,What color are the corn kernels in the salad,yellow,yellow
5cc4c378f4527c4,What is the main ingredient in the salad,corn,corn
5cc4c378f4527c4,How are the ingredients in the salad prepared,mixed,chopped and mixed together
5cc4c378f4527c4,What color are the diced bell peppers in the salad,red,red and yellow
7a46895d46f89e7,What color are the black beans,brown,black
7a46895d46f89e7,What type of food are used in the dish,beans,corn beans and tomatoes
7a46895d46f89e7,What color are the pieces of bell pepper,red,red and green
7a46895d46f89e7,Where is the wooden spoon located,on the right,in the bowl of food
1e791e94ce68a17,What color is the bowl,white,the bowl is white
1e791e94ce68a17,How are the corn kernels arranged in the bowl,scattered,randomly in the bowl
1e791e94ce68a17,What color are the corn kernels,yellow,yellow
1e791e94ce68a17,Where are the red tomato slices,in a bowl,in the salad bowl
1e791e94ce68a17,Where are the purple onion pieces mostly located,in a bowl,bottom of bowl
a9321bba4920843,What color is the cornbread,golden-yellow,light brown
a9321bba4920843,What type of bread is shown in the image,cornbread,cornbread
a9321bba4920843,What color is the cast iron pan,black,black
a9321bba4920843,How does the texture of the cornbread appear,coarse,golden and slightly cracked
cc61c4260366898,What color is the cornbread,golden,yellow
cc61c4260366898,What type of bread is shown in the image,cornbread,cornbread
cc61c4260366898,What color is the plate used for serving the cornbread,white,white
cc61c4260366898,Where is the parsley placed in relation to the cornbread stack,on a plate,on the right side
a264b1ee256e419,What are the green specks in the cornbread embedded with,cornbread,chives or scallions
a264b1ee256e419,What type of bread is shown in the image,cornbread,cornbread
a264b1ee256e419,What color are the scattered pieces of broccoli,green,green
a264b1ee256e419,Where is the smaller piece of cornbread positioned in the image,on the top-left,upper left corner
01c000a5e0c2720,What type of cheese is in the bowl,cottage cheese,cream cheese
01c000a5e0c2720,What color is the bowl,white,white
01c000a5e0c2720,What color are the bananas,yellow,yellow
01c000a5e0c2720,Where are the bananas placed in relation to the cottage cheese,around the cottage cheese,bananas are on top
6ff9ae19b3eed61,What is the main protein in the dish,chicken,chicken
6ff9ae19b3eed61,Where is the chicken located in the image,on the pan,in a pan on the table
6ff9ae19b3eed61,What vegetable is mixed with the cottage cheese,spinach,spinach
6ff9ae19b3eed61,What color is the cottage cheese,white,white
6ff9ae19b3eed61,Where is the chicken located in relation to the spinach and cottage cheese mixture,in the foreground,on top of it
d980f97dbe2a1e9,What color is the couscous,yellow,the couscous is yellow
d980f97dbe2a1e9,What type of grain is in the bowl,couscous,millet
d980f97dbe2a1e9,What color is the bowl,white,the bowl is white
d980f97dbe2a1e9,What color are the herbs in the couscous,green,green
d980f97dbe2a1e9,Where are the lemon wedges placed,on top of,on top of the bowl
191f4793a5b5caa,What color is the Israeli Couscous,tan,light brown
191f4793a5b5caa,What is the couscous filling in the image,filling,rice or pasta
191f4793a5b5caa,What type of grain is shown in the image,couscous,rice
191f4793a5b5caa,What color is the bowl containing the couscous,white,white bowl
191f4793a5b5caa,What texture does the sauce coating the couscous appear to have,creamy,thick and creamy texture
df3bd933b12e81f,What is the color of the couscous in the dish,tan,yellowish-brown
df3bd933b12e81f,What is the main grain used in the dish,couscous,rice
df3bd933b12e81f,What color are the chunks of tomatoes mixed within the couscous,red,red
df3bd933b12e81f,What color are the smaller flecks mixed within the couscous,green,green and red
df3bd933b12e81f,Where is the Jazzed Up Couscous dish located within the image,within the pot,(10 75) (294 68)
c8be669cf4a7994,What is the couscous served in,bowl,a white bowl
c8be669cf4a7994,What color is the couscous,white,the couscous is beige
c8be669cf4a7994,What color are the almonds or nuts,beige,light brown
c8be669cf4a7994,What shape is the couscous forming,small and round,circles
c8be669cf4a7994,Where is the couscous served,in a white bowl,in a bowl
22a6a503038da42,"What is the color of the cauliflower ""couscous""",yellowish-orange,yellow
22a6a503038da42,"What color are the sprigs scattered across the top of the ""couscous""",green,green
22a6a503038da42,Where are the sprigs of green cilantro scattered,across the top,on top of the rice
22a6a503038da42,"What is resting partially within the ""couscous""",spoon,wooden spoon
4dc12e07d49694b,What type of food is prominently featured in the image,crab cakes,crepes
4dc12e07d49694b,What color are the edges of the crab cakes,golden,brown and yellow
4dc12e07d49694b,What color are the green flecks scattered throughout the crab cakes,green,green
b1cc9100561c3f3,What color are the crab pieces,reddish-orange,red and white
b1cc9100561c3f3,What seafood is present in the dish,crab,crab
b1cc9100561c3f3,How are the crab pieces arranged in the dish,clustered,two in middle one on side
b1cc9100561c3f3,What type of meat is distributed around the crab,sausages,sausage
bddadd64cc7bae0,What color is the cranberry filling in the pie,red,red
bddadd64cc7bae0,What type of dessert is shown in the image,pie,pie
bddadd64cc7bae0,What color is the crumb topping on the pie,tan,brown
bddadd64cc7bae0,What color is the pie crust,golden,golden brown
bddadd64cc7bae0,In which direction is the pie slightly positioned,towards the left,top right corner
fbf680ba3d3b096,What type of sauce is on the chicken,cranberry,barbecue sauce
fbf680ba3d3b096,What type of meat is shown in the image,chicken,chicken drumsticks
fbf680ba3d3b096,What color is the plate,light blue,blue and white
fbf680ba3d3b096,What color is the chicken,golden brown,golden brown
fbf680ba3d3b096,Where are the chicken pieces placed,on a plate,on a blue plate
4581574ec92aee2,What does the pomegranate cranberry sauce/relish do to the bowl,fills,stains it red
4581574ec92aee2,What is the pomegranate cranberry sauce/relish served in,bowl,glass bowl
4581574ec92aee2,What is the consistency of the pomegranate cranberry sauce/relish,thick,thick and chunky
4581574ec92aee2,What color are the walnuts in the bowl,light brown and red,brown and red
4581574ec92aee2,Where are the walnuts located in the image,in the center,on top of the jam
9a3edf97d4725d1,What type of seafood is visible in the bisque,crawfish,shrimp
9a3edf97d4725d1,What color are the chopped chives in the bisque,green,green
9a3edf97d4725d1,Where is the Louisiana Crawfish Bisque served,within a white bowl,in a bowl
4f5150c34518129,What color is the rice described as,beige,the rice is brown
4f5150c34518129,How is the rice arranged on the plate,piled,centered in the middle
4f5150c34518129,What type of seafood is mixed within the rice,crawfish,shrimp
4f5150c34518129,What color are the crawfish tails,red,red and white
4f5150c34518129,Where are the crawfish tails placed in relation to the rice,on top of,on top of rice
d7976d426b5fc7b,What is the texture of the Honey Walnut Cream Cheese,light,thick and creamy
d7976d426b5fc7b,What type of nuts are mixed into the cream cheese,walnuts,walnuts
d7976d426b5fc7b,What color is the Honey Walnut Cream Cheese,beige,white
d7976d426b5fc7b,Where is the walnut half located in relation to the cream cheese,on top,on the left
d7976d426b5fc7b,What is the container used to hold the Honey Walnut Cream Cheese,bowl,glass bowl
70f1689e82535a7,What is the texture of the chantilly cream,soft,fluffy whipped cream
70f1689e82535a7,What is the main component of the dessert,cream,whipped cream
70f1689e82535a7,What color is the chantilly cream,off-white,white
70f1689e82535a7,What does the cream do to the glass dessert dish,fills,makes it overflow
70f1689e82535a7,Where are the dollops of cream located,on top,on top of the strawberries
feb8da6d4727a62,What color is the plate,white,white
feb8da6d4727a62,What fruit is mixed within the creamy filling of the crepes,blueberries,blueberries
feb8da6d4727a62,What color is the base of the crepes,brown,brown
feb8da6d4727a62,What is inside the rolled crepes,blueberries,cream and berries
feb8da6d4727a62,Where are the blueberries scattered,on the plate,on the plate and bowl
83d9469b7d2e536,What color is the crepe,golden brown,brown and tan
83d9469b7d2e536,What is located in the center of the image,crepe,a pancake
83d9469b7d2e536,How would you describe the edges of the crepe,darker,crispy and golden brown
83d9469b7d2e536,Where is the crepe located in the image,in the center,(10 52) (379 86)
97317ea0a16f6ba,What color is the cloth the rolls are arranged on,purple,purple
97317ea0a16f6ba,What is the shape of the food items in the image,rolls,cylindrical
97317ea0a16f6ba,What color are the Nutella crescent rolls,golden brown ,brown and tan
97317ea0a16f6ba,What is visible in the cut roll,flaky dough,cinnamon and raisin
97317ea0a16f6ba,Where is one of the whole rolls located in relation to the cut roll,on the lower right,above the cut roll
5dc5bfed7295e6e,What color are the crisps,golden-yellow,yellow
5dc5bfed7295e6e,How are the crisps arranged on the plate,overlap,in a pile
5dc5bfed7295e6e,What type of food is described as golden-yellow and lacy,cheese,cheese crisps
5dc5bfed7295e6e,What texture do the crisps have,lacy,crunchy flaky and airy
5dc5bfed7295e6e,Where are the crisps located on the plate,on the upper-left,center of the plate
7207161ee7fdd3a,What color are the sesame seeds on the crisps,white,white
7207161ee7fdd3a,What color are the edges of some crisps,brown,brown
7207161ee7fdd3a,Where are the Sesame Lemon Crisps placed,on a white plate,on a white plate
7207161ee7fdd3a,Which crisp appears bigger compared to the others,the crisp in the front,top right crisp
f7e98ee1e808dcc,What color is the plate,green,light green
f7e98ee1e808dcc,What shape are the croissant ice cream cones,cones,crescent-shaped
f7e98ee1e808dcc,What color are the croissant ice cream cones,golden-brown,golden brown
f7e98ee1e808dcc,How is one of the cones positioned on the plate,lies,pointed side up
1747472deb3ca10,What color is the front center croquette,brown,brown
1747472deb3ca10,What type of food is shown in the image,croquettes,meatballs
1747472deb3ca10,What color is the back croquette,dark,brown
1747472deb3ca10,Where are the croquettes placed,on a plate,on a plate
1747472deb3ca10,How are the croquettes positioned on the plate,arranged,in a circle
873396a9d5e4f00,How would you describe the croquettes,yummylicious,small round and brown
873396a9d5e4f00,What type of food is shown in the image,croquettes,muffins
873396a9d5e4f00,What color are the croquettes,golden,golden brown
873396a9d5e4f00,Where are the croquettes placed,on a silver metal rack,on a foil-lined tray
873396a9d5e4f00,What color are the darker croquettes,brown,brown
72ee70465299f12,What color is the plate,beige,white
72ee70465299f12,What type of food is shown in the image,croquettes,hamburger patties
72ee70465299f12,What color is the crust of the croquettes,golden brown,golden brown
72ee70465299f12,Where are the croquettes resting,resting on the plate,on top of lettuce
72ee70465299f12,Is the bottom croquette fully visible,yes,no
f72b411f57d390c,What type of dessert is shown in the image,pie,pie with ice cream
f72b411f57d390c,What color are the mint leaves,green,green
f72b411f57d390c,What color is the ice cream next to the pie,off-white,white
f72b411f57d390c,Where is the slice of berry crumble pie placed,on a white plate,on a white plate
8dcec925b92152d,What color are the raspberries in the bowl,red,red
8dcec925b92152d,What is the dessert served in,bowl,bowl
8dcec925b92152d,What color are the peaches in the bowl,orange,orange
8dcec925b92152d,How are the peaches and raspberries arranged in the bowl,mixed,peaches and raspberries on left
8dcec925b92152d,Where is the crumble topping located in relation to the fruit,on top of,on top of the fruit
59b9dea4ab611ae,What color is the berry filling,red,red
59b9dea4ab611ae,What is the dessert served in,bowl,white bowl
59b9dea4ab611ae,Is the berry filling covered by the crumble topping,yes,yes it is covered
59b9dea4ab611ae,What color is the crumble topping,golden-brown,brown
59b9dea4ab611ae,Where is the berry filling located,at the bottom,under the oat topping
92211a75310aaef,What type of dessert is shown in the image,pie,blueberry crumble pie
92211a75310aaef,What color are the raspberries in the pie filling,red,purple
92211a75310aaef,Where is the pie filling located in relation to the crumble topping,beneath,underneath the crumble topping
8f3db33916b0bc0,What is the color of the crunches in the top center of the image,brown,brown
39bcc4756e74344,What color is the bowl containing the Berry Nut and Seed Crunch,green,green
39bcc4756e74344,How are the berries distributed in the bowl,scattered,scattered throughout
39bcc4756e74344,What color are the nuts in the Berry Nut and Seed Crunch,brown,brown and green
39bcc4756e74344,What type of fruit is scattered throughout the bowl,berries,cranberries
39bcc4756e74344,Where is the mixture of Berry Nut and Seed Crunch placed,atop,in a bowl
286cb0fa3aefa9b,What color is the pie crust,golden-brown,golden brown
286cb0fa3aefa9b,What type of food is shown in the image,pie,apple pie
286cb0fa3aefa9b,What pattern is formed by the pie crust across the top,lattice,lattice pattern
286cb0fa3aefa9b,Where is the lattice pattern placed on the pie,across the entire top,top of pie
286cb0fa3aefa9b,What decorative elements are placed in the lower-center of the pie,leaves,leaves in pastry dough
71b37d19149e978,What color is the pie crust,yellow,the pie crust is white
71b37d19149e978,What type of food is shown in the image,pie,uncooked pie crust
71b37d19149e978,What part of the pie is in the dish,crust,the bottom crust
71b37d19149e978,How is the edge of the pie crust described,crimped,ruffled and fluted edge
71b37d19149e978,Where is the pie crust located in the image,in the center,center of image
79863139fcf71cc,What color is the pie crust,golden,golden brown
79863139fcf71cc,What type of food is shown in the image,pie,pie
79863139fcf71cc,What color is the filling of the pie,red,red
79863139fcf71cc,What color are the lattice strips on the pie,tan,yellowish tan
54b457d0076dc63,What is the melted cheese doing on the side of the crust,dripping,running down the side
54b457d0076dc63,What color is the premium pizza crust,tan,golden brown
54b457d0076dc63,What word describes the quality of the pizza crust,premium,golden brown and crispy
54b457d0076dc63,What is the melted ingredient on the pizza,cheese,cheese
54b457d0076dc63,Where is the crust positioned in the image,in the lower portion,bottom of the image
36e9730c7ccff02,What color are the Persian cucumbers on the inside,green,light green
36e9730c7ccff02,What type of vegetable is mixed with the yogurt in the image,cucumbers,cucumber
36e9730c7ccff02,What color is the yogurt in the image,white,white
36e9730c7ccff02,What is the texture of the yogurt in the image,creamy,thick and creamy
36e9730c7ccff02,Where are the cucumber pieces distributed in the image,throughout the image,middle left and right
1750d80b96e62ce,What color is the plate used for the salad,white,white
1750d80b96e62ce,What type of dish is being described in the image,salad,caprese salad
1750d80b96e62ce,What color are the tomato slices in the salad,red,red
1750d80b96e62ce,Where is the salad placed,on a plate,on a wooden table
1750d80b96e62ce,What color are the basil leaves in the salad,green,green
0f170af0c72067e,What color are the cucumber slices,green,green
0f170af0c72067e,What type of dish is shown in the image,salad,cucumber salad
0f170af0c72067e,Are the seeds in the cucumber slices visible,visible,yes seeds visible
0f170af0c72067e,What color are the onion slices,white,white
0f170af0c72067e,Where are the salad components placed,inside a transparent bowl,in a glass bowl
b268dae475851c9,What color are the cucumbers,green,green
b268dae475851c9,What vegetable is being described,cucumbers,cucumber
b268dae475851c9,How are the cucumbers cut,sliced,sliced in half
b268dae475851c9,Where are the small brown specks located,on their surfaces,on the cucumbers
cd9183721a494fa,How would you describe the cucumbers in the bowl,fresh,sliced cucumbers in a bowl
cd9183721a494fa,What type of vegetable is shown in the image,cucumbers,cucumber
cd9183721a494fa,What color is the outer skin of the cucumber slices,green,dark green
cd9183721a494fa,How are the cucumber slices arranged in the bowl,overlapping,randomly scattered
cfcc90df3d3057d,What color is the margarita liquid,yellow,light yellow
cfcc90df3d3057d,What type of drink is shown,margaritas,margarita
cfcc90df3d3057d,What color is the placemat,white,white
cfcc90df3d3057d,What vegetable is used as a garnish,cucumber,cucumber
cfcc90df3d3057d,Where are the cucumber slices placed,on the rim,on the rims of glasses
3aa798519a72bac,What color is the whole cucumber,green,green
3aa798519a72bac,What vegetable is lying on the left side of the image,cucumber,cucumber
3aa798519a72bac,What type of surface are all the items placed on,wooden,wooden cutting board
ac0f7b09bbfb88a,What type of vegetable is used in the dish,cucumbers,cucumber
ac0f7b09bbfb88a,What do the cucumbers do in the bowl,fill,pickled in the bowl
ac0f7b09bbfb88a,What color are the sesame seeds,white,white
ac0f7b09bbfb88a,Where are the cucumbers placed,in a shallow bowl,in a bowl
bd4d9d9c7ff359f,What color is the surface the walnut cups are placed on,white,white
bd4d9d9c7ff359f,What color is the crust of the walnut cups,golden-brown,light brown
bd4d9d9c7ff359f,Where are the walnut cups placed,on a white surface,on a plate
a2269fe475bbdeb,What color is the plate in the foreground,pink,pink
a2269fe475bbdeb,What color is the base of the cupcake,reddish-brown,brown
a2269fe475bbdeb,What type of dessert is shown in the image,cupcake,cupcakes
a2269fe475bbdeb,Where is the single cupcake placed,on the plate,on a pink plate
a72579744b544da,What color is the mango-lime curd,yellow,yellow and green
a72579744b544da,What is the name of the food in the glass dessert dish,curd,mango sorbet
a72579744b544da,What type of dish is the mango-lime curd in,glass,glass bowl
a72579744b544da,Where is the spoon in relation to the curd,submerged inside,in the bowl
a72579744b544da,What is the texture of the mango-lime curd,smooth,smooth and creamy
21d55487638b1d9,What is the main dish in the image,curry,chicken curry
21d55487638b1d9,What color is the bowl,white,the bowl is white
21d55487638b1d9,What color is the curry in certain areas,golden-brown,orange
21d55487638b1d9,Where are the green onions located,on top of,on top of the stew
b0ca546137615ee,What is the buttercream doing to the cake,covering,making roses
b0ca546137615ee,What is the dessert in the image,cake,pink frosted cake
b0ca546137615ee,What do the piped patterns resemble,roses,pink roses
b0ca546137615ee,How are the piped patterns arranged,swirling,in a circular pattern
b0ca546137615ee,Where are the roses covering the cake,over the entire surface,all over the cake
3bde60851fad917,What color is the frozen custard,yellow,yellow
3bde60851fad917,What type of dessert is shown in the image,custard,vanilla ice cream
3bde60851fad917,Where is the spoon inserted,into the custard,in the ice cream
938c91ef3f2cc96,What color is the baked pumpkin custard,orange-brown,brown
938c91ef3f2cc96,What type of dessert is in the bowl,custard,pumpkin pie
938c91ef3f2cc96,What does the custard do to the bowl,fills,it fills the bowl
938c91ef3f2cc96,What color is the whipped cream,white,white
938c91ef3f2cc96,Where is the bowl placed,on the plate,on a plate
d72be19d8c5e314,What color are the chicken breast cutlets,pale,light brown
d72be19d8c5e314,What type of meat is being served,chicken,chicken
d72be19d8c5e314,What color are the capers,brown,green and black
d72be19d8c5e314,Where are the sun-dried tomatoes placed,on top,on top of the chicken
d72be19d8c5e314,What color is the plate,red,red
f9b928117774fd5,What is the color of the Daiquiri,white,white
cc2e00dd885336d,What is the dal doing to the Chakolya pieces,immersing,dal is soaking chakolya pieces
cc2e00dd885336d,What color are the spices in the dish,dark,black and red
cc2e00dd885336d,What are the small dark items scattered throughout the dish,spices,black pepper seeds
cc2e00dd885336d,Where are the Chakolya pieces scattered,across the bowl,chakolya pieces are scattered on top
7c96df80891e3e6,What fruit is used in the danish filling,raspberry,strawberry
7c96df80891e3e6,What color is the crust of the pastry,golden-brown,golden brown
7c96df80891e3e6,Where is the raspberry danish placed,plate,on a white plate
7c96df80891e3e6,What color is the raspberry filling,red,red
7c96df80891e3e6,Where are the pieces of raspberry danish located,on a plate,on a plate
f6fd1014d1b13e4,What type of dessert is shown in the image,turkish delight,tufah tatlisi
f6fd1014d1b13e4,What is covering many of the Turkish Delight pieces,coated,powdered sugar
f6fd1014d1b13e4,What color is the powder coating the Turkish Delight pieces,white,the powder is white
f6fd1014d1b13e4,How are the Turkish Delight pieces arranged in the frame,scattered,top to bottom right to left
f6fd1014d1b13e4,Where are the Turkish Delight pieces placed in the image,across the frame,center of image
00c972776282f93,What type of food is the image showing,dessert,dessert
00c972776282f93,What is the fork doing to the dessert,taking,poking a hole in it
00c972776282f93,What color is the plate under the dessert,white,white
00c972776282f93,Where are the strawberries positioned in the dessert,on top,on top of dessert
00c972776282f93,What is the texture of the red sauce on the strawberries,glossy,syrupy and smooth
e493d73bc9d382e,What cooking method was used to prepare the dip,baking,baked in oven
e493d73bc9d382e,What is the predominant color of the dip,yellow,yellow
e493d73bc9d382e,What is the texture of the cheese in the dip,melted,bubbly and browned
e493d73bc9d382e,What type of dish is the dip served in,in a clear glass,glass baking dish
543a807478f983f,What is the black bean dip doing in the bowl,filling,sitting in the bowl
543a807478f983f,What type of dip is shown in the image,bean,chocolate dip
543a807478f983f,What color is the black bean dip,brown-black,brown
543a807478f983f,Where is the bowl of black bean dip located in the image,in the center-left,center of image
adfb72af7a0bd14,What color is the base layer of the Chunky Pizza Dip,white,white
adfb72af7a0bd14,What type of dish is the Chunky Pizza Dip,pizza,pizza dip
adfb72af7a0bd14,What color are the pepperoni slices on the Chunky Pizza Dip,red,red
adfb72af7a0bd14,Where are the toppings scattered on the Chunky Pizza Dip,across the surface,on top of dip
adfb72af7a0bd14,What color are the chives used as garnish on the Chunky Pizza Dip,green,green
e4ae0db95c78dcd,What color is the top corn dog,golden-brown,yellow and brown
e4ae0db95c78dcd,What type of food is shown in the image,corn dogs,sausages on a stick
e4ae0db95c78dcd,What color is the sausage inside the second corn dog,reddish-brown,yellow and brown
e4ae0db95c78dcd,Where are the corn dogs placed,on a white plate,on a white plate
b22014db168d51d,What is the main flavor of the donuts,chocolate,chocolate
b22014db168d51d,What type of pastry is shown in the image,donuts,chocolate donuts
b22014db168d51d,What color is the glaze on the donuts,brown,brown
b22014db168d51d,Where is the partially visible donut located in the image,in the bottom left,upper right corner
411cfea46839757,What color is the plate,white,white
411cfea46839757,What type of food is shown in the image,pierogi,ravioli with cheese and bacon
411cfea46839757,What color are the pierogi dough pieces,beige,light brown
411cfea46839757,Where are the pierogi dough pieces placed,on plate,on a plate
411cfea46839757,Are the pierogi dough pieces fried,fried,no the pierogi dough pieces are not fried
69e1e4ce9be4696,What color is the doughnut at the bottom of the stack,brown,brown
69e1e4ce9be4696,What type of food is shown in the image,doughnuts,doughnuts
69e1e4ce9be4696,What color is the doughnut to the upper-left of the bottom doughnut,yellow,light brown
69e1e4ce9be4696,How are the doughnuts arranged on the plate,stacked,stacked on top of each other
69e1e4ce9be4696,Where is the doughnut at the top positioned,on top of,on top of the others
4a6f40639aa4853,What type of food is shown in the image,doughnuts,donuts
4a6f40639aa4853,What color is the powdered sugar on the doughnuts,white,white
4a6f40639aa4853,Where is the vibrant red doughnut located,in the center,center of the image
83c156078f10e36,What color is the doughnuts' hue,orange-brown,brown
83c156078f10e36,What type of food is shown,doughnuts,donuts
83c156078f10e36,What flavor are the doughnuts,maple,peanut butter and jelly
83c156078f10e36,What color are the mint leaves,green,green
09cff0d234fbcde,What flavor are the doughnuts,vanilla,coconut
09cff0d234fbcde,What color is the doughnut in the front,tan,white
09cff0d234fbcde,Where is the doughnut in the front located in the frame,in the front,center of the frame
69bd3096ba5c8f0,What type of food is the dressing used for,salad,green salad
69bd3096ba5c8f0,What is the quality of the salad dressing described as,best,homemade and healthy
69bd3096ba5c8f0,What color is the bottom portion of the dressing,brownish,brown in color
69bd3096ba5c8f0,What color are the small particles in the dressing,black,black
69bd3096ba5c8f0,Where is the glass carafe located in the image,in the lower-left corner,lower left corner
e06318f6d8379da,What color is the salad dressing,orange,orange
e06318f6d8379da,What type of dish is shown in the image,salad,caesar salad
e06318f6d8379da,How is the salad dressing applied to the salad,drizzled,drizzled on top
e06318f6d8379da,Where is the salad dressing mostly concentrated,top of the salad,on top of the salad
e06318f6d8379da,What is one of the main ingredients in the salad,lettuce,cheese
fef5d8957367c9c,What color is the bowl,white,the bowl is white
fef5d8957367c9c,What is the wasabi salad dressing served in,bowl,small white bowl
fef5d8957367c9c,What color is the wasabi salad dressing,brown,brown
fef5d8957367c9c,What is the main ingredient in the salad dressing,wasabi,tomato
fef5d8957367c9c,Where is the white bowl positioned in the image,towards the upper-right,top right corner
6dc09e0f572307d,What color is the Dorothy Lynch Style Salad Dressing,orange-red,orange
6dc09e0f572307d,What does the Dorothy Lynch Style Salad Dressing do to the pitcher,fills,makes it full
6dc09e0f572307d,What is the container for the Dorothy Lynch Style Salad Dressing,pitcher,glass pitcher
6dc09e0f572307d,What color is the surface under the pitcher,white,white tablecloth
6dc09e0f572307d,Where are the green leaves located relative to the pitcher,to the bottom left,in front of the pitcher
2c45c0f2dbad7eb,What color is the bottom layer of the dressing,yellow,white
2c45c0f2dbad7eb,What type of container is the dressing stored in,jar,glass jar
2c45c0f2dbad7eb,What is the texture of the bottom layer of the dressing,creamy,thick and creamy
2c45c0f2dbad7eb,What color is the top layer of the dressing,greenish,greenish-yellow
2c45c0f2dbad7eb,Where is the jar of dressing placed,on a red surface,on a red surface
5d5b67e2f56a8dc,What is the texture of the drumsticks' skin,crispy,charred and crispy
5d5b67e2f56a8dc,What part of the chicken is shown in the image,drumsticks,chicken drumstick
5d5b67e2f56a8dc,What color is the plate,white,the plate is white
5d5b67e2f56a8dc,What color is the checkered cloth in the background,blue,blue and white
5d5b67e2f56a8dc,Where are the drumsticks placed,on a plate,on a white plate
5d7534e55a162f9,What is the purpose of the plate in the image,decorative,to serve food
5d7534e55a162f9,What type of meat is shown in the image,drumsticks,chicken
5d7534e55a162f9,What color is the drumstick on the left,pinkish-tan,white
5d7534e55a162f9,Where is the first drumstick positioned,on the left,top of the plate
5d7534e55a162f9,What color are the sage leaves,green,green
64323bbbf31a300,What color is the duck,pink,pink and white
64323bbbf31a300,What type of meat is shown,duck,ham
64323bbbf31a300,How is the duck prepared,sliced,roasted
64323bbbf31a300,What color is the apple dressing,yellow,yellow and green
64323bbbf31a300,Where is the small ball of dressing located,to the left,top left corner
ab19ecd247fdabc,What is the name of the dish in the center of the plate,duck adobo,beef and onion stew
ab19ecd247fdabc,What is the glossy sauce doing to the rice,covering,coating the rice
ab19ecd247fdabc,What color is the rice under the Duck Adobo,white,white
ab19ecd247fdabc,How does the sauce on the Duck Adobo appear,glossy,thick and brown
ab19ecd247fdabc,Where is the Duck Adobo located on the plate,in the center,center of the plate
08ca42fdeb64a9b,What color is the skin of the roasted duck,brown,golden brown
08ca42fdeb64a9b,What type of meat is being served,duck,chicken
08ca42fdeb64a9b,How would you describe the texture of the duck skin,crispy,crispy and golden-brown
08ca42fdeb64a9b,What color are the rosemary leaves,green,green
08ca42fdeb64a9b,Where is the roasted duck presented,on an oval platter,on a white plate
e0039d104925b12,What color are the dumplings,golden-brown,brown
e0039d104925b12,What type of food is shown in the image,dumplings,bread in a pan
e0039d104925b12,What material is the baking pan made of,metal,stainless steel
e0039d104925b12,Where are the dumplings arranged,in a metal baking pan,in a loaf pan
e0039d104925b12,What color is the syrupy liquid,amber,brown
703a17269805495,What color is the yolk of the foremost egg slice,yellow,yellow
703a17269805495,What is the main ingredient of the slices,egg,eggs
703a17269805495,Where are the small brown and red flecks located,sprinkled on,on the eggs
703a17269805495,What color is the white ring around the yolk,white,golden brown
703a17269805495,What is the appearance of the white ring around the yolk,translucent,custard-like in texture
c8a87f40f3b57c4,What color is the outer layer of the Scotch eggs,golden-brown,brown and yellow
c8a87f40f3b57c4,What is inside the sausage meat layer of the Scotch eggs,eggs,a hard-boiled egg
c8a87f40f3b57c4,What color is the outer layer of the hard-boiled egg,white,brown
c8a87f40f3b57c4,Where are the Scotch eggs placed,on a plate,on a white plate
c8a87f40f3b57c4,What color is the yolk of the hard-boiled egg,yellow,yellow
e7b97785c0393ba,What color is the surface of the French toast,golden-brown,brown
e7b97785c0393ba,What type of French toast is shown in the image,eggnog,banana bread french toast
e7b97785c0393ba,What color is the surface the plate is on,white,white marble
e7b97785c0393ba,Where is the white powder located,on top,on the plate under toast
e7b97785c0393ba,What is pooled around the base of the French toast,syrup,syrup
a61dbb321d47ac1,What shape are the eggplant balls,round,round
a61dbb321d47ac1,What type of vegetable are the balls made of,eggplant,beef and pork
a61dbb321d47ac1,What color is the cheese sprinkled on the eggplant balls,white,white
a61dbb321d47ac1,Where is one of the eggplant balls located in the image,in the top-center,center of the bowl
ee13d5a702f7c8f,What vegetable is used to make the rollatini,eggplant,tomato
ee13d5a702f7c8f,What color is the tomato sauce,red,red
ee13d5a702f7c8f,Where is the tomato sauce located,on top of,on the spaghetti
21a17e4674852b9,What color is the top empanada,golden-brown,light brown
21a17e4674852b9,What type of food is shown in the image,empanada,empanadas
21a17e4674852b9,What color is the plate or napkin,white,white and pink
21a17e4674852b9,Where is the empanada on the right edge placed,on a patterned napkin,on the plate
ad588d1b60cf200,What is the texture of the enchiladas,creamy,cheesy and creamy
ad588d1b60cf200,What color are the enchiladas,yellow,yellow and red
ad588d1b60cf200,Where are the diced tomatoes located,scattered across,on top of the casserole
ad588d1b60cf200,What color are the diced tomatoes,red,red
ad588d1b60cf200,Where does the reddish sauce appear,peeks,top of the dish
88b5d3061ab9e04,What color is the majority of the popcorn,white,white
88b5d3061ab9e04,What type of food is shown in the image,popcorn,popcorn
88b5d3061ab9e04,Is the popcorn spilling out of the container,spilling out,yes popcorn is spilling out of the container
88b5d3061ab9e04,What color are some of the darker popcorn pieces,brown,brown
88b5d3061ab9e04,Is the popcorn cup tilted to one side,tilted,yes
6f5bf99a67539bb,What color is some of the popcorn,red,red and green
6f5bf99a67539bb,What type of food is shown in the image,popcorn,popcorn
6f5bf99a67539bb,What flavor does the popcorn suggest,peppermint,christmas candy cane
6f5bf99a67539bb,What is the bowl made of,glass,glass
6f5bf99a67539bb,Where is the popcorn located,in a bowl,in a bowl
4209d484eabbd49,What color is the bowl,blue,blue
4209d484eabbd49,What is the popcorn served in,bowl,a blue bowl
4209d484eabbd49,What is the primary color of the popcorn,white,white and tan
9fa6ee09dafbefd,What type of diet do these jalapeño poppers cater to,keto,keto diet
9fa6ee09dafbefd,What are the jalapeño poppers called,poppers,jalapeno bacon poppers
9fa6ee09dafbefd,What color are the jalapeños,green,green
9fa6ee09dafbefd,What color is the filling inside the jalapeño poppers,white,yellow
9fa6ee09dafbefd,Where are the jalapeño poppers placed,on a black metal rack,air fryer basket
f10fc233eb96b8e,What color is the bowl holding the poppers,gray,black bowl
f10fc233eb96b8e,What type of food is shown in the image,poppers,mummy shaped cookies
f10fc233eb96b8e,How are the poppers presented,wrapped,in a bowl
f10fc233eb96b8e,What color are the stems of some jalapenos,green,green and black
5870b784e4b8bbc,What color are the jalapeños,green,green
5870b784e4b8bbc,What type of pepper is used in the poppers,jalapeño,jalapeno peppers
5870b784e4b8bbc,What is wrapped around the jalapeños,bacon,bacon
5870b784e4b8bbc,Where are the jalapeño poppers placed,on a white plate,on a white plate
5870b784e4b8bbc,How does the bacon appear,crisp,the bacon appears crispy
964fde4c4f698ab,What color are the jalapeño poppers,green,green and orange
964fde4c4f698ab,What type of food is shown in the image,poppers,jalapeno peppers
964fde4c4f698ab,What is the filling inside the jalapeño poppers,cream cheese,cheese and bacon
964fde4c4f698ab,What color is the shredded cheese on top of the cream cheese,orange,orange and white
0d41621d7097dac,What color are the butternut squash chunks,white,orange
0d41621d7097dac,What type of meat is mixed with the posole,chicken,chicken
0d41621d7097dac,What color are the butternut squash chunks,orange,orange
0d41621d7097dac,Where are the parsley leaves and shredded cheese placed,on top,on top of soup
0d41621d7097dac,What color is the tortilla,brown,light brown
168e13ac82b3814,What color are the mashed potatoes,light,white
168e13ac82b3814,What is the main ingredient in the dish,potatoes,oats
168e13ac82b3814,What color is the bowl,black,black bowl
168e13ac82b3814,Where is the green leaf located,at the center,on top of the food
b99d79351a4c043,What is the main ingredient in the dish,potatoes,potatoes
b99d79351a4c043,What color are the potatoes,brown,brown and white
b99d79351a4c043,What color is the sauce coating the potatoes,reddish-brown,brown
b99d79351a4c043,What is the texture of the sauce on the potatoes,coated,thick and glossy
b99d79351a4c043,Where are the potatoes placed,on the plate,on a white plate
9f45ef995126187,What color are the air fryer breakfast potatoes,yellow,brown and white
9f45ef995126187,What type of food are the air fryer breakfast potatoes,potatoes,air fried potatoes
9f45ef995126187,How are the edges of the air fryer breakfast potatoes described,crispy,crispy and golden-brown
9f45ef995126187,What utensil is placed on the left of the air fryer breakfast potatoes,fork,fork
9f45ef995126187,Where is the fork placed in relation to the air fryer breakfast potatoes,on the left,left of potatoes
96e156d64e6fb9f,What type of seasoning is used on the potatoes,spiced,black pepper
96e156d64e6fb9f,What is the main ingredient in the dish,potatoes,potatoes
96e156d64e6fb9f,What color are the potatoes,yellowish-tan,light brown
96e156d64e6fb9f,Where are the potatoes located in the image,across the entire image,middle of image
96e156d64e6fb9f,What color are some of the potato pieces due to the spices,brown,brown and black
2b756defc8abb5d,What type of vegetable is shown in the image,potato,potato
2b756defc8abb5d,What color are the potato wedges,yellow,brown and white
2b756defc8abb5d,How are the parsley leaves arranged in the dish,scattered,scattered on top
2b756defc8abb5d,What cooking method gives the potato wedges a deeper brown color,roasting,frying
2b756defc8abb5d,Where are the potato wedges located,in the dish,on a wooden board
27c2a182df0a9c5,What color is the crust of the potato on the left,brown,brown
27c2a182df0a9c5,What is the main ingredient in the dish,potatoes,potato
27c2a182df0a9c5,What color are the herbs on top of the potatoes,green,green
27c2a182df0a9c5,Where are the green herbs located,on top,on top of the food
27c2a182df0a9c5,What pattern is visible on the backdrop,checkered,red and white checkered pattern
594dddaf6053392,What color is the base of the pralines,light brown,brown
594dddaf6053392,What type of food is scattered on the plate,pralines,pecans
594dddaf6053392,What color are the pecans on top of the pralines,reddish-brown,brown
594dddaf6053392,Where are the pralines placed,on a plate,on a plate
594dddaf6053392,Is the small portion of the praline at the top right corner visible,visible,yes
f752fd3ed5939df,What color is the plate,white,white
f752fd3ed5939df,What type of seafood is shown in the image,prawns,shrimp
f752fd3ed5939df,What color are the prawn tails,orange-brown,pink and white
f752fd3ed5939df,Where are the prawns placed,on a plate,on a plate
d1e6cc204da0a91,What is the base color of the pudding,beige,white
d1e6cc204da0a91,What is the name of the dessert in the image,pudding,pudding
d1e6cc204da0a91,What spice is sprinkled on top of the pudding,cinnamon,cinnamon
d1e6cc204da0a91,What color is the cinnamon on top of the pudding,brown,brown
547d8a5e2a6c1c7,What is the primary color of the pudding,golden-yellow,yellow
547d8a5e2a6c1c7,What type of dish is shown in the image,pudding,corn casserole
547d8a5e2a6c1c7,What is the texture of the custard-like substance,creamy,slightly lumpy and bubbly
547d8a5e2a6c1c7,Where is the pudding placed,on a white plate,on a plate
547d8a5e2a6c1c7,What ingredient is visible within the pudding,corn,corn
5101ecc1b650286,What color is the plate,white,the plate is white
5101ecc1b650286,What color is the bun's outer shell,tan,brown
5101ecc1b650286,What is the pale yellow part of the bun,filling,cream filling
5101ecc1b650286,How does the bun's outer shell appear,cracked,crispy and flaky
5101ecc1b650286,Where are the crumbs located,to the left,on the plate
655048ef177156b,What color is the base of each loaf,yellow,yellow
655048ef177156b,What are the baked goods in the image called,loaves,muffins
655048ef177156b,What color is the swirl on top of each loaf,brown,brown
655048ef177156b,Where is the brown swirl located on each loaf,on top,top of each loaf
655048ef177156b,What is the appearance of each loaf described as,mottled,brown and yellow swirled
3a3da3679ddc0e2,What color is the pumpkin puree,orange,bright orange
3a3da3679ddc0e2,What is the pumpkin puree served in,bowl,a white bowl
3a3da3679ddc0e2,Does the pumpkin puree fill the bowl,fills,yes the bowl is full
3a3da3679ddc0e2,Is the pumpkin puree thick,thick,yes the pumpkin puree is thick
3a3da3679ddc0e2,Where is the pumpkin puree mounded,in the center,in the center of bowl
15ce12b2011c706,What color is the bowl,white,white
15ce12b2011c706,What is the first container,bowl,glass bowl of soup
15ce12b2011c706,What color is the liquid in the white bowl,beige,white
15ce12b2011c706,Where is the transparent bathtub-shaped glass located,at the bottom,in front of the bowl
a1f27fd1ff6d6de,What material are the glasses made of,glasses,glass
a1f27fd1ff6d6de,What is the board made of,wooden,wood
a1f27fd1ff6d6de,What color are the lime slices,green,green
a1f27fd1ff6d6de,Where are the glasses placed,on a wooden board,on a cutting board
8b85ed897a11006,What is the punch served in on the lower left of the image,mug,a glass mug
8b85ed897a11006,What color is the punch in the clear glass mug,red,pink
87ae3f463235ec8,What color are the Honduran Quesadillas on top,brown,golden brown
87ae3f463235ec8,What type of food is shown in the image,quesadillas,casserole
87ae3f463235ec8,What color is the top of the Honduran Quesadillas,golden,brown
87ae3f463235ec8,Where are the Honduran Quesadillas located,on top,in glass dish
34a7280a47e87fe,What color is the parchment paper,brown,brown
34a7280a47e87fe,What type of food is shown in the image,quesadillas,quesadilla with salsa and sour cream
34a7280a47e87fe,What color is the andouille sausage,red-orange,no andouille sausage
34a7280a47e87fe,Where is the sour cream and parsley located,on top,on top of quesadilla
34a7280a47e87fe,What color is the melted cheese,yellow,yellow
fd753b15d1d0a45,What type of cheese is the queso made with,queso,velveeta cheese
fd753b15d1d0a45,How does the queso appear on the chips,melted,dripping down sides
fd753b15d1d0a45,What is the texture of the queso,creamy,thick and creamy
fd753b15d1d0a45,Where is the queso drizzled over,over a pile,over the chips
fd753b15d1d0a45,What is the queso coating,chips,cheese dip
797b3a03ee421d6,What color is the crust of the quiche,golden-brown,golden brown
797b3a03ee421d6,What color are the broccoli florets in the quiche,green,green
797b3a03ee421d6,Where is the slice of quiche positioned,on a white plate,on a white plate
4de000c2cae8ec6,How would you describe the ingredients in the soup,colorful,carrots zucchini tomatoes onions
4de000c2cae8ec6,What type of soup is shown in the image,soup,vegetable soup
4de000c2cae8ec6,What color are the carrot pieces in the soup,orange,orange
4de000c2cae8ec6,Where are the red tomato chunks mainly located,on the right,in the center of bowl
4de000c2cae8ec6,What is sprinkled across the surface of the soup,sprinkled,chopped green herbs
ea990353528fe56,What color is the quinoa besides brown,reddish-brown,black and green
ea990353528fe56,What is the main ingredient in the dish,quinoa,black beans
ea990353528fe56,What does the quinoa do in the bowl,fills,serves as a base
ea990353528fe56,What color is the garnish in the center,green,green
ea990353528fe56,Where is the green garnish located,in the center,on top of the food
5392f467220fdbd,What gives the dish a creamy yellow hue,cheesy,broccoli
5392f467220fdbd,What is the main grain in the dish,quinoa,quinoa
5392f467220fdbd,What color is the quinoa,yellow,yellow and red
5392f467220fdbd,What color are the broccoli pieces,green,green
a84bf6988435e9d,What does the quinoa do in the image,fills,quinoa salad in a pan
a84bf6988435e9d,What is the main grain in the dish,quinoa,quinoa
a84bf6988435e9d,What color is the quinoa,beige,white and yellow
a84bf6988435e9d,What color are the pieces of kale,green,green
a84bf6988435e9d,Where are the pieces of kale located,within the quinoa,in the pan with other ingredients
60ba3bf86baa0b8,What is the main grain in the dish,quinoa,quinoa
60ba3bf86baa0b8,What color is the cabbage,red,purple and green
60ba3bf86baa0b8,Where is the quinoa mixture,in,in a white bowl
07c95622876fe96,What color are the radishes in the image,pink,red and white
07c95622876fe96,What type of vegetable is featured in the image,radishes,potato
07c95622876fe96,What is the radish pile placed in,bowl,gray bowl
07c95622876fe96,What color is the spoon in the image,silver,silver
07c95622876fe96,Where is the concentration of radish slices located in the bowl,in the bottom center,center of the bowl
7f739d8ffdd41f3,What color are the sautéed radish greens,dark green,dark green
7f739d8ffdd41f3,What vegetable has a purple outer ring and a white center,radish,radishes
7f739d8ffdd41f3,What color is the outer ring of the radish slices,purple,purple
7f739d8ffdd41f3,Where are the radish greens distributed,distributed throughout,on the plate
7f739d8ffdd41f3,What ingredient is scattered throughout the dish in crumbles,cheese,feta cheese
33b96dcfe6d4d33,What color are the daikon radish pieces,white,white
33b96dcfe6d4d33,What type of vegetable are the white pieces,radish,daikon radish
33b96dcfe6d4d33,How are the daikon radish pieces arranged in the dish,dispersed,mixed with carrot sticks
33b96dcfe6d4d33,What color are the carrot pieces,orange,orange
33b96dcfe6d4d33,Where are most of the carrot pieces located,at the bottom,left side of the bowl
0bcda430641db62,What color is the pie crust,golden-brown,golden brown
0bcda430641db62,What type of food is shown in the image,pie,pie
0bcda430641db62,What material is the pie tin made of,silver,aluminum
0bcda430641db62,What ingredient is visible through the cutouts in the star crust,raisins,raisins or currants
133544b12f11fe8,What color is the pie crust,golden brown,brown
133544b12f11fe8,What type of dessert is shown in the image,pie,pie
133544b12f11fe8,What color is the meringue on top of the pie,white,beige
133544b12f11fe8,Where is the meringue located on the pie,on top,top of the pie
133544b12f11fe8,What is the topping on the pie called,meringue,marshmallow
9e015333bc6e4a5,What color are the chopped onions on top of the ramen,green,green
9e015333bc6e4a5,What is the ramen served in,bowl,a ceramic bowl
9e015333bc6e4a5,What type of noodles are in the bowl,ramen,ramen noodles
9e015333bc6e4a5,Where is the fried egg located in the bowl,on top,center of the bowl
ba3faccb0397e1d,What is the main flavor of the noodles,cheesy,garlic
ba3faccb0397e1d,What type of food is shown in the bowl,noodles,pasta with red peppers
ba3faccb0397e1d,What color are the noodles,yellow,yellow
ba3faccb0397e1d,Where is the chili oil mixture placed,on top,in small copper bowl
ba3faccb0397e1d,What is scattered on top of the noodles,scallions,chopped red peppers
f1bb196371ea8a6,What color is the bowl,white,white
f1bb196371ea8a6,What is the ramen served in,bowl,a white bowl
f1bb196371ea8a6,What color are the ramen noodles,yellow,yellow
f1bb196371ea8a6,Where are the egg halves located,on top,on the left side
f1bb196371ea8a6,What color are the red pepper strips,red,red
9a226b3b99e85d3,What color are the noodles in the bowl,yellow,the noodles are white
9a226b3b99e85d3,What is the Top Ramen served in,bowl,a colorful bowl
9a226b3b99e85d3,What is scattered on top of the noodles,scallions,chopped green onions
9a226b3b99e85d3,What color are the scallions on top of the noodles,green,green
9a226b3b99e85d3,Where are the scallions located on the noodles,on top of,on top of noodles
5688b99c7513d35,What is the condition of the turnovers,fresh,golden brown and flaky
5688b99c7513d35,What type of pastries are shown,turnovers,pineapple and raspberry pastries
5688b99c7513d35,What color is the plate,white,white and green
5688b99c7513d35,What color is the raspberry filling,red,red
5688b99c7513d35,Where are the turnovers located,on a plate,on a plate
cd33f15258660af,What color is the raspberry coulis,red,red
cd33f15258660af,What type of container holds the raspberry coulis,pitcher,glass pitcher
cd33f15258660af,What material is the surface made of,wooden,wood
cd33f15258660af,Where is the pitcher placed,on the wooden surface,on a wooden table
b94f18f8c120bfb,What color is the ravioli pasta,yellow,yellow and white
b94f18f8c120bfb,What is happening to the edges of the ravioli,browning,edges are sticking out
b94f18f8c120bfb,What type of meat is included in the dish,chicken,chicken
b94f18f8c120bfb,What is the texture of the alfredo sauce,creamy,thick and creamy
b94f18f8c120bfb,Where is the ravioli located in the dish,at the bottom,on the white plate
c5f6a8461d681c2,Is the hot dog served hot,hot,no it is not hot
c5f6a8461d681c2,Where are the onions placed on the hot dog,on top of,on top of the hot dog
c5f6a8461d681c2,What is on top of the hot dog,onions,chopped pickles
80447800af4a3dd,What is the predominant color of the relish,red,red
80447800af4a3dd,What color are the strands scattered on the top of the relish,orange,yellow
3390dbed9e76535,What color is the bowl that contains the Indian Relish,white,white bowl
3390dbed9e76535,What is the Indian Relish made of,relish,tomatoes and onions
3390dbed9e76535,What color is the Indian Relish,red,red
3390dbed9e76535,Where is the Indian Relish placed on the tarts,on,on top of tart
3390dbed9e76535,What is the Indian Relish composed of,vegetables,tomato and onion
d2fe88d169bdcb1,What color are the cranberries in the relish,red,red and dark red
d2fe88d169bdcb1,What fruit is used in the relish,cranberries,strawberry
d2fe88d169bdcb1,What nut is mixed into the relish,walnuts,pecans
d2fe88d169bdcb1,Where is the relish located in the image,in the center,in a pan on the stove
71e7d4fcdaf03d1,What color is the zucchini in the relish,yellow,yellow
71e7d4fcdaf03d1,What vegetable is light yellow with darker specks in the relish,zucchini,pineapple
71e7d4fcdaf03d1,How are the ingredients arranged in the relish,mixed,randomly mixed
71e7d4fcdaf03d1,What color are the onions in the relish,red,purple and white
71e7d4fcdaf03d1,Where are the red bell pepper pieces in the relish,in the mix,mixed in relish
d248c0b8836816e,What color is the plate,white,the plate is white
d248c0b8836816e,What type of dessert is shown,cake,muffin
d248c0b8836816e,What color is the crust of the cake,golden-brown,brown
d248c0b8836816e,Where is the cake placed,on a plate,on a white plate
d248c0b8836816e,What fruit is visible in the cake,rhubarb,banana
d77c9b1bcc7aa02,What color is the crust of the cake,golden-brown,brown
d77c9b1bcc7aa02,What is the dessert in the image,cake,cake with ice cream
d77c9b1bcc7aa02,What color are the rhubarb pieces in the cake,red,pink
d77c9b1bcc7aa02,Where is the cake located,on a plate,on a plate
d77c9b1bcc7aa02,What color is the plate under the cake,pink,red
1a530eb3a533848,What is the texture of the cookies,rough,crumbly and flaky
1a530eb3a533848,What type of food is shown in the image,cookies,cookies with cranberries and oats
1a530eb3a533848,What color are the rhubarb pieces in the cookies,pinkish-red,purple and white
1a530eb3a533848,Where are the cookies placed,on a plate,on a plate
1a530eb3a533848,What color is the plate,purple,gray and purple
8eaeadde7ec90ed,What color is the Rhubarb Gelatin Salad primarily,red,red
8eaeadde7ec90ed,What type of dish is the Rhubarb Gelatin Salad,salad,rhubarb gelatin salad
8eaeadde7ec90ed,What color is the plate under the Rhubarb Gelatin Salad,white,white
8eaeadde7ec90ed,Where is the white cream positioned,atop the salad,on top of the fruit
eec4b08a5b31ea1,What is in the bowl,applesauce,apple sauce
eec4b08a5b31ea1,What color is the bowl,bowl,white bowl
eec4b08a5b31ea1,What color are the apples,red,red
f8dd81fd986fe02,What color is the rhubarb relish,red,red
f8dd81fd986fe02,What color are the lids of the jars,silver,silver
ae9c9138f7052aa,What color is the barbecue sauce glaze on the ribs,reddish-brown,brown and black
ae9c9138f7052aa,What type of meat is shown in the image,ribs,ribs
ae9c9138f7052aa,Where are the ribs positioned in the image,foreground,center of the image
ae9c9138f7052aa,What color are the herb pieces on the ribs,green,green
4bc967e8b59bff8,What color is the rice mostly,white,the rice is mostly white
4bc967e8b59bff8,Where are the grilled chicken pieces placed,on top,on top of rice
ce2e7668f8d030e,What color is the rice,reddish-orange,brown
ce2e7668f8d030e,What is the main ingredient in the dish,rice,rice
ce2e7668f8d030e,What color are the bell peppers,green,green
ce2e7668f8d030e,What is mixed with the rice in the dish,sausage,meat and vegetables
52471d9f8adc68a,Is the Easy Mexican Rice easy to prepare,easy,yes it is easy
52471d9f8adc68a,What is the main ingredient in the Easy Mexican Rice,rice,rice
52471d9f8adc68a,What color is the rice in the Easy Mexican Rice,orange-red,orange and red
52471d9f8adc68a,Where is the Easy Mexican Rice placed in the bowl,on the right side,center of the bowl
52471d9f8adc68a,What color is the lettuce in the bowl,green,green
aa787be93801e4f,What is the main food in the image,rice,rice
aa787be93801e4f,What does the rice do in the frame,fills,yellow rice in a pan
aa787be93801e4f,What is the pot made of,silver,metal
aa787be93801e4f,What material is the spoon made of,wooden,wood
aa787be93801e4f,Where are the green herbs located,throughout,in the rice
6c4915e6e42b776,What color is the plate,white,white
6c4915e6e42b776,What type of pasta is used in the dish,rigatoni,penne pasta
6c4915e6e42b776,What color are the rigatoni pasta pieces,golden-yellow,yellow
6c4915e6e42b776,Where is the vodka rigatoni placed,on a white plate,on a white plate
6c4915e6e42b776,What color are the peas in the dish,green,green
2b74d1e6dab2d28,What color is the pesto risotto,green,green
2b74d1e6dab2d28,How are the cannellini beans distributed in the dish,scattered,scattered throughout the dish
2b74d1e6dab2d28,What color are the tomatoes in the dish,red,red and yellow
2b74d1e6dab2d28,Where is the poached egg placed in the dish,on the egg,center of the dish
d0af628ffb3bebe,What is the dish in the image,risotto,chicken and sausage rice dish
d0af628ffb3bebe,What color are the sausage slices,brown,red and pink
d0af628ffb3bebe,How are the chicken pieces distributed in the dish,scattered,chicken pieces are mixed in
d0af628ffb3bebe,Where are the chicken pieces mostly located,on the left,middle and right side
f71ba10eff86632,What color is the plate,white,white with gold trim
f71ba10eff86632,What is the main dish in the image,roast,beef stew
f71ba10eff86632,What color is the roast,brown,brown and red
f71ba10eff86632,Where are the diced carrots located in the dish,within,in red sauce throughout
f71ba10eff86632,What color are the parsley pieces,green,green
ff205d7130c410e,What color is the roast,pink,brown with a pink center
ff205d7130c410e,What cooking method was used for the roast,roast,roasting
ff205d7130c410e,Where is the roast placed,on a wooden cutting board,on a cutting board
9a6ef55e58c8bfb,What color are the rolls on top,golden,brown and white
9a6ef55e58c8bfb,What type of food is shown in the image,rolls,sesame seed buns
9a6ef55e58c8bfb,What color are the rolls on their upper surfaces,brown,brown
9a6ef55e58c8bfb,Where are the coarse salt and brown caraway seeds sprinkled,on top,on top of buns
9a6ef55e58c8bfb,How are the rolls in the top row positioned relative to each other,adjacent,in a 3x3 grid
83cddb1a32acb9f,What color are the elevated surfaces of the rolls,golden-brown,golden brown
83cddb1a32acb9f,What are the items in the image called,rolls,muffins or rolls
83cddb1a32acb9f,How are the rolls arranged,stacked,in a pile
83cddb1a32acb9f,What is the color of the rolls at the bottom,lighter,light brown
83cddb1a32acb9f,Where are several rolls located,towards the top-left area,on a table
ae14c37e1da12cc,What color is the salami in the roll-up,light pink,pink and white
ae14c37e1da12cc,What type of meat is the outermost layer of the roll-up,salami,salami
ae14c37e1da12cc,What color is the cream cheese in the roll-up,white,white
ae14c37e1da12cc,What color is the pepperoncini in the roll-up,yellow-orange,yellow
ae14c37e1da12cc,Where is the pepperoncini located in the roll-up,in the center,inside the roll-up
b04183d45e40ff2,What type of seasoning is in the jar,bbq,cayenne pepper
b04183d45e40ff2,What is the BBQ Spice Rub contained in,jar,mason jar
b04183d45e40ff2,Where is the spoon in relation to the BBQ Spice Rub,submerged,in the jar
b04183d45e40ff2,What color is the spoon,silver,silver
b04183d45e40ff2,Where is the jar positioned in the image,in the center,center of the image
ef26b197bbe2006,What color is the dry rub on the fish,brownish,brown and black
ef26b197bbe2006,What type of protein is being cooked in the image,fish,chicken
ef26b197bbe2006,What color is the lettuce in the salad,green,green
ef26b197bbe2006,Where are the fish pieces placed in the image,on top of,on top of the salad
ef26b197bbe2006,What is the base of the dish in the image,salad,salad in a bowl
583b571a74b7ca3,What type of container is used for the rib rub,jar,mason jar
583b571a74b7ca3,What color is the bottom layer of the rib rub,brown,brown
583b571a74b7ca3,Where is the jar placed,on the wooden surface,on a wooden table
583b571a74b7ca3,What has happened to some of the reddish-brown seasoning,spilled,some spilled on the counter
22c208ba7aeaf55,How does the dry rub appear on the bottom-right of the frame,scattered,crumbly and brown
22c208ba7aeaf55,What is the primary color of the dry rub,reddish-brown,brown
22c208ba7aeaf55,What utensil is used to hold a smaller portion of the dry rub,spoon,a spoon
22c208ba7aeaf55,What color is the spoon that holds the dry rub,silver,silver
22c208ba7aeaf55,Where is the silver spoon positioned in relation to the larger pile of dry rub,on top of,on top of it
3fc53a69cff0092,What type of food is featured in the image,bread,bread
3fc53a69cff0092,How is the large loaf presented in the image,halved,half loaf on cutting board
3fc53a69cff0092,Where does the larger loaf sit,sits on,on top of the smaller loaf
3fc53a69cff0092,What color is the interior crumb of the bread,yellow,light brown
3fc53a69cff0092,What is the shape of the bread featured in the image,loaf,half moon shape
91d1723a6aedd7b,What is the main dish in the image,chicken salad,chicken salad in a bowl
91d1723a6aedd7b,What color is the bowl containing the chicken salad,green,green
91d1723a6aedd7b,Where is the bowl placed in the image,in the center,center of the image
91d1723a6aedd7b,What is stuck into the chicken salad near the upper-right edge of the bowl,cracker,a cracker
0e22cce15b99b8b,What color is the spinach in the salad,dark green,green
0e22cce15b99b8b,What type of dish is shown in the image,salad,salad
0e22cce15b99b8b,Where is the spinach located in the salad,located throughout,in the bowl
0e22cce15b99b8b,What color is the nectarine in the salad,peach,yellow
0e22cce15b99b8b,What type of cheese is in the salad,halloumi,halloumi
d5596c269b73398,What is the texture of the base of the salad,creamy,mashed bananas
d5596c269b73398,What is the salad served in,bowl,glass bowl
d5596c269b73398,What color are the cherries on the salad,red,red
d5596c269b73398,What is being done to the salad with the cherries,adding,cherries are in the salad
d5596c269b73398,Where are the cherries placed on the salad,on top,on top of the salad
3ff47bf6d70aa77,What color is the bowl,white,the bowl is white
3ff47bf6d70aa77,What color are the bok choy leaves,green,green
3ff47bf6d70aa77,What is the salad served in,bowl,a white bowl
3ff47bf6d70aa77,Where are the bok choy leaves distributed,throughout,in the bowl
324a37ae3e79125,What color is the salad,green,green
324a37ae3e79125,What type of dish is described,salad,grape and jello salad
324a37ae3e79125,How would you describe the size of the salad,large,very large bowl-sized
324a37ae3e79125,How are the white and beige solids arranged in the salad,interspersed,chopped and mixed in salad
324a37ae3e79125,Where are the grapes placed in relation to the salad,against the base,surrounding the salad
3baad2f96caa8f2,What color is the plate,white,the plate is white
3baad2f96caa8f2,How are the poppy seeds distributed in the salad,scattered,randomly sprinkled throughout
3baad2f96caa8f2,What type of onions are in the salad,green onions,green onions
3baad2f96caa8f2,What color are the almond slivers,brown,brown
3baad2f96caa8f2,Where is the salad placed,on a white plate,in a white bowl
272dbc456d817f5,What color are the tomato halves in the salad,red,red
272dbc456d817f5,What is the base of the salad made of,salad,baby arugula leaves
272dbc456d817f5,How are the green leaves arranged in the salad,spread,randomly placed on plate
272dbc456d817f5,What color are the onion slices in the salad,purple,white and purple
272dbc456d817f5,Where are the tomato halves placed in the salad,among the leaves,on top of greens
b9b52c83506dad8,What color are the tomatoes in the salad,red,red
b9b52c83506dad8,How are the tomatoes prepared in the salad,halved,chopped and sliced
b9b52c83506dad8,What vegetable is cubed and distributed evenly in the salad,cucumbers,cucumber
b9b52c83506dad8,What herb is placed on top of the salad,dill,dill
b9b52c83506dad8,Where is the dill placed on the salad,on top,center of the salad
1f2f9689135b1a9,What color are the watermelon chunks,red,red and green
1f2f9689135b1a9,What is the salad served in,bowl,a metal bowl
1f2f9689135b1a9,What material is the bowl made of,silver,stainless steel
1f2f9689135b1a9,What color are the cucumber chunks,green,green
1f2f9689135b1a9,Where is the Cucumber-Watermelon Salad located,inside a silver bowl,in a bowl
c7fddc777f16260,What color are the cucumber slices,light,green
c7fddc777f16260,What vegetable is light green with darker green skins,cucumbers,cucumber
c7fddc777f16260,What color are the tomato wedges,red,red
c7fddc777f16260,Where are the cucumber slices and tomato wedges placed,throughout the blue bowl,in the blue bowl
925730a6770069d,What color are the spinach leaves in the salad,green,green
925730a6770069d,What type of dish is being described,salad,salad
925730a6770069d,What color are the mango cubes in the salad,yellow,yellow
925730a6770069d,Where are the red onion slices placed in the salad,across the top,on top of the lettuce
925730a6770069d,What color is the dish containing the salad,white,white
4372fe51102230d,What color are the black beans in the salad,black,black
4372fe51102230d,What type of salad is shown in the image,salad,corn and black bean salad
4372fe51102230d,What color is the bowl containing the salad,white,white
4372fe51102230d,What color are the corn kernels in the salad,yellow,yellow
7b0210017aec1a1,What color is the rice,white,white
7b0210017aec1a1,What is the main grain in the dish,rice,rice
7b0210017aec1a1,What color are the collard greens,green,green and brown
7b0210017aec1a1,What is the salmon served with,with,rice and spinach
7b0210017aec1a1,What color is the glaze on the salmon,orange,brownish-orange
f9daae725d65b39,What is the name of the dish in the bowl,salsa,guacamole and salsa
f9daae725d65b39,What color is the bowl,white,blue and white
f9daae725d65b39,What are the primary red ingredients in the salsa,tomatoes,tomatoes and red peppers
f9daae725d65b39,Where is the salsa placed in relation to the chips,in a bowl,center of chips
8cfaa3facf82d38,What colors are present in the bowl,colorful,red yellow green
8cfaa3facf82d38,What is the apricot salsa served in,bowl,bowl
8cfaa3facf82d38,What fruit is diced and mixed throughout the salsa,apricot,pineapple
8cfaa3facf82d38,What color are the diced green bell peppers,green,green
8cfaa3facf82d38,Where are the bright red halved cherry tomatoes scattered,within the mixture,scattered in the salad
3da567ab3ca2f6e,What is the color of the salsa described as,murky,brown with green and red specks
3da567ab3ca2f6e,What color is the bowl,white,white
3da567ab3ca2f6e,Where is the bowl located,atop,on a table
17d95c9ed8191a1,What color are the mango pieces,yellow,yellow
17d95c9ed8191a1,How are the mango pieces arranged in the bowl,distributed,randomly chopped
17d95c9ed8191a1,What color are the cucumber pieces,green,green
17d95c9ed8191a1,What color are the pieces of onion,white,white
17d95c9ed8191a1,Where is the jalapeno slice placed,on top of,on the left side
ddbfac8734f1e43,What color is the bowl containing the salsa,black,black bowl
ddbfac8734f1e43,Where is the salsa located,bowl,in a black bowl
ddbfac8734f1e43,What is the predominant color of the salsa,reddish-orange,red and brown
ddbfac8734f1e43,What are the green flecks in the salsa,herbs,chopped cilantro leaves
ddbfac8734f1e43,Where is the bowl positioned in the image,in the center,center of the image
75de0d790f2d1f1,What color are the black beans,black,black
75de0d790f2d1f1,What is the name of the dish in the image,salsa,black bean salad
75de0d790f2d1f1,What color are the corn kernels in the salsa,yellow,yellow and white
75de0d790f2d1f1,What color are the scallions in the salsa,green,green
e6791edfa8447f6,What color is the salsa,red,red and orange
e6791edfa8447f6,What is the name of the dish,salsa,taco salad and salsa
e6791edfa8447f6,What utensil is inside the salsa bowl,spoon,a spoon
e6791edfa8447f6,What color is the bowl,white,white bowl
e6791edfa8447f6,Where is the bowl located in the image,in the lower left,bottom left corner
71b2ca0ab4b6918,What color is the salsa in the white cup,reddish-orange,red and green
71b2ca0ab4b6918,What is the salsa served in at the top center,cup,cup or bowl
71b2ca0ab4b6918,What does the salsa do in the white cup,fills,it is for dipping
71b2ca0ab4b6918,Where is the glass jar located,on the right,top right of image
71b2ca0ab4b6918,What color is the salsa in the glass jar,brownish-red,red
7a66a68a347449c,What color is the poblano salsa primarily,red,red and green
7a66a68a347449c,What type of salsa is shown in the image,salsa,tomato salsa
7a66a68a347449c,What does the salsa do to the clear glass jar,fills,fill it up
7a66a68a347449c,What is the glass jar described as,clear,jalapeno salsa in jar
42c33972e71f72b,What type of salt is shown in the image,homemade,rock salt
42c33972e71f72b,What is the main ingredient in the jar,salt,salt
42c33972e71f72b,What color are some of the specks in the salt,red,brown and red specks
42c33972e71f72b,How is the salt near the wooden spoon described,scattered,pile of white and brown salt
42c33972e71f72b,Where is the jar of salt located in the image,on the upper left,(0 128) (345 269)
6b40081e4f024d6,What color is the seasoned salt described as,reddish-brown,brown
6b40081e4f024d6,What ingredient is the Copycat Lawry's Seasoned Salt primarily made of,salt,salt and spices
6b40081e4f024d6,What does the seasoned salt do to the measuring spoon,fills,seasoned salt fills the spoon
6b40081e4f024d6,What is the overall appearance of the seasoned salt in terms of color intensity,light,light brown powdery
6b40081e4f024d6,Where is the measuring spoon positioned,above a white bowl,in the air above bowl
45174eed362036b,What color is the bread of the sandwiches,brown,brown
45174eed362036b,What type of food is shown in the image,sandwiches,sandwiches
45174eed362036b,What color is the white filling in the sandwiches,white,cream cheese
45174eed362036b,What color are the pickle slices in the sandwiches,green,green
45174eed362036b,Where are the sandwiches placed,on a white surface,on a white plate
3d98df155636be2,What color is the plate,blue,blue
3d98df155636be2,What color are the slices of steak,brown,brown
3d98df155636be2,How are the green bell peppers and onions distributed,scattered,on top of the meat
3d98df155636be2,Where is the top Philly Cheesesteak Sandwich located,in the top left corner,top left of plate
1c0ce6903ed0925,What color is the plate,blue,blue
1c0ce6903ed0925,How are the marshmallows arranged around the sandwich,scattered,randomly scattered around
1c0ce6903ed0925,What is the orange-brown layer in the sandwich,peanut butter,peanut butter
1c0ce6903ed0925,What color are the bread slices,golden-brown,light brown
1c0ce6903ed0925,Where is the sandwich placed,on a blue plate,on a blue plate
34403e80d88d12c,What type of food is the sauce on,pasta,pasta
34403e80d88d12c,What cuisine does the pasta belong to,italian,italian cuisine
34403e80d88d12c,What is the sauce doing on the sides of the pasta,dripping,spilling over the sides
34403e80d88d12c,What is garnished on top of the sauce,herbs,parmesan cheese
84db1a26c1782bd,What color is the chile barbeque sauce,reddish-brown,red
84db1a26c1782bd,What is being coated by the chile barbeque sauce,food,chicken wings
84db1a26c1782bd,Where does the chile barbeque sauce trickle,down the sides,on the plate edges
ca23b48dd5e6428,What color is the sugar sauce,brown,brown
ca23b48dd5e6428,What is the main ingredient in the sauce,sugar,butter and brown sugar
ca23b48dd5e6428,What color is the sauce described as,amber,brownish orange
ca23b48dd5e6428,What type of glass is the dessert served in,in a clear glass,a parfait glass
ca23b48dd5e6428,Where is some of the sauce located in the dish,bottom,on the side of the dish
55181dc0db808c2,What color is the pasta,yellow,yellow
55181dc0db808c2,What type of food is the main dish,pasta,pasta with meatballs
55181dc0db808c2,What color is the Nonna's Sweet Pasta Sauce,red,red
55181dc0db808c2,Where is the meatball placed,on top of,on top of the pasta
55181dc0db808c2,What color are the small specks on top of the sauce and meatball,white,white
9ca38ea82e94789,What color is the vodka sauce,orange-red,reddish-orange
9ca38ea82e94789,What type of noodles are in the dish,spaghetti,spaghetti noodles
9ca38ea82e94789,What color is the plate,white,the plate is white
9ca38ea82e94789,Where is the sauce distributed on the plate,from center to edges,on top of noodles
bd7bd756ee18ffb,What color is the bowl in the image,reddish-brown,red
bd7bd756ee18ffb,What is the No Cook BBQ Sauce contained in,bowl,bowl
bd7bd756ee18ffb,What color is the bowl that holds the No Cook BBQ Sauce,pink,pink
bd7bd756ee18ffb,Where is the bowl located in the image,in the center,center of the image
fd8d018e2c7cb26,What color is the tomato sauce in the bowl,reddish-orange,red
fd8d018e2c7cb26,What is the main component of the dish in the bowl,sauce,meat and vegetables
fd8d018e2c7cb26,What does the tomato sauce do to most of the bowl,fills,covers it completely
fd8d018e2c7cb26,What color is the piece positioned slightly to the left of the center,green,green and red
fd8d018e2c7cb26,Where is the green piece positioned in the bowl,to the left,top left of bowl
ddb3d77b8ca050e,What color is the pizza sauce,red,red
ddb3d77b8ca050e,What type of surface is the bowl placed on,wooden surface,wooden cutting board
ddb3d77b8ca050e,What color are most of the strands of shredded cheese,white,white
ddb3d77b8ca050e,Where are some strands of shredded cheese located,next to,on the cutting board
cb07a393ddb422a,What does the BBQ sauce do in the bowl,fills,painting the brush
cb07a393ddb422a,What color is the BBQ sauce,brown,brown
cb07a393ddb422a,What is the BBQ sauce contained in,bowl,small black pot
cb07a393ddb422a,Where is the paintbrush resting,on the rim,on the side of a pot
320f477ddba74f5,What color is the sauce on the wings,orange,red
320f477ddba74f5,How are the wings prepared,coated,baked and glazed
320f477ddba74f5,What vegetable is orange and arranged around the wings,carrots,carrot sticks
320f477ddba74f5,What color are the celery sticks,green,green
320f477ddba74f5,Where are the food items placed,on a plate,on a plate
641c68e581d733f,What color is the Homestead Barbecue Sauce,reddish-brown,red
69aee1d3ba018ff,What color are the tangerine segments,orange,orange
69aee1d3ba018ff,What is the container used to hold the cranberry sauce and tangerine segments,bowl,glass bowl
69aee1d3ba018ff,What color is the cranberry sauce,red,red
69aee1d3ba018ff,Where are the whole cranberries placed,on top,on top of the dish
1c00b85749755c0,What color is the beef in the image,brownish-red,brown
1c00b85749755c0,What type of meat is featured in the dish,beef,corned beef
1c00b85749755c0,How is the beef prepared in the image,cooked,roast beef
1c00b85749755c0,What color are the carrots in the image,orange,orange
1c00b85749755c0,Where is the cabbage located on the plate,in the top center,between carrots and meat
bd9bb1c1a13d688,What color is the stew-like liquid,dark brown,brown
bd9bb1c1a13d688,What type of dish is the dark brown liquid,stew,soup or stew
bd9bb1c1a13d688,What color is the cooking pan,light brown,bronze
bd9bb1c1a13d688,What color are the tiny pieces scattered throughout the liquid,golden,yellow and brown
bd9bb1c1a13d688,Where are the bubbles and steam rising from,from the surface,middle of the pot
9ab4e1e0b9e3538,What color is the sauerkraut in the bowl,yellowish-white,the sauerkraut is white
9ab4e1e0b9e3538,What is the sauerkraut doing in the bowl,forming,sauerkraut is under hot dogs
9ab4e1e0b9e3538,What is the sauerkraut placed in,bowl,bowl
9ab4e1e0b9e3538,What color are the smokies,brownish-red,brown
9ab4e1e0b9e3538,Where is the smokie located in the bowl,in the bottom-left,center of the bowl
f4c5c78433d6d23,What color is the wrapper of the sausage flowers,golden-brown,brown
f4c5c78433d6d23,What are the edible items shaped like flowers in the image,sausage flowers,tortilla chips
f4c5c78433d6d23,What color is the sausage mixture inside the flowers,brownish-orange,brown and white
f4c5c78433d6d23,Where are the green scallions placed,sprinkled over,on top of the food
f4c5c78433d6d23,What is the color of the tray holding the sausage flowers,silver tray,silver
0f4169610c6b102,What type of meat is used in the dish,sausage,sausage
0f4169610c6b102,What color is the sausage,reddish-brown,brown
0f4169610c6b102,What shape is the bowl,in a leaf-shaped bowl,leaf-shaped
0f4169610c6b102,How was the sausage cooked,grilled,pan fried or grilled
0f4169610c6b102,What fruit is mixed with the sausage,pineapple,pineapple
b03fd7734dcd1f9,What is the color of the scallops,creamy,white
b03fd7734dcd1f9,What type of dish is served alongside the scallops,pasta,grilled cheese sandwich
b03fd7734dcd1f9,What color is the pasta,white,yellow
b03fd7734dcd1f9,Where is the toast located in the image,on the side,next to the bowl
0165a5347fc3006,What shape is the scone,triangular,half-moon shaped
0165a5347fc3006,What type of food is shown in the image,scone,pastry with icing
0165a5347fc3006,What color is the lemon wedge,yellow,yellow
0165a5347fc3006,Where is the scone placed,on a plate,on a white plate
0165a5347fc3006,What color is the plate,white,white and black
06b69ab2d9fd200,What color is the plate the scones are on,white,white
06b69ab2d9fd200,What type of baked goods are shown in the image,scones,scones
06b69ab2d9fd200,What color is the scone in the foreground,golden brown,brown and white
06b69ab2d9fd200,Where is the golden brown scone located,in the foreground,on top of the plate
76051d98525aa3b,What color are the scrambled eggs,yellow,yellow
76051d98525aa3b,What fruit is interspersed throughout the eggs,tomato,tomato
76051d98525aa3b,What color is the basil leaf,green,green
76051d98525aa3b,Where is the basil leaf positioned,towards the center,on top of the eggs
5befd704424b15d,What is the primary color of the seasoning,reddish-brown,reddish-brown
ea86b8337adee6c,What color are the pumpkin seeds,brown,brown and white
ea86b8337adee6c,What type of seeds are shown in the image,pumpkin seeds,almonds
ea86b8337adee6c,What is the white coating on the pumpkin seeds,sugar,sugar or salt coating
9bdab5eeae956d5,What color is the semifreddo,orange,white and orange
9bdab5eeae956d5,What type of dessert is shown,semifreddo,orange and cream dessert
9bdab5eeae956d5,What color is the tray,silver,silver
9bdab5eeae956d5,What color is the base of the semifreddo,off-white,the base is white
9bdab5eeae956d5,Where is the semifreddo placed,on a tray,on a silver tray
6976d7e77ced1df,What color is the bowl,white,white
6976d7e77ced1df,What color are the shrimp,pinkish-orange,pink and white
6976d7e77ced1df,Where are the shrimp arranged,in the center,on top of rice
6976d7e77ced1df,What color are the vegetables in the sauce,green,red and green
8e0a5a668884897,What color is the plate,white,white
8e0a5a668884897,What type of seafood is shown,shrimp,shrimp
8e0a5a668884897,What color are the spots on the shrimp,reddish-orange,red and orange
8e0a5a668884897,Where are the shrimp located on the plate,in the center,top right corner
b37293b876e011e,What color is the plate,blue,blue
b37293b876e011e,What type of seafood is shown,shrimp,shrimp
b37293b876e011e,What ingredient is visible on the shrimp,garlic,chopped parsley
b37293b876e011e,What color are the shrimp,pink-orange,pink and white
b37293b876e011e,Where is the garlic shrimp placed,on a blue plate,on a blue plate
5bb240fd272bf4e,What is the base of the dish made of,hash brown,eggs
5bb240fd272bf4e,What color are the bacon pieces,red,red and white
5bb240fd272bf4e,What garnish is sprinkled atop the dish,scallions,chopped green onions
acd98ebf33a8275,What color is the plate,white,white
acd98ebf33a8275,What fruit is on top of the slaw,pineapple,pineapple
acd98ebf33a8275,What color are the pineapple chunks,yellow,yellow
acd98ebf33a8275,What color are the celery slices,green,green
acd98ebf33a8275,Where is the slaw placed,on a white plate,on a green placemat
abe4eca7b50eea2,What is the main ingredient in the slaw,corn,corn
abe4eca7b50eea2,What color are the corn kernels,yellow,yellow
abe4eca7b50eea2,How are the corn kernels distributed in the slaw,scattered,scattered throughout
abe4eca7b50eea2,What color are the small cubes of bell pepper,red,red
abe4eca7b50eea2,Where is the slaw located on the plate,on the left side,on the left side
67cc22c854d166a,What color is the cabbage in the image,green,green and purple
67cc22c854d166a,What is the main vegetable in the dish,cabbage,cabbage
67cc22c854d166a,How are the ingredients arranged in the image,mixed,shredded lettuce and carrots
67cc22c854d166a,What color are the carrots in the image,orange,orange
a8534ffc026fa1a,How are the ingredients arranged in the bowl,scattered,shredded cabbage and carrots
a8534ffc026fa1a,What type of salad is shown in the image,coleslaw,coleslaw
a8534ffc026fa1a,What color are the shreds of carrot in the coleslaw,orange,orange
a8534ffc026fa1a,Where is the coleslaw located in the image,in the bowl,center of the image
ce59e2b561648cc,What color is the orange slice,orange,orange
ce59e2b561648cc,What is the orange slush served in,glass,a glass cup
ce59e2b561648cc,How would you describe the color of the orange slice,bright,orange
ce59e2b561648cc,Where is the orange slice placed,on the rim,behind the glass
8e0e736b1ed4313,What material is the tray made of,metal,metal
8e0e736b1ed4313,What type of drink is shown in the image,slushies,popsicles
8e0e736b1ed4313,What color is the slushie at the top of the image,red,red
8e0e736b1ed4313,Where are the slushies placed,in a metal tray,in a pan with ice
fdc7674729342a7,What flavor is the smoothie,chocolate,chocolate
fdc7674729342a7,What is the smoothie served in,cup,plastic cup
fdc7674729342a7,What color is the smoothie,brown,brown
1d68b70e9d2f4a0,What color are the specks in the smoothie,pink,pink and black specks
1d68b70e9d2f4a0,What type of drink is in the glass,smoothie,pink smoothie in glass
1d68b70e9d2f4a0,What color are the mint leaves,green,green
1d68b70e9d2f4a0,Where is the sprig of mint leaves positioned,on top of,on top of the drink
150e8e2edb2a656,What is the main flavor of the smoothie,chocolate,chocolate
150e8e2edb2a656,What type of drink is shown in the image,smoothie,chocolate milkshake
150e8e2edb2a656,What color is the smoothie,brown,brown
150e8e2edb2a656,What color are the swirling patterns on the plate,green,green and pink
a462ea5e69d2845,What fruit is used to make the smoothie,pineapple,pineapple
a462ea5e69d2845,What is the color of the glass mug,clear,clear glass
a462ea5e69d2845,What type of drink is in the glass,smoothie,pineapple coconut smoothie
a462ea5e69d2845,Where is the whole pineapple located,to the right,to the right of glass
be72e9b3eb9427e,What color are the mint specks in the smoothie,green,green
be72e9b3eb9427e,What type of drink is in the glass,smoothie,strawberry smoothie
be72e9b3eb9427e,What fruit is on top of the smoothie,strawberry,strawberry
be72e9b3eb9427e,Where is the strawberry placed,on top of,on top of the glass
5abab4fc0138458,What is the consistency of the Pina Colada Sorbet,solid,very icy and creamy
5abab4fc0138458,What type of dessert is shown in the image,sorbet,ice cream
5abab4fc0138458,What is the color of the Pina Colada Sorbet,pale,white
5abab4fc0138458,What shade of white is the Pina Colada Sorbet,off-white,very light yellowish white
dc3896d8b1db274,What color is the blueberry sorbet described as,rich,dark purple
dc3896d8b1db274,What type of dessert is the purple food,sorbet,blueberry muffins
dc3896d8b1db274,What color is the sorbet,purple,dark red
dc3896d8b1db274,Where is most of the sorbet contained,in the bowl,in a bowl
dc3896d8b1db274,What fruit is the sorbet made from,blueberry,raspberry
3caf51c2d92cd50,What is the bowl doing on the plate,resting,holding pie
3caf51c2d92cd50,What color is the bowl and plate,pale green,the bowl is white the plate is blue and white
3caf51c2d92cd50,What color is the souffle,golden-brown,brown and yellow
3caf51c2d92cd50,What texture does the top of the souffle have,crispy,brown and bubbly textured
3caf51c2d92cd50,Where is the banana prop located in the image,in the upper-left corner,top left of the image
61fc5053796ebfe,What color is the bowl containing the soup,blue,blue bowl
61fc5053796ebfe,What type of vegetable is scattered on the surface of the soup,mushrooms,mushrooms
61fc5053796ebfe,Where are the mushrooms located in the soup,scattered on the surface,top of the soup
61fc5053796ebfe,What type of green leaves are visible in the soup,spinach,spinach or basil
330898f48df1db1,What color is the bowl containing the soup,white,white bowl
330898f48df1db1,What type of food is in the white bowl,soup,soup
330898f48df1db1,What color is the broth of the soup,brown,brown
330898f48df1db1,What color are the cilantro leaves on the soup,green,green
18f853cc27fadce,What color is the bowl that holds the soup,white,the bowl is white
18f853cc27fadce,What color is the broth of the soup,reddish-brown,brown
18f853cc27fadce,Where is the bowl of soup situated in the image,in the right half,center of the image
18f853cc27fadce,What are the visible chunks in the broth,vegetables,potatoes carrots and beans
74a9a3f58309faa,What color is the soup,orange,the soup is beige
74a9a3f58309faa,What type of dish is shown in the image,soup,soup in a bowl
74a9a3f58309faa,What is placed to the left of the soup bowl,bread,crackers
74a9a3f58309faa,Where is the soup bowl placed,on top of,on a paper towel
c5462855d00750c,What type of pasta is shown in the image,spaghetti,lasagna
c5462855d00750c,What color is the tomato sauce,red,red
c5462855d00750c,What type of dairy product is scattered on top,cheese,shredded mozzarella cheese
c5462855d00750c,Where is the spaghetti arranged in the dish,around the perimeter,in the dish all over
5eac54e4802fefe,What color is the spaghetti sauce,reddish-brown,red
5eac54e4802fefe,What is the sauce on top of,spaghetti,spaghetti noodles
5eac54e4802fefe,What is the texture of the sauce,chunky,thick and chunky
d3e4bdd012fe051,What color is the spaghetti,light,yellow
d3e4bdd012fe051,What is the white topping on the spaghetti,cheese,cheese
d3e4bdd012fe051,What color are the pepper pieces in the spaghetti,red,red
d3e4bdd012fe051,Where is the spaghetti located,in a casserole dish,in a pan
f9048429e64a34c,What type of pasta is shown in the image,spaghetti,spaghetti and meatballs
f9048429e64a34c,How are the white shreds distributed over the dish,scattered,scattered on top of sauce
f9048429e64a34c,What are the deep red items on top of the spaghetti,meatballs,tomato sauce or gravy
f9048429e64a34c,Where are the meatballs placed,placed on top,on top of the pasta
6f68655695a3194,What color is the plate,blue,the plate is blue
6f68655695a3194,What is the name of the dish,musubi,nigiri sushi
6f68655695a3194,What color is the Spam,orange-red,red
6f68655695a3194,Where is the nori wrapped,around,around the rice and tomato
6f68655695a3194,What color is the rice,white rice,the rice is white
7477038f95780fb,What color is the barbecue sauce on the sandwich,reddish-brown,red
7477038f95780fb,What is the main item in the image,sandwich,sandwich with jalapeno and onion
7477038f95780fb,How does the barbecue sauce on the spam appear,glazed,red and thick
7477038f95780fb,What color is the bowl in the image,blue,blue
2f21b09945b7362,What is the color of the bacon strips,light-brown,red and white
2f21b09945b7362,What type of food is the main item in the image,burger,chicken sandwich
2f21b09945b7362,What is the color of the bacon strips,reddish-brown,red and white
2f21b09945b7362,Where is the bun located,on top,on top of the chicken
2f21b09945b7362,What is the main ingredient of the patty,spam,fish
3939b19ee46c259,What color is the spinach,green,green
3939b19ee46c259,What is the main ingredient in the dish,spinach,spinach
3939b19ee46c259,What color is the plate,white,white and green
3939b19ee46c259,What does the plate have around its edge,with a patterned rim,green leaves and swirls
3939b19ee46c259,What is scattered throughout the spinach,onions,shredded cheese
a07f90b218b678c,What is the condition of the spinach leaves,fresh,washed and ready to eat
a07f90b218b678c,What type of dish is shown in the image,salad,salad
a07f90b218b678c,What is the primary color of the spinach leaves,green,dark green
a07f90b218b678c,What color are the onion slices scattered in the salad,white,purple and white
a07f90b218b678c,Where is the spinach salad placed,in a bowl,on a black plate
0aa19bafe23c2b6,What color are the spinach leaves,green,dark green
0aa19bafe23c2b6,What type of vegetable is shown in the image,spinach,spinach
0aa19bafe23c2b6,How is the spinach arranged in the image,haphazard,in a pile
0aa19bafe23c2b6,What texture is suggested by the glossy sheen on the spinach leaves,oily texture,waxy and smooth
3ac1c74df484d2b,What type of leaves are in the bowl,spinach,spinach
3ac1c74df484d2b,What color are the spinach leaves,green,dark green
3ac1c74df484d2b,What is the spinach served in,bowl,bowl of spinach
3ac1c74df484d2b,What is mixed with the spinach in the bowl,with shallots,lemon and garlic
900103ca5bb4951,What color are the Brussels sprouts,green,green
900103ca5bb4951,What type of vegetable is shown in the image,sprouts,brussel sprouts
900103ca5bb4951,What color is the baking dish,blue,blue
900103ca5bb4951,What meat is scattered among the sprouts,bacon,bacon bits
900103ca5bb4951,Where is the baking dish placed,on a white surface,on a striped towel
9bdba56968b4d9b,What color are the Brussels sprouts,green,green and brown
9bdba56968b4d9b,What type of vegetable is shown in the image,sprouts,brussel sprouts
9bdba56968b4d9b,What type of sauce coats the sprouts,creamy,almond butter sauce
9bdba56968b4d9b,How are the sprouts arranged in the image,overlapping,in a pile
e2f1b28722a3845,What color are most of the brussels sprouts,green,green and brown
e2f1b28722a3845,What type of vegetable is primarily on the plate,sprouts,brussels sprouts
e2f1b28722a3845,What color are the roasted tips or edges of some sprouts,brown,brown
e2f1b28722a3845,How are the brussels sprouts arranged on the plate,scattered across,in a pile on plate
e2f1b28722a3845,What color are the lemon wedges,yellow,yellow
cd4727b9541285f,What color are the brussels sprouts,green,green
cd4727b9541285f,What type of vegetable is shown in the image,sprouts,okra
cd4727b9541285f,What color is the breading on the brussels sprouts,brown,brown and white
cd4727b9541285f,Where are the darker brown crumbs located,around the sprouts,underneath the vegetables
ad4a650ab046c06,What color are the brussels sprouts,green,green and black
ad4a650ab046c06,What type of vegetable is shown in the image,brussels sprouts,brussel sprouts
ad4a650ab046c06,What color is the bowl,white,white
ad4a650ab046c06,What color are the charred spots on the brussels sprouts,brownish,black and brown
ad4a650ab046c06,Where are the brussels sprouts located,in a bowl,on a white plate
585df28df4130ee,How is the butternut squash distributed in the dish,dispersed,mashed throughout dish
585df28df4130ee,What color is the kale,green,green
585df28df4130ee,Where are all the ingredients contained,bowl,in a bowl
67b896c431bcb75,What color is the spaghetti squash in the dish,yellowish-white,yellow
67b896c431bcb75,What is the cheese doing to the beans and onions,covering,melted on top of them
67b896c431bcb75,Where is the melted cheese located in the dish,on top,on top of the food
67b896c431bcb75,What color are the beans in the dish,black,dark brown
aa98211e256f592,What color are the squash skins,green,green
aa98211e256f592,What type of vegetable is used in this dish,squash,zucchini
aa98211e256f592,What color is the filling inside the squash,orange,red and brown
aa98211e256f592,Where are the stuffed squash halves placed,on a white plate,on a white plate
4343704aac2ef25,What color is the spaghetti squash,yellow,yellow
4343704aac2ef25,What type of vegetable is being described,squash,squash
4343704aac2ef25,Where is the spaghetti squash mounded,on the concave part,on a spoon
4343704aac2ef25,What color is the parsley behind the spoon,green,green
63a0d4e6b2fcc53,What color is the rind of the acorn squash,green,green and yellow
63a0d4e6b2fcc53,What color is the flesh of the squash,yellow,yellow
63a0d4e6b2fcc53,How are the squash halves positioned on the plate,overlapping,slightly overlapping
63a0d4e6b2fcc53,Where are the squash halves placed,on the plate,on a white plate
a0db3aca84f3043,What color is the flesh of the squash,orange-yellow,orange
a0db3aca84f3043,What type of vegetable is shown in the image,squash,squash
a0db3aca84f3043,What color is the skin of the squash,green,green and orange
a0db3aca84f3043,How do the tips of the squash appear,charred,black and burnt
a0db3aca84f3043,Where are the squash slices mainly clustered,in the center,bottom right of image
a4539523aa36409,What color are the diced cubes of squash,orange,orange
a4539523aa36409,What type of vegetable is shown in the image,squash,potatoes
a4539523aa36409,What color is the bowl containing the squash,blue,blue
a4539523aa36409,Where is the bowl positioned in the image,in the center-left,center of the image
b3947b98f069ed9,What is the soup doing around the steak,surrounding,sitting in a pool
b3947b98f069ed9,What is the main protein in the dish,steak,chicken
b3947b98f069ed9,What color is the soup,tan,yellowish brown
b3947b98f069ed9,What color are the steaks,brown,light brown
34155128095ebcd,What color are the steak fingers,golden-brown,golden brown
34155128095ebcd,How would you describe the surface of the steak fingers,crispy,crunchy and breaded
34155128095ebcd,How are the steak fingers positioned in the image,arranged,crossed in a v
34155128095ebcd,Where is the creamy white sauce placed,bowl,in the middle of a plate
34155128095ebcd,What is the color of the sauce in the bowl,white,white
577f563155789a4,What color is the exterior of the fish,golden-brown,brown
577f563155789a4,What type of food is on the plate,fish,grilled salmon on plate
577f563155789a4,What color is the interior of the fish,white,white
577f563155789a4,Where is the fish located,on the plate,on a plate
577f563155789a4,What color is the pattern around the edge of the plate,blue,light blue and white
05fd940d8cb03b7,What color are the mushroom steaks,golden-brown,brown with green on top
05fd940d8cb03b7,What color are the chives garnishing the steaks,green,green
05fd940d8cb03b7,Where is the dark purple-black rice located,beneath the steaks,under the fish on plate
7584477e98cfefa,What color is the broth of the stew,reddish-brown,red
7584477e98cfefa,What type of meat is visible in the stew,hamburger,beef
7584477e98cfefa,What vegetable is distributed throughout the stew,potatoes,corn
7584477e98cfefa,Where are the green beans and green peas located,throughout the stew,in the soup
7b52ddf044f5e3f,What color is the bowl,red,the bowl is red
7b52ddf044f5e3f,What type of dish is being described,stew,soup
7b52ddf044f5e3f,What type of meat is in the stew,ham,ham
7b52ddf044f5e3f,What color is the cabbage,green,light green
7b52ddf044f5e3f,Where do the chunks of ham appear,on the left,in the salad bowl
9e25af6e0f1e9b3,What color are the beef chunks,brown,brown
9e25af6e0f1e9b3,How are the beef chunks distributed in the stew,scattered,evenly throughout stew
9e25af6e0f1e9b3,What color are the carrots,orange,orange
9e25af6e0f1e9b3,What color is the bowl,white,white
cff67dfc76f90d1,What color are the chicken pieces that are deeper in shade,brown,light brown
cff67dfc76f90d1,What type of meat is featured in the stew,chicken,chicken
cff67dfc76f90d1,What color are the carrot slices in the dish,orange,orange
cff67dfc76f90d1,Where is the slice of orange colored food located,on the left side,top left corner
db61a4da902bdd2,What color is the base broth of the stew,brown,brown
db61a4da902bdd2,What red ingredient is visible in the broth,tomatoes,tomato
db61a4da902bdd2,What type of protein is found in small bits throughout the stew,meat,beef
db61a4da902bdd2,Where is the bright yellow shredded cheese placed,on top,on top of the chili
db61a4da902bdd2,What color is the shredded cheese on top of the stew,yellow,yellow
ffc1a5a062f3888,What color are the corn kernels in the stew,yellow,yellow
ffc1a5a062f3888,Where is the dollop of sour cream located,atop the center,center of the dish
c910f76bf4763c0,What is the overall color of the stew,orange-brown,brown and orange
c910f76bf4763c0,What color are the individual grains of rice in the stew,white,brown and white
c910f76bf4763c0,Where are some of the translucent yellow onions located,on the surface,on the rice
c910f76bf4763c0,What is the appearance of the yellow onions in the stew,translucent,long strips sliced
0aa0330f3238b29,What is the flavor profile of the stir-fry,savory,sweet and savory
0aa0330f3238b29,What type of food is being cooked,vegetables,vegetables
0aa0330f3238b29,What color are the broccoli pieces,green,green
0aa0330f3238b29,Where are the green broccoli pieces mostly located,around the top,in the center of pan
0aa0330f3238b29,What color are the bell pepper segments,yellow,red and yellow
b7b5f7fb4c23822,What color is the base of the strawberry whip,pink,white
b7b5f7fb4c23822,What fruit is arranged on top of the whip,strawberries,strawberry
b7b5f7fb4c23822,How are the sliced strawberries arranged on the whip,displaying,in a circle pattern
b7b5f7fb4c23822,What color are the outer edges of the sliced strawberries,red,red and green
b7b5f7fb4c23822,Where are the sliced strawberries placed on the whip,on top,on top of the whip
28f3831cc0cf2c8,What color are the sugar crystals on the strawberries,red,red
28f3831cc0cf2c8,What type of fruit is shown in the image,strawberries,strawberry
28f3831cc0cf2c8,How do the sugar crystals on the strawberries appear,bright,tiny and bright red
28f3831cc0cf2c8,Where are the strawberries placed,on a white paper liner,on a plate
7c7cf1bb8fede70,What color are the strawberries,red,red and white
7c7cf1bb8fede70,What fruit is shown in the image,strawberries,strawberries
7c7cf1bb8fede70,What color is the chocolate on the strawberries,brown,dark brown
7c7cf1bb8fede70,Where is the chocolate on the strawberries,on the bottom,on the bottom of strawberries
27d0d3a6a8dbde3,What color are the strawberries,red,red
27d0d3a6a8dbde3,What type of fruit is in the salad,strawberries,strawberry
27d0d3a6a8dbde3,Are the strawberries whole or sliced,sliced,whole strawberries
27d0d3a6a8dbde3,Where are the whole strawberries located,on the upper side,top of the salad
27d0d3a6a8dbde3,What color is the cheese,white,the cheese is white
4679824a46cf2b8,What color are the strawberries in the image,red,red
4679824a46cf2b8,What type of fruit is shown in the image,strawberries,strawberries
4679824a46cf2b8,How are the strawberry slices arranged in the bowl,clustered,randomly
4679824a46cf2b8,How do the strawberry slices appear due to the sauce,juicy,glossy and wet
c488e64add203b0,What color is the Fresh Strawberry Granita,red,red
c488e64add203b0,What fruit is used in the Fresh Strawberry Granita,strawberry,strawberry
c488e64add203b0,What type of container is the Fresh Strawberry Granita served in,glass,martini glass
c488e64add203b0,How would you describe the color of the Fresh Strawberry Granita,bright,bright red frozen dessert
c488e64add203b0,Where is the red strawberry placed,on the plate,on the plate
7b607810af9b476,What type of nut is in the stuffing,chestnut,pecans
7b607810af9b476,What color are the toasted bread cubes,brown,brown and white
7b607810af9b476,How do some of the bread cubes appear,toasted,brown and toasted
7b607810af9b476,What color are the softer bread cubes,yellow,yellow
3c68b3ad534c61b,What color are the darker pieces of the stuffing,brown,brown
3c68b3ad534c61b,How are the darker brown pieces distributed in the dish,scattered,scattered throughout the dish
3c68b3ad534c61b,What is the stuffing served in,dish,white ceramic baking dish
3c68b3ad534c61b,What color is the dish,white,white
3c68b3ad534c61b,Where are the darker brown pieces of the stuffing located,throughout the dish,on top of the stuffing
21b0cdcf0eacf35,What color are the darker bread cubes,brown,brown and golden
21b0cdcf0eacf35,What are the green flecks in the stuffing,herbs,parsley and sage
280ee18dd93e4e5,What is the stuffing being prepared for,baking,thanksgiving dinner
280ee18dd93e4e5,What color is the baking dish,white,white
280ee18dd93e4e5,How are the green specks of herbs distributed in the stuffing,scattered,randomly throughout
280ee18dd93e4e5,What color is the stuffing,brown,yellow and brown
280ee18dd93e4e5,Where is the stuffing located in the image,in the center,center of image
bfbe4bfd83aca81,What is the texture of the sugar in the glass,powdered,grainy and clumpy
bfbe4bfd83aca81,What material is the container made of,glass,glass
0457d45f6c3b8ad,Is the sushi vegetarian,vegetarian,yes
0457d45f6c3b8ad,What type of food is shown in the image,sushi,sushi
0457d45f6c3b8ad,What color is the plate,black,black
0457d45f6c3b8ad,Where are the sushi rolls placed,on the plate,on a black tray
0457d45f6c3b8ad,What color are the scallions in the dipping sauce,green,green
f6ec970b5ce1712,What type of fish is used as the base of the dish,swordfish,salmon
f6ec970b5ce1712,Where is the vibrant mixture located in the dish,atop,on top of the fish
f6ec970b5ce1712,What color are the diced tomatoes scattered throughout the dish,red,red
8b0ae37343af5d4,What is the Strawberry-Rhubarb Syrup stored in,pitcher,glass pitcher
8b0ae37343af5d4,Where is the pitcher placed,on a tablecloth,on a floral tablecloth
5187f1afaf34eae,What color are the carrot matchsticks,orange,orange
5187f1afaf34eae,What is the base ingredient of the slaw,cabbage,cabbage
5187f1afaf34eae,What color are the cilantro sprigs,green,green
5187f1afaf34eae,What vegetable is scattered among the cabbage,carrot,carrot and onion
5187f1afaf34eae,Where are the cilantro sprigs placed,on top,scattered throughout
b33b2265b8e3f87,What color is the plate,red,red
b33b2265b8e3f87,What type of food is shown,tacos,taco salad
b33b2265b8e3f87,What color are the taco shells,golden-brown,brown
b33b2265b8e3f87,What is happening to the fillings,spilling,filling spilling out of taco
b33b2265b8e3f87,Where are the tacos placed,on a red plate,on a red plate
f1801f8847dee20,What color is the mahi mahi's crust,brown,black and white
f1801f8847dee20,What is the mahi mahi served on,plate,white plate
f1801f8847dee20,Where is the taco topping primarily placed,on top,on top of chicken
f1801f8847dee20,What is on top of the mahi mahi,topping,mango salsa
b5a3740d260a0cf,What type of food is being described,tacos,tacos
b5a3740d260a0cf,What color are the tomato slices,red,red
b5a3740d260a0cf,Where are the tacos placed,on plate,on a plate
b5a3740d260a0cf,What color are the avocado slices,green,green
03945ba374db01c,What type of food is shown in the image,tacos,taco salad on plate
03945ba374db01c,What color are the taco shells,golden-brown,golden brown
03945ba374db01c,What color are the tomatoes inside the tacos,red,red
03945ba374db01c,Where are the other tacos located,behind,behind the main taco
6318b209c5d8b65,What color are the taffy pieces,brown,brown and tan
6318b209c5d8b65,What type of candy is shown in the image,taffy,caramel candy
6318b209c5d8b65,What color is the surface the taffy is on,white,white
6318b209c5d8b65,What other color tone do some taffy pieces have,orange,lighter brown
6318b209c5d8b65,Where are the taffy pieces placed,across a white surface,on a white plate
b0f66d2cb4c1f77,What type of food is displayed in the foreground,tamale,banana
b0f66d2cb4c1f77,What color is the corn husk under the tamale,yellow,yellow
b0f66d2cb4c1f77,Where are the tamales placed,on a white plate,on a white plate
d28b39d99db3e0b,What color are the taquitos,golden-brown,light yellow
d28b39d99db3e0b,What type of food is shown in the image,taquitos,hot dog bun
d28b39d99db3e0b,What color variations are visible on the taquitos,brown,light brown and tan
db022623a32e7ae,What color are the baked taquitos,tan,brown and red
db022623a32e7ae,What type of food is shown in the image,taquitos,pasta with olives
db022623a32e7ae,What color is the melted cheese on the taquitos,orange,orange
db022623a32e7ae,Where are the fresh green cilantro leaves placed,scattered over,on top of the food
db022623a32e7ae,What material is the board under the plate made of,wooden,wood
1aa5ae3b9f6e0db,What color is the base layer of the tart,yellow,brown
1aa5ae3b9f6e0db,Where are the Pineapple Meringue Tart pieces placed,plate,on a plate
1aa5ae3b9f6e0db,What color is the meringue layer,white,white
1aa5ae3b9f6e0db,What is the texture of the top of the meringue,toasted,crusty and browned
1aa5ae3b9f6e0db,Where are the tart pieces located,on a plate,on a plate
90ead502d026745,What color are the tater tots,golden brown,white and yellow
90ead502d026745,What is the main ingredient in the dish,tater tots,ground beef
90ead502d026745,What color is the plate,white,white
90ead502d026745,Where is the sauce drizzled,over the tater tots,on top of food
d1ad9c754aa697a,What color is the tea,orange,brown
d1ad9c754aa697a,What is the tea served in,glass,a glass cup
d1ad9c754aa697a,How are the ice cubes arranged in the tea,scattered,floating on top
d1ad9c754aa697a,What color is the cinnamon stick,brown,brown
d1ad9c754aa697a,Where is the cinnamon stick placed,on top,on top of the drink
b71b76cf8d104b4,What is the color of the tea in the glass teacup,amber,yellow
b71b76cf8d104b4,What type of beverage is in the glass teacup,tea,lemon tea
b71b76cf8d104b4,What is floating on the surface of the tea,lemon,lemon slice
b71b76cf8d104b4,What color is the decorative saucer,green,green
b71b76cf8d104b4,Where is the thin slice of lemon located,on the surface,on top of the cup
34b57aacca7966a,What type of container is the tea in,mug,glass mug
34b57aacca7966a,What color is the tea,beige,light brown
34b57aacca7966a,Where is the mug placed,on a white tiled surface,on a white tile counter
34b57aacca7966a,What type of beverage is in the mug,tea,milk in the mug
0eb658c957d98c0,What is the tea served in,glass,crystal glass cup
0eb658c957d98c0,What color describes the tea,tan,yellowish-brown
0eb658c957d98c0,Where is the tea positioned in the image,in the center,center of the image
ab815925487ce3b,What is the temperature of the tea,hot,hot
ab815925487ce3b,What type of beverage is shown,tea,tea
ab815925487ce3b,What color is the tea,amber,brown
ab815925487ce3b,Where is the teacup resting,resting on a saucer,on saucer
ab815925487ce3b,What flavor is the tea,ginger,black tea
b0fdc6af7f2645a,What is the color of the glass teapot,clear,clear
b0fdc6af7f2645a,What color are the basil leaves,green,green
b0fdc6af7f2645a,What is the hue of the tea,reddish-pink,pinkish red
b0fdc6af7f2645a,Where are the loose basil leaves and dried hibiscus flowers positioned,to the left,on the cutting board
dc7078acdfb1703,What color are the chicken tenders,brown,brown
dc7078acdfb1703,What type of meat is shown in the image,chicken,chicken
dc7078acdfb1703,What color is the plate,white,the plate is white
d44ef12ebd2068c,What color is the plate,white,white
d44ef12ebd2068c,What type of meat is featured in the dish,tenderloins,roast pork
d44ef12ebd2068c,What color is the outside of the tenderloins,reddish-brown,brown and black
d44ef12ebd2068c,How is the brownish sauce applied to the tenderloins,drizzled,drizzled on top
d44ef12ebd2068c,Where is the sprig of green parsley placed,on top,center of the meat
22730038e750ba4,What color is the interior of the pork,pink,white
22730038e750ba4,What type of meat is shown in the image,pork,pork
22730038e750ba4,What color is the outer layer of the pork,dark brown,brown
22730038e750ba4,How was the pork prepared to achieve its outer color,seared,pan-fried with a glaze
22730038e750ba4,Where is the largest slice of pork located in the image,from the bottom left,front of image
1ab59eb690c3b5d,What color are the baked chicken thighs,golden,brown
1ab59eb690c3b5d,What type of meat is shown in the image,chicken,chicken
1ab59eb690c3b5d,What color are the mushrooms,brown,brown and white
1ab59eb690c3b5d,Where are the mushrooms placed,piled on top,on top of the chicken
1ab59eb690c3b5d,What color is the parsley,green,green
3f9831aeae8dd21,What color is the tilapia,white,golden brown
3f9831aeae8dd21,What type of fish is shown in the image,tilapia,salmon
3f9831aeae8dd21,What color are the crumbs on the tilapia,golden-brown,light brown
3f9831aeae8dd21,Where is the purplish food item located relative to the fish,to the left,top left of fish
3f9831aeae8dd21,How would you describe the surface of the crumbs on the tilapia,textured,crumbly and crunchy textured
2eb69d1ad1c14be,What color is the burrata cheese,white,white
2eb69d1ad1c14be,What color are the tomato slices,red,red
2eb69d1ad1c14be,Where are the tomato slices and tomato sauce located,on top,on the pizza
fd3101be707b71f,What type of dessert is located inside the small glass jar,ice cream,mango sorbet
fd3101be707b71f,Where is the green tea ice cream located,located inside,in the jar
fd3101be707b71f,What is the lighter green ice cream possibly made of,tofu,lime or avocado
fd3101be707b71f,How does the tofu ice cream appear,creamy,yellow and creamy
fd3101be707b71f,How is the green tea ice cream served,scooped,in a jar
b3d4f40408a3449,What is the main protein in the dish,tofu,chicken
b3d4f40408a3449,What color are the bell peppers on the skewers,red,red and yellow
b3d4f40408a3449,What color is the tofu on the skewers,golden-brown,light brown
b3d4f40408a3449,What vegetable is dark and threaded onto the skewers,eggplant,eggplant
cb9d2c39afa6e98,What is the name of the Japanese dish in the bowl,agedashi,fried tofu
cb9d2c39afa6e98,What color is the rim of the bowl,brown,brown
cb9d2c39afa6e98,How are the tofu pieces arranged in the bowl,scattered,randomly
6ae90b789637671,What color are the tofu pieces,tan,light brown
6ae90b789637671,Where are the tofu pieces located within the plate,shifted to the left,center of the plate
6ae90b789637671,What color are the broccoli florets,green,green
6ae90b789637671,How are the red bell pepper chunks distributed,scattered,scattered throughout the dish
328211d7fd13871,What color are the tofu pieces,orange,light brown
328211d7fd13871,What type of protein is used in the dish,tofu,fish
328211d7fd13871,Where is the snow pea resting,resting between,on top of rice
328211d7fd13871,What is the tofu resting on,rice,rice
328211d7fd13871,How are the carrots arranged around the tofu,scattered,scattered around tofu
817a2e78403865a,What color are the edges of the tofu,brown,brown
817a2e78403865a,How is the tofu arranged in the bowl,scattered,on top of rice
817a2e78403865a,What vegetable is mixed with the tofu,broccoli,broccoli
817a2e78403865a,What color is the broccoli,green,green
2fad435041d2dc8,What is the main ingredient of the dish,tofu,tofu
2fad435041d2dc8,What color is the plate,blue,blue
2fad435041d2dc8,Where are the tofu pieces located on the plate,on the left side,on the left side
2fad435041d2dc8,What color are the fried tofu pieces,golden-brown,brown
97b516e3344fd79,What type of bowl is the dish served in,decorative,porcelain bowl
97b516e3344fd79,What is the main ingredient in the dish,tofu,tofu
97b516e3344fd79,What color is the decorative bowl,blue,white and blue
97b516e3344fd79,Where is the small spoon located,on the upper left,top left of image
97b516e3344fd79,What is scattered throughout the bowl alongside the tofu,mushrooms,chopped green onions
f4f9e7ee742b6e5,What color are the tomatoes,red,red
f4f9e7ee742b6e5,What type of vegetable is shown in the image,tomatoes,tomato
f4f9e7ee742b6e5,What color is the plate,white,white
f4f9e7ee742b6e5,Where is the front tomato positioned relative to the viewer,closer to,in front of the viewer
f4f9e7ee742b6e5,What color is the parsley,green,green
e98a385db039315,What color are the tomatoes,red,red
e98a385db039315,What type of vegetable is shown in the image,tomatoes,tomato
e98a385db039315,What color are the patches on some of the tomatoes,yellow,black
26c7b4853f446d6,What is the main ingredient in the casserole,tomato,beef
26c7b4853f446d6,What type of dish is the casserole in,transparent,glass baking dish
26c7b4853f446d6,What color is the melted cheese on top of the casserole,orange,orange and yellow
ea0d52534352951,Is the onion topping gluten-free,gluten-free,yes
ea0d52534352951,What color is the majority of the onion topping,yellow,golden brown
ea0d52534352951,Where is the onion topping placed,on the plate,on top of the dish
ea0d52534352951,What color are the edges of some of the onion topping,brown,burnt black
39d55e56600d302,What color is the topmost layer of the dessert,white,white
39d55e56600d302,What is the topmost layer of the dessert made of,meringue,meringue
39d55e56600d302,What describes the patches on the meringue,browned,brown spots
39d55e56600d302,What color is the translucent filling,amber-colored,brown
39d55e56600d302,Where is the dessert resting,on a dark surface,on a plate
e3d1141db582a02,What color is the surface where the tortes are placed,white,white
e3d1141db582a02,What type of pastries are shown in the image,tortes,cupcakes
e3d1141db582a02,What color is the wire tray holding the tortes,copper-colored,brown
e3d1141db582a02,Where are the three tortes placed,on a plate,on a plate
817d0a6dd591446,What color is the mousse layer,green,white
817d0a6dd591446,What is the pale green layer made of,mousse,lime slices
817d0a6dd591446,What color is the plate,white,white
817d0a6dd591446,What color is the base of the torte,brown,brown
817d0a6dd591446,Where are the small white dollops of cream placed,on top of,on top of the cake
960127d6c89ac13,What type of fruit is used in the torte,plum,pears
960127d6c89ac13,What shape is the torte,round,round shape
960127d6c89ac13,What color is the torte filling,yellow,brown
960127d6c89ac13,What color is the powdered sugar,white,white
960127d6c89ac13,Where is the powdered sugar sprinkled,over the surface,on top of the dessert
72f70fbadf48fe7,What color are the tortellini,yellow,yellowish white
72f70fbadf48fe7,What type of pasta is shown in the image,tortellini,penne pasta
eb4315397495532,What color is the plate,orange,orange
eb4315397495532,What type of pasta is in the dish,tortellini,shells or conchiglie
eb4315397495532,What color are the diced bell peppers,yellow,yellow
eb4315397495532,What color are the cherry tomatoes,red,red
eb4315397495532,Where is the tortellini served,on an orange plate,on a plate
195e9585a01590a,What color is the surface the tortellini are placed on,blue,light blue
195e9585a01590a,What type of pasta is shown in the image,tortellini,ravioli
195e9585a01590a,What color are the tortellini,green,green
195e9585a01590a,How does the surface of some tortellini appear,powdered,crinkled and textured
4911dd059ba7f62,What color are the tortellini,yellow,yellow and white
4911dd059ba7f62,What color are the sausage pieces,brown,brown
4911dd059ba7f62,Where are the ingredients located in the image,in the center,on the plate
c21bd7781469b7f,What color are the tortillas,yellow-tan,yellow
c21bd7781469b7f,What type of food item is shown in the image,tortillas,flatbread
c21bd7781469b7f,How are the tortillas arranged,stacked,in a stack
c21bd7781469b7f,What shape are the tortillas,round,irregularly shaped
d3374dbac8ec3d1,What color are the tortillas,tan,brown and tan
d3374dbac8ec3d1,What type of food is shown in the image,tortillas,flatbread
d3374dbac8ec3d1,What color is the cloth under the tortillas,blue,blue and green striped
d3374dbac8ec3d1,Where are the tortillas placed,on top of,on a tablecloth
da1d6472e13aadf,What is the base of the tostada made of,tortilla,corn tortilla
da1d6472e13aadf,What color is the ground turkey,brown,brown
da1d6472e13aadf,What color is the diced avocado,green,green
da1d6472e13aadf,Where are the sliced red onions placed,on top,on top of the meat
117a60f129fb597,What color is the plate,white,the plate is white
117a60f129fb597,What color are the tater tots,golden-brown,golden brown
117a60f129fb597,What is the main ingredient in the dish,meat,tater tots
117a60f129fb597,Where is the sloppy joe meat placed,on top of,on top of tater tots
dada488561e65c8,How are the treats arranged on the parchment paper,scattered,in a pile
dada488561e65c8,What colorful items are embedded in the green clusters,marshmallows,m&ms
dada488561e65c8,What is the texture of the cereal clusters,congealed,clumpy and crunchy
dada488561e65c8,Where are the treats placed,on wrinkled sheet,on a white piece of paper
979f8486655d8c9,What is the texture of the white filling in the trifle,creamy,creamy and smooth
979f8486655d8c9,What type of dessert is shown in the image,trifle,trifle
979f8486655d8c9,What color is the custard layer in the trifle,yellow,yellow
979f8486655d8c9,Where are the whole cookies placed on the trifle,on top,on top of the trifle
979f8486655d8c9,What color are the whole cookies on top of the trifle,brown,brown
82ad0c5889276b1,What color are the cake cubes in the base layer,golden-brown,light brown
82ad0c5889276b1,What is the base layer of the trifle made of,cake,cubed pound cake
82ad0c5889276b1,What color are the strawberries in the trifle,red,red
82ad0c5889276b1,What is the trifle topped with,with whipped topping,whipped cream
82ad0c5889276b1,What type of dish is the berry trifle,dessert,glass bowl
f7bcbfa5d91a502,What is the primary color of the Oven-Roasted Tri-Tip,reddish-brown,brown
f7bcbfa5d91a502,What type of meat is shown in the image,tri-tip,beef
f7bcbfa5d91a502,What color is the plate the Tri-Tip is served on,white,white
f7bcbfa5d91a502,Where is the Tri-Tip located in the image,on a plate,center of the plate
f7bcbfa5d91a502,What color are the onions covering the Tri-Tip,yellow-brown,brown and white
1fab03e9b59ddee,How would you describe the size of the fish,large,large piece of fish
1fab03e9b59ddee,What type of protein is the main dish,fish,salmon
1fab03e9b59ddee,What color is the Steelhead Trout,orange,pink
1fab03e9b59ddee,Where is the fish located on the plate,on the right,center of the plate
8532d483872df44,What type of food is being served on the platter,fish,fish and lemon platter
8532d483872df44,What color are the lemon wedges placed around the fillets,yellow,yellow
8532d483872df44,Where are the Trout Meunière fillets placed,on the platter,center of the plate
8532d483872df44,What are the main components of the dish on the platter,fillets,fish lemon slices herbs
2663a5718fa18fe,What is the color of the truffles,dark,brown with white sprinkles
2663a5718fa18fe,What color are the truffles,brown,brown
2663a5718fa18fe,Where are the truffles placed,in a box,in a red box
2663a5718fa18fe,What color are the salt crystals on the truffles,white,white
0b5e5c68ea86508,What color is the plate,white,the plate is white
0b5e5c68ea86508,What is the main ingredient of the truffles,chocolate,chocolate
0b5e5c68ea86508,What color are the truffles coated in cocoa powder,brown,brown
0b5e5c68ea86508,Where are the truffles located,on a plate,on a white plate
3aa0bced2f8335c,What type of dessert is shown in the image,truffles,chocolate-covered cookies
3aa0bced2f8335c,What color is the cookie dough center,brown,light brown
3aa0bced2f8335c,What is the appearance of the chocolate shell on the sliced truffle,studded,brown with red green and white sprinkles
3aa0bced2f8335c,Where are the sprinkles located on the truffles,at the top,on top of truffles
c1139da94258750,What is inside the chocolate truffles,strawberry-filled,cream and nuts
c1139da94258750,What type of dessert is shown in the image,truffles,chocolate heart shaped candies
c1139da94258750,What color is the truffle in the center,brown,brown with white heart
c1139da94258750,What color is the heart-shaped decoration on the center truffle,with a darker brown,brown
c1139da94258750,What shape are all the truffles,circular,round
7f0c8af27a6478f,What color are the noodles in the casserole,yellow,yellow and white
7f0c8af27a6478f,What type of fish is used in the casserole,tuna,chicken
7f0c8af27a6478f,What is the texture of the sauce in the casserole,creamy,cheesy and thick
7f0c8af27a6478f,Where are the crushed potato chips located,on the top of casserole,on top of the pasta
7f0c8af27a6478f,What color is the creamy sauce in the casserole,white,yellow
81f47512853201e,What color is the baking dish,white,blue and white
81f47512853201e,What color are the zucchini slices,green,golden brown
81f47512853201e,What has happened to the cheese on top of the casserole,melted,the cheese is melted
81f47512853201e,Where is the casserole placed in the image,in a white baking dish,in a blue pan
31fa025b78a3458,What is the texture of the sauce on top of the dish,creamy,cheesy and bubbly
31fa025b78a3458,What type of meat is used in the dish,turkey,chicken
31fa025b78a3458,What color is the creamy sauce on top of the dish,yellow,yellowish white
31fa025b78a3458,What type of vegetable is visible on the top layer of the dish,mushrooms,mushrooms
31fa025b78a3458,Where is the Turkey Tetrazzini located in the image,in a dish,in the glass dish
342068e032bf8d6,What color is the rub on the turkey,brownish-orange,brown and green
342068e032bf8d6,What type of meat is shown in the image,turkey,chicken
342068e032bf8d6,How is the rub distributed on the turkey,scattered,unevenly and thick
342068e032bf8d6,What color are the specks and flakes on the turkey,green,brown and green specks
342068e032bf8d6,Where is the rub located on the turkey,on the surface,on the turkey
79b81189e77204a,What color is the plate,white,the plate is white
79b81189e77204a,What type of fruit is used in the turnover,blueberry,blueberries
79b81189e77204a,What color is the pastry,golden-brown,yellow with white glaze
79b81189e77204a,How are the blueberries arranged around the pastry,scattered,in a circle around it
304ea6b80cd8e93,What color is the bowl,red,red and black
304ea6b80cd8e93,What shape is the bowl,square,square-shaped bowl
304ea6b80cd8e93,What vegetable is scattered in the broth,carrots,carrots
304ea6b80cd8e93,Where are the cilantro and carrots located,on top,in soup in bowl
30265394037d14c,What is the color of the Veal Scaloppini,golden-brown,brown and white
30265394037d14c,What type of meat is used in the dish,veal,chicken
30265394037d14c,What color is the Lemon Cream Sauce,white,white
30265394037d14c,Where is the Veal Scaloppini placed,on the plate,on a white plate
30265394037d14c,How is the Lemon Cream Sauce applied to the veal,drizzled,drizzled over veal
d1b61b8147cf662,What color is the plate,white,the plate is white
d1b61b8147cf662,What type of food is on the plate,vegetables,vegetable stir fry
d1b61b8147cf662,What color are the peppers,red,red
d1b61b8147cf662,Where are the vegetables located,on a plate,on a white plate
950b1803631181d,What color are the decorative leaves on the Wellington,brown,brown
950b1803631181d,What type of dish is shown in the image,wellington,pigs in blanket
950b1803631181d,What color is the plate the Wellington is served on,dark blue,black
6e329e616c77aad,What color are the bell pepper chunks,green,green and red
6e329e616c77aad,What type of food is being prepared,vegetables,grilled vegetables
6e329e616c77aad,How are the green bell pepper chunks arranged,scattered,randomly on grill
6e329e616c77aad,Where are the vegetables arranged,on a black grill pan,in a black pan
4ac1c59a0e69f40,What is the appearance of the sauce on the venison,glazed,red and thick
4ac1c59a0e69f40,What color is the sauce around the base of the venison,reddish-brown,red
4ac1c59a0e69f40,Where are the blackberries located in relation to the venison,around the base,surrounding the venison
4ac1c59a0e69f40,What fruit is scattered around the venison,blackberries,blackberries
518f951a9a03867,What color is the venison,brown,brown
518f951a9a03867,What type of meat is in the dish,venison,beef
518f951a9a03867,What is covering the venison,gravy,brown gravy
518f951a9a03867,What color is the plate,green,green
518f951a9a03867,Where is the dish presented,on the plate,on a plate
5bd2d4f17e38c6e,What color are the fried venison backstrap pieces,golden-brown,golden brown
5bd2d4f17e38c6e,What type of meat is shown in the image,venison,chicken
5bd2d4f17e38c6e,Where are the fried venison backstrap pieces placed,on a plate,on a plate
5bd2d4f17e38c6e,How are the fried venison backstrap pieces arranged,overlapping,in a pile
b15c979347195d8,What type of dish is the blueberry vinaigrette dressing used on,salad,salad
b15c979347195d8,What color are the lettuce leaves in the salad,green,green
b15c979347195d8,Where are the blueberries located,in the salad,scattered on the salad
b15c979347195d8,What fruit is included in the salad,blueberries,blueberries
bd3b4a1c7f9f373,What shade is the liquid in the pitcher,brown,dark brown
bd3b4a1c7f9f373,What is the vinaigrette doing to the light,reflecting,reflecting it
bd3b4a1c7f9f373,What is the vinaigrette contained in,pitcher,glass gravy boat
bd3b4a1c7f9f373,What type of dressing is shown in the image,vinaigrette,balsamic vinegar
bd3b4a1c7f9f373,Where is the pitcher positioned in the image,in the foreground,center of the image
b78d3c1f05149a8,What type of dressing is shown in the image,vinaigrette,honey mustard dressing
b78d3c1f05149a8,What material is the surface the jar is sitting on,wooden,wood
b78d3c1f05149a8,What color is the vinaigrette,yellow-brown,yellow
678de4c539aadec,What is the Mama's Balsamic Vinaigrette contained in,jar,glass jar
678de4c539aadec,What material is the surface that the jar is placed on,wooden,wooden table
678de4c539aadec,Where is the jar positioned,on a wooden surface,on a wooden cutting board
da7ef8b9b9c353a,What color is the lettuce in the salad,green,green and purple
da7ef8b9b9c353a,How are the pomegranate seeds distributed in the salad,scattered,scattered throughout
da7ef8b9b9c353a,What color are the pomegranate seeds,red,red
da7ef8b9b9c353a,What type of vegetable is red and present in the salad,tomato,tomato
da7ef8b9b9c353a,Where is the clear glass bowl containing pomegranate vinaigrette dressing located,above the middle,on the plate of salad
8388d987f7f6275,What color are the waffles,golden-brown,brown and yellow
8388d987f7f6275,What food item is shown in the image,waffles,waffles
8388d987f7f6275,What color is the plate,white,white
8388d987f7f6275,What describes the color variation of the waffles,darker,light and dark brown
8388d987f7f6275,Where are the waffles placed,on a white plate,on a white plate
0cd49eee53547b6,What color are the waffle fries,golden,golden brown
0cd49eee53547b6,What color is the ground beef in the bowl,brown,brown
0cd49eee53547b6,Where are the waffle fries located in the bowl,on the left,upper left of bowl
0cd49eee53547b6,What color are the diced tomatoes,red,red
57c2735d6cec16a,What is the main food item in the image,waffle,waffle
57c2735d6cec16a,What color are the tomatoes on the waffle,red,red
57c2735d6cec16a,Where are the tomatoes located,on the waffle,on the waffle
57c2735d6cec16a,What color are the cilantro pieces,green,green
4ff6dd8fefab333,How would you describe the walleye pieces,awesome,two pieces of cooked fish
4ff6dd8fefab333,What type of fish is shown in the image,walleye,salmon
4ff6dd8fefab333,What color are the grilled walleye pieces,tan,off-white and brown
9518cfaa471cdac,What color are the watermelon slices,red,red
9518cfaa471cdac,What fruit is used in the carpaccio,watermelon,watermelon
9518cfaa471cdac,What color is the plate,white,white
9518cfaa471cdac,Where are the feta cheese crumbles placed,on top,on top of watermelon slices
9518cfaa471cdac,What color are the pumpkin seeds,green,green and brown
ef4405d0a3ebb18,What is the color of the My Rosy Watermelon Milk Shake,pink,pink
ef4405d0a3ebb18,What fruit is attached to the rim of the glass,watermelon,watermelon
ef4405d0a3ebb18,What color is the interior of the watermelon wedge,red,red
ef4405d0a3ebb18,What is the color of the glass containing the My Rosy Watermelon Milk Shake,clear,clear
5eb218e918c79aa,What color is the plate,orange,orange
5eb218e918c79aa,What shape are the potato pieces,wedges,crescent-shaped
5eb218e918c79aa,What color are the potato wedges,golden-brown,golden brown
5eb218e918c79aa,Where are the potato wedges placed,on plate,on a plate
5eb218e918c79aa,What are the green flecks on the potato wedges,herbs,seasoning or herbs
92fa4c525eb49da,What color is the sausage in the hot dogs,brown,reddish brown
92fa4c525eb49da,What color is the bun of the hot dogs,white,light brown
92fa4c525eb49da,What food item is in the bowl next to the hot dogs,fries,poutine
d6ecf0c1e85cc2a,What fruit is used to garnish the drinks,orange,lemon
d6ecf0c1e85cc2a,What are the drinks served in,glasses,glasses on a tray
d6ecf0c1e85cc2a,What color is the mulled orange wine,amber,light yellow
d6ecf0c1e85cc2a,Where are the glasses placed,on the tray,on a silver tray
5c6270288c1f68c,What material is the bowl made of,metallic,stainless steel
5c6270288c1f68c,What part of the chicken are the buffalo wings made from,wings,chicken drumsticks
5c6270288c1f68c,What color are the buffalo wings,orange,orange-red
5c6270288c1f68c,Where are most of the wings located in the image,in the center,center of image
5c6270288c1f68c,What is the texture of the wings' coating,saucy,crispy and spicy
807ba3fcd1dc8e1,What vegetable is the main ingredient in this dish,cauliflower,cauliflower
807ba3fcd1dc8e1,What color are the cauliflower wings,golden brown,brown and white
807ba3fcd1dc8e1,How are the cauliflower wings arranged on the plate,scattered across,scattered on the plate
807ba3fcd1dc8e1,What is the cauliflower served on,plate,a blue plate
6a04e8ccad17554,What color are the wontons,golden-brown,golden brown
6a04e8ccad17554,What food is in the bowl,wontons,empanadas
6a04e8ccad17554,How do the wontons appear,crispy,golden brown and crispy
6a04e8ccad17554,What contains the wontons,bowl,a bowl
6a04e8ccad17554,Where are the wontons,in the bowl,in a bowl
49f5905aa2f4a48,What color are the cabbage leaves,green,green
49f5905aa2f4a48,What color is the ground beef filling inside the wraps,brownish,brown
49f5905aa2f4a48,Where is the small bowl of sesame seeds located in the image,on the lower right,top right corner
49f5905aa2f4a48,What herb is scattered throughout the wraps,cilantro,cilantro
262601b88efcd8d,What color are the wraps,tan,yellow and brown
262601b88efcd8d,What are the two halves of food called,wraps,two halves of a burrito
262601b88efcd8d,What type of vegetable is visible in the filling,corn,corn
262601b88efcd8d,What color is the meat in the filling,pink,pink
262601b88efcd8d,Where is some corn located,on the plate,in the middle of burrito
d7cd03469abbcd0,What type of green vegetable is in the filling,spinach,spinach
d7cd03469abbcd0,What color are the scrambled eggs,yellow,yellow
a3aedc3e6df1f95,What color are the yams,orange,orange
a3aedc3e6df1f95,What type of vegetable is being served,yams,carrots
a3aedc3e6df1f95,What is the appearance of the yams' coating,glistening,glazed and shiny
a3aedc3e6df1f95,Where are the pistachios placed,on top of,on top of the carrots
a3aedc3e6df1f95,What color are the pistachios,green,green
e687d60cc671e96,What color are the yams,orange,orange
e687d60cc671e96,What type of vegetable is shown in the image,yams,sweet potato
e687d60cc671e96,How are the yam slices arranged on the surface,scattered,randomly placed
e687d60cc671e96,What color is the surface the yams are on,white,white
e687d60cc671e96,Where are the yams positioned,on a white surface,on a white surface
c7c9a7e27e680e6,What color is the yogurt,white,white
c7c9a7e27e680e6,What color are the pancakes,brown,brown
c7c9a7e27e680e6,What fruit is mixed with the yogurt,blueberries,blueberries
69795dbeec9b2ce,What is the texture of the yogurt,creamy,smooth and creamy
69795dbeec9b2ce,What is the main ingredient in the bowl,yogurt,yogurt
69795dbeec9b2ce,What color are the raspberries on top of the yogurt,red,red
69795dbeec9b2ce,Where are the raspberries located,on top,on top of the blueberries
d3abfd664deac6e,What color is the bowl in the image,blue,blue and black
d3abfd664deac6e,What fruit is on top of the yogurt in the image,raspberries,raspberries
2c056c7914aa530,What color is the baking dish,blue,black
2c056c7914aa530,What type of pasta is in the dish,ziti,macaroni and cheese
2c056c7914aa530,What color is the tomato sauce,reddish-orange,red
e95d2afc654400d,What color is the turkey,reddish-brown,gray
e95d2afc654400d,What is the pale yellow food mixed with the turkey,spaghetti,pasta
e95d2afc654400d,"Where are the turkey, spaghetti, and zoodles scattered",throughout the entire pan,in a skillet on a napkin
73c6313f570a1cd,What color are the grilled zucchini sticks,yellow,yellow and green
73c6313f570a1cd,What vegetable is shown on the platter,zucchini,zucchini
73c6313f570a1cd,What color is the pepper sprinkled on the zucchini,black,black pepper
73c6313f570a1cd,Where are the zucchini piled on the plate,in the center,center of the plate
