answer,predicted_answer,rouge1,rouge2,rougeL
golden-brown,golden brown,1.0,1.0,1.0
enchiladas,enchilada,1.0,0.0,1.0
white,light-colored,0.0,0.0,0.0
on the left side,left side of plate,0.5,0.3333333333333333,0.5
tomatoes,tomatoes,1.0,0.0,1.0
white,white,1.0,0.0,1.0
melted,melted and browned,0.5,0.0,0.5
covering,melting and adding texture,0.0,0.0,0.0
green,green,1.0,0.0,1.0
across the bake,top left,0.0,0.0,0.0
golden-brown,light brown,0.5,0.0,0.5
chicken,chicken,1.0,0.0,1.0
yellow,yellow,1.0,0.0,1.0
on a plate,lower-left side,0.0,0.0,0.0
green,green,1.0,0.0,1.0
cilantro,cilantro,1.0,0.0,1.0
yellow,yellow,1.0,0.0,1.0
chicken,chicken,1.0,0.0,1.0
on a sheet pan,on a sheet pan,1.0,1.0,1.0
chicken,beef,0.0,0.0,0.0
green,yellow red and green,0.4,0.0,0.4
atop the fajita filling,right taco,0.0,0.0,0.0
golden-brown,light brown,0.5,0.0,0.5
Mahi Mahi,cod,0.0,0.0,0.0
red,red yellow and orange,0.4,0.0,0.4
throughout the center,middle of the dish,0.28571428571428575,0.0,0.28571428571428575
white,white,1.0,0.0,1.0
steak,beef,0.0,0.0,0.0
brownish-red,brown,0.0,0.0,0.0
on the plate,yellow plate,0.4,0.0,0.4
mushrooms,mushrooms,1.0,0.0,1.0
beige,white,0.0,0.0,0.0
golden-brown,golden brown,1.0,1.0,1.0
falafels,fish cakes,0.0,0.0,0.0
yellow,yellow,1.0,0.0,1.0
brown,light brown,0.6666666666666666,0.0,0.6666666666666666
mushrooms,mushrooms,1.0,0.0,1.0
green,green,1.0,0.0,1.0
on top of,center of the dish,0.28571428571428575,0.0,0.28571428571428575
yes,yes,1.0,0.0,1.0
farro,farro,1.0,0.0,1.0
orange,orange,1.0,0.0,1.0
throughout,right side of bowl,0.0,0.0,0.0
zucchini,zucchini,1.0,0.0,1.0
glass,glass,1.0,0.0,1.0
yellow,green,0.0,0.0,0.0
contained within,in the jar,0.0,0.0,0.0
sealed,fabric lid and ribbon,0.0,0.0,0.0
red,red and white,0.5,0.0,0.5
feta fingers,french toast sticks,0.0,0.0,0.0
golden,light brown,0.0,0.0,0.0
blue,blue and yellow,0.5,0.0,0.5
salad,tuna salad,0.6666666666666666,0.0,0.6666666666666666
yellow,yellow,1.0,0.0,1.0
white,not chicken pieces,0.0,0.0,0.0
fills,base for a sauce,0.0,0.0,0.0
fettuccine,spaghetti or linguine,0.0,0.0,0.0
creamy,smooth and creamy,0.5,0.0,0.5
cheese,shredded cheese,0.6666666666666666,0.0,0.6666666666666666
on top of,on top of pasta,0.8571428571428571,0.8,0.8571428571428571
white,white,1.0,0.0,1.0
located throughout,bottom of the dish,0.0,0.0,0.0
chicken,chicken,1.0,0.0,1.0
asparagus,light brown,0.0,0.0,0.0
purple,dark purple,0.6666666666666666,0.0,0.6666666666666666
figs,dried fig,0.6666666666666666,0.0,0.6666666666666666
on top of,top of the figs,0.5714285714285715,0.4,0.5714285714285715
creamy,crumbly texture,0.0,0.0,0.0
scattered,crumbled and placed on,0.0,0.0,0.0
pinkish-red,light pink,0.0,0.0,0.0
filet,steak,0.0,0.0,0.0
brown,dark brown,0.6666666666666666,0.0,0.6666666666666666
on a plate,on a white plate,0.8571428571428571,0.4,0.8571428571428571
seared,charred with dark brown,0.0,0.0,0.0
blue,dark blue,0.6666666666666666,0.0,0.6666666666666666
fish,fish,1.0,0.0,1.0
dill,dill,1.0,0.0,1.0
white,white,1.0,0.0,1.0
Lemony,herbs and spices,0.0,0.0,0.0
Fish,salmon,0.0,0.0,0.0
Orange,orange,1.0,0.0,1.0
on plate,on a plate,0.8,0.0,0.8
Green,green,1.0,0.0,1.0
yellow,white,0.0,0.0,0.0
fish,whole cooked fish,0.5,0.0,0.5
golden-brown,orange,0.0,0.0,0.0
on a plate,on a bed of lettuce,0.5,0.3333333333333333,0.5
green,green,1.0,0.0,1.0
white,white or light-colored,0.4,0.0,0.4
fish,white rice,0.0,0.0,0.0
brown,dark brown,0.6666666666666666,0.0,0.6666666666666666
on top of,on top of fish,0.8571428571428571,0.8,0.8571428571428571
green,green,1.0,0.0,1.0
drink,creamy yellowish liquid,0.0,0.0,0.0
white,white,1.0,0.0,1.0
reddish-orange,orange,0.6666666666666666,0.0,0.6666666666666666
on top of,top of the drink,0.5714285714285715,0.4,0.5714285714285715
shiny,smooth and caramelized,0.0,0.0,0.0
flan,flan,1.0,0.0,1.0
white,white,1.0,0.0,1.0
caramel-colored,light brown,0.0,0.0,0.0
chicken,chicken or tofu,0.5,0.0,0.5
drizzled,drizzled over the toppings,0.4,0.0,0.4
purple,purple,1.0,0.0,1.0
yellow,yellow,1.0,0.0,1.0
diced,diced and caramelized,0.5,0.0,0.5
pineapple,pineapple,1.0,0.0,1.0
moist,moist and slightly crumbly,0.4,0.0,0.4
throughout the dish,evenly distributed throughout,0.3333333333333333,0.0,0.3333333333333333
glass,glass footed dessert dish,0.4,0.0,0.4
filling,about three fourths full,0.0,0.0,0.0
cranberries,red grapes,0.0,0.0,0.0
grapes,red grapes,0.6666666666666666,0.0,0.6666666666666666
to the brim,glass dish,0.0,0.0,0.0
yellow,light yellow,0.6666666666666666,0.0,0.6666666666666666
focaccia,focaccia,1.0,0.0,1.0
green,green,1.0,0.0,1.0
wooden,wooden surface,0.6666666666666666,0.0,0.6666666666666666
yellow,pale yellow,0.6666666666666666,0.0,0.6666666666666666
bowl,white bowl,0.6666666666666666,0.0,0.6666666666666666
toasted,no longer crispy,0.0,0.0,0.0
golden-brown,golden-brown,1.0,1.0,1.0
down from,the edge of bread,0.0,0.0,0.0
brown,brown,1.0,0.0,1.0
pretzel,pretzels chex cereal mix,0.4,0.0,0.4
brown,light brown,0.6666666666666666,0.0,0.6666666666666666
dessert,blondies,0.0,0.0,0.0
rectangular,square-shaped,0.0,0.0,0.0
brown,light brown,0.6666666666666666,0.0,0.6666666666666666
almonds,almonds,1.0,0.0,1.0
scattered,scattered on top,0.5,0.0,0.5
white,white,1.0,0.0,1.0
casserole,casserole dish,0.6666666666666666,0.0,0.6666666666666666
scattered,scattered pattern,0.6666666666666666,0.0,0.6666666666666666
reddish-brown,reddish-orange,0.5,0.0,0.5
on top,middle of the casserole,0.0,0.0,0.0
black,black,1.0,0.0,1.0
yellow,yellow,1.0,0.0,1.0
scattered,dispersed throughout,0.0,0.0,0.0
tomatoes,tomatoes,1.0,0.0,1.0
in a black pan,top of the frittata,0.0,0.0,0.0
yellow,yellow,1.0,0.0,1.0
broccoli,broccoli,1.0,0.0,1.0
light,yellow,0.0,0.0,0.0
cheddar,cheddar,1.0,0.0,1.0
brown,golden brown,0.6666666666666666,0.0,0.6666666666666666
clustered,irregular pile,0.0,0.0,0.0
plate,decorative plate,0.6666666666666666,0.0,0.6666666666666666
yellow,yellow,1.0,0.0,1.0
on the left,left side of plate,0.28571428571428575,0.0,0.28571428571428575
golden-brown,golden brown,1.0,1.0,1.0
fritter,latkes,0.0,0.0,0.0
crispy,crispy,1.0,0.0,1.0
white,white,1.0,0.0,1.0
chocolate,chocolate,1.0,0.0,1.0
stack,stack on a plate,0.4,0.0,0.4
brown,brown,1.0,0.0,1.0
on a plate,on a glass board,0.5714285714285715,0.4,0.5714285714285715
swirled,rose with a swirl,0.4,0.0,0.4
pink,pink,1.0,0.0,1.0
cupcake,cupcake,1.0,0.0,1.0
cherry,raspberry or strawberry,0.0,0.0,0.0
on top of,on top,0.8,0.6666666666666666,0.8
bowls,ceramic bowls,0.6666666666666666,0.0,0.6666666666666666
coats,coats the cake,0.5,0.0,0.5
cake,chocolate cake,0.6666666666666666,0.0,0.6666666666666666
brown,brown,1.0,0.0,1.0
on the plate,on a white plate,0.5714285714285715,0.0,0.5714285714285715
blue,light blue,0.6666666666666666,0.0,0.6666666666666666
fries,french fries,0.6666666666666666,0.0,0.6666666666666666
orange,yellow,0.0,0.0,0.0
on top of,on top of fries,0.8571428571428571,0.8,0.8571428571428571
yellow,not french fries,0.0,0.0,0.0
casserole,baked pasta dish,0.0,0.0,0.0
white,white,1.0,0.0,1.0
fries,pastry,0.0,0.0,0.0
golden-brown,orange and white,0.0,0.0,0.0
orange,not visible,0.0,0.0,0.0
on top of,on top of food,0.8571428571428571,0.8,0.8571428571428571
yellow,light yellow,0.6666666666666666,0.0,0.6666666666666666
potato,potatoes,1.0,0.0,1.0
reddish-brown,red,0.0,0.0,0.0
on a plate,on a plate,1.0,1.0,1.0
yellow,orange,0.0,0.0,0.0
fries,french fries,0.6666666666666666,0.0,0.6666666666666666
charred,burnt brown or black,0.0,0.0,0.0
in the center,circular pattern,0.0,0.0,0.0
blue,blue,1.0,0.0,1.0
white,white,1.0,0.0,1.0
fudge,fudge,1.0,0.0,1.0
red,red,1.0,0.0,1.0
walnuts,walnuts,1.0,0.0,1.0
brown,light brown,0.6666666666666666,0.0,0.6666666666666666
fudge,fudge,1.0,0.0,1.0
on the left,center-left,0.4,0.0,0.4
sheen,sugar crystals,0.0,0.0,0.0
golden-brown,golden brown,1.0,1.0,1.0
red,red orange and yellow,0.4,0.0,0.4
atop the galette,upper-left side,0.0,0.0,0.0
green,green,1.0,0.0,1.0
golden-brown,golden brown,1.0,1.0,1.0
pastry,pastry dessert,0.6666666666666666,0.0,0.6666666666666666
white,white,1.0,0.0,1.0
sprinkled,leaf vein pattern,0.0,0.0,0.0
strawberry,strawberries,1.0,0.0,1.0
golden-brown,light brown,0.5,0.0,0.5
blueberries,blueberries,1.0,0.0,1.0
towards the top,center of the pastry,0.28571428571428575,0.0,0.28571428571428575
tan,light brown,0.0,0.0,0.0
garlic,roasted garlic,0.6666666666666666,0.0,0.6666666666666666
yellow,light yellow,0.6666666666666666,0.0,0.6666666666666666
silver,silver,1.0,0.0,1.0
green,green,1.0,0.0,1.0
dessert,dessert dish,0.6666666666666666,0.0,0.6666666666666666
gelatin,soft and slightly jiggly,0.0,0.0,0.0
creamy,sweet and tangy dessert,0.0,0.0,0.0
golden-brown,light brown,0.5,0.0,0.5
bowl,white bowl,0.6666666666666666,0.0,0.6666666666666666
sliced,horizontal thin slice,0.5,0.0,0.5
green,green,1.0,0.0,1.0
on top of,on top,0.8,0.6666666666666666,0.8
ginger,chili peppers,0.0,0.0,0.0
chicken,chicken,1.0,0.0,1.0
white,white,1.0,0.0,1.0
on a plate,on a white plate,0.8571428571428571,0.4,0.8571428571428571
red,red,1.0,0.0,1.0
translucent,pale yellow,0.0,0.0,0.0
jar,glass jar,0.6666666666666666,0.0,0.6666666666666666
amber,light yellow,0.0,0.0,0.0
in the center,left side,0.0,0.0,0.0
yellow,golden,0.0,0.0,0.0
gingerbread,sweet treat,0.0,0.0,0.0
chocolate,small cookie,0.0,0.0,0.0
beige,beige,1.0,0.0,1.0
brown,brown,1.0,0.0,1.0
yes,yes,1.0,0.0,1.0
white,white,1.0,0.0,1.0
flower,flower shape,0.6666666666666666,0.0,0.6666666666666666
green,red,0.0,0.0,0.0
on top,upper left corner,0.0,0.0,0.0
gingerbread cookies,ginger snaps,0.0,0.0,0.0
brown,brown,1.0,0.0,1.0
on a plate,on a plate,1.0,1.0,1.0
beige,white,0.0,0.0,0.0
cookies,cookies,1.0,0.0,1.0
stacked,in a stack,0.5,0.0,0.5
on top of,on the cookies,0.3333333333333333,0.0,0.3333333333333333
white,white,1.0,0.0,1.0
yellow,creamy yellow,0.6666666666666666,0.0,0.6666666666666666
bacon,bacon,1.0,0.0,1.0
on top,on top of soup,0.6666666666666666,0.5,0.6666666666666666
gnocchi,gnocchi,1.0,0.0,1.0
shrimp,shrimp,1.0,0.0,1.0
green,green,1.0,0.0,1.0
brownish-red,brown,0.0,0.0,0.0
gnocchi,gnocchi,1.0,0.0,1.0
green,green,1.0,0.0,1.0
on a plate,center of the image,0.0,0.0,0.0
yellow,light beige,0.0,0.0,0.0
pasta,pasta dish,0.6666666666666666,0.0,0.6666666666666666
red,deep red,0.6666666666666666,0.0,0.6666666666666666
on top of,top of pasta dish,0.5714285714285715,0.4,0.5714285714285715
green,green,1.0,0.0,1.0
orange-brown,white,0.0,0.0,0.0
macaroni,macaroni,1.0,0.0,1.0
scattered,in a pile,0.0,0.0,0.0
red,red,1.0,0.0,1.0
at the top,upper right corner,0.0,0.0,0.0
scattered,in small chunks,0.0,0.0,0.0
beef,ground beef,0.6666666666666666,0.0,0.6666666666666666
yellow,golden,0.0,0.0,0.0
orange,orange,1.0,0.0,1.0
yellow,yellow,1.0,0.0,1.0
lemon,lemon,1.0,0.0,1.0
glass,glass,1.0,0.0,1.0
watermelon,watermelon,1.0,0.0,1.0
mint,sprig of mint,0.5,0.0,0.5
brown,light brown,0.6666666666666666,0.0,0.6666666666666666
granola,granola,1.0,0.0,1.0
red,red,1.0,0.0,1.0
brown,brown,1.0,0.0,1.0
granola,granola,1.0,0.0,1.0
red,red,1.0,0.0,1.0
scattered,sprinkled throughout,0.0,0.0,0.0
in the mixture,bottom left,0.0,0.0,0.0
yellow,light beige,0.0,0.0,0.0
potatoes,potatoes,1.0,0.0,1.0
yellow,light yellow,0.6666666666666666,0.0,0.6666666666666666
in a baking dish,on top of casserole,0.0,0.0,0.0
yellow,blue,0.0,0.0,0.0
dish,ceramic dish,0.6666666666666666,0.0,0.6666666666666666
white,white,1.0,0.0,1.0
yellow,light yellow,0.6666666666666666,0.0,0.6666666666666666
in the lower center,lower half,0.3333333333333333,0.0,0.3333333333333333
diced,small cubes,0.0,0.0,0.0
shrimp,shrimp,1.0,0.0,1.0
orange,orange,1.0,0.0,1.0
broth,water,0.0,0.0,0.0
on the left,center of the pot,0.28571428571428575,0.0,0.28571428571428575
bowl,cooked greens,0.0,0.0,0.0
lemon,yellow,0.0,0.0,0.0
yellow,yellow,1.0,0.0,1.0
on the left side,left side of bowl,0.5,0.3333333333333333,0.5
scattered,random scattered pattern,0.5,0.0,0.5
brown,brown,1.0,0.0,1.0
chicken,duck,0.0,0.0,0.0
sausage,andouille sausage,0.6666666666666666,0.0,0.6666666666666666
beige,light brown,0.0,0.0,0.0
gyros,gyro or shawarma,0.5,0.0,0.5
brown,brown,1.0,0.0,1.0
on the left side,on a large plate,0.25,0.0,0.25
green,green,1.0,0.0,1.0
crispy,crunchy texture,0.0,0.0,0.0
halibut,white fish,0.0,0.0,0.0
white,golden yellow,0.0,0.0,0.0
green,green,1.0,0.0,1.0
on top,on the fish,0.4,0.0,0.4
beige,golden brown,0.0,0.0,0.0
Halibut,white fish,0.0,0.0,0.0
green,green,1.0,0.0,1.0
on the right,a plate,0.0,0.0,0.0
golden-brown,golden brown,1.0,1.0,1.0
halloumi,halloumi,1.0,0.0,1.0
gray,gray,1.0,0.0,1.0
on the left,upper left side,0.3333333333333333,0.0,0.3333333333333333
yellow,yellow,1.0,0.0,1.0
apricot,orange peel,0.0,0.0,0.0
reddish-brown,dark brown,0.5,0.0,0.5
bowl,brown bowl,0.6666666666666666,0.0,0.6666666666666666
in the upper right,top right,0.3333333333333333,0.0,0.3333333333333333
pink,light pink,0.6666666666666666,0.0,0.6666666666666666
ham,cooked ham,0.6666666666666666,0.0,0.6666666666666666
pink,pink,1.0,0.0,1.0
sandwich,pulled pork sandwich,0.5,0.0,0.5
green,green,1.0,0.0,1.0
on a plate,on a plate,1.0,1.0,1.0
green,dark green,0.6666666666666666,0.0,0.6666666666666666
pink,pink,1.0,0.0,1.0
ham,cooked ham,0.6666666666666666,0.0,0.6666666666666666
caramelized,burnt dark brown,0.0,0.0,0.0
layered on,on top of lettuce,0.3333333333333333,0.0,0.3333333333333333
lettuce,mixed greens,0.0,0.0,0.0
potato,sweet potatoes,0.6666666666666666,0.0,0.6666666666666666
orange,orange,1.0,0.0,1.0
throughout,left side of image,0.0,0.0,0.0
yellow,yellow,1.0,0.0,1.0
brownish,yellow and orange,0.0,0.0,0.0
plate,white plate,0.6666666666666666,0.0,0.6666666666666666
yellow,yellow,1.0,0.0,1.0
sprinkled on top,on top of dish,0.5714285714285715,0.4,0.5714285714285715
white,white,1.0,0.0,1.0
orange,orange,1.0,0.0,1.0
potato,sweet potato,0.6666666666666666,0.0,0.6666666666666666
fried,poached,0.0,0.0,0.0
on top of,on top of hash browns,0.7499999999999999,0.6666666666666666,0.7499999999999999
bacon,bacon,1.0,0.0,1.0
hash browns,fried fish cakes,0.0,0.0,0.0
golden-brown,light brown,0.5,0.0,0.5
yes,yes they are,0.5,0.0,0.5
on a plate,on a white plate,0.8571428571428571,0.4,0.8571428571428571
golden-brown,golden brown,1.0,1.0,1.0
plate,a plate,0.6666666666666666,0.0,0.6666666666666666
orange,orange,1.0,0.0,1.0
chives,chives,1.0,0.0,1.0
brown,brown,1.0,0.0,1.0
chicken,mushrooms,0.0,0.0,0.0
yellow,yellow,1.0,0.0,1.0
in the upper right,upper-right corner,0.5714285714285715,0.4,0.5714285714285715
golden-brown,golden brown,1.0,1.0,1.0
hen,cornish game hen,0.5,0.0,0.5
brown,reddish-brown,0.6666666666666666,0.0,0.6666666666666666
at the top left,upper left,0.3333333333333333,0.0,0.3333333333333333
salad,salad,1.0,0.0,1.0
green-white,light green,0.5,0.0,0.5
over the salad leaves,on the salad,0.5714285714285715,0.4,0.5714285714285715
tomatoes,tomatoes,1.0,0.0,1.0
edamame,edamame,1.0,0.0,1.0
hummus,edamame hummus,0.6666666666666666,0.0,0.6666666666666666
black,black,1.0,0.0,1.0
on top of,center of the bowl,0.28571428571428575,0.0,0.28571428571428575
yellow,light yellowish-beige,0.0,0.0,0.0
hummus,hummus,1.0,0.0,1.0
submerged,right side,0.0,0.0,0.0
crackers,crackers,1.0,0.0,1.0
on the right,right side of bowl,0.28571428571428575,0.0,0.28571428571428575
bowl,white wavy-rimmed bowl,0.4,0.0,0.4
brownish-green,light yellow-orange,0.0,0.0,0.0
towards the top left,upper-left corner,0.28571428571428575,0.0,0.28571428571428575
beige,white,0.0,0.0,0.0
hummus,hummus,1.0,0.0,1.0
yellow,yellow,1.0,0.0,1.0
tomatoes,tomatoes,1.0,0.0,1.0
spices,paprika and cumin,0.0,0.0,0.0
yellow-beige,light yellow-orange,0.4,0.0,0.4
bowl,small black bowl,0.5,0.0,0.5
orange,orange,1.0,0.0,1.0
carrots,baby carrots,0.6666666666666666,0.0,0.6666666666666666
on the plate,left of the bowl,0.28571428571428575,0.0,0.28571428571428575
reddish-brown,red,0.0,0.0,0.0
jars,glass jars,0.6666666666666666,0.0,0.6666666666666666
in the center,center of the frame,0.5714285714285715,0.0,0.28571428571428575
orange,vibrant orange,0.6666666666666666,0.0,0.6666666666666666
jars,glass,0.0,0.0,0.0
glass,metal,0.0,0.0,0.0
in the center,white countertop,0.0,0.0,0.0
pinkish-white,white,0.6666666666666666,0.0,0.6666666666666666
in the center,center of the image,0.5714285714285715,0.0,0.28571428571428575
bottom half,orange jam,0.0,0.0,0.0
orange,orange,1.0,0.0,1.0
vibrant,golden orange,0.0,0.0,0.0
glass,glass,1.0,0.0,1.0
papaya,apricots peaches nectarines,0.0,0.0,0.0
fresh,vibrant orange color,0.0,0.0,0.0
on a white cloth,granite countertop,0.0,0.0,0.0
dark brown,dark brown,1.0,1.0,1.0
cubes,square-shaped,0.0,0.0,0.0
beige,creamy white,0.0,0.0,0.0
scattered,randomly throughout the mugs,0.0,0.0,0.0
black,blackened,0.0,0.0,0.0
dark,charred,0.0,0.0,0.0
stacked,stacked formation,0.6666666666666666,0.0,0.6666666666666666
dish,white rectangular dish,0.5,0.0,0.5
in the center,middle of the frame,0.28571428571428575,0.0,0.28571428571428575
brown,brown,1.0,0.0,1.0
beef jerky,meat,0.0,0.0,0.0
scattered,in a pile,0.0,0.0,0.0
reddish-brown,brown tan dark brown,0.3333333333333333,0.0,0.3333333333333333
around the edges,right side,0.0,0.0,0.0
brown,dark brown,0.6666666666666666,0.0,0.6666666666666666
beef jerky,beef jerky,1.0,1.0,1.0
overlapping,loose pile,0.0,0.0,0.0
dark brown,dark brown,1.0,1.0,1.0
located inside,in a glass jar,0.0,0.0,0.0
jar,airtight containers or bags,0.0,0.0,0.0
sitting,holding beef jerky,0.0,0.0,0.0
wooden,wood,0.0,0.0,0.0
yellow-tan,light brown,0.0,0.0,0.0
plate,on a white plate,0.4,0.0,0.4
white,white,1.0,0.0,1.0
glazed,shiny and smooth,0.0,0.0,0.0
Sloppy Joe,sloppy joe,1.0,1.0,1.0
reddish-brown,reddish-brown,1.0,1.0,1.0
yellow,yellow,1.0,0.0,1.0
on the bottom,foreground of the image,0.28571428571428575,0.0,0.28571428571428575
golden-brown,golden brown,1.0,1.0,1.0
chicken,chicken,1.0,0.0,1.0
orange,orange,1.0,0.0,1.0
on top,on top of sandwich,0.6666666666666666,0.5,0.6666666666666666
chips,potato chips,0.6666666666666666,0.0,0.6666666666666666
golden-brown,light brown,0.5,0.0,0.5
bun,a bun,0.6666666666666666,0.0,0.6666666666666666
gray,white,0.0,0.0,0.0
on a plate,the plate,0.4,0.0,0.4
tan,light brown,0.0,0.0,0.0
bun,yes,0.0,0.0,0.0
red,red,1.0,0.0,1.0
on top,top of the bun,0.3333333333333333,0.0,0.3333333333333333
diced,yes there are,0.0,0.0,0.0
beige,light brown,0.0,0.0,0.0
juice,horchata,0.0,0.0,0.0
on the table,korea,0.0,0.0,0.0
glass,a glass,0.6666666666666666,0.0,0.6666666666666666
in a glass,i cannot provide information,0.0,0.0,0.0
vibrant,deep rich orange,0.0,0.0,0.0
glass,wine glass,0.6666666666666666,0.0,0.6666666666666666
yellow,yellow,1.0,0.0,1.0
watermelon,watermelon,1.0,0.0,1.0
pink,pink,1.0,0.0,1.0
blueberries,watermelon,0.0,0.0,0.0
green surface,green,0.6666666666666666,0.0,0.6666666666666666
4th of July,christmas,0.0,0.0,0.0
golden-brown,light golden,0.5,0.0,0.5
dispersed,throughout the soup,0.0,0.0,0.0
kale,kale,1.0,0.0,1.0
bowl,white ceramic bowl,0.5,0.0,0.5
green,green and brown,0.5,0.0,0.5
chips,kale chips,0.6666666666666666,0.0,0.6666666666666666
bowl,white bowl,0.6666666666666666,0.0,0.6666666666666666
on a wooden surface,on a wooden table,0.75,0.6666666666666666,0.75
brownish,golden brown,0.0,0.0,0.0
dark green,green,0.6666666666666666,0.0,0.6666666666666666
kale,kale,1.0,0.0,1.0
red,red,1.0,0.0,1.0
on top of,upper-left corner,0.0,0.0,0.0
colorful,colorful and appetizing,0.5,0.0,0.5
kebabs,kebab,1.0,0.0,1.0
red,brown,0.0,0.0,0.0
on a plate,on a white plate,0.8571428571428571,0.4,0.8571428571428571
pineapple,pineapple,1.0,0.0,1.0
white,white,1.0,0.0,1.0
kohlrabi,potato,0.0,0.0,0.0
arranged,random layered angled,0.0,0.0,0.0
brown,dark brown,0.6666666666666666,0.0,0.6666666666666666
on a plate,on a white dish,0.5714285714285715,0.4,0.5714285714285715
yellow,gray,0.0,0.0,0.0
noodles,noodles potatoes and onions,0.4,0.0,0.4
yellow,yellow,1.0,0.0,1.0
on the top,throughout the dish,0.3333333333333333,0.0,0.3333333333333333
golden-yellow,golden brown,0.5,0.0,0.5
baking,baking,1.0,0.0,1.0
sprinkling,cinnamon,0.0,0.0,0.0
noodles,egg noodles,0.6666666666666666,0.0,0.6666666666666666
brown,brown,1.0,0.0,1.0
brown,medium brown,0.6666666666666666,0.0,0.6666666666666666
lamb,roast,0.0,0.0,0.0
in the center,among the potatoes,0.3333333333333333,0.0,0.3333333333333333
reddish-brown,reddish-brown,1.0,1.0,1.0
stew,stew,1.0,0.0,1.0
fills,infuses solid ingredients,0.0,0.0,0.0
white,white,1.0,0.0,1.0
throughout the stew,center of the bowl,0.28571428571428575,0.0,0.28571428571428575
white,white,1.0,0.0,1.0
lamb,lamb shank,0.6666666666666666,0.0,0.6666666666666666
brown,brown,1.0,0.0,1.0
scattered around,left side of lamb,0.0,0.0,0.0
lamb,beef,0.0,0.0,0.0
gradient,dark brown hue,0.0,0.0,0.0
brown,dark brown,0.6666666666666666,0.0,0.6666666666666666
onions,onions,1.0,0.0,1.0
cooked,caramelized,0.0,0.0,0.0
orange,reddish-brown,0.0,0.0,0.0
lasagna,baked pasta,0.0,0.0,0.0
creamy,creamy and smooth,0.5,0.0,0.5
white,white,1.0,0.0,1.0
on the surface,on the right side,0.5714285714285715,0.4,0.5714285714285715
golden-brown,golden brown,1.0,1.0,1.0
lasagna,lasagna,1.0,0.0,1.0
black,black,1.0,0.0,1.0
on a black stovetop,metal baking dish,0.0,0.0,0.0
green,white,0.0,0.0,0.0
green,green,1.0,0.0,1.0
lasagna,taco salad,0.0,0.0,0.0
red,red,1.0,0.0,1.0
yellow,yellow-orange,0.6666666666666666,0.0,0.6666666666666666
on top of,on bed of lettuce,0.5714285714285715,0.0,0.5714285714285715
banana,mango,0.0,0.0,0.0
yellow,yellow,1.0,0.0,1.0
on the left,left side,0.4,0.0,0.4
green,green,1.0,0.0,1.0
clear,clear,1.0,0.0,1.0
yellow,yellow-orange,0.6666666666666666,0.0,0.6666666666666666
into the lassi,into the smoothie,0.6666666666666666,0.5,0.6666666666666666
green,green,1.0,0.0,1.0
transparent,clear,0.0,0.0,0.0
white,white,1.0,0.0,1.0
tan,light brown,0.0,0.0,0.0
on a plate,on a white plate,0.8571428571428571,0.4,0.8571428571428571
white,light beige,0.0,0.0,0.0
tan,light brown,0.0,0.0,0.0
on top of,on top of cream,0.8571428571428571,0.8,0.8571428571428571
strawberry,strawberry,1.0,0.0,1.0
white,white,1.0,0.0,1.0
latte,cappuccino,0.0,0.0,0.0
shaved chocolate,cinnamon or nutmeg,0.0,0.0,0.0
brown,light brown,0.6666666666666666,0.0,0.6666666666666666
on top of,on top of foam,0.8571428571428571,0.8,0.8571428571428571
yellow,pale yellow,0.6666666666666666,0.0,0.6666666666666666
in the center,in the crust,0.6666666666666666,0.5,0.6666666666666666
pie,lemon pie,0.6666666666666666,0.0,0.6666666666666666
triangular,triangular,1.0,0.0,1.0
on the top,on top of pie,0.5714285714285715,0.0,0.5714285714285715
lemon,lemon or orange,0.5,0.0,0.5
yellow,yellow,1.0,0.0,1.0
spoon,a spoon,0.6666666666666666,0.0,0.6666666666666666
yellow,yellow-orange,0.6666666666666666,0.0,0.6666666666666666
jars,glass jars,0.6666666666666666,0.0,0.6666666666666666
lemon curd,ghee,0.0,0.0,0.0
on the tray,right side of jar,0.0,0.0,0.0
tan,light yellow or beige,0.0,0.0,0.0
cookies,cookies,1.0,0.0,1.0
on a sheet,baking sheet,0.4,0.0,0.4
pink,pink,1.0,0.0,1.0
strawberry,strawberry,1.0,0.0,1.0
yellow,yellow,1.0,0.0,1.0
on the rim,on the rim,1.0,1.0,1.0
Lemonade,lemonade or iced tea,0.4,0.0,0.4
Lemonade,light-brown foamy liquid,0.0,0.0,0.0
yellow,light brown,0.0,0.0,0.0
brown,golden brown,0.6666666666666666,0.0,0.6666666666666666
brown,brown,1.0,0.0,1.0
lentils,soup,0.0,0.0,0.0
visible,yes they are,0.0,0.0,0.0
light brown,brown,0.6666666666666666,0.0,0.6666666666666666
dispersed,center of the image,0.0,0.0,0.0
yellowish-orange,orange,0.6666666666666666,0.0,0.6666666666666666
lentils,lentils,1.0,0.0,1.0
dispersed,throughout the bowl,0.0,0.0,0.0
green,green,1.0,0.0,1.0
dispersed,upper right portion,0.0,0.0,0.0
red,red,1.0,0.0,1.0
green,green,1.0,0.0,1.0
orange-brown,orange,0.6666666666666666,0.0,0.6666666666666666
on the left,left side of salad,0.28571428571428575,0.0,0.28571428571428575
to the right,above the lentil salad,0.28571428571428575,0.0,0.28571428571428575
grain,couscous,0.0,0.0,0.0
translucent,pale yellow,0.0,0.0,0.0
glass,clear transparent glass,0.5,0.0,0.5
whitish-yellow,no color description,0.0,0.0,0.0
on the rim,left side of glass,0.0,0.0,0.0
lime,lemon wedge,0.0,0.0,0.0
yellow,white,0.0,0.0,0.0
linguine,linguine,1.0,0.0,1.0
green,green,1.0,0.0,1.0
scattered,scattered across the surface,0.4,0.0,0.4
beige,light yellowish,0.0,0.0,0.0
pasta,pasta,1.0,0.0,1.0
brown,dark brown,0.6666666666666666,0.0,0.6666666666666666
green,green,1.0,0.0,1.0
on top of,center of the dish,0.28571428571428575,0.0,0.28571428571428575
white,white,1.0,0.0,1.0
golden-brown,golden brown,1.0,1.0,1.0
on a plate,on a white plate,0.8571428571428571,0.4,0.8571428571428571
blueberries,blueberries,1.0,0.0,1.0
wooden,wood,0.0,0.0,0.0
cheese,cheesy biscuit,0.0,0.0,0.0
yellow,light yellow,0.6666666666666666,0.0,0.6666666666666666
on the left,left side,0.4,0.0,0.4
yes,difficult to say,0.0,0.0,0.0
white,white,1.0,0.0,1.0
in the center,on a white tray,0.0,0.0,0.0
golden,golden brown,0.6666666666666666,0.0,0.6666666666666666
overlapping,overlapping each other,0.5,0.0,0.5
reddish-brown,golden brown,0.5,0.0,0.5
reddish-brown,brown,0.6666666666666666,0.0,0.6666666666666666
on the right side,upper right side,0.5714285714285715,0.4,0.5714285714285715
bowl,small white bowl,0.5,0.0,0.5
yellow,yellow-orange,0.6666666666666666,0.0,0.6666666666666666
covering,adhering to the macaroni,0.0,0.0,0.0
vibrant,savory breakfast skillet,0.0,0.0,0.0
skillet,red cast iron skillet,0.4,0.0,0.4
browned,reddish-brown,0.6666666666666666,0.0,0.6666666666666666
yellow,yellow,1.0,0.0,1.0
on top of,top left,0.4,0.0,0.4
green,green,1.0,0.0,1.0
in the center,on a blue surface,0.0,0.0,0.0
macaroni,macaroni,1.0,0.0,1.0
yellow,white,0.0,0.0,0.0
on the top,top of macaroni,0.3333333333333333,0.0,0.3333333333333333
yellow,yellow,1.0,0.0,1.0
macaroni,macaroni and cheese,0.5,0.0,0.5
clustered,loose irregular pattern,0.0,0.0,0.0
on the left side,left side,0.6666666666666666,0.5,0.6666666666666666
ginger,sweet and sour,0.0,0.0,0.0
Mahi Mahi,mahi mahi,1.0,1.0,1.0
brown,dark brown,0.6666666666666666,0.0,0.6666666666666666
in the bottom center,bottom left of plate,0.25,0.0,0.25
golden-brown,light brown,0.5,0.0,0.5
Mahi Mahi,mahi mahi,1.0,1.0,1.0
yellow,yellow,1.0,0.0,1.0
beans,green beans,0.6666666666666666,0.0,0.6666666666666666
white,white with brown,0.5,0.0,0.5
reddish-brown,dark brown,0.5,0.0,0.5
green,green,1.0,0.0,1.0
orange,light yellow,0.0,0.0,0.0
spinach,spinach,1.0,0.0,1.0
melted,melted and slightly browned,0.4,0.0,0.4
sticky,slightly sticky,0.6666666666666666,0.0,0.6666666666666666
yellow,yellow,1.0,0.0,1.0
arranged,fan shape,0.0,0.0,0.0
on top of,on top,0.8,0.6666666666666666,0.8
pink,pink-colored,0.6666666666666666,0.0,0.6666666666666666
Cadillac,margarita,0.0,0.0,0.0
white,white,1.0,0.0,1.0
on the surface,rim of the glass,0.28571428571428575,0.0,0.28571428571428575
green,green,1.0,0.0,1.0
yellowish-green,pale yellow,0.0,0.0,0.0
margaritas,margaritas,1.0,0.0,1.0
silver,silver or gray,0.5,0.0,0.5
yellow-green,pale yellow-green,0.8,0.6666666666666666,0.8
white,white,1.0,0.0,1.0
yellow,yellow,1.0,0.0,1.0
white,white,1.0,0.0,1.0
from the top,left side of glass,0.0,0.0,0.0
margaritas,margaritas,1.0,0.0,1.0
blue,blue-green,0.6666666666666666,0.0,0.6666666666666666
on the plate,on a blue plate,0.5714285714285715,0.0,0.5714285714285715
green,green,1.0,0.0,1.0
red,reddish-pink,0.0,0.0,0.0
blackberries,blackberry,1.0,0.0,1.0
on the wooden surface,wooden cutting board,0.28571428571428575,0.0,0.28571428571428575
green,green,1.0,0.0,1.0
marinade,brown liquid,0.0,0.0,0.0
surrounding,bottom of the image,0.0,0.0,0.0
chicken,fish,0.0,0.0,0.0
glossy,dark brown liquid,0.0,0.0,0.0
in the background,below the chicken pieces,0.28571428571428575,0.0,0.28571428571428575
viscous,bit thick,0.0,0.0,0.0
marinade,flavor and tenderize food,0.0,0.0,0.0
in the bowl,white ceramic bowl,0.3333333333333333,0.0,0.3333333333333333
in the center,center of the image,0.5714285714285715,0.0,0.28571428571428575
lemon,lemon,1.0,0.0,1.0
reddish-brown,light brown,0.5,0.0,0.5
coats,caramelized crust,0.0,0.0,0.0
skewers,skewers,1.0,0.0,1.0
white,white,1.0,0.0,1.0
reddish-brown,dark red or brown,0.3333333333333333,0.0,0.3333333333333333
chicken,chicken,1.0,0.0,1.0
on the upper chicken,on the chicken,0.8571428571428571,0.4,0.8571428571428571
amber,orange,0.0,0.0,0.0
marmalade,fruit preserve,0.0,0.0,0.0
amber,orange-brown,0.0,0.0,0.0
glass,glass,1.0,0.0,1.0
orange,dark orange,0.6666666666666666,0.0,0.6666666666666666
amber,orange-brown hue,0.0,0.0,0.0
marmalade,homemade jam or jelly,0.0,0.0,0.0
striped,yellow and white striped,0.4,0.0,0.4
to its left,in front of,0.0,0.0,0.0
brown,white,0.0,0.0,0.0
coated,shredded coconut,0.0,0.0,0.0
three,three,1.0,0.0,1.0
on the left,front left,0.4,0.0,0.4
coconut,shredded coconut,0.6666666666666666,0.0,0.6666666666666666
marshmallows,homemade marshmallows,0.6666666666666666,0.0,0.6666666666666666
light pink,pink,0.6666666666666666,0.0,0.6666666666666666
on a small plate,on a white plate,0.75,0.3333333333333333,0.75
bottom,front on the left,0.0,0.0,0.0
vibrant,vibrant pink color,0.5,0.0,0.5
watermelon,watermelon and lime,0.5,0.0,0.5
pink,red,0.0,0.0,0.0
on the top,left side of glass,0.0,0.0,0.0
green,green,1.0,0.0,1.0
red,deep red,0.6666666666666666,0.0,0.6666666666666666
stemmed,martini glasses,0.0,0.0,0.0
brown,reddish-pink,0.0,0.0,0.0
on top of,at the bottom,0.0,0.0,0.0
reddish-purple,red,0.0,0.0,0.0
martini,cocktail,0.0,0.0,0.0
red,red,1.0,0.0,1.0
with two bright red cherries,two cherries,0.5714285714285715,0.0,0.5714285714285715
agave,ancho huyaco sauce,0.0,0.0,0.0
pistachio,almonds,0.0,0.0,0.0
green,green,1.0,0.0,1.0
cylindrical,cylindrical,1.0,0.0,1.0
rectangular bar,rectangle,0.0,0.0,0.0
on the left side,on a green board,0.25,0.0,0.25
white,white,1.0,0.0,1.0
orange,orange,1.0,0.0,1.0
carrots,carrots,1.0,0.0,1.0
in a bowl,in a white bowl,0.8571428571428571,0.4,0.8571428571428571
crispy,crispy and golden brown,0.4,0.0,0.4
chicken,roasted chicken,0.6666666666666666,0.0,0.6666666666666666
white,white,1.0,0.0,1.0
yellow,yellow,1.0,0.0,1.0
on a plate,on a plate,1.0,1.0,1.0
mayo,butter,0.0,0.0,0.0
smooth,smooth and creamy,0.5,0.0,0.5
gray,no pan visible,0.0,0.0,0.0
in the upper left corner,i cannot answer that,0.0,0.0,0.0
bowl,small white bowl,0.5,0.0,0.5
orange,light orange,0.6666666666666666,0.0,0.6666666666666666
basil,basil,1.0,0.0,1.0
on a light-colored surface,on a tablecloth,0.5,0.3333333333333333,0.5
light green,green,0.6666666666666666,0.0,0.6666666666666666
fills,garnishing the bowl,0.0,0.0,0.0
bowl,glass container,0.0,0.0,0.0
leaves,green leaf,0.0,0.0,0.0
to the right of,right of the bowl,0.75,0.3333333333333333,0.5
yellow,yellow,1.0,0.0,1.0
meatballs,meat,0.0,0.0,0.0
on top,middle of the dish,0.0,0.0,0.0
green,light green,0.6666666666666666,0.0,0.6666666666666666
orange-brown,beige,0.0,0.0,0.0
tomato sauce,tomato-based sauce,0.8,0.0,0.8
covers,flavor enhancement,0.0,0.0,0.0
green,green,1.0,0.0,1.0
sweet,barbecue sauce,0.0,0.0,0.0
meatballs,meatballs,1.0,0.0,1.0
brownish-red,light brown,0.0,0.0,0.0
in the center,in a white bowl,0.28571428571428575,0.0,0.28571428571428575
bowl,white bowl,0.6666666666666666,0.0,0.6666666666666666
creamy,thick and creamy,0.5,0.0,0.5
meatballs,meatballs,1.0,0.0,1.0
orange,light orange,0.6666666666666666,0.0,0.6666666666666666
underneath,on the bottom,0.0,0.0,0.0
green,green,1.0,0.0,1.0
brown,dark brown,0.6666666666666666,0.0,0.6666666666666666
salad,salad and a biscuit,0.4,0.0,0.4
sliced,raw,0.0,0.0,0.0
is in,left side of image,0.0,0.0,0.0
golden,golden brown,0.6666666666666666,0.0,0.6666666666666666
meatloaf,meatloaf,1.0,0.0,1.0
light-brown,brown,0.6666666666666666,0.0,0.6666666666666666
reddish-brown,dark brown,0.5,0.0,0.5
towards the right side,center of the plate,0.25,0.0,0.25
dark,dark brown,0.6666666666666666,0.0,0.6666666666666666
meatloaf,meatloaf,1.0,0.0,1.0
white,white,1.0,0.0,1.0
with sprigs,thyme,0.0,0.0,0.0
bright,green,0.0,0.0,0.0
broccoli,broccoli,1.0,0.0,1.0
red,dark pink,0.0,0.0,0.0
browned,golden brown,0.6666666666666666,0.0,0.6666666666666666
across the image,evenly distributed across image,0.5714285714285715,0.0,0.5714285714285715
yellow,white,0.0,0.0,0.0
smoothie,frozen cocktail,0.0,0.0,0.0
glass,clear glass,0.6666666666666666,0.0,0.6666666666666666
white,orange,0.0,0.0,0.0
near to,bottom of the image,0.0,0.0,0.0
clear,beige,0.0,0.0,0.0
pitcher,glass pitcher,0.6666666666666666,0.0,0.6666666666666666
beige,light beige,0.6666666666666666,0.0,0.6666666666666666
in the center-left,on a wooden table,0.0,0.0,0.0
pink,pink,1.0,0.0,1.0
milkshakes,milkshakes,1.0,0.0,1.0
topped,on top,0.6666666666666666,0.0,0.6666666666666666
red,red,1.0,0.0,1.0
on each milkshake,on top,0.4,0.0,0.4
chocolate,chocolate,1.0,0.0,1.0
brown,off-white,0.0,0.0,0.0
on top,on top of cheesecake,0.6666666666666666,0.5,0.6666666666666666
clear,clear with lemon and lime,0.33333333333333337,0.0,0.33333333333333337
pitcher,glass pitcher,0.6666666666666666,0.0,0.6666666666666666
yellow,yellow and green,0.5,0.0,0.5
on a wooden board,cutting board,0.3333333333333333,0.0,0.3333333333333333
yellowish,light yellow,0.0,0.0,0.0
tofu,tofu,1.0,0.0,1.0
scattered across,decorative manner,0.0,0.0,0.0
blue,white,0.0,0.0,0.0
reddish-brown,dark reddish-brown,0.8,0.6666666666666666,0.8
jar,small glass bottle,0.0,0.0,0.0
viscous,thick smooth and creamy,0.0,0.0,0.0
on the top,on top of sauce,0.5714285714285715,0.0,0.5714285714285715
tomatoes,two tomatoes,0.6666666666666666,0.0,0.6666666666666666
bowl,glass bowl,0.6666666666666666,0.0,0.6666666666666666
mixed,layered pattern,0.0,0.0,0.0
brown,light orange,0.0,0.0,0.0
orange,orange,1.0,0.0,1.0
in a clear glass bowl,in a clear bowl,0.888888888888889,0.5714285714285715,0.888888888888889
brown,medium brown,0.6666666666666666,0.0,0.6666666666666666
bowl,wooden bowl,0.6666666666666666,0.0,0.6666666666666666
candies,candy corn,0.6666666666666666,0.0,0.6666666666666666
golden-brown,gold,0.0,0.0,0.0
blue,blue and white,0.5,0.0,0.5
wooden,wood,0.0,0.0,0.0
pretzels,pretzels and crackers,0.5,0.0,0.5
orange,orange,1.0,0.0,1.0
on the left,in the background,0.3333333333333333,0.0,0.3333333333333333
beige,light golden brown,0.0,0.0,0.0
brown,light brown,0.6666666666666666,0.0,0.6666666666666666
towards the bottom,bottom left corner,0.3333333333333333,0.0,0.3333333333333333
brown,light brown,0.6666666666666666,0.0,0.6666666666666666
jar,glass jar,0.6666666666666666,0.0,0.6666666666666666
filled,powdered state,0.0,0.0,0.0
white,white and dark brown,0.4,0.0,0.4
to the left of,on a countertop,0.0,0.0,0.0
brown,brown,1.0,0.0,1.0
foamy,smooth and creamy,0.0,0.0,0.0
with whipped cream,whipped cream,0.8,0.6666666666666666,0.8
scattered,on top of cream,0.0,0.0,0.0
yellow-green,pale yellow-green,0.8,0.6666666666666666,0.8
mojito,mojito,1.0,0.0,1.0
green,green,1.0,0.0,1.0
by the Pitcher,in a pitcher,0.3333333333333333,0.0,0.3333333333333333
fresh,vibrant green,0.0,0.0,0.0
green,green,1.0,0.0,1.0
mojito,cocktails and mocktails,0.0,0.0,0.0
yellow,green,0.0,0.0,0.0
strawberry,strawberry,1.0,0.0,1.0
transparent,clear,0.0,0.0,0.0
mousse,mousse,1.0,0.0,1.0
brown,brown,1.0,0.0,1.0
creamy,light airy and creamy,0.4,0.0,0.4
on a silver tray,in small glasses,0.0,0.0,0.0
golden-yellow,light yellow,0.5,0.0,0.5
muffins,muffins,1.0,0.0,1.0
obscuring,pressing down,0.0,0.0,0.0
blue,blue,1.0,0.0,1.0
beverage,lemon-flavored liqueur,0.0,0.0,0.0
fill,clear liquid,0.0,0.0,0.0
white,white,1.0,0.0,1.0
on top of,on top of drink,0.8571428571428571,0.8,0.8571428571428571
copper,copper,1.0,0.0,1.0
mug,copper mug,0.6666666666666666,0.0,0.6666666666666666
green,green,1.0,0.0,1.0
yellow,no candied ginger,0.0,0.0,0.0
on the wooden surface,on the rim,0.5714285714285715,0.4,0.5714285714285715
brown,light brown,0.6666666666666666,0.0,0.6666666666666666
mushrooms,sautéed mushrooms,0.5,0.0,0.5
glossy,dark brown,0.0,0.0,0.0
green,green,1.0,0.0,1.0
in a pile,in a pile,1.0,1.0,1.0
yellow,yellow,1.0,0.0,1.0
eggs,eggs,1.0,0.0,1.0
mushroom,mushrooms,1.0,0.0,1.0
brown,brown and white,0.5,0.0,0.5
chicken,chicken,1.0,0.0,1.0
brown,light yellow,0.0,0.0,0.0
on the right,right side of bowl,0.28571428571428575,0.0,0.28571428571428575
herbs,parsley,0.0,0.0,0.0
creamy,soft slightly tender,0.0,0.0,0.0
mushrooms,mushrooms,1.0,0.0,1.0
black,black,1.0,0.0,1.0
from the pan,on a stovetop,0.0,0.0,0.0
brown,black,0.0,0.0,0.0
yellow,light cream,0.0,0.0,0.0
enoki mushrooms,enoki mushrooms,1.0,1.0,1.0
tangled,long thin and delicate,0.0,0.0,0.0
strands,long thin and delicate,0.0,0.0,0.0
immersed,cooked and open,0.0,0.0,0.0
mussels,black mussels,0.6666666666666666,0.0,0.6666666666666666
orange-red,reddish-orange,0.5,0.0,0.5
brownish-red,not clear,0.0,0.0,0.0
on the left,bottom left-hand corner,0.28571428571428575,0.0,0.28571428571428575
yellow-orange,yellow-orange,1.0,1.0,1.0
pouring,being spooned into jar,0.0,0.0,0.0
jar,glass jar,0.6666666666666666,0.0,0.6666666666666666
wooden,wood,0.0,0.0,0.0
above the jar,over a glass jar,0.28571428571428575,0.0,0.28571428571428575
glass,glass,1.0,0.0,1.0
wooden,wood,0.0,0.0,0.0
mustard,butter,0.0,0.0,0.0
to the right,right of the spreader,0.5714285714285715,0.0,0.28571428571428575
Dijon,honey or whole-grain,0.0,0.0,0.0
tan,light brown or beige,0.0,0.0,0.0
lined up,staggered formation,0.0,0.0,0.0
jars,mason jars,0.6666666666666666,0.0,0.6666666666666666
creamy,smooth and creamy,0.5,0.0,0.5
nachos,tortilla chips,0.0,0.0,0.0
light-orange,yellow-orange,0.5,0.0,0.5
on top of,on top of nachos,0.8571428571428571,0.8,0.8571428571428571
bowl,glass bowl,0.6666666666666666,0.0,0.6666666666666666
potato,french fries,0.0,0.0,0.0
white,white,1.0,0.0,1.0
golden-brown,golden brown,1.0,1.0,1.0
cheese,cheese,1.0,0.0,1.0
on a plate,on a white plate,0.8571428571428571,0.4,0.8571428571428571
chocolate,chocolate and whipped cream,0.4,0.0,0.4
nachos,pita bread,0.0,0.0,0.0
brown,brown,1.0,0.0,1.0
white,white,1.0,0.0,1.0
on top of,center of the plate,0.28571428571428575,0.0,0.28571428571428575
smooth,smooth and creamy,0.5,0.0,0.5
glass,a glass,0.6666666666666666,0.0,0.6666666666666666
pink,vibrant pink,0.6666666666666666,0.0,0.6666666666666666
refresher,smoothie,0.0,0.0,0.0
soup,soup,1.0,0.0,1.0
green,green,1.0,0.0,1.0
chicken,chicken,1.0,0.0,1.0
on the lower-right,right side,0.3333333333333333,0.0,0.3333333333333333
light blue,blue,0.6666666666666666,0.0,0.6666666666666666
bowl,pasta,0.0,0.0,0.0
fill,approximately seventy-five percent,0.0,0.0,0.0
yellow,yellow,1.0,0.0,1.0
in the center,center of the image,0.5714285714285715,0.0,0.28571428571428575
crunchy,crispy and tender,0.0,0.0,0.0
nuggets,chicken nuggets,0.6666666666666666,0.0,0.6666666666666666
white,white,1.0,0.0,1.0
on the right side,right side of plate,0.5,0.3333333333333333,0.5
red,red,1.0,0.0,1.0
corn nuts,chocolate covered peanuts,0.0,0.0,0.0
brown,dark brown,0.6666666666666666,0.0,0.6666666666666666
on the napkin,center of the napkin,0.5714285714285715,0.4,0.5714285714285715
golden-brown,light tan,0.0,0.0,0.0
oatmeal,coconut cream pie,0.0,0.0,0.0
filling,coconut and custard,0.0,0.0,0.0
white,white,1.0,0.0,1.0
on a white surface,on a white countertop,0.75,0.6666666666666666,0.75
beige,light tan,0.0,0.0,0.0
fill,contain oatmeal,0.0,0.0,0.0
blueberries,blueberries,1.0,0.0,1.0
red,red,1.0,0.0,1.0
on top,center of the bowl,0.0,0.0,0.0
black,black,1.0,0.0,1.0
rice,rice,1.0,0.0,1.0
green,green,1.0,0.0,1.0
okra,okra,1.0,0.0,1.0
in a black cooking pot,a wok,0.28571428571428575,0.0,0.28571428571428575
beige,white,0.0,0.0,0.0
chicken,chicken breast,0.6666666666666666,0.0,0.6666666666666666
green,green and red,0.5,0.0,0.5
on top,on top of chicken,0.6666666666666666,0.5,0.6666666666666666
tomatoes,tomatoes,1.0,0.0,1.0
golden,green,0.0,0.0,0.0
olives,fried olives,0.6666666666666666,0.0,0.6666666666666666
cut,cut in half,0.5,0.0,0.5
on the bottom,bottom left,0.4,0.0,0.4
green,light brown or tan,0.0,0.0,0.0
wooden,bamboo,0.0,0.0,0.0
bread,crusty loaf,0.0,0.0,0.0
black,black or dark brown,0.4,0.0,0.4
golden-brown,light brown,0.5,0.0,0.5
on a wooden cutting board,on a wooden board,0.888888888888889,0.5714285714285715,0.888888888888889
visible,yes,0.0,0.0,0.0
olives,pickled vegetables,0.0,0.0,0.0
glass,glass,1.0,0.0,1.0
white,white,1.0,0.0,1.0
yellow,yellow,1.0,0.0,1.0
spilling out of,bulge outwards,0.0,0.0,0.0
bacon,bacon,1.0,0.0,1.0
mixed,no onions,0.0,0.0,0.0
located on the left side,not in the image,0.22222222222222224,0.0,0.22222222222222224
omelette,egg white,0.0,0.0,0.0
scattered,throughout the dish,0.0,0.0,0.0
red,red,1.0,0.0,1.0
caramelized,dark brown,0.0,0.0,0.0
melted,melted and slightly browned,0.4,0.0,0.4
onions,cheese,0.0,0.0,0.0
brown,no onions,0.0,0.0,0.0
cheese,cheese,1.0,0.0,1.0
towards the bottom,top layer of dish,0.0,0.0,0.0
reddish-brown,red,0.0,0.0,0.0
nestled,pointing to the left,0.0,0.0,0.0
orange,golden brown,0.0,0.0,0.0
to the left of,left of the hotdog,0.75,0.3333333333333333,0.5
orange,orange-yellow,0.6666666666666666,0.0,0.6666666666666666
plate,a plate,0.6666666666666666,0.0,0.6666666666666666
vibrant,vibrant orange hue,0.5,0.0,0.5
thick,creamy and frothy,0.0,0.0,0.0
drink,slushy frozen drink,0.5,0.0,0.5
garnished,add a touch of freshness,0.0,0.0,0.0
green,green,1.0,0.0,1.0
at the bottom,bottom left corner,0.3333333333333333,0.0,0.3333333333333333
pink,strawberry,0.0,0.0,0.0
Oreo,yes,0.0,0.0,0.0
sprinkled,no,0.0,0.0,0.0
on top surface,top of the dessert,0.28571428571428575,0.0,0.28571428571428575
circular,not in the image,0.0,0.0,0.0
crust,top portion,0.0,0.0,0.0
star-shaped,starfish,0.0,0.0,0.0
oysters,oysters,1.0,0.0,1.0
green,green,1.0,0.0,1.0
on a star-shaped plate,on a starfish plate,0.6666666666666665,0.28571428571428575,0.6666666666666665
white,white,1.0,0.0,1.0
oysters,oysters,1.0,0.0,1.0
yellow,yellow,1.0,0.0,1.0
reddish-brown,reddish-brown,1.0,1.0,1.0
white,white,1.0,0.0,1.0
yellow,yellow,1.0,0.0,1.0
scattered,on top of rice,0.0,0.0,0.0
shrimp,mussels,0.0,0.0,0.0
in a bowl,middle of the dish,0.0,0.0,0.0
chicken,chicken,1.0,0.0,1.0
scattered,scattered throughout the paella,0.4,0.0,0.4
orange-brown,not visible,0.0,0.0,0.0
shrimp,shrimp,1.0,0.0,1.0
green,green,1.0,0.0,1.0
pancake,flatbread,0.0,0.0,0.0
white,white,1.0,0.0,1.0
golden brown,brown,0.6666666666666666,0.0,0.6666666666666666
on the left side,left side of plate,0.5,0.3333333333333333,0.5
salty,sweet and indulgent,0.0,0.0,0.0
pancakes,crepes,0.0,0.0,0.0
cooking,traditional method,0.0,0.0,0.0
yellow,light brown,0.0,0.0,0.0
golden yellow,yellow,0.6666666666666666,0.0,0.6666666666666666
paneer,paneer,1.0,0.0,1.0
reddish-brown,dark brown,0.5,0.0,0.5
on top,on top of dish,0.6666666666666666,0.5,0.6666666666666666
vibrant,vibrant green color,0.5,0.0,0.5
green,green,1.0,0.0,1.0
bowl,round bowl,0.6666666666666666,0.0,0.6666666666666666
blue,blue,1.0,0.0,1.0
scattered,throughout the palak paneer,0.0,0.0,0.0
on top,on top of soup,0.6666666666666666,0.5,0.6666666666666666
cranberry,cherries,0.0,0.0,0.0
glass,glass,1.0,0.0,1.0
red,red,1.0,0.0,1.0
on a table,on a dark table,0.8571428571428571,0.4,0.8571428571428571
white,white,1.0,0.0,1.0
parfaits,a parfait,0.6666666666666666,0.0,0.6666666666666666
red,red,1.0,0.0,1.0
on top,on top of yogurt,0.6666666666666666,0.5,0.6666666666666666
orange,orange slice,0.6666666666666666,0.0,0.6666666666666666
yellow,yellowish,0.0,0.0,0.0
fills,appears to be thick,0.0,0.0,0.0
vegetable,potato or corn-based,0.0,0.0,0.0
white,white,1.0,0.0,1.0
in the center,center of the bowl,0.5714285714285715,0.0,0.28571428571428575
round,circular,0.0,0.0,0.0
parsnips,potato,0.0,0.0,0.0
beige,light yellow,0.0,0.0,0.0
smooth,smooth and creamy,0.5,0.0,0.5
chicken,chicken,1.0,0.0,1.0
reddish-orange,deep red,0.0,0.0,0.0
pasta,fusilli,0.0,0.0,0.0
scattered amidst,middle of the dish,0.0,0.0,0.0
diced,small to medium,0.0,0.0,0.0
orange,orange,1.0,0.0,1.0
pasta,pasta,1.0,0.0,1.0
melted,melted,1.0,0.0,1.0
brownish-tan,golden orange,0.0,0.0,0.0
beige,light yellow,0.0,0.0,0.0
pasta,penne,0.0,0.0,0.0
shrimp,shrimp,1.0,0.0,1.0
green,green,1.0,0.0,1.0
over the shrimp,on top of shrimp,0.28571428571428575,0.0,0.28571428571428575
scattered,evenly throughout the pasta,0.0,0.0,0.0
pasta,spaghetti,0.0,0.0,0.0
yellow,yellow,1.0,0.0,1.0
on top,on top of pasta,0.6666666666666666,0.5,0.6666666666666666
dish,pasta,0.0,0.0,0.0
red,red,1.0,0.0,1.0
scattered,scattered throughout the pasta,0.4,0.0,0.4
eggplant,mushrooms and tomatoes,0.0,0.0,0.0
golden-yellow,yellowish-brown,0.0,0.0,0.0
bowls,in the bowl,0.5,0.0,0.5
with a brown wooden handle,brown,0.33333333333333337,0.0,0.33333333333333337
white,white,1.0,0.0,1.0
yellow,yellow,1.0,0.0,1.0
blueberries,blueberries,1.0,0.0,1.0
nestled among,center of the dessert,0.0,0.0,0.0
pavlova,pavlova,1.0,0.0,1.0
greenish-yellow,yellow,0.6666666666666666,0.0,0.6666666666666666
soup,soup,1.0,0.0,1.0
white,white,1.0,0.0,1.0
submerged,in the soup,0.0,0.0,0.0
peas,green peas,0.6666666666666666,0.0,0.6666666666666666
bowl,center of the bowl,0.4,0.0,0.4
Italian,european or american,0.0,0.0,0.0
on the right side,upper right-hand portion,0.25,0.0,0.25
vibrant,orange-yellow,0.0,0.0,0.0
holding,scooping up peach slices,0.0,0.0,0.0
white,light green,0.0,0.0,0.0
in the center,bottom left corner,0.0,0.0,0.0
yellow-orange,yellow-orange,1.0,1.0,1.0
glasses,champagne flutes,0.0,0.0,0.0
wooden,wood,0.0,0.0,0.0
on the rim,on the rim,1.0,1.0,1.0
reddish-yellow,yellow,0.6666666666666666,0.0,0.6666666666666666
margaritas,frozen margarita,0.6666666666666666,0.0,0.6666666666666666
served,salt-rimmed glass,0.0,0.0,0.0
bright,yellow-orange,0.0,0.0,0.0
glasses,margarita glasses,0.6666666666666666,0.0,0.6666666666666666
in the center,top half,0.0,0.0,0.0
tea,peach smoothies,0.0,0.0,0.0
drinking,enjoying a refreshing glass,0.0,0.0,0.0
peach,peach smoothie,0.6666666666666666,0.0,0.6666666666666666
yellow,yellow and white,0.5,0.0,0.5
to the right,behind the first glass,0.28571428571428575,0.0,0.28571428571428575
peachy-orange,reddish-orange,0.5,0.0,0.5
pitcher,glass pitcher,0.6666666666666666,0.0,0.6666666666666666
red,red,1.0,0.0,1.0
on the left,left side,0.4,0.0,0.4
dark,brown,0.0,0.0,0.0
peanut butter,peanut butter,1.0,1.0,1.0
golden brown,light golden brown,0.8,0.6666666666666666,0.8
on the lower right,lower right corner,0.5714285714285715,0.4,0.5714285714285715
cookie,peanut butter cups,0.0,0.0,0.0
light brown,brown,0.6666666666666666,0.0,0.6666666666666666
ice cream,caramel or fudge,0.0,0.0,0.0
smooth,thick and smooth,0.5,0.0,0.5
near the top,top left corner,0.3333333333333333,0.0,0.3333333333333333
yellow,white,0.0,0.0,0.0
muffins,muffins,1.0,0.0,1.0
perfect,golden brown,0.0,0.0,0.0
white,white,1.0,0.0,1.0
on the plate,on a white plate,0.5714285714285715,0.0,0.5714285714285715
red,deep red,0.6666666666666666,0.0,0.6666666666666666
in the left side,left side,0.6666666666666666,0.5,0.6666666666666666
brown,light brown,0.6666666666666666,0.0,0.6666666666666666
pecan,pecans,1.0,0.0,1.0
white,white,1.0,0.0,1.0
on top,on top of dessert,0.6666666666666666,0.5,0.6666666666666666
reddish-brown,brown,0.6666666666666666,0.0,0.6666666666666666
tan,light yellow,0.0,0.0,0.0
overlapping,one on top,0.0,0.0,0.0
brown,light brown,0.6666666666666666,0.0,0.6666666666666666
on the cracker,on top of crackers,0.5714285714285715,0.0,0.5714285714285715
appetizer,topping for crackers,0.0,0.0,0.0
penne,penne,1.0,0.0,1.0
distributed,circular pattern,0.0,0.0,0.0
red,not in the image,0.0,0.0,0.0
cilantro,parsley,0.0,0.0,0.0
on top of,top of the pasta,0.5714285714285715,0.4,0.5714285714285715
penne,penne,1.0,0.0,1.0
red-orange,red,0.6666666666666666,0.0,0.6666666666666666
sauteed,sliced and sautéed,0.0,0.0,0.0
peppers,vegetables and meat,0.0,0.0,0.0
green,green,1.0,0.0,1.0
peppers,pepper,1.0,0.0,1.0
scattered across,white plate,0.0,0.0,0.0
glistening,dark green and charred,0.0,0.0,0.0
white,white,1.0,0.0,1.0
pesto,pesto or chimichurri,0.5,0.0,0.5
container,white container,0.6666666666666666,0.0,0.6666666666666666
vibrant,emerald-like hue,0.0,0.0,0.0
textured,thick and coarse paste,0.0,0.0,0.0
pesto,basil pesto,0.6666666666666666,0.0,0.6666666666666666
fills,green nutty pesto,0.0,0.0,0.0
white,white,1.0,0.0,1.0
on top of,top of pesto sauce,0.5714285714285715,0.4,0.5714285714285715
chicken,chicken,1.0,0.0,1.0
falling onto,on the chicken breast,0.0,0.0,0.0
green,green,1.0,0.0,1.0
scattered,stacked on top,0.0,0.0,0.0
pickles,sliced yellow squash,0.0,0.0,0.0
glass,mason glass,0.6666666666666666,0.0,0.6666666666666666
full,full,1.0,0.0,1.0
yellow,yellow,1.0,0.0,1.0
sliced,thin rounds,0.0,0.0,0.0
yellowish-green,yellow,0.0,0.0,0.0
pickles,dill pickles,0.6666666666666666,0.0,0.6666666666666666
on the left side,left of white dish,0.25,0.0,0.25
white,white,1.0,0.0,1.0
clear,clear,1.0,0.0,1.0
pickles,pickles,1.0,0.0,1.0
green,green,1.0,0.0,1.0
in a jar,in a glass jar,0.8571428571428571,0.4,0.8571428571428571
melted,slightly melted and browned,0.4,0.0,0.4
pie,pie,1.0,0.0,1.0
tan,light brown,0.0,0.0,0.0
silver,silver,1.0,0.0,1.0
apricot,no indication,0.0,0.0,0.0
golden-brown,golden brown,1.0,1.0,1.0
pies,fried apple pies,0.5,0.0,0.5
uneven,crispy and flaky,0.0,0.0,0.0
pie,fruit pie,0.6666666666666666,0.0,0.6666666666666666
white,white,1.0,0.0,1.0
green plate,green,0.6666666666666666,0.0,0.6666666666666666
yellow,pale yellow,0.6666666666666666,0.0,0.6666666666666666
pierogi,pierogi,1.0,0.0,1.0
on the plate,on a plate,0.6666666666666666,0.0,0.6666666666666666
center,center of the plate,0.4,0.0,0.4
white,white,1.0,0.0,1.0
pinkish-red,red,0.6666666666666666,0.0,0.6666666666666666
on a plate,white plate,0.4,0.0,0.4
rice,rice,1.0,0.0,1.0
inside the bowl,in a bowl,0.3333333333333333,0.0,0.3333333333333333
yellow,yellow,1.0,0.0,1.0
scattered,circular pattern,0.0,0.0,0.0
rice,rice,1.0,0.0,1.0
red,red and green,0.5,0.0,0.5
on the left,left side,0.4,0.0,0.4
large,large,1.0,0.0,1.0
to the lower left,on the countertop,0.28571428571428575,0.0,0.28571428571428575
chocolate,chocolate flavored,0.6666666666666666,0.0,0.6666666666666666
brown,deep brown,0.6666666666666666,0.0,0.6666666666666666
on the left,center of the image,0.28571428571428575,0.0,0.28571428571428575
hot,warm and inviting,0.0,0.0,0.0
brown,dark brown,0.6666666666666666,0.0,0.6666666666666666
on top,top of the pinwheels,0.3333333333333333,0.0,0.3333333333333333
bread,pita bread,0.6666666666666666,0.0,0.6666666666666666
brown,light brown,0.6666666666666666,0.0,0.6666666666666666
on the plate,on the plate,1.0,1.0,1.0
crumbs,shredded cheese,0.0,0.0,0.0
white,white,1.0,0.0,1.0
bread,naan,0.0,0.0,0.0
red,red,1.0,0.0,1.0
tan,light golden brown,0.0,0.0,0.0
on a white plate,on a white plate,1.0,1.0,1.0
arranged,circular pattern,0.0,0.0,0.0
pear,a pear,0.6666666666666666,0.0,0.6666666666666666
on top of,circular pattern,0.0,0.0,0.0
silver,silver,1.0,0.0,1.0
pizza,pizza,1.0,0.0,1.0
red,red,1.0,0.0,1.0
beige,white,0.0,0.0,0.0
on a round,circular,0.0,0.0,0.0
golden-brown,light yellow,0.0,0.0,0.0
on the left,upper left,0.4,0.0,0.4
plum bread,muffins,0.0,0.0,0.0
white,white,1.0,0.0,1.0
tan,brown,0.0,0.0,0.0
cracked,crumbly and slightly cracked,0.4,0.0,0.4
on a plate,on dark-colored countertop,0.28571428571428575,0.0,0.28571428571428575
pink,red,0.0,0.0,0.0
plate,white plate,0.6666666666666666,0.0,0.6666666666666666
red,red,1.0,0.0,1.0
parsley,parsley,1.0,0.0,1.0
polenta,polenta,1.0,0.0,1.0
yellow,pale yellow,0.6666666666666666,0.0,0.6666666666666666
green,green,1.0,0.0,1.0
polenta,mashed potato dish,0.0,0.0,0.0
in the lower center,lower left,0.3333333333333333,0.0,0.3333333333333333
roasted,cooked and finely chopped,0.0,0.0,0.0
beige,white with dark flecks,0.0,0.0,0.0
chicken,no meat,0.0,0.0,0.0
yellow,pale yellow,0.6666666666666666,0.0,0.6666666666666666
cream,yellow,0.0,0.0,0.0
yellow,yellow-orange,0.6666666666666666,0.0,0.6666666666666666
rice,rice,1.0,0.0,1.0
brown,brown,1.0,0.0,1.0
in light yellow,yellow,0.5,0.0,0.5
interspersed,throughout the rice,0.0,0.0,0.0
rice,rice,1.0,0.0,1.0
red,red,1.0,0.0,1.0
green,green,1.0,0.0,1.0
above the rice,above the rice,1.0,1.0,1.0
pink,pink,1.0,0.0,1.0
cake,cake pop,0.6666666666666666,0.0,0.6666666666666666
colorful,small round and colorful,0.4,0.0,0.4
on a light brown surface,on a wooden table,0.4444444444444445,0.28571428571428575,0.4444444444444445
brown,light brown,0.6666666666666666,0.0,0.6666666666666666
ice pops,popsicles,0.0,0.0,0.0
white,white,1.0,0.0,1.0
on a white plate,on a white plate,1.0,1.0,1.0
blurred,out of focus,0.0,0.0,0.0
brown,brown,1.0,0.0,1.0
cookies,gingerbread cookies,0.6666666666666666,0.0,0.6666666666666666
on a metal baking sheet,on a baking sheet,0.888888888888889,0.5714285714285715,0.888888888888889
shiny,golden brown,0.0,0.0,0.0
rice,brown,0.0,0.0,0.0
brown,light brown,0.6666666666666666,0.0,0.6666666666666666
stacked on,neat and organized,0.0,0.0,0.0
pink,light pink,0.6666666666666666,0.0,0.6666666666666666
bowl,pink bowl,0.6666666666666666,0.0,0.6666666666666666
brown,light brown,0.6666666666666666,0.0,0.6666666666666666
almonds,almonds,1.0,0.0,1.0
jar,glass jar,0.6666666666666666,0.0,0.6666666666666666
on the same surface,on the cutting board,0.5,0.3333333333333333,0.5
orange,light brown,0.0,0.0,0.0
on the bottom center,wooden surface,0.0,0.0,0.0
green,green,1.0,0.0,1.0
vibrant,orange,0.0,0.0,0.0
sweet potatoes,sweet potato,1.0,1.0,1.0
orange,orange,1.0,0.0,1.0
within the bowl,in a glass bowl,0.28571428571428575,0.0,0.28571428571428575
brown,reddish-brown,0.6666666666666666,0.0,0.6666666666666666
apples,peach,0.0,0.0,0.0
white,white,1.0,0.0,1.0
yellow,orange,0.0,0.0,0.0
in a bowl,in a bowl,1.0,1.0,1.0
applesauce,dark blue bowl,0.0,0.0,0.0
blue,blue,1.0,0.0,1.0
red,red,1.0,0.0,1.0
on a surface,on a flat surface,0.8571428571428571,0.4,0.8571428571428571
applesauce,light golden brown,0.0,0.0,0.0
golden-brown,light brown,0.5,0.0,0.5
scooped,scooping apple sauce,0.5,0.0,0.5
white,white,1.0,0.0,1.0
in the bowl,in the bowl,1.0,1.0,1.0
golden-amber,orange,0.0,0.0,0.0
jar,glass jar,0.6666666666666666,0.0,0.6666666666666666
yellow,yellow,1.0,0.0,1.0
on the table,on a wooden table,0.5714285714285715,0.0,0.5714285714285715
white,light brown,0.0,0.0,0.0
meat,ground beef,0.0,0.0,0.0
carrots,diced potato,0.0,0.0,0.0
fried,fried,1.0,0.0,1.0
on the plate,lower-left portion,0.0,0.0,0.0
adjacent,right side,0.0,0.0,0.0
green,light green,0.6666666666666666,0.0,0.6666666666666666
artichoke,artichoke hearts,0.6666666666666666,0.0,0.6666666666666666
white,white,1.0,0.0,1.0
to the right,top-right corner,0.3333333333333333,0.0,0.3333333333333333
green,green,1.0,0.0,1.0
asparagus,asparagus,1.0,0.0,1.0
arranged,loose pile,0.0,0.0,0.0
green,green,1.0,0.0,1.0
asparagus,asparagus,1.0,0.0,1.0
upwards,to the left,0.0,0.0,0.0
on top of,white plate,0.0,0.0,0.0
green,yellow,0.0,0.0,0.0
avocado,avocado,1.0,0.0,1.0
white,white,1.0,0.0,1.0
on its outer skin,outside of the avocado,0.0,0.0,0.0
scattered,on top of egg,0.0,0.0,0.0
green,green,1.0,0.0,1.0
pie,key lime pie,0.5,0.0,0.5
white,white,1.0,0.0,1.0
on top,on top of pie,0.6666666666666666,0.5,0.6666666666666666
golden-brown,light yellow,0.0,0.0,0.0
avocado,avocado,1.0,0.0,1.0
green,green,1.0,0.0,1.0
on a white square plate,on a white plate,0.888888888888889,0.5714285714285715,0.888888888888889
vary,no,0.0,0.0,0.0
raspberries,raspberries and blueberries,0.5,0.0,0.5
scattered,circular pattern,0.0,0.0,0.0
red,red,1.0,0.0,1.0
on the white cloth,cast iron skillet,0.0,0.0,0.0
glistening,dark brown crispy surface,0.0,0.0,0.0
bacon,bacon,1.0,0.0,1.0
dark brown,dark brown,1.0,1.0,1.0
separated by,next to each other,0.0,0.0,0.0
bacon,pork belly,0.0,0.0,0.0
oven,in an oven,0.5,0.0,0.5
on a wire rack,middle rack,0.3333333333333333,0.0,0.3333333333333333
golden-brown,golden brown,1.0,1.0,1.0
bagel bites,bagel bites,1.0,1.0,1.0
blue,bottom left and right,0.0,0.0,0.0
in the bottom half,two,0.0,0.0,0.0
broken,blue,0.0,0.0,0.0
golden-brown,golden brown,1.0,1.0,1.0
bagels,bagels,1.0,0.0,1.0
spice,malted barley flour,0.0,0.0,0.0
on a wire rack,on a cooling rack,0.75,0.3333333333333333,0.75
pumpernickel,dense chewy dough,0.0,0.0,0.0
brown,brown,1.0,0.0,1.0
bagels,donut,0.0,0.0,0.0
on a black wire rack,cooling rack,0.28571428571428575,0.0,0.28571428571428575
white,white,1.0,0.0,1.0
golden-brown,brown,0.6666666666666666,0.0,0.6666666666666666
melted,melted and bubbly,0.5,0.0,0.5
plate,white plate,0.6666666666666666,0.0,0.6666666666666666
sesame,sesame seeds,0.6666666666666666,0.0,0.6666666666666666
on the left,left side of plate,0.28571428571428575,0.0,0.28571428571428575
white,white,1.0,0.0,1.0
cheese,cheese,1.0,0.0,1.0
sausage,sausage,1.0,0.0,1.0
brown,dark brown,0.6666666666666666,0.0,0.6666666666666666
within the cheese,top half of dish,0.0,0.0,0.0
beige,light brown,0.0,0.0,0.0
bananas,bananas,1.0,0.0,1.0
yellow,yellow,1.0,0.0,1.0
to the left of,left side,0.3333333333333333,0.0,0.3333333333333333
brown,brown,1.0,0.0,1.0
chocolate,chocolate chips,0.6666666666666666,0.0,0.6666666666666666
loaves,rectangular in shape,0.0,0.0,0.0
golden-brown,light brown,0.5,0.0,0.5
towards the center,bottom left,0.0,0.0,0.0
fries,plantain fries,0.6666666666666666,0.0,0.6666666666666666
brown,golden brown,0.6666666666666666,0.0,0.6666666666666666
white,white,1.0,0.0,1.0
on a plate,on a plate,1.0,1.0,1.0
bananas,pineapple,0.0,0.0,0.0
golden-yellow,yellow,0.6666666666666666,0.0,0.6666666666666666
in coconut milk,milk,0.5,0.0,0.5
bowl,glass bowl,0.6666666666666666,0.0,0.6666666666666666
golden-brown,golden brown,1.0,1.0,1.0
banana,none,0.0,0.0,0.0
together,haphazard manner,0.0,0.0,0.0
tempura,fried dessert,0.0,0.0,0.0
irregular,round or circular,0.0,0.0,0.0
yellow,yellow,1.0,0.0,1.0
banana,banana,1.0,0.0,1.0
white,white,1.0,0.0,1.0
on top of,top of banana slices,0.5714285714285715,0.4,0.5714285714285715
dark blue,blue,0.6666666666666666,0.0,0.6666666666666666
golden,brown,0.0,0.0,0.0
bars,square-shaped,0.0,0.0,0.0
white,white or light beige,0.4,0.0,0.4
reddish-brown,dark brown,0.5,0.0,0.5
chicken,chicken drumsticks,0.6666666666666666,0.0,0.6666666666666666
white,white,1.0,0.0,1.0
on top of,on top,0.8,0.6666666666666666,0.8
green,green,1.0,0.0,1.0
mix,beef barley and vegetables,0.0,0.0,0.0
white,white,1.0,0.0,1.0
dispersed,dispersed throughout the stew,0.4,0.0,0.4
orange,orange,1.0,0.0,1.0
of beef,beef,0.6666666666666666,0.0,0.6666666666666666
white,white,1.0,0.0,1.0
chicken,chicken,1.0,0.0,1.0
brown,not visible,0.0,0.0,0.0
green,green,1.0,0.0,1.0
at the bottom,bottom of the bowl,0.5714285714285715,0.0,0.28571428571428575
overlapping,side by side,0.0,0.0,0.0
Sea Bass,white fish,0.0,0.0,0.0
white,pale yellowish-white,0.5,0.0,0.5
on the left side,left side of dish,0.5,0.3333333333333333,0.5
green,green,1.0,0.0,1.0
yellowish,white tint,0.0,0.0,0.0
scattered,random pattern,0.0,0.0,0.0
sea bass,halibut,0.0,0.0,0.0
on the rack,on a metal rack,0.5714285714285715,0.0,0.5714285714285715
green,green,1.0,0.0,1.0
smooth,yes the batter looks smooth,0.33333333333333337,0.0,0.33333333333333337
batter,no,0.0,0.0,0.0
brown,no,0.0,0.0,0.0
on top,no chocolate chips,0.0,0.0,0.0
yes,yes there are,0.5,0.0,0.5
tangy,sweet and tangy,0.5,0.0,0.5
beef,beef,1.0,0.0,1.0
tan,white,0.0,0.0,0.0
orange,orange,1.0,0.0,1.0
shredded,tender and pulled,0.0,0.0,0.0
meat,vinegar-based sauce,0.0,0.0,0.0
coating,thick caramel-colored sauce,0.0,0.0,0.0
yellowish,golden brown,0.0,0.0,0.0
chicken,chicken breast,0.6666666666666666,0.0,0.6666666666666666
reddish-brown,reddish-brown,1.0,1.0,1.0
ribs,pork ribs,0.6666666666666666,0.0,0.6666666666666666
grill,on a grill,0.5,0.0,0.5
unevenly,thick glossy layer,0.0,0.0,0.0
on the top,on the ribs,0.6666666666666666,0.5,0.6666666666666666
tasty,cooked and seasoned,0.0,0.0,0.0
pan,a pan,0.6666666666666666,0.0,0.6666666666666666
green,green,1.0,0.0,1.0
green beans,green beans,1.0,1.0,1.0
in the center,center of the pan,0.5714285714285715,0.0,0.28571428571428575
reddish-brown,brown,0.6666666666666666,0.0,0.6666666666666666
orange,orange,1.0,0.0,1.0
with other ingredients,tomatoes onions and peppers,0.0,0.0,0.0
plate,colorful plate,0.6666666666666666,0.0,0.6666666666666666
green,dark green,0.6666666666666666,0.0,0.6666666666666666
beans,green beans,0.6666666666666666,0.0,0.6666666666666666
tangled,scattered and overlapping,0.0,0.0,0.0
yes,no,0.0,0.0,0.0
in the bottom center,lower right,0.0,0.0,0.0
glossy,shiny oily coating,0.0,0.0,0.0
beans,green beans,0.6666666666666666,0.0,0.6666666666666666
peppered,dark brown substance,0.0,0.0,0.0
overlapping,in a pile,0.0,0.0,0.0
throughout the entire image frame,center of the image,0.4444444444444445,0.0,0.4444444444444445
tan,light brown,0.0,0.0,0.0
bowl,a bowl,0.6666666666666666,0.0,0.6666666666666666
fill,about seventy five percent,0.0,0.0,0.0
brown,dark brown,0.6666666666666666,0.0,0.6666666666666666
in the broth,in the orange bowl,0.5714285714285715,0.4,0.5714285714285715
sliced,sautéed in a pan,0.0,0.0,0.0
beef,ground beef,0.6666666666666666,0.0,0.6666666666666666
brown,brown,1.0,0.0,1.0
with peppers,peppers,0.6666666666666666,0.0,0.6666666666666666
slow,slow-cooking method,0.5,0.0,0.5
reddish-brown,medium red,0.0,0.0,0.0
meat,cooked beef,0.0,0.0,0.0
in the upper-right portion,upper half,0.28571428571428575,0.0,0.28571428571428575
brown,dark brown,0.6666666666666666,0.0,0.6666666666666666
white,white,1.0,0.0,1.0
at the top,on top of liquid,0.28571428571428575,0.0,0.28571428571428575
glasses,clear tall glasses,0.5,0.0,0.5
amber,light amber,0.6666666666666666,0.0,0.6666666666666666
surface,left side of image,0.0,0.0,0.0
red,red,1.0,0.0,1.0
beets,beets and butternut squash,0.4,0.0,0.4
green,green,1.0,0.0,1.0
yellow,light brown,0.0,0.0,0.0
cake,cake,1.0,0.0,1.0
on a clear glass,glass cake stand,0.28571428571428575,0.0,0.28571428571428575
yellow,light yellow,0.6666666666666666,0.0,0.6666666666666666
biscuits,buttermilk biscuits,0.6666666666666666,0.0,0.6666666666666666
clustered,in a pile,0.0,0.0,0.0
baked,golden brown,0.0,0.0,0.0
golden-brown,golden brown,1.0,1.0,1.0
pale,white,0.0,0.0,0.0
cream,white,0.0,0.0,0.0
on a wire rack,not in the image,0.0,0.0,0.0
beige,light yellowish,0.0,0.0,0.0
biscuits,cheddar biscuit,0.6666666666666666,0.0,0.6666666666666666
orange,orange,1.0,0.0,1.0
across the image,top left,0.0,0.0,0.0
flaky,flaky,1.0,0.0,1.0
light-colored,white with blue,0.0,0.0,0.0
blondies,blondies,1.0,0.0,1.0
brown,light brown,0.6666666666666666,0.0,0.6666666666666666
on top,top of the blondies,0.3333333333333333,0.0,0.3333333333333333
drizzle,caramel sauce,0.0,0.0,0.0
purple,dark purple or black,0.4,0.0,0.4
blueberries,no evidence of pickling,0.0,0.0,0.0
pink,pink,1.0,0.0,1.0
bowl,the bowl,0.6666666666666666,0.0,0.6666666666666666
under the bowl,on a white plate,0.0,0.0,0.0
golden-brown,light brown,0.5,0.0,0.5
reddish-brown,reddish-brown,1.0,1.0,1.0
covering,sitting on top,0.0,0.0,0.0
plate,rigatoni pasta,0.0,0.0,0.0
yellow,light yellow,0.6666666666666666,0.0,0.6666666666666666
in the center,center of the plate,0.5714285714285715,0.0,0.28571428571428575
green,green,1.0,0.0,1.0
spinach,spinach,1.0,0.0,1.0
avocado,green,0.0,0.0,0.0
closer to,bottom of the bowl,0.0,0.0,0.0
tan,brown,0.0,0.0,0.0
rice,brown rice,0.6666666666666666,0.0,0.6666666666666666
on the left side,left side of bowl,0.5,0.3333333333333333,0.5
green,green,1.0,0.0,1.0
reddish-brown,reddish-brown,1.0,1.0,1.0
brats,italian sausage,0.0,0.0,0.0
green,green,1.0,0.0,1.0
draped over,top of the sausages,0.0,0.0,0.0
liquid,green leaves of parsley,0.0,0.0,0.0
walnuts,nuts,0.0,0.0,0.0
speckled,light brown moist dense,0.0,0.0,0.0
on top,top of the bread,0.3333333333333333,0.0,0.3333333333333333
white,pale yellow,0.0,0.0,0.0
loaf,a loaf,0.6666666666666666,0.0,0.6666666666666666
tan,golden brown,0.0,0.0,0.0
overlapping,staggered pattern,0.0,0.0,0.0
on the board,on a wire rack,0.28571428571428575,0.0,0.28571428571428575
white,white,1.0,0.0,1.0
golden-brown,golden brown,1.0,1.0,1.0
stacked,stacked on top,0.5,0.0,0.5
beige,light brown,0.0,0.0,0.0
bread,loaf of bread,0.5,0.0,0.5
creamy,light beige,0.0,0.0,0.0
on a wire rack,metal cooling rack,0.28571428571428575,0.0,0.28571428571428575
bright,white,0.0,0.0,0.0
orange,orange,1.0,0.0,1.0
around the eggs,bottom of the pan,0.28571428571428575,0.0,0.28571428571428575
brown,brown,1.0,0.0,1.0
beef brisket,roast beef,0.5,0.0,0.5
green,green,1.0,0.0,1.0
gravy,dark gravy,0.6666666666666666,0.0,0.6666666666666666
on the plate,right side of plate,0.28571428571428575,0.0,0.28571428571428575
golden-brown,light brown,0.5,0.0,0.5
within,left side,0.0,0.0,0.0
brown,brown,1.0,0.0,1.0
beef,beef,1.0,0.0,1.0
green,green,1.0,0.0,1.0
on a plate,center of the plate,0.28571428571428575,0.0,0.28571428571428575
rice,white rice,0.6666666666666666,0.0,0.6666666666666666
broccoli,broccoli,1.0,0.0,1.0
green,green,1.0,0.0,1.0
red,red,1.0,0.0,1.0
cooked,steamed or sautéed,0.0,0.0,0.0
on a plate,on a decorative plate,0.8571428571428571,0.4,0.8571428571428571
broth,water,0.0,0.0,0.0
green,green,1.0,0.0,1.0
within the broth,in the broth,0.6666666666666666,0.5,0.6666666666666666
square,rectangular,0.0,0.0,0.0
brown,dark brown,0.6666666666666666,0.0,0.6666666666666666
on top,on top of brownie,0.6666666666666666,0.5,0.6666666666666666
green,green,1.0,0.0,1.0
brown,brown,1.0,0.0,1.0
shiny,pecan nut embedded,0.0,0.0,0.0
pecans,pecans,1.0,0.0,1.0
brown,dark brown,0.6666666666666666,0.0,0.6666666666666666
brownies,brownies,1.0,0.0,1.0
cracked,fudgy and slightly crispy,0.0,0.0,0.0
walnuts,white chocolate chips,0.0,0.0,0.0
on top of,on the plate,0.3333333333333333,0.0,0.3333333333333333
dark-brown,dark brown,1.0,1.0,1.0
arranged,stacked on top,0.0,0.0,0.0
brownies,brownies,1.0,0.0,1.0
within the chocolate,on the surface,0.3333333333333333,0.0,0.3333333333333333
white,white,1.0,0.0,1.0
bruschetta,pizza or bruschetta,0.5,0.0,0.5
red,red,1.0,0.0,1.0
on the center,on a white plate,0.28571428571428575,0.0,0.28571428571428575
toasted,toasted english muffin,0.5,0.0,0.5
melted,melted,1.0,0.0,1.0
black,black,1.0,0.0,1.0
red,red,1.0,0.0,1.0
on top,on top of pizza,0.6666666666666666,0.5,0.6666666666666666
reddish-brown,red,0.0,0.0,0.0
beef,raw tuna,0.0,0.0,0.0
glistening,raw and thinly sliced,0.0,0.0,0.0
on top of,top left side,0.3333333333333333,0.0,0.3333333333333333
orange,orange,1.0,0.0,1.0
one-third,bottom half,0.0,0.0,0.0
burgers,meat and mashed potatoes,0.0,0.0,0.0
brownish-tan,golden brown,0.0,0.0,0.0
of the burgers,piece of meat,0.3333333333333333,0.0,0.3333333333333333
green,green,1.0,0.0,1.0
white,white,1.0,0.0,1.0
melted,melted and been eaten,0.4,0.0,0.4
orange,yellow,0.0,0.0,0.0
in the dish,not in the image,0.5714285714285715,0.4,0.5714285714285715
layers,layered in baking dish,0.4,0.0,0.4
vegan,cannot be determined,0.0,0.0,0.0
burritos,chicken fajita wrap,0.0,0.0,0.0
tan,light yellow,0.0,0.0,0.0
on top,top of other burrito,0.3333333333333333,0.0,0.3333333333333333
sweet,hearty satisfying and familiar,0.0,0.0,0.0
burritos,burrito,1.0,0.0,1.0
black,black,1.0,0.0,1.0
on a black plate,on a black plate,1.0,1.0,1.0
orange,orange,1.0,0.0,1.0
white,white,1.0,0.0,1.0
cupcake,cupcake,1.0,0.0,1.0
light blue,blue streaks,0.5,0.0,0.5
on top of,top of the cupcake,0.5714285714285715,0.4,0.5714285714285715
rectangular,rectangular,1.0,0.0,1.0
cake,cake,1.0,0.0,1.0
blue,blue,1.0,0.0,1.0
caramel,vanilla,0.0,0.0,0.0
around the perimeter,top and bottom,0.0,0.0,0.0
shredded,shredded and slightly fermented,0.4,0.0,0.4
cabbage,sauerkraut,0.0,0.0,0.0
on the top-right,in the bowl,0.28571428571428575,0.0,0.28571428571428575
white,white and blue,0.5,0.0,0.5
pinkish-red,deep pink,0.0,0.0,0.0
white,white,1.0,0.0,1.0
bowl,round,0.0,0.0,0.0
breadcrumbs,breadcrumbs,1.0,0.0,1.0
golden,golden brown,0.6666666666666666,0.0,0.6666666666666666
shredded,crunchy,0.0,0.0,0.0
green-cabbage,napa cabbage,0.5,0.0,0.5
white,white,1.0,0.0,1.0
orange,orange,1.0,0.0,1.0
within the salad,left side of salad,0.28571428571428575,0.0,0.28571428571428575
reddish-orange,orange,0.6666666666666666,0.0,0.6666666666666666
cabbage,cabbage,1.0,0.0,1.0
yellowish-green,yellow,0.0,0.0,0.0
beans,red kidney beans,0.5,0.0,0.5
in the center,in the center,1.0,1.0,1.0
cabbage,carrots,0.0,0.0,0.0
brown,brown,1.0,0.0,1.0
on top of the plate,on top of carrots,0.6666666666666665,0.5714285714285715,0.6666666666666665
orange,orange,1.0,0.0,1.0
Evenly-distributed ,random pattern,0.0,0.0,0.0
floating in,top of the broth,0.0,0.0,0.0
red,red,1.0,0.0,1.0
orange,orange,1.0,0.0,1.0
light-brown,light brown,1.0,1.0,1.0
chicken,chicken,1.0,0.0,1.0
red,red,1.0,0.0,1.0
on the right side,right side,0.6666666666666666,0.5,0.6666666666666666
spaghetti,linguine,0.0,0.0,0.0
reddish-brown,red,0.0,0.0,0.0
chicken,meat,0.0,0.0,0.0
light-yellow,light yellow,1.0,1.0,1.0
in the center,middle of the plate,0.28571428571428575,0.0,0.28571428571428575
light,white,0.0,0.0,0.0
chicken,chicken,1.0,0.0,1.0
red,red,1.0,0.0,1.0
cheese,shredded cheese,0.6666666666666666,0.0,0.6666666666666666
golden,light brown,0.0,0.0,0.0
calamari,calamari,1.0,0.0,1.0
arranging,circular pattern,0.0,0.0,0.0
white,white,1.0,0.0,1.0
on the plate,middle of the dish,0.28571428571428575,0.0,0.28571428571428575
yellow,white,0.0,0.0,0.0
bowl,white and yellow bowl,0.4,0.0,0.4
brown,light brown,0.6666666666666666,0.0,0.6666666666666666
on top of,top of the bowl,0.5714285714285715,0.4,0.5714285714285715
yellow,yellow,1.0,0.0,1.0
plate,white paper plate,0.5,0.0,0.5
beef,beef,1.0,0.0,1.0
brown,brown,1.0,0.0,1.0
in broth,flavorful and aromatic stew,0.0,0.0,0.0
yellow,yellow,1.0,0.0,1.0
chocolate,chocolate,1.0,0.0,1.0
candy,chocolate peanut butter egg,0.0,0.0,0.0
brown,brown,1.0,0.0,1.0
right of orange ribbon,behind the candy,0.0,0.0,0.0
brown,light brown,0.6666666666666666,0.0,0.6666666666666666
sugar,peanut butter,0.0,0.0,0.0
white,white,1.0,0.0,1.0
to the left,left of the fudge,0.5714285714285715,0.0,0.28571428571428575
brownish-red,dark brown,0.0,0.0,0.0
meat,pork roast,0.0,0.0,0.0
dark brown,dark brown,1.0,1.0,1.0
charred,crispy and browned,0.0,0.0,0.0
vegetables,utensils,0.0,0.0,0.0
hard,brittle and crunchy,0.0,0.0,0.0
candy,hard candy,0.6666666666666666,0.0,0.6666666666666666
orange,orange,1.0,0.0,1.0
coated,sugar crystals,0.0,0.0,0.0
throughout,center of the image,0.0,0.0,0.0
green,green,1.0,0.0,1.0
candy,red hard candy,0.5,0.0,0.5
reddish-brown,red,0.0,0.0,0.0
center,center of the plate,0.4,0.0,0.4
on the plate,on a green plate,0.5714285714285715,0.0,0.5714285714285715
red,deep rich red,0.5,0.0,0.5
poured,poured or drizzled,0.5,0.0,0.5
candy,red sauce or glaze,0.0,0.0,0.0
translucent,translucent,1.0,0.0,1.0
on a piece,top of the parchment,0.0,0.0,0.0
yellow,light yellow,0.6666666666666666,0.0,0.6666666666666666
center of the image,center of the image,1.0,1.0,1.0
fluffy and toasted,golden brown,0.0,0.0,0.0
meringue,meringue,1.0,0.0,1.0
silver,light brown,0.0,0.0,0.0
light-green,yellowish,0.0,0.0,0.0
pasta,spaghetti carbonara,0.0,0.0,0.0
black,black and white,0.5,0.0,0.5
in a creamy sauce,yellow sauce,0.3333333333333333,0.0,0.3333333333333333
silver,gray,0.0,0.0,0.0
brown,light brown,0.6666666666666666,0.0,0.6666666666666666
meat,meat,1.0,0.0,1.0
bubbling,boiling,0.0,0.0,0.0
yellow-brown,light brown,0.5,0.0,0.5
orange,orange,1.0,0.0,1.0
carrots,carrots,1.0,0.0,1.0
white,white,1.0,0.0,1.0
orange,orange,1.0,0.0,1.0
carrots,carrots,1.0,0.0,1.0
glistening,cooked and sliced thin,0.0,0.0,0.0
in the center,left side,0.0,0.0,0.0
green,green,1.0,0.0,1.0
yellowish,yellow or orange,0.0,0.0,0.0
rice,vegetables,0.0,0.0,0.0
orange,orange,1.0,0.0,1.0
green,green,1.0,0.0,1.0
cashews,cashews,1.0,0.0,1.0
tan,light brown,0.0,0.0,0.0
Piled randomly,random pattern,0.0,0.0,0.0
on a purple surface,on a table,0.5714285714285715,0.4,0.5714285714285715
triangular,square shape,0.0,0.0,0.0
casserole,glass dish,0.0,0.0,0.0
green,green,1.0,0.0,1.0
with cheese,cheese and tomatoes,0.4,0.0,0.4
egg,egg mixture,0.6666666666666666,0.0,0.6666666666666666
beige,white,0.0,0.0,0.0
catfish,white fish,0.0,0.0,0.0
reddish-orange,deep red,0.0,0.0,0.0
in the upper-center,center of the plate,0.5,0.0,0.25
fried,cooking in a pan,0.0,0.0,0.0
golden-brown,light brown,0.5,0.0,0.5
catfish,white fish,0.0,0.0,0.0
center,not visible in image,0.0,0.0,0.0
green,no beans present,0.0,0.0,0.0
on the foreground,left side,0.0,0.0,0.0
fills,nothing is in it,0.0,0.0,0.0
cauliflower,potatoes,0.0,0.0,0.0
blue,blue,1.0,0.0,1.0
yellow,pale yellow,0.6666666666666666,0.0,0.6666666666666666
creamy,creamy and smooth,0.5,0.0,0.5
mac-n-cheese,macaroni and cheese,0.3333333333333333,0.0,0.3333333333333333
white,white,1.0,0.0,1.0
orange-yellow,yellow,0.6666666666666666,0.0,0.6666666666666666
off-white,white,0.6666666666666666,0.0,0.6666666666666666
cauliflower,cauliflower,1.0,0.0,1.0
green,green,1.0,0.0,1.0
broccoli,broccoli,1.0,0.0,1.0
broccoli,broccoli,1.0,0.0,1.0
glass jars,glass,0.6666666666666666,0.0,0.6666666666666666
white,white,1.0,0.0,1.0
orange,orange,1.0,0.0,1.0
on the countertop,on a countertop,0.6666666666666666,0.0,0.6666666666666666
golden-brown,golden brown,1.0,1.0,1.0
bread,challah bread,0.6666666666666666,0.0,0.6666666666666666
on the cutting board,on a wooden board,0.5,0.0,0.5
yellow,light yellow,0.6666666666666666,0.0,0.6666666666666666
dark green,dark green,1.0,1.0,1.0
chard,spinach,0.0,0.0,0.0
garlic,garlic,1.0,0.0,1.0
white,white,1.0,0.0,1.0
in a bowl,white bowl,0.4,0.0,0.4
rainbow,red green yellow orange purple,0.0,0.0,0.0
chard,swiss chard,0.6666666666666666,0.0,0.6666666666666666
green,red,0.0,0.0,0.0
in a bowl,on a green cloth,0.28571428571428575,0.0,0.28571428571428575
vegetables,beets or carrots,0.0,0.0,0.0
cheeseburger,cheeseburger,1.0,0.0,1.0
yellow,yellow,1.0,0.0,1.0
golden-brown,white,0.0,0.0,0.0
pickle,pickle spear,0.6666666666666666,0.0,0.6666666666666666
on a white plate,on a white plate,1.0,1.0,1.0
tan,beige,0.0,0.0,0.0
burger,burger,1.0,0.0,1.0
orange,orange,1.0,0.0,1.0
located to the left,left side,0.3333333333333333,0.0,0.3333333333333333
beige,light yellowish-white,0.0,0.0,0.0
filling,causing it to crack,0.0,0.0,0.0
right side of the image,upper right quadrant,0.25,0.0,0.25
silver,grey or silver,0.5,0.0,0.5
golden-brown,light brown,0.5,0.0,0.5
cheesecake,cheesecake,1.0,0.0,1.0
white,white,1.0,0.0,1.0
sprinkled,nutmeg,0.0,0.0,0.0
white,golden color,0.0,0.0,0.0
cheesecake,cheesecake,1.0,0.0,1.0
blue,blue,1.0,0.0,1.0
on the plate,gray rectangular serving tray,0.0,0.0,0.0
syrup,caramel sauce,0.0,0.0,0.0
red,red,1.0,0.0,1.0
jar,mason jar,0.6666666666666666,0.0,0.6666666666666666
on top of,on top of cream,0.8571428571428571,0.8,0.8571428571428571
dark-brown,brown,0.6666666666666666,0.0,0.6666666666666666
cheesecake,chocolate cake,0.0,0.0,0.0
glaze,smooth and velvety,0.0,0.0,0.0
strawberries,strawberries,1.0,0.0,1.0
on top of,not on cheesecake,0.3333333333333333,0.0,0.3333333333333333
creamy,smooth and creamy,0.5,0.0,0.5
cherries,cherries,1.0,0.0,1.0
fills,in the bowl,0.0,0.0,0.0
purple,black,0.0,0.0,0.0
throughout the bowl,throughout the mixture,0.6666666666666666,0.5,0.6666666666666666
red,orange,0.0,0.0,0.0
cherries,cherry,1.0,0.0,1.0
brown,dark brown,0.6666666666666666,0.0,0.6666666666666666
on the left,lower-left corner,0.3333333333333333,0.0,0.3333333333333333
orange,orange,1.0,0.0,1.0
browned,orange,0.0,0.0,0.0
chicken,ground chicken,0.6666666666666666,0.0,0.6666666666666666
on top of the plate,on top of rice,0.6666666666666665,0.5714285714285715,0.6666666666666665
parsley,parsley,1.0,0.0,1.0
golden,golden brown,0.6666666666666666,0.0,0.6666666666666666
brown,golden brown,0.6666666666666666,0.0,0.6666666666666666
reddish-brown sauce,reddish-brown,0.8,0.6666666666666666,0.8
on and around the chicken,bottom of the pan,0.22222222222222224,0.0,0.22222222222222224
yellow,light yellow,0.6666666666666666,0.0,0.6666666666666666
red,red,1.0,0.0,1.0
sprinkled on top,on the scrambled eggs,0.28571428571428575,0.0,0.28571428571428575
fork,a fork,0.6666666666666666,0.0,0.6666666666666666
crispy,rough and uneven,0.0,0.0,0.0
large,6-8 quarts,0.0,0.0,0.0
chili,ground beef,0.0,0.0,0.0
red,reddish-brown,0.0,0.0,0.0
in a pot,in a large pot,0.8571428571428571,0.4,0.8571428571428571
sausage,ground beef,0.0,0.0,0.0
green,green,1.0,0.0,1.0
bowl,bowl,1.0,0.0,1.0
in the bowl,argentina and uruguay,0.0,0.0,0.0
green,pink,0.0,0.0,0.0
dip in,inside the bowl,0.0,0.0,0.0
scattered,loose pile,0.0,0.0,0.0
chips,fried vegetable,0.0,0.0,0.0
green,dark green and yellow,0.4,0.0,0.4
golden-yellow,yellow,0.6666666666666666,0.0,0.6666666666666666
towards the central region,left side,0.0,0.0,0.0
swirled,marbled pattern,0.0,0.0,0.0
tan,brown and white,0.0,0.0,0.0
many,approximately 30 pieces,0.0,0.0,0.0
rectangular,squares,0.0,0.0,0.0
in clear plastic,clear plastic,0.8,0.6666666666666666,0.8
dessert,glass baking dish,0.0,0.0,0.0
clear,rectangular with rounded corners,0.0,0.0,0.0
raspberries,dried cranberries,0.0,0.0,0.0
scattered,random pattern around dish,0.0,0.0,0.0
on a metallic surface,right side,0.0,0.0,0.0
chocolate,brown,0.0,0.0,0.0
brown,golden brown,0.6666666666666666,0.0,0.6666666666666666
golden-brown,white,0.0,0.0,0.0
on top of,center of the pastry,0.28571428571428575,0.0,0.28571428571428575
creamy,creamy and crumbly,0.5,0.0,0.5
cake,chocolate cake,0.6666666666666666,0.0,0.6666666666666666
brown,brown,1.0,0.0,1.0
on top,on top of cake,0.6666666666666666,0.5,0.6666666666666666
chocolate,chocolate,1.0,0.0,1.0
drizzled,melting and mixing,0.0,0.0,0.0
brown,brown,1.0,0.0,1.0
ice cream,ice cream,1.0,1.0,1.0
white,white,1.0,0.0,1.0
at the bottom,bottom of the bowl,0.5714285714285715,0.0,0.28571428571428575
yellow,creamy yellow,0.6666666666666666,0.0,0.6666666666666666
bowl,ceramic bowl,0.6666666666666666,0.0,0.6666666666666666
dispersed,distributed throughout,0.0,0.0,0.0
carrots,carrot,1.0,0.0,1.0
on the surface,center of the bowl,0.28571428571428575,0.0,0.28571428571428575
corn,corn,1.0,0.0,1.0
brown,red,0.0,0.0,0.0
yellow,yellow,1.0,0.0,1.0
across the surface,creamy corn chowder,0.0,0.0,0.0
red,deep red,0.6666666666666666,0.0,0.6666666666666666
bowl,white bowl,0.6666666666666666,0.0,0.6666666666666666
center of the bowl,white bowl,0.3333333333333333,0.0,0.3333333333333333
fills,about two thirds,0.0,0.0,0.0
pulpy,thick and syrupy,0.0,0.0,0.0
jar,mason jar,0.6666666666666666,0.0,0.6666666666666666
brownish-yellow,brownish-green,0.5,0.0,0.5
with the chutney,rhubarb chutney,0.4,0.0,0.4
label,rhubarb chutney,0.0,0.0,0.0
red,red,1.0,0.0,1.0
apple,apples,1.0,0.0,1.0
slices,water,0.0,0.0,0.0
green,yellow-green,0.6666666666666666,0.0,0.6666666666666666
in a clear liquid,bottom left,0.0,0.0,0.0
white,white,1.0,0.0,1.0
bowl,white bowl,0.6666666666666666,0.0,0.6666666666666666
brown,brown,1.0,0.0,1.0
in the center,center of the image,0.5714285714285715,0.0,0.28571428571428575
off-white,white,0.6666666666666666,0.0,0.6666666666666666
chowder,clam chowder,0.6666666666666666,0.0,0.6666666666666666
sits on,on a white plate,0.3333333333333333,0.0,0.3333333333333333
circle,round crusty loaf,0.0,0.0,0.0
herbs,sprig of celery,0.0,0.0,0.0
white,white,1.0,0.0,1.0
clams,cockles,0.0,0.0,0.0
brown,brown,1.0,0.0,1.0
in a bowl,in a white bowl,0.8571428571428571,0.4,0.8571428571428571
green,green,1.0,0.0,1.0
golden-brown,golden brown,1.0,1.0,1.0
pumpkin,pumpkin,1.0,0.0,1.0
white,white,1.0,0.0,1.0
on the plate,on a white plate,0.5714285714285715,0.0,0.5714285714285715
crumbly,crumbly and smooth,0.5,0.0,0.5
golden-brown,golden yellow,0.5,0.0,0.5
cobbler,custard or cobbler,0.5,0.0,0.5
yellow,light golden yellow,0.5,0.0,0.5
with variations,caramelizes and browns,0.0,0.0,0.0
baking,baked,1.0,0.0,1.0
homemade,yes,0.0,0.0,0.0
jars,mason jars,0.6666666666666666,0.0,0.6666666666666666
yes,no,0.0,0.0,0.0
vegetable,orange juice,0.0,0.0,0.0
yes,yes,1.0,0.0,1.0
Cocktail,cosmopolitan cocktail,0.6666666666666666,0.0,0.6666666666666666
float,add color and flavor,0.0,0.0,0.0
clear,clear,1.0,0.0,1.0
glass,martini glass,0.6666666666666666,0.0,0.6666666666666666
in a slight curve,triangular pattern,0.0,0.0,0.0
clear,clear,1.0,0.0,1.0
glass,margarita glass,0.6666666666666666,0.0,0.6666666666666666
white,white,1.0,0.0,1.0
yellow,yellowish color,0.0,0.0,0.0
on top of,on top of ice,0.8571428571428571,0.8,0.8571428571428571
turquoise-blue,blue,0.6666666666666666,0.0,0.6666666666666666
jar,mason jar,0.6666666666666666,0.0,0.6666666666666666
red,white,0.0,0.0,0.0
on the rim,on top of drink,0.28571428571428575,0.0,0.28571428571428575
shark,shark decoration,0.6666666666666666,0.0,0.6666666666666666
garnished,garnish for the drinks,0.4,0.0,0.4
orange,yellow,0.0,0.0,0.0
yellow-orange,vibrant orange,0.5,0.0,0.5
Monkey Gland,sidecar,0.0,0.0,0.0
on the surface,on top of each,0.28571428571428575,0.0,0.28571428571428575
yes,yes,1.0,0.0,1.0
cocoa,cannot determine,0.0,0.0,0.0
no,yes,0.0,0.0,0.0
yes,yes,1.0,0.0,1.0
on the upper left,yes,0.0,0.0,0.0
spiced,sweet and spicy,0.0,0.0,0.0
chocolate-brown,dark brown,0.5,0.0,0.5
two,two slices,0.6666666666666666,0.0,0.6666666666666666
on top of,above the bottom slice,0.0,0.0,0.0
golden-brown,golden brown,1.0,1.0,1.0
cod,salmon,0.0,0.0,0.0
resting,being served,0.0,0.0,0.0
on top of,on top,0.8,0.6666666666666666,0.8
glass,glass,1.0,0.0,1.0
green,green,1.0,0.0,1.0
green,green,1.0,0.0,1.0
on the rim,rim of the glass,0.5714285714285715,0.0,0.28571428571428575
vibrant red,vibrant red hue,0.8,0.6666666666666666,0.8
light,light brown,0.6666666666666666,0.0,0.6666666666666666
mug,a mug,0.6666666666666666,0.0,0.6666666666666666
red,red,1.0,0.0,1.0
across a light brown surface,on a wooden surface,0.4444444444444445,0.0,0.4444444444444445
coffe beans,coffee beans,0.5,0.0,0.5
clear,clear,1.0,0.0,1.0
coffee,coffee beverage,0.6666666666666666,0.0,0.6666666666666666
brown,light brown,0.6666666666666666,0.0,0.6666666666666666
straw,iced coffee,0.0,0.0,0.0
white,white,1.0,0.0,1.0
coffee,coffee or hot chocolate,0.4,0.0,0.4
glass,clear glass,0.6666666666666666,0.0,0.6666666666666666
whipped cream,whipped cream,1.0,1.0,1.0
on the rim,around rim of glass,0.28571428571428575,0.0,0.28571428571428575
at the center,lower half,0.0,0.0,0.0
sausages,sausage,1.0,0.0,1.0
brown with a slight char,reddish-pink,0.0,0.0,0.0
white,white with flecks green,0.4,0.0,0.4
filling,being served,0.0,0.0,0.0
white,white,1.0,0.0,1.0
bowl,white bowl,0.6666666666666666,0.0,0.6666666666666666
green,light green,0.6666666666666666,0.0,0.6666666666666666
pink,light pink,0.6666666666666666,0.0,0.6666666666666666
multicolored,purple pink green white,0.0,0.0,0.0
creamy,crunchy,0.0,0.0,0.0
coleslaw,coleslaw,1.0,0.0,1.0
orange,orange,1.0,0.0,1.0
in the left,upper-left corner,0.3333333333333333,0.0,0.3333333333333333
onion,red onion,0.6666666666666666,0.0,0.6666666666666666
green,green,1.0,0.0,1.0
bowl,glass bowl,0.6666666666666666,0.0,0.6666666666666666
orange,orange,1.0,0.0,1.0
creamy,smooth and creamy,0.5,0.0,0.5
in a glass bowl,in a glass bowl,1.0,1.0,1.0
red-purple,deep rich purple,0.4,0.0,0.4
in the bowl,small white ceramic bowl,0.28571428571428575,0.0,0.28571428571428575
wooden board,wooden cutting board,0.8,0.0,0.8
Cutting and serving,cutting blackberries,0.4,0.0,0.4
to the right of,center of the frame,0.5,0.0,0.25
yes,yes,1.0,0.0,1.0
cookie,meat pie,0.0,0.0,0.0
brown,brown,1.0,0.0,1.0
on the pan,on a gas stove,0.28571428571428575,0.0,0.28571428571428575
clear,clear,1.0,0.0,1.0
jar,glass jar,0.6666666666666666,0.0,0.6666666666666666
brown,black,0.0,0.0,0.0
with red ribbon,red and white ribbon,0.5714285714285715,0.0,0.5714285714285715
bright,yellow,0.0,0.0,0.0
on the colorful surface,on a tablecloth,0.28571428571428575,0.0,0.28571428571428575
orange juice,fruit smoothie or juice,0.3333333333333333,0.0,0.3333333333333333
into the cooler,in the cup,0.3333333333333333,0.0,0.3333333333333333
yellow,yellow,1.0,0.0,1.0
yes,yes it is,0.5,0.0,0.5
across the majority of,left side,0.0,0.0,0.0
melted and browned cheese,cheese and jalapeño peppers,0.4444444444444445,0.0,0.22222222222222224
brownish-orange,light brown,0.0,0.0,0.0
light,golden brown,0.0,0.0,0.0
golden-brown,light golden brown,0.8,0.6666666666666666,0.8
glass,ceramic,0.0,0.0,0.0
on the top-left,upper-left corner,0.28571428571428575,0.0,0.28571428571428575
yellow,yellow,1.0,0.0,1.0
corn,corn,1.0,0.0,1.0
mixed,chopped into small pieces,0.0,0.0,0.0
red,red,1.0,0.0,1.0
brown,dark brown,0.6666666666666666,0.0,0.6666666666666666
beans,bean and corn,0.5,0.0,0.5
red,red,1.0,0.0,1.0
on the right,middle of the bowl,0.28571428571428575,0.0,0.28571428571428575
white,white,1.0,0.0,1.0
scattered,scattered pattern,0.6666666666666666,0.0,0.6666666666666666
yellow,yellow,1.0,0.0,1.0
in a bowl,middle of the bowl,0.28571428571428575,0.0,0.28571428571428575
in a bowl,lower left portion,0.0,0.0,0.0
golden-yellow,golden yellow,1.0,1.0,1.0
cornbread,cornbread,1.0,0.0,1.0
black,black,1.0,0.0,1.0
coarse,moist and tender,0.0,0.0,0.0
golden,yellow,0.0,0.0,0.0
cornbread,cheese biscuit,0.0,0.0,0.0
white,white,1.0,0.0,1.0
on a plate,on both sides,0.3333333333333333,0.0,0.3333333333333333
cornbread,jalapeno peppers,0.0,0.0,0.0
cornbread,cornbread,1.0,0.0,1.0
green,green,1.0,0.0,1.0
on the top-left,upper left corner,0.28571428571428575,0.0,0.28571428571428575
cottage cheese,cottage cheese,1.0,1.0,1.0
white,white,1.0,0.0,1.0
yellow,yellow,1.0,0.0,1.0
around the cottage cheese,on top,0.0,0.0,0.0
chicken,chicken,1.0,0.0,1.0
on the pan,center of the image,0.28571428571428575,0.0,0.28571428571428575
spinach,spinach,1.0,0.0,1.0
white,white,1.0,0.0,1.0
in the foreground,middle of the mixture,0.28571428571428575,0.0,0.28571428571428575
yellow,white,0.0,0.0,0.0
couscous,couscous,1.0,0.0,1.0
white,white,1.0,0.0,1.0
green,green,1.0,0.0,1.0
on top of,on top of couscous,0.8571428571428571,0.8,0.8571428571428571
tan,light orange,0.0,0.0,0.0
filling,risotto-style dish,0.0,0.0,0.0
couscous,risotto,0.0,0.0,0.0
white,white,1.0,0.0,1.0
creamy,thick and creamy,0.5,0.0,0.5
tan,light yellow,0.0,0.0,0.0
couscous,couscous,1.0,0.0,1.0
red,red,1.0,0.0,1.0
green,red and green,0.5,0.0,0.5
within the pot,center of the image,0.28571428571428575,0.0,0.28571428571428575
bowl,white bowl,0.6666666666666666,0.0,0.6666666666666666
white,white,1.0,0.0,1.0
beige,white,0.0,0.0,0.0
small and round,round pearls,0.4,0.0,0.4
in a white bowl,white bowl,0.6666666666666666,0.5,0.6666666666666666
yellowish-orange,orange-yellow,0.5,0.0,0.5
green,green,1.0,0.0,1.0
across the top,throughout the scrambled eggs,0.28571428571428575,0.0,0.28571428571428575
spoon,wooden spoon,0.6666666666666666,0.0,0.6666666666666666
crab cakes,fritter,0.0,0.0,0.0
golden,golden brown,0.6666666666666666,0.0,0.6666666666666666
green,green,1.0,0.0,1.0
reddish-orange,orange or pinkish-orange,0.3333333333333333,0.0,0.3333333333333333
crab,crabs,1.0,0.0,1.0
clustered,facing upwards,0.0,0.0,0.0
sausages,sausage,1.0,0.0,1.0
red,deep red,0.6666666666666666,0.0,0.6666666666666666
pie,fruit pie,0.6666666666666666,0.0,0.6666666666666666
tan,light brown,0.0,0.0,0.0
golden,light beige,0.0,0.0,0.0
towards the left,to the right,0.3333333333333333,0.0,0.3333333333333333
cranberry,bbq sauce,0.0,0.0,0.0
chicken,chicken drumsticks,0.6666666666666666,0.0,0.6666666666666666
light blue,light blue,1.0,1.0,1.0
golden brown,light brown,0.5,0.0,0.5
on a plate,on a plate,1.0,1.0,1.0
fills,stained the bowl,0.0,0.0,0.0
bowl,glass bowl,0.6666666666666666,0.0,0.6666666666666666
thick,thick and chunky,0.5,0.0,0.5
light brown and red,light brown,0.6666666666666666,0.5,0.6666666666666666
in the center,on top of sauce,0.0,0.0,0.0
crawfish,lobster,0.0,0.0,0.0
green,green,1.0,0.0,1.0
within a white bowl,white bowl,0.6666666666666666,0.5,0.6666666666666666
beige,light brown,0.0,0.0,0.0
piled,mound shape,0.0,0.0,0.0
crawfish,crab,0.0,0.0,0.0
red,red,1.0,0.0,1.0
on top of,mixed in with rice,0.0,0.0,0.0
light,smooth and creamy,0.0,0.0,0.0
walnuts,walnuts,1.0,0.0,1.0
beige,light beige or cream,0.4,0.0,0.4
on top,left side,0.0,0.0,0.0
bowl,glass bowl,0.6666666666666666,0.0,0.6666666666666666
soft,light and airy,0.0,0.0,0.0
cream,whipped cream,0.6666666666666666,0.0,0.6666666666666666
off-white,white,0.6666666666666666,0.0,0.6666666666666666
fills,stabilizing the glass dish,0.0,0.0,0.0
on top,not visible in image,0.0,0.0,0.0
white,white,1.0,0.0,1.0
blueberries,blueberries,1.0,0.0,1.0
brown,golden brown,0.6666666666666666,0.0,0.6666666666666666
blueberries,sweet filling,0.0,0.0,0.0
on the plate,on the plate,1.0,1.0,1.0
golden brown,light golden,0.5,0.0,0.5
crepe,a crepe,0.6666666666666666,0.0,0.6666666666666666
darker,golden brown and crispy,0.0,0.0,0.0
in the center,center of the image,0.5714285714285715,0.0,0.28571428571428575
purple,purple,1.0,0.0,1.0
rolls,crescent shape,0.0,0.0,0.0
golden brown ,golden brown,1.0,1.0,1.0
flaky dough,chocolate or chocolate-based spread,0.0,0.0,0.0
on the lower right,behind and to the right,0.4444444444444445,0.0,0.4444444444444445
golden-yellow,yellow,0.6666666666666666,0.0,0.6666666666666666
overlap,circular layered effect,0.0,0.0,0.0
cheese,cheese crisps,0.6666666666666666,0.0,0.6666666666666666
lacy,crispy and brittle,0.0,0.0,0.0
on the upper-left,left side of plate,0.25,0.0,0.25
white,white,1.0,0.0,1.0
brown,brown,1.0,0.0,1.0
on a white plate,on a white plate,1.0,1.0,1.0
the crisp in the front,front right,0.28571428571428575,0.0,0.28571428571428575
green,light green,0.6666666666666666,0.0,0.6666666666666666
cones,crescent shaped,0.0,0.0,0.0
golden-brown,not in the image,0.0,0.0,0.0
lies,upside-down,0.0,0.0,0.0
brown,brown,1.0,0.0,1.0
croquettes,meatballs,0.0,0.0,0.0
dark,darker shade of brown,0.0,0.0,0.0
on a plate,on a plate,1.0,1.0,1.0
arranged,circular pattern,0.0,0.0,0.0
yummylicious,golden brown,0.0,0.0,0.0
croquettes,arancini,0.0,0.0,0.0
golden,golden brown,0.6666666666666666,0.0,0.6666666666666666
on a silver metal rack,baking tray,0.0,0.0,0.0
brown,golden brown,0.6666666666666666,0.0,0.6666666666666666
beige,off-white,0.0,0.0,0.0
croquettes,crab cakes,0.0,0.0,0.0
golden brown,golden brown,1.0,1.0,1.0
resting on the plate,on a bed,0.28571428571428575,0.0,0.28571428571428575
yes,no,0.0,0.0,0.0
pie,crumble pie,0.6666666666666666,0.0,0.6666666666666666
green,green,1.0,0.0,1.0
off-white,white,0.6666666666666666,0.0,0.6666666666666666
on a white plate,on a white plate,1.0,1.0,1.0
red,not raspberries,0.0,0.0,0.0
bowl,white ramekin,0.0,0.0,0.0
orange,yellow and orange,0.5,0.0,0.5
mixed,layered pattern,0.0,0.0,0.0
on top of,on top,0.8,0.6666666666666666,0.8
red,red,1.0,0.0,1.0
bowl,white ceramic dish,0.0,0.0,0.0
yes,yes it is,0.5,0.0,0.5
golden-brown,light brown,0.5,0.0,0.5
at the bottom,bottom of the dish,0.5714285714285715,0.0,0.28571428571428575
pie,berry crumble pie,0.5,0.0,0.5
red,no raspberries present,0.0,0.0,0.0
beneath,bottom of the crumble,0.0,0.0,0.0
brown,light brown,0.6666666666666666,0.0,0.6666666666666666
green,lime green,0.6666666666666666,0.0,0.6666666666666666
scattered,scattered throughout,0.6666666666666666,0.0,0.6666666666666666
brown,light brown,0.6666666666666666,0.0,0.6666666666666666
berries,dried cranberries,0.0,0.0,0.0
atop,small green bowl,0.0,0.0,0.0
golden-brown,light brown,0.5,0.0,0.5
pie,baked pie,0.6666666666666666,0.0,0.6666666666666666
lattice,lattice pattern,0.6666666666666666,0.0,0.6666666666666666
across the entire top,top of the pie,0.5,0.0,0.25
leaves,two leaves,0.6666666666666666,0.0,0.6666666666666666
yellow,light beige,0.0,0.0,0.0
pie,unbaked pie crust,0.5,0.0,0.5
crust,the crust,0.6666666666666666,0.0,0.6666666666666666
crimped,crimped,1.0,0.0,1.0
in the center,center of the image,0.5714285714285715,0.0,0.28571428571428575
golden,light beige,0.0,0.0,0.0
pie,a pie,0.6666666666666666,0.0,0.6666666666666666
red,red,1.0,0.0,1.0
tan,light yellow,0.0,0.0,0.0
dripping,drizzling down the side,0.0,0.0,0.0
tan,golden brown,0.0,0.0,0.0
premium,crispy,0.0,0.0,0.0
cheese,cheese,1.0,0.0,1.0
in the lower portion,foreground of the image,0.25,0.0,0.25
green,pale green,0.6666666666666666,0.0,0.6666666666666666
cucumbers,cucumber,1.0,0.0,1.0
white,white,1.0,0.0,1.0
creamy,thick and creamy,0.5,0.0,0.5
throughout the image,throughout the bowl,0.6666666666666666,0.5,0.6666666666666666
white,white,1.0,0.0,1.0
salad,caprese salad,0.6666666666666666,0.0,0.6666666666666666
red,red,1.0,0.0,1.0
on a plate,on a white plate,0.8571428571428571,0.4,0.8571428571428571
green,green,1.0,0.0,1.0
green,light green,0.6666666666666666,0.0,0.6666666666666666
salad,mixing bowl,0.0,0.0,0.0
visible,yes,0.0,0.0,0.0
white,white,1.0,0.0,1.0
inside a transparent bowl,in a glass bowl,0.5,0.0,0.5
green,green,1.0,0.0,1.0
cucumbers,cucumber,1.0,0.0,1.0
sliced,thin uniform slices,0.5,0.0,0.5
on their surfaces,on top of salad,0.28571428571428575,0.0,0.28571428571428575
fresh,thinly sliced,0.0,0.0,0.0
cucumbers,cucumber,1.0,0.0,1.0
green,green,1.0,0.0,1.0
overlapping,random pattern,0.0,0.0,0.0
yellow,yellow,1.0,0.0,1.0
margaritas,margarita,1.0,0.0,1.0
white,white,1.0,0.0,1.0
cucumber,cucumber,1.0,0.0,1.0
on the rim,rim of the glasses,0.5714285714285715,0.0,0.28571428571428575
green,green,1.0,0.0,1.0
cucumber,cucumber,1.0,0.0,1.0
wooden,wooden surface,0.6666666666666666,0.0,0.6666666666666666
cucumbers,cucumbers,1.0,0.0,1.0
fill,refreshing crunch and flavor,0.0,0.0,0.0
white,white,1.0,0.0,1.0
in a shallow bowl,in a bowl,0.8571428571428571,0.4,0.8571428571428571
white,white with grey,0.5,0.0,0.5
golden-brown,light brown,0.5,0.0,0.5
on a white surface,on a white plate,0.75,0.6666666666666666,0.75
pink,pink,1.0,0.0,1.0
reddish-brown,brown,0.6666666666666666,0.0,0.6666666666666666
cupcake,cupcake,1.0,0.0,1.0
on the plate,on a plate,0.6666666666666666,0.0,0.6666666666666666
yellow,yellow-orange,0.6666666666666666,0.0,0.6666666666666666
curd,custard or pudding,0.0,0.0,0.0
glass,dessert,0.0,0.0,0.0
submerged inside,in the curd,0.0,0.0,0.0
smooth,smooth and creamy,0.5,0.0,0.5
curry,bowl of curry,0.5,0.0,0.5
white,white,1.0,0.0,1.0
golden-brown,yellow,0.0,0.0,0.0
on top of,middle of the curry,0.28571428571428575,0.0,0.28571428571428575
covering,decorating the cake,0.0,0.0,0.0
cake,cake with pink frosting,0.4,0.0,0.4
roses,roses,1.0,0.0,1.0
swirling,circular pattern,0.0,0.0,0.0
over the entire surface,top and sides,0.0,0.0,0.0
yellow,light yellow,0.6666666666666666,0.0,0.6666666666666666
custard,ice cream,0.0,0.0,0.0
into the custard,in the ice cream,0.28571428571428575,0.0,0.28571428571428575
orange-brown,orange,0.6666666666666666,0.0,0.6666666666666666
custard,pumpkin pudding,0.0,0.0,0.0
fills,fills it,0.6666666666666666,0.0,0.6666666666666666
white,white,1.0,0.0,1.0
on the plate,on a plate,0.6666666666666666,0.0,0.6666666666666666
pale,white,0.0,0.0,0.0
chicken,chicken,1.0,0.0,1.0
brown,green,0.0,0.0,0.0
on top,top of the chicken,0.3333333333333333,0.0,0.3333333333333333
red,red,1.0,0.0,1.0
white,white,1.0,0.0,1.0
immersing,enveloping the chakolya pieces,0.0,0.0,0.0
dark,black brown and red,0.0,0.0,0.0
spices,cumin seeds,0.0,0.0,0.0
across the bowl,yellow curry-like sauce,0.0,0.0,0.0
raspberry,cherries or raspberries,0.5,0.0,0.5
golden-brown,golden brown,1.0,1.0,1.0
plate,white rectangular plate,0.5,0.0,0.5
red,deep rich red,0.5,0.0,0.5
on a plate,on a white platter,0.5714285714285715,0.4,0.5714285714285715
Turkish Delight,hard candy,0.0,0.0,0.0
coated,powdered sugar,0.0,0.0,0.0
white,white,1.0,0.0,1.0
scattered,scattered pattern,0.6666666666666666,0.0,0.6666666666666666
across the frame,on a white surface,0.0,0.0,0.0
dessert,strawberry shortcake,0.0,0.0,0.0
taking,piercing a piece,0.0,0.0,0.0
white,white,1.0,0.0,1.0
on top,on top of dessert,0.6666666666666666,0.5,0.6666666666666666
glossy,smooth and syrupy,0.0,0.0,0.0
baking,baked,1.0,0.0,1.0
yellow,yellow,1.0,0.0,1.0
melted,melted and creamy,0.5,0.0,0.5
in a clear glass,glass baking dish,0.28571428571428575,0.0,0.28571428571428575
filling,being served,0.0,0.0,0.0
bean,black bean dip,0.5,0.0,0.5
brown-black,dark brown,0.5,0.0,0.5
in the center-left,bottom left,0.3333333333333333,0.0,0.3333333333333333
white,white,1.0,0.0,1.0
pizza,dip,0.0,0.0,0.0
red,red,1.0,0.0,1.0
across the surface,cheese pepperoni onions,0.0,0.0,0.0
green,green,1.0,0.0,1.0
golden-brown,light brown,0.5,0.0,0.5
corn dogs,corn dogs,1.0,1.0,1.0
reddish-brown,brown,0.6666666666666666,0.0,0.6666666666666666
on a white plate,on a white plate,1.0,1.0,1.0
chocolate,chocolate,1.0,0.0,1.0
donuts,chocolate donuts,0.6666666666666666,0.0,0.6666666666666666
brown,dark brown,0.6666666666666666,0.0,0.6666666666666666
in the bottom left,top-right corner,0.0,0.0,0.0
white,white,1.0,0.0,1.0
pierogi,pierogies,1.0,0.0,1.0
beige,light beige,0.6666666666666666,0.0,0.6666666666666666
on plate,on a white plate,0.6666666666666666,0.0,0.6666666666666666
fried,no they are not,0.0,0.0,0.0
brown,brown with white,0.5,0.0,0.5
doughnuts,donuts,0.0,0.0,0.0
yellow,white,0.0,0.0,0.0
stacked,pyramid shape,0.0,0.0,0.0
on top of,middle of the pile,0.28571428571428575,0.0,0.28571428571428575
doughnuts,beignets,0.0,0.0,0.0
white,white,1.0,0.0,1.0
in the center,center of the image,0.5714285714285715,0.0,0.28571428571428575
orange-brown,light brown,0.5,0.0,0.5
doughnuts,donut,0.0,0.0,0.0
maple,pumpkin spice,0.0,0.0,0.0
green,green,1.0,0.0,1.0
vanilla,coconut or vanilla,0.5,0.0,0.5
tan,white,0.0,0.0,0.0
in the front,left side,0.0,0.0,0.0
salad,salad,1.0,0.0,1.0
Best,light and refreshing,0.0,0.0,0.0
brownish,dark orange,0.0,0.0,0.0
black,black,1.0,0.0,1.0
in the lower-left corner,lower-left corner,0.7499999999999999,0.6666666666666666,0.7499999999999999
orange,light orange-pink,0.5,0.0,0.5
salad,glass rectangular container,0.0,0.0,0.0
drizzled,pouring it over,0.0,0.0,0.0
top of the salad,middle of the salad,0.75,0.6666666666666666,0.75
lettuce,lettuce,1.0,0.0,1.0
white,white,1.0,0.0,1.0
bowl,small bowl or ramekin,0.4,0.0,0.4
brown,brownish-orange,0.0,0.0,0.0
wasabi,oil,0.0,0.0,0.0
towards the upper-right,upper right corner,0.5714285714285715,0.4,0.5714285714285715
orange-red,dark orange,0.5,0.0,0.5
fills,thickening the liquid,0.0,0.0,0.0
pitcher,glass or plastic bottle,0.0,0.0,0.0
white,white,1.0,0.0,1.0
to the bottom left,left of the pitcher,0.5,0.0,0.25
yellow,beige,0.0,0.0,0.0
jar,glass jar,0.6666666666666666,0.0,0.6666666666666666
creamy,thick and creamy,0.5,0.0,0.5
greenish,light yellow,0.0,0.0,0.0
on a red surface,red cutting board,0.28571428571428575,0.0,0.28571428571428575
crispy,crispy and slightly charred,0.4,0.0,0.4
drumsticks,drumsticks,1.0,0.0,1.0
white,white,1.0,0.0,1.0
blue,blue and white,0.5,0.0,0.5
on a plate,on a white plate,0.8571428571428571,0.4,0.8571428571428571
decorative,serving dish,0.0,0.0,0.0
drumsticks,rabbit,0.0,0.0,0.0
pinkish-tan,no drumstick visible,0.0,0.0,0.0
on the left,left side of plate,0.28571428571428575,0.0,0.28571428571428575
green,green,1.0,0.0,1.0
pink,pinkish-white,0.0,0.0,0.0
duck,turkey,0.0,0.0,0.0
sliced,roasting,0.0,0.0,0.0
yellow,light yellow,0.6666666666666666,0.0,0.6666666666666666
to the left,top left corner,0.3333333333333333,0.0,0.3333333333333333
Duck Adobo,stew or braise,0.0,0.0,0.0
covering,being absorbed into rice,0.0,0.0,0.0
white,white,1.0,0.0,1.0
glossy,dark brown glossy glaze,0.4,0.0,0.4
in the center,bottom left corner,0.0,0.0,0.0
brown,golden brown,0.6666666666666666,0.0,0.6666666666666666
duck,roasted chicken,0.0,0.0,0.0
crispy,crispy and golden brown,0.4,0.0,0.4
green,green,1.0,0.0,1.0
on an oval platter,white plate,0.0,0.0,0.0
golden-brown,brown,0.6666666666666666,0.0,0.6666666666666666
dumplings,dessert,0.0,0.0,0.0
metal,stainless steel,0.0,0.0,0.0
in a metal baking pan,baking dish,0.28571428571428575,0.0,0.28571428571428575
amber,dark amber,0.6666666666666666,0.0,0.6666666666666666
yellow,yellow,1.0,0.0,1.0
egg,eggs,1.0,0.0,1.0
sprinkled on,on the eggs,0.4,0.0,0.4
white,light cream,0.0,0.0,0.0
translucent,protein-rich clear liquid,0.0,0.0,0.0
golden-brown,light brown,0.5,0.0,0.5
eggs,hard-boiled egg,0.5,0.0,0.5
white,yellow,0.0,0.0,0.0
on a plate,white plate,0.4,0.0,0.4
yellow,yellow,1.0,0.0,1.0
golden-brown,golden brown,1.0,1.0,1.0
eggnog,bread-based dish,0.0,0.0,0.0
white,white marble,0.6666666666666666,0.0,0.6666666666666666
on top,on the plate,0.4,0.0,0.4
syrup,maple syrup,0.6666666666666666,0.0,0.6666666666666666
round,spherical,0.0,0.0,0.0
eggplant,meatballs,0.0,0.0,0.0
white,white,1.0,0.0,1.0
in the top-center,right side of dish,0.0,0.0,0.0
eggplant,eggplant,1.0,0.0,1.0
red,red,1.0,0.0,1.0
on top of,underneath the eggplant rollatini,0.0,0.0,0.0
golden-brown,light brown,0.5,0.0,0.5
empanada,empanadas,1.0,0.0,1.0
white,white,1.0,0.0,1.0
on a patterned napkin,on a white napkin,0.75,0.3333333333333333,0.75
creamy,soft and tender,0.0,0.0,0.0
yellow,yellow orange and red,0.4,0.0,0.4
scattered across,top of the casserole,0.0,0.0,0.0
red,red,1.0,0.0,1.0
peeks,corners of the dish,0.0,0.0,0.0
white,white,1.0,0.0,1.0
popcorn,popcorn,1.0,0.0,1.0
spilling out,yes it is,0.0,0.0,0.0
brown,light brown,0.6666666666666666,0.0,0.6666666666666666
tilted,yes,0.0,0.0,0.0
red,green,0.0,0.0,0.0
popcorn,popcorn,1.0,0.0,1.0
peppermint,candy cane,0.0,0.0,0.0
glass,glass,1.0,0.0,1.0
in a bowl,in a glass bowl,0.8571428571428571,0.4,0.8571428571428571
blue,blue,1.0,0.0,1.0
bowl,a bowl,0.6666666666666666,0.0,0.6666666666666666
white,white,1.0,0.0,1.0
keto,low-carb diet,0.0,0.0,0.0
poppers,poppers,1.0,0.0,1.0
green,green,1.0,0.0,1.0
white,pale yellow or off-white,0.33333333333333337,0.0,0.33333333333333337
on a black metal rack,air fryer basket,0.0,0.0,0.0
gray,dark gray,0.6666666666666666,0.0,0.6666666666666666
poppers,cookie or pastry,0.0,0.0,0.0
wrapped,in a black bowl,0.0,0.0,0.0
green,green,1.0,0.0,1.0
green,green,1.0,0.0,1.0
jalapeño,jalapeño pepper,0.8,0.6666666666666666,0.8
bacon,bacon,1.0,0.0,1.0
on a white plate,on a white plate,1.0,1.0,1.0
crisp,cooked and crispy,0.0,0.0,0.0
green,green,1.0,0.0,1.0
poppers,jalapeño poppers,0.5,0.0,0.5
cream cheese,cream cheese and cheese,0.6666666666666666,0.5,0.6666666666666666
orange,orange and yellow,0.5,0.0,0.5
white,orange,0.0,0.0,0.0
chicken,chicken,1.0,0.0,1.0
orange,orange,1.0,0.0,1.0
on top,on top of soup,0.6666666666666666,0.5,0.6666666666666666
brown,light brown,0.6666666666666666,0.0,0.6666666666666666
light,white,0.0,0.0,0.0
potatoes,mashed potatoes,0.6666666666666666,0.0,0.6666666666666666
black,black,1.0,0.0,1.0
at the center,middle of the bowl,0.28571428571428575,0.0,0.28571428571428575
potatoes,potatoes,1.0,0.0,1.0
brown,brown,1.0,0.0,1.0
reddish-brown,reddish-brown,1.0,1.0,1.0
coated,thick sticky and smooth,0.0,0.0,0.0
on the plate,on a plate,0.6666666666666666,0.0,0.6666666666666666
yellow,golden brown,0.0,0.0,0.0
potatoes,hash brown,0.0,0.0,0.0
crispy,crispy,1.0,0.0,1.0
fork,a fork,0.6666666666666666,0.0,0.6666666666666666
on the left,left of the potatoes,0.5714285714285715,0.0,0.28571428571428575
spiced,salt pepper and garlic,0.0,0.0,0.0
potatoes,potatoes,1.0,0.0,1.0
yellowish-tan,light brown,0.0,0.0,0.0
across the entire image,top of the image,0.5,0.0,0.5
brown,brown,1.0,0.0,1.0
potato,potato,1.0,0.0,1.0
yellow,golden brown,0.0,0.0,0.0
scattered,scattered throughout the dish,0.4,0.0,0.4
roasting,baking,0.0,0.0,0.0
in the dish,center of the image,0.28571428571428575,0.0,0.28571428571428575
brown,dark brown,0.6666666666666666,0.0,0.6666666666666666
potatoes,baked potato,0.6666666666666666,0.0,0.6666666666666666
green,green,1.0,0.0,1.0
on top,on top of potatoes,0.6666666666666666,0.5,0.6666666666666666
checkered,gingham pattern,0.0,0.0,0.0
light brown,light brown,1.0,1.0,1.0
pralines,pecan pralines,0.6666666666666666,0.0,0.6666666666666666
reddish-brown,light brown,0.5,0.0,0.5
on a plate,on a plate,1.0,1.0,1.0
visible,yes it is,0.0,0.0,0.0
white,white,1.0,0.0,1.0
prawns,shrimp,0.0,0.0,0.0
orange-brown,orange,0.6666666666666666,0.0,0.6666666666666666
on a plate,on a white plate,0.8571428571428571,0.4,0.8571428571428571
beige,white,0.0,0.0,0.0
pudding,tiramisu,0.0,0.0,0.0
cinnamon,cinnamon,1.0,0.0,1.0
brown,dark brown,0.6666666666666666,0.0,0.6666666666666666
golden-yellow,yellow,0.6666666666666666,0.0,0.6666666666666666
pudding,corn pudding,0.6666666666666666,0.0,0.6666666666666666
creamy,smooth and creamy,0.5,0.0,0.5
on a white plate,on a white plate,1.0,1.0,1.0
corn,corn,1.0,0.0,1.0
white,white,1.0,0.0,1.0
tan,golden brown,0.0,0.0,0.0
filling,cream or custard,0.0,0.0,0.0
cracked,golden brown,0.0,0.0,0.0
to the left,left side of plate,0.28571428571428575,0.0,0.28571428571428575
yellow,white,0.0,0.0,0.0
loaves,pound cakes,0.0,0.0,0.0
brown,brown,1.0,0.0,1.0
on top,top of each loaf,0.3333333333333333,0.0,0.3333333333333333
mottled,marble loaf,0.0,0.0,0.0
orange,yellow-orange,0.6666666666666666,0.0,0.6666666666666666
bowl,white wavy-edged bowl,0.4,0.0,0.4
fills,no,0.0,0.0,0.0
thick,yes it is,0.0,0.0,0.0
in the center,center of the bowl,0.5714285714285715,0.0,0.28571428571428575
white,white,1.0,0.0,1.0
bowl,mortar and pestle,0.0,0.0,0.0
beige,off-white,0.0,0.0,0.0
at the bottom,in front of bowl,0.0,0.0,0.0
glasses,glass,1.0,0.0,1.0
wooden,wood,0.0,0.0,0.0
green,green,1.0,0.0,1.0
on a wooden board,on a wooden board,1.0,1.0,1.0
mug,clear glass mug,0.5,0.0,0.5
red,reddish-brown,0.0,0.0,0.0
brown,golden-brown,0.6666666666666666,0.0,0.6666666666666666
quesadillas,dessert or bread,0.0,0.0,0.0
golden,golden yellow,0.6666666666666666,0.0,0.6666666666666666
on top,i cannot provide information,0.0,0.0,0.0
brown,light brown,0.6666666666666666,0.0,0.6666666666666666
quesadillas,quesadillas,1.0,0.0,1.0
red-orange,reddish-brown,0.0,0.0,0.0
on top,on top of quesadilla,0.6666666666666666,0.5,0.6666666666666666
yellow,yellow and orange,0.5,0.0,0.5
queso,cheddar and monterey jack,0.0,0.0,0.0
melted,melted and drizzled,0.5,0.0,0.5
creamy,smooth and creamy,0.5,0.0,0.5
over a pile,tortilla chips,0.0,0.0,0.0
chips,cheese sauce,0.0,0.0,0.0
golden-brown,golden brown,1.0,1.0,1.0
green,green,1.0,0.0,1.0
on a white plate,on a white plate,1.0,1.0,1.0
colorful,variety of vegetables,0.0,0.0,0.0
soup,minestrone,0.0,0.0,0.0
orange,orange,1.0,0.0,1.0
on the right,upper left and middle,0.0,0.0,0.0
sprinkled,chopped herbs,0.0,0.0,0.0
reddish-brown,reddish hue,0.5,0.0,0.5
quinoa,bulgur,0.0,0.0,0.0
fills,mixed with black beans,0.0,0.0,0.0
green,green,1.0,0.0,1.0
in the center,middle of the dish,0.28571428571428575,0.0,0.28571428571428575
cheesy,mayonnaise,0.0,0.0,0.0
quinoa,quinoa,1.0,0.0,1.0
yellow,red white and black,0.0,0.0,0.0
green,green,1.0,0.0,1.0
fills,mixed with vegetables,0.0,0.0,0.0
quinoa,quinoa,1.0,0.0,1.0
beige,white,0.0,0.0,0.0
green,green,1.0,0.0,1.0
within the quinoa,center of the image,0.28571428571428575,0.0,0.28571428571428575
quinoa,quinoa,1.0,0.0,1.0
red,purple,0.0,0.0,0.0
in,in a white bowl,0.4,0.0,0.4
pink,pink and red,0.5,0.0,0.5
radishes,radishes,1.0,0.0,1.0
bowl,a bowl,0.6666666666666666,0.0,0.6666666666666666
silver,silver,1.0,0.0,1.0
in the bottom center,at the bottom,0.5714285714285715,0.4,0.5714285714285715
dark green,green,0.6666666666666666,0.0,0.6666666666666666
radish,turnip,0.0,0.0,0.0
purple,purple,1.0,0.0,1.0
distributed throughout,asia and europe,0.0,0.0,0.0
cheese,feta cheese,0.6666666666666666,0.0,0.6666666666666666
white,white,1.0,0.0,1.0
radish,jicama,0.0,0.0,0.0
dispersed,intermingled and overlapping,0.0,0.0,0.0
orange,orange,1.0,0.0,1.0
at the bottom,top of the bowl,0.28571428571428575,0.0,0.28571428571428575
golden-brown,golden brown,1.0,1.0,1.0
pie,pie,1.0,0.0,1.0
silver,aluminum foil,0.0,0.0,0.0
raisins,chocolate,0.0,0.0,0.0
golden brown,light brown,0.5,0.0,0.5
pie,pie,1.0,0.0,1.0
white,light yellow,0.0,0.0,0.0
on top,top of the pie,0.3333333333333333,0.0,0.3333333333333333
meringue,top crust,0.0,0.0,0.0
green,green,1.0,0.0,1.0
bowl,green bowl,0.6666666666666666,0.0,0.6666666666666666
ramen,ramen noodles,0.6666666666666666,0.0,0.6666666666666666
on top,upper middle portion,0.0,0.0,0.0
cheesy,savory and slightly sweet,0.0,0.0,0.0
noodles,noodles,1.0,0.0,1.0
yellow,yellow,1.0,0.0,1.0
on top,on top of noodles,0.6666666666666666,0.5,0.6666666666666666
scallions,chili oil or sauce,0.0,0.0,0.0
white,white,1.0,0.0,1.0
bowl,white bowl,0.6666666666666666,0.0,0.6666666666666666
yellow,yellow,1.0,0.0,1.0
on top,left side of bowl,0.0,0.0,0.0
red,red,1.0,0.0,1.0
yellow,white,0.0,0.0,0.0
bowl,a bowl,0.6666666666666666,0.0,0.6666666666666666
scallions,green onions,0.0,0.0,0.0
green,green,1.0,0.0,1.0
on top of,on top of noodles,0.8571428571428571,0.8,0.8571428571428571
fresh,golden brown and flaky,0.0,0.0,0.0
turnovers,strawberry turnovers,0.6666666666666666,0.0,0.6666666666666666
white,white,1.0,0.0,1.0
red,red,1.0,0.0,1.0
on a plate,on a plate,1.0,1.0,1.0
red,red,1.0,0.0,1.0
pitcher,glass pitcher,0.6666666666666666,0.0,0.6666666666666666
wooden,wood,0.0,0.0,0.0
on the wooden surface,on a wooden table,0.5,0.0,0.5
yellow,light yellow,0.6666666666666666,0.0,0.6666666666666666
browning,curled or folded,0.0,0.0,0.0
chicken,chicken,1.0,0.0,1.0
creamy,creamy and smooth,0.5,0.0,0.5
at the bottom,under creamy white sauce,0.0,0.0,0.0
hot,yes,0.0,0.0,0.0
on top of,on top,0.8,0.6666666666666666,0.8
onions,onion and relish,0.5,0.0,0.5
red,red,1.0,0.0,1.0
orange,yellow,0.0,0.0,0.0
white,white,1.0,0.0,1.0
relish,peppers onions tomatoes spices,0.0,0.0,0.0
red,red,1.0,0.0,1.0
on,on top of cream,0.4,0.0,0.4
vegetables,onions red peppers tomatoes,0.0,0.0,0.0
red,dark red,0.6666666666666666,0.0,0.6666666666666666
cranberries,strawberries blackberries blueberries,0.0,0.0,0.0
walnuts,walnuts,1.0,0.0,1.0
in the center,glass baking dish,0.0,0.0,0.0
yellow,pale yellow,0.6666666666666666,0.0,0.6666666666666666
zucchini,yellow squash,0.0,0.0,0.0
mixed,random pattern,0.0,0.0,0.0
red,purple and red,0.5,0.0,0.5
in the mix,lower left corner,0.0,0.0,0.0
white,white,1.0,0.0,1.0
cake,cake or muffin,0.5,0.0,0.5
golden-brown,golden brown,1.0,1.0,1.0
on a plate,on a white plate,0.8571428571428571,0.4,0.8571428571428571
rhubarb,strawberries,0.0,0.0,0.0
golden-brown,light yellow,0.0,0.0,0.0
cake,cake or pie,0.5,0.0,0.5
red,red,1.0,0.0,1.0
on a plate,center of the image,0.0,0.0,0.0
pink,pink,1.0,0.0,1.0
rough,crumbly texture,0.0,0.0,0.0
cookies,cookies,1.0,0.0,1.0
pinkish-red,deep pink,0.0,0.0,0.0
on a plate,on a plate,1.0,1.0,1.0
purple,light brown,0.0,0.0,0.0
red,red,1.0,0.0,1.0
salad,dessert or side dish,0.0,0.0,0.0
white,white,1.0,0.0,1.0
atop the salad,on top,0.0,0.0,0.0
applesauce,apple sauce,0.0,0.0,0.0
bowl,white,0.0,0.0,0.0
red,red,1.0,0.0,1.0
red,red color,0.6666666666666666,0.0,0.6666666666666666
silver,silver,1.0,0.0,1.0
reddish-brown,reddish-brown,1.0,1.0,1.0
ribs,pork ribs,0.6666666666666666,0.0,0.6666666666666666
foreground,foreground of the image,0.4,0.0,0.4
green,green,1.0,0.0,1.0
white,white,1.0,0.0,1.0
on top,on top of rice,0.6666666666666666,0.5,0.6666666666666666
reddish-orange,orange,0.6666666666666666,0.0,0.6666666666666666
rice,rice,1.0,0.0,1.0
green,not visible,0.0,0.0,0.0
sausage,tomato based sauce,0.0,0.0,0.0
easy,yes it is,0.0,0.0,0.0
rice,rice,1.0,0.0,1.0
orange-red,light orange,0.5,0.0,0.5
on the right side,middle of the bowl,0.25,0.0,0.25
green,green,1.0,0.0,1.0
rice,yellow rice,0.6666666666666666,0.0,0.6666666666666666
fills,main subject,0.0,0.0,0.0
silver,stainless steel,0.0,0.0,0.0
wooden,wood,0.0,0.0,0.0
throughout,on top,0.0,0.0,0.0
white,white,1.0,0.0,1.0
rigatoni,rigatoni,1.0,0.0,1.0
golden-yellow,yellow-orange,0.5,0.0,0.5
on a white plate,on a white plate,1.0,1.0,1.0
green,green,1.0,0.0,1.0
green,green,1.0,0.0,1.0
scattered,throughout the dish,0.0,0.0,0.0
red,red,1.0,0.0,1.0
on the egg,on top of dish,0.28571428571428575,0.0,0.28571428571428575
risotto,stir-fry,0.0,0.0,0.0
brown,red,0.0,0.0,0.0
scattered,scattered throughout the dish,0.4,0.0,0.4
on the left,right side,0.0,0.0,0.0
white,white,1.0,0.0,1.0
roast,beef stew,0.0,0.0,0.0
brown,brown,1.0,0.0,1.0
within,middle of the dish,0.0,0.0,0.0
green,green,1.0,0.0,1.0
pink,pink,1.0,0.0,1.0
roast,oven roasting,0.6666666666666666,0.0,0.6666666666666666
on a wooden cutting board,cutting board,0.5714285714285715,0.4,0.5714285714285715
golden,light brown,0.0,0.0,0.0
rolls,buns,0.0,0.0,0.0
brown,golden brown,0.6666666666666666,0.0,0.6666666666666666
on top,top of the buns,0.3333333333333333,0.0,0.3333333333333333
adjacent,staggered pattern,0.0,0.0,0.0
golden-brown,golden brown,1.0,1.0,1.0
rolls,dinner rolls,0.6666666666666666,0.0,0.6666666666666666
stacked,circular pattern,0.0,0.0,0.0
lighter,golden brown,0.0,0.0,0.0
towards the top-left area,in a clear glass bowl,0.0,0.0,0.0
light pink,light pink,1.0,1.0,1.0
salami,salami,1.0,0.0,1.0
white,white,1.0,0.0,1.0
yellow-orange,yellow,0.6666666666666666,0.0,0.6666666666666666
in the center,middle of the roll-up,0.25,0.0,0.25
BBQ,spice rub,0.0,0.0,0.0
jar,glass jar,0.6666666666666666,0.0,0.6666666666666666
submerged,on top,0.0,0.0,0.0
silver,silver,1.0,0.0,1.0
in the center,left side,0.0,0.0,0.0
brownish,dark brown,0.0,0.0,0.0
fish,fish,1.0,0.0,1.0
green,green,1.0,0.0,1.0
on top of,on top of salad,0.8571428571428571,0.8,0.8571428571428571
salad,salad made of lettuce,0.4,0.0,0.4
jar,glass mason jar,0.5,0.0,0.5
brown,light brown,0.6666666666666666,0.0,0.6666666666666666
on the wooden surface,on a wooden surface,0.75,0.3333333333333333,0.75
spilled,spilled onto the countertop,0.4,0.0,0.4
scattered,not on the bottom-right,0.0,0.0,0.0
reddish-brown,brown,0.6666666666666666,0.0,0.6666666666666666
spoon,spoon,1.0,0.0,1.0
silver,silver,1.0,0.0,1.0
on top of,center of the pile,0.28571428571428575,0.0,0.28571428571428575
bread,bread,1.0,0.0,1.0
halved,sliced format,0.0,0.0,0.0
sits on,upper portion of board,0.0,0.0,0.0
yellow,light beige,0.0,0.0,0.0
loaf,loaf shape,0.6666666666666666,0.0,0.6666666666666666
chicken salad,tuna salad,0.5,0.0,0.5
green,dark green,0.6666666666666666,0.0,0.6666666666666666
in the center,on a wooden board,0.0,0.0,0.0
cracker,saltine cracker,0.6666666666666666,0.0,0.6666666666666666
dark green,dark green,1.0,1.0,1.0
salad,salad,1.0,0.0,1.0
located throughout,bottom of the bowl,0.0,0.0,0.0
peach,yellow-orange,0.0,0.0,0.0
halloumi,halloumi,1.0,0.0,1.0
creamy,smooth and velvety,0.0,0.0,0.0
bowl,glass bowl,0.6666666666666666,0.0,0.6666666666666666
red,red,1.0,0.0,1.0
adding,topped with whipped cream,0.0,0.0,0.0
on top,on top,1.0,1.0,1.0
white,white,1.0,0.0,1.0
green,green,1.0,0.0,1.0
bowl,white bowl,0.6666666666666666,0.0,0.6666666666666666
throughout,throughout the image,0.5,0.0,0.5
green,green,1.0,0.0,1.0
salad,fruit salad,0.6666666666666666,0.0,0.6666666666666666
large,quite large,0.6666666666666666,0.0,0.6666666666666666
interspersed,uniform pattern,0.0,0.0,0.0
against the base,around the salad,0.3333333333333333,0.0,0.3333333333333333
white,white,1.0,0.0,1.0
scattered,sprinkled throughout the salad,0.0,0.0,0.0
green onions,green onions,1.0,1.0,1.0
brown,light brown,0.6666666666666666,0.0,0.6666666666666666
on a white plate,in a white bowl,0.5,0.3333333333333333,0.5
red,red,1.0,0.0,1.0
salad,dandelion leaves,0.0,0.0,0.0
spread,loose casual arrangement,0.0,0.0,0.0
purple,white,0.0,0.0,0.0
among the leaves,top of the salad,0.28571428571428575,0.0,0.28571428571428575
red,red,1.0,0.0,1.0
halved,halved and quartered,0.5,0.0,0.5
cucumbers,cucumber,1.0,0.0,1.0
dill,dill,1.0,0.0,1.0
on top,top of the salad,0.3333333333333333,0.0,0.3333333333333333
red,red,1.0,0.0,1.0
bowl,a bowl,0.6666666666666666,0.0,0.6666666666666666
silver,stainless steel,0.0,0.0,0.0
green,yellowish-green,0.6666666666666666,0.0,0.6666666666666666
inside a silver bowl,on the stovetop,0.0,0.0,0.0
light,green,0.0,0.0,0.0
cucumbers,cucumber,1.0,0.0,1.0
red,red,1.0,0.0,1.0
throughout the blue bowl,in the bowl,0.5714285714285715,0.0,0.5714285714285715
green,green,1.0,0.0,1.0
salad,a salad,0.6666666666666666,0.0,0.6666666666666666
yellow,yellow,1.0,0.0,1.0
across the top,on top,0.4,0.0,0.4
white,white,1.0,0.0,1.0
black,black,1.0,0.0,1.0
salad,corn and black bean,0.0,0.0,0.0
white,white,1.0,0.0,1.0
yellow,yellow,1.0,0.0,1.0
white,white,1.0,0.0,1.0
rice,rice,1.0,0.0,1.0
green,dark green,0.6666666666666666,0.0,0.6666666666666666
with,rice and collard greens,0.0,0.0,0.0
orange,orange-brown,0.6666666666666666,0.0,0.6666666666666666
salsa,tortilla chips,0.0,0.0,0.0
white,blue,0.0,0.0,0.0
tomatoes,tomatoes,1.0,0.0,1.0
in a bowl,in the center,0.3333333333333333,0.0,0.3333333333333333
colorful,red yellow green orange,0.0,0.0,0.0
bowl,small white bowl,0.5,0.0,0.5
apricot,pineapple,0.0,0.0,0.0
green,green,1.0,0.0,1.0
within the mixture,top-right portion,0.0,0.0,0.0
murky,brown,0.0,0.0,0.0
white,white,1.0,0.0,1.0
atop,on a colorful plate,0.0,0.0,0.0
yellow,yellow,1.0,0.0,1.0
distributed,random scattered pattern,0.0,0.0,0.0
green,green,1.0,0.0,1.0
white,not visible,0.0,0.0,0.0
on top of,on top of lime,0.8571428571428571,0.8,0.8571428571428571
black,black,1.0,0.0,1.0
bowl,in a black bowl,0.4,0.0,0.4
reddish-orange,red,0.0,0.0,0.0
herbs,cilantro,0.0,0.0,0.0
in the center,upper left corner,0.0,0.0,0.0
black,black,1.0,0.0,1.0
salsa,black bean and corn salsa,0.33333333333333337,0.0,0.33333333333333337
yellow,yellow,1.0,0.0,1.0
green,green,1.0,0.0,1.0
red,red,1.0,0.0,1.0
salsa,salsa,1.0,0.0,1.0
spoon,spoon,1.0,0.0,1.0
white,white,1.0,0.0,1.0
in the lower left,upper-left corner,0.28571428571428575,0.0,0.28571428571428575
reddish-orange,red and green,0.0,0.0,0.0
cup,styrofoam cup,0.6666666666666666,0.0,0.6666666666666666
fills,served as a dip,0.0,0.0,0.0
on the right,right of the salsa,0.5714285714285715,0.0,0.28571428571428575
brownish-red,reddish-brown,0.0,0.0,0.0
red,red,1.0,0.0,1.0
salsa,pico de gallo,0.0,0.0,0.0
fills,vibrant colors visible,0.0,0.0,0.0
clear,containing salsa,0.0,0.0,0.0
homemade,flaky sea salt,0.0,0.0,0.0
salt,salt,1.0,0.0,1.0
red,red and brown,0.5,0.0,0.5
scattered,spilled or scattered,0.5,0.0,0.5
on the upper left,left side of image,0.25,0.0,0.25
reddish-brown,reddish-brown,1.0,1.0,1.0
salt,salt and spices,0.5,0.0,0.5
fills,covering the inside,0.0,0.0,0.0
light,light brown,0.6666666666666666,0.0,0.6666666666666666
above a white bowl,over a bowl,0.5714285714285715,0.0,0.5714285714285715
brown,brown,1.0,0.0,1.0
sandwiches,sandwiches,1.0,0.0,1.0
white,pale yellow,0.0,0.0,0.0
green,green,1.0,0.0,1.0
on a white surface,on a white platter,0.75,0.6666666666666666,0.75
blue,blue,1.0,0.0,1.0
brown,brown,1.0,0.0,1.0
scattered,evenly distributed,0.0,0.0,0.0
in the top left corner,pat's king of steaks,0.0,0.0,0.0
blue,blue,1.0,0.0,1.0
scattered,random pattern,0.0,0.0,0.0
peanut butter,sweet potato,0.0,0.0,0.0
golden-brown,white,0.0,0.0,0.0
on a blue plate,on a blue plate,1.0,1.0,1.0
pasta,penne pasta,0.6666666666666666,0.0,0.6666666666666666
Italian,italian,1.0,0.0,1.0
dripping,on top of pasta,0.0,0.0,0.0
herbs,shredded cheese and herbs,0.4,0.0,0.4
reddish-brown,deep red,0.0,0.0,0.0
food,pieces of meat,0.0,0.0,0.0
down the sides,sides of the meat,0.5714285714285715,0.0,0.28571428571428575
brown,golden brown,0.6666666666666666,0.0,0.6666666666666666
sugar,caramel,0.0,0.0,0.0
amber,golden brown,0.0,0.0,0.0
in a clear glass,sundae dish,0.0,0.0,0.0
bottom,top of the dish,0.0,0.0,0.0
yellow,white,0.0,0.0,0.0
pasta,pasta with meatball,0.5,0.0,0.5
red,deep red,0.6666666666666666,0.0,0.6666666666666666
on top of,on top of pasta,0.8571428571428571,0.8,0.8571428571428571
white,white,1.0,0.0,1.0
orange-red,light orange,0.5,0.0,0.5
spaghetti,spaghetti,1.0,0.0,1.0
white,white,1.0,0.0,1.0
from center to edges,random pattern,0.0,0.0,0.0
reddish-brown,pink,0.0,0.0,0.0
bowl,a bowl,0.6666666666666666,0.0,0.6666666666666666
pink,pink,1.0,0.0,1.0
in the center,on a countertop,0.0,0.0,0.0
reddish-orange,red,0.0,0.0,0.0
sauce,meat,0.0,0.0,0.0
fills,covers most of bowl,0.0,0.0,0.0
green,green,1.0,0.0,1.0
to the left,upper left,0.4,0.0,0.4
red,red,1.0,0.0,1.0
wooden surface,wooden surface,1.0,1.0,1.0
white,white,1.0,0.0,1.0
next to,on the wooden surface,0.0,0.0,0.0
fills,add flavor,0.0,0.0,0.0
brown,dark brown,0.6666666666666666,0.0,0.6666666666666666
bowl,dark brown color,0.0,0.0,0.0
on the rim,in a black pot,0.0,0.0,0.0
orange,orange,1.0,0.0,1.0
coated,breaded and fried,0.0,0.0,0.0
carrots,celery,0.0,0.0,0.0
green,green,1.0,0.0,1.0
on a plate,on a white plate,0.8571428571428571,0.4,0.8571428571428571
reddish-brown,deep red,0.0,0.0,0.0
orange,orange,1.0,0.0,1.0
bowl,glass bowl,0.6666666666666666,0.0,0.6666666666666666
red,deep red,0.6666666666666666,0.0,0.6666666666666666
on top,middle of the bowl,0.0,0.0,0.0
brownish-red,brown,0.0,0.0,0.0
beef,roast beef,0.6666666666666666,0.0,0.6666666666666666
cooked,slow cooking,0.6666666666666666,0.0,0.6666666666666666
orange,orange,1.0,0.0,1.0
in the top center,left side of plate,0.0,0.0,0.0
dark brown,brown,0.6666666666666666,0.0,0.6666666666666666
stew,soup or stew,0.5,0.0,0.5
light brown,copper,0.0,0.0,0.0
golden,brownish color,0.0,0.0,0.0
from the surface,copper pot,0.0,0.0,0.0
yellowish-white,white,0.6666666666666666,0.0,0.6666666666666666
forming,adding flavor,0.0,0.0,0.0
bowl,white bowl,0.6666666666666666,0.0,0.6666666666666666
brownish-red,reddish-brown,0.0,0.0,0.0
in the bottom-left,center of the bowl,0.25,0.0,0.25
golden-brown,light brown,0.5,0.0,0.5
sausage flowers,wontons,0.0,0.0,0.0
brownish-orange,reddish-brown,0.0,0.0,0.0
sprinkled over,on top,0.0,0.0,0.0
silver tray,silver,0.6666666666666666,0.0,0.6666666666666666
sausage,sausage,1.0,0.0,1.0
reddish-brown,red,0.0,0.0,0.0
in a leaf-shaped bowl,like a leaf,0.5,0.3333333333333333,0.5
grilled,likely grilled,0.6666666666666666,0.0,0.6666666666666666
pineapple,pineapple,1.0,0.0,1.0
creamy,white,0.0,0.0,0.0
pasta,linguine,0.0,0.0,0.0
white,light yellow,0.0,0.0,0.0
on the side,right side,0.4,0.0,0.4
triangular,triangle,0.0,0.0,0.0
scone,lemon scone,0.6666666666666666,0.0,0.6666666666666666
yellow,yellow,1.0,0.0,1.0
on a plate,on a plate,1.0,1.0,1.0
white,white,1.0,0.0,1.0
white,white,1.0,0.0,1.0
scones,biscuits,0.0,0.0,0.0
golden brown,beige,0.0,0.0,0.0
in the foreground,front of the plate,0.28571428571428575,0.0,0.28571428571428575
yellow,light yellow,0.6666666666666666,0.0,0.6666666666666666
tomato,tomato,1.0,0.0,1.0
green,green,1.0,0.0,1.0
towards the center,top of the eggs,0.28571428571428575,0.0,0.28571428571428575
reddish-brown,red,0.0,0.0,0.0
brown,dark brown,0.6666666666666666,0.0,0.6666666666666666
pumpkin seeds,no seeds,0.5,0.0,0.5
sugar,sugar,1.0,0.0,1.0
orange,white and orange,0.5,0.0,0.5
semifreddo,ice cream cake,0.0,0.0,0.0
silver,silver,1.0,0.0,1.0
off-white,white,0.6666666666666666,0.0,0.6666666666666666
on a tray,on a silver tray,0.8571428571428571,0.4,0.8571428571428571
white,white,1.0,0.0,1.0
pinkish-orange,light orange-pink,0.4,0.0,0.4
in the center,in a bowl,0.3333333333333333,0.0,0.3333333333333333
green,green red and yellow,0.4,0.0,0.4
white,white,1.0,0.0,1.0
shrimp,cooked shrimp,0.6666666666666666,0.0,0.6666666666666666
reddish-orange,red-orange,0.5,0.0,0.5
in the center,center of the plate,0.5714285714285715,0.0,0.28571428571428575
blue,dark blue,0.6666666666666666,0.0,0.6666666666666666
shrimp,shrimp,1.0,0.0,1.0
garlic,parsley,0.0,0.0,0.0
pink-orange,orange,0.6666666666666666,0.0,0.6666666666666666
on a blue plate,in a blue bowl,0.5,0.3333333333333333,0.5
hash brown,eggs,0.0,0.0,0.0
red,reddish-brown,0.0,0.0,0.0
scallions,green onions,0.0,0.0,0.0
white,white,1.0,0.0,1.0
pineapple,pineapple,1.0,0.0,1.0
yellow,yellow,1.0,0.0,1.0
green,green,1.0,0.0,1.0
on a white plate,on a white plate,1.0,1.0,1.0
corn,corn,1.0,0.0,1.0
yellow,yellow,1.0,0.0,1.0
scattered,scattered throughout,0.6666666666666666,0.0,0.6666666666666666
red,red,1.0,0.0,1.0
on the left side,left side,0.6666666666666666,0.5,0.6666666666666666
green,green white and purple,0.4,0.0,0.4
cabbage,cabbage,1.0,0.0,1.0
mixed,loose scattered manner,0.0,0.0,0.0
orange,orange,1.0,0.0,1.0
scattered,layered pattern,0.0,0.0,0.0
coleslaw,coleslaw,1.0,0.0,1.0
orange,orange,1.0,0.0,1.0
in the bowl,in the bowl,1.0,1.0,1.0
orange,yellow,0.0,0.0,0.0
glass,stemless wine glass,0.5,0.0,0.5
bright,yellow-orange,0.0,0.0,0.0
on the rim,on the rim,1.0,1.0,1.0
metal,metal,1.0,0.0,1.0
slushies,slushies or frozen cocktails,0.4,0.0,0.4
red,red,1.0,0.0,1.0
in a metal tray,in a metal tray,1.0,1.0,1.0
chocolate,chocolate,1.0,0.0,1.0
cup,plastic cup,0.6666666666666666,0.0,0.6666666666666666
brown,brown,1.0,0.0,1.0
pink,red,0.0,0.0,0.0
smoothie,pink smoothie,0.6666666666666666,0.0,0.6666666666666666
green,green,1.0,0.0,1.0
on top of,on top of smoothie,0.8571428571428571,0.8,0.8571428571428571
chocolate,chocolate flavored,0.6666666666666666,0.0,0.6666666666666666
smoothie,chocolate smoothie,0.6666666666666666,0.0,0.6666666666666666
brown,brown,1.0,0.0,1.0
green,light and dark brown,0.0,0.0,0.0
pineapple,pineapple,1.0,0.0,1.0
clear,clear,1.0,0.0,1.0
smoothie,smoothie or milkshake,0.5,0.0,0.5
to the right,right of the smoothie,0.5714285714285715,0.0,0.28571428571428575
green,green,1.0,0.0,1.0
smoothie,strawberry mint smoothie,0.5,0.0,0.5
strawberry,strawberry,1.0,0.0,1.0
on top of,on top of drink,0.8571428571428571,0.8,0.8571428571428571
solid,soft and creamy,0.0,0.0,0.0
sorbet,whipped cream,0.0,0.0,0.0
pale,white,0.0,0.0,0.0
off-white,creamy white,0.5,0.0,0.5
rich,deep purple,0.0,0.0,0.0
sorbet,sorbet or ice cream,0.4,0.0,0.4
purple,purple,1.0,0.0,1.0
in the bowl,white bowl,0.4,0.0,0.4
blueberry,blueberries and blackberries,0.5,0.0,0.5
resting,holding the food,0.0,0.0,0.0
pale green,white,0.0,0.0,0.0
golden-brown,golden brown,1.0,1.0,1.0
crispy,crispy and airy,0.5,0.0,0.5
in the upper-left corner,upper left corner,0.7499999999999999,0.6666666666666666,0.7499999999999999
blue,blue,1.0,0.0,1.0
mushrooms,mushrooms,1.0,0.0,1.0
scattered on the surface,top of the soup,0.25,0.0,0.25
spinach,spinach,1.0,0.0,1.0
white,white,1.0,0.0,1.0
soup,chili,0.0,0.0,0.0
brown,brown,1.0,0.0,1.0
green,green,1.0,0.0,1.0
white,white,1.0,0.0,1.0
reddish-brown,reddish-brown,1.0,1.0,1.0
in the right half,right side,0.3333333333333333,0.0,0.3333333333333333
vegetables,potatoes and carrots,0.0,0.0,0.0
orange,light yellow,0.0,0.0,0.0
soup,soup,1.0,0.0,1.0
bread,toasted bread,0.6666666666666666,0.0,0.6666666666666666
on top of,on a white plate,0.28571428571428575,0.0,0.28571428571428575
spaghetti,spaghetti,1.0,0.0,1.0
red,red,1.0,0.0,1.0
cheese,cheese,1.0,0.0,1.0
around the perimeter,circular pattern,0.0,0.0,0.0
reddish-brown,red,0.0,0.0,0.0
spaghetti,spaghetti noodles,0.6666666666666666,0.0,0.6666666666666666
chunky,thick and chunky,0.5,0.0,0.5
light,yellow,0.0,0.0,0.0
cheese,melted cheese,0.6666666666666666,0.0,0.6666666666666666
red,red,1.0,0.0,1.0
in a casserole dish,center of the pan,0.0,0.0,0.0
spaghetti,spaghetti,1.0,0.0,1.0
scattered,scattered over the dish,0.4,0.0,0.4
meatballs,meatballs,1.0,0.0,1.0
placed on top,top of spaghetti,0.3333333333333333,0.0,0.3333333333333333
blue,blue,1.0,0.0,1.0
musubi,spam musubi,0.6666666666666666,0.0,0.6666666666666666
orange-red,reddish-pink,0.0,0.0,0.0
around,around the spam,0.5,0.0,0.5
white rice,white,0.6666666666666666,0.0,0.6666666666666666
reddish-brown,dark red,0.0,0.0,0.0
sandwich,sandwich,1.0,0.0,1.0
glazed,dark brown and thick,0.0,0.0,0.0
blue,blue,1.0,0.0,1.0
light-brown,red,0.0,0.0,0.0
burger,sandwich,0.0,0.0,0.0
reddish-brown,red,0.0,0.0,0.0
on top,top of chicken patty,0.3333333333333333,0.0,0.3333333333333333
spam,cheese,0.0,0.0,0.0
green,green,1.0,0.0,1.0
spinach,spinach,1.0,0.0,1.0
white,white,1.0,0.0,1.0
with a patterned rim,green leaves and blue,0.0,0.0,0.0
onions,shaved parmesan cheese,0.0,0.0,0.0
fresh,fresh and good quality,0.4,0.0,0.4
salad,serving bowl,0.0,0.0,0.0
green,green,1.0,0.0,1.0
white,white,1.0,0.0,1.0
in a bowl,in a black bowl,0.8571428571428571,0.4,0.8571428571428571
green,dark green,0.6666666666666666,0.0,0.6666666666666666
spinach,kale chips,0.0,0.0,0.0
haphazard,loose pile,0.0,0.0,0.0
oily texture,crispy,0.0,0.0,0.0
spinach,spinach leaves,0.6666666666666666,0.0,0.6666666666666666
green,green,1.0,0.0,1.0
bowl,white bowl,0.6666666666666666,0.0,0.6666666666666666
with shallots,garlic and lemon,0.0,0.0,0.0
green,green,1.0,0.0,1.0
sprouts,brussels sprouts,0.6666666666666666,0.0,0.6666666666666666
blue,blue,1.0,0.0,1.0
bacon,bacon,1.0,0.0,1.0
on a white surface,on a white countertop,0.75,0.6666666666666666,0.75
green,green,1.0,0.0,1.0
sprouts,brussels sprouts,0.6666666666666666,0.0,0.6666666666666666
creamy,creamy,1.0,0.0,1.0
overlapping,in a pan,0.0,0.0,0.0
green,green,1.0,0.0,1.0
sprouts,brussels sprouts,0.6666666666666666,0.0,0.6666666666666666
brown,dark brown,0.6666666666666666,0.0,0.6666666666666666
scattered across,loose pile,0.0,0.0,0.0
yellow,yellow,1.0,0.0,1.0
green,green,1.0,0.0,1.0
sprouts,brussels sprouts,0.6666666666666666,0.0,0.6666666666666666
brown,white,0.0,0.0,0.0
around the sprouts,bottom of the container,0.28571428571428575,0.0,0.28571428571428575
green,greenish-yellow,0.0,0.0,0.0
brussels sprouts,brussels sprouts,1.0,1.0,1.0
white,multicolored,0.0,0.0,0.0
brownish,black and brown,0.0,0.0,0.0
in a bowl,white bowl,0.4,0.0,0.4
dispersed,mixed throughout the dish,0.0,0.0,0.0
green,green,1.0,0.0,1.0
bowl,in the bowl,0.5,0.0,0.5
yellowish-white,no spaghetti squash,0.0,0.0,0.0
covering,melting and binding,0.0,0.0,0.0
on top,on top of dish,0.6666666666666666,0.5,0.6666666666666666
black,black,1.0,0.0,1.0
green,green,1.0,0.0,1.0
squash,zucchini,0.0,0.0,0.0
orange,vibrant red,0.0,0.0,0.0
on a white plate,on a white plate,1.0,1.0,1.0
yellow,vibrant yellow,0.6666666666666666,0.0,0.6666666666666666
squash,spaghetti squash,0.6666666666666666,0.0,0.6666666666666666
on the concave part,on a silver spoon,0.25,0.0,0.25
green,green,1.0,0.0,1.0
green,dark green,0.6666666666666666,0.0,0.6666666666666666
yellow,yellow,1.0,0.0,1.0
overlapping,staggered manner,0.0,0.0,0.0
on the plate,on a white plate,0.5714285714285715,0.0,0.5714285714285715
orange-yellow,yellow,0.6666666666666666,0.0,0.6666666666666666
squash,squash,1.0,0.0,1.0
green,green and orange,0.5,0.0,0.5
charred,to be burnt,0.0,0.0,0.0
in the center,baking sheet,0.0,0.0,0.0
orange,orange,1.0,0.0,1.0
squash,sweet potato,0.0,0.0,0.0
blue,blue,1.0,0.0,1.0
in the center-left,upper-left quadrant,0.28571428571428575,0.0,0.28571428571428575
surrounding,around the steak,0.0,0.0,0.0
steak,pork,0.0,0.0,0.0
tan,light yellow,0.0,0.0,0.0
brown,light brown,0.6666666666666666,0.0,0.6666666666666666
golden-brown,light brown,0.5,0.0,0.5
crispy,crispy and golden brown,0.4,0.0,0.4
arranged,circular pattern,0.0,0.0,0.0
bowl,middle of the plate,0.0,0.0,0.0
white,white,1.0,0.0,1.0
golden-brown,golden brown,1.0,1.0,1.0
fish,cooked fish,0.6666666666666666,0.0,0.6666666666666666
white,white,1.0,0.0,1.0
on the plate,on a plate,0.6666666666666666,0.0,0.6666666666666666
blue,blue,1.0,0.0,1.0
golden-brown,no mushrooms in image,0.0,0.0,0.0
green,green,1.0,0.0,1.0
beneath the steaks,underneath the fish,0.3333333333333333,0.0,0.3333333333333333
reddish-brown,reddish-brown,1.0,1.0,1.0
hamburger,ground beef,0.0,0.0,0.0
potatoes,green beans,0.0,0.0,0.0
throughout the stew,top of the soup,0.28571428571428575,0.0,0.28571428571428575
red,red,1.0,0.0,1.0
stew,bowl of soup,0.0,0.0,0.0
ham,ham,1.0,0.0,1.0
green,green and white,0.5,0.0,0.5
on the left,on top of lettuce,0.28571428571428575,0.0,0.28571428571428575
brown,brown,1.0,0.0,1.0
scattered,evenly distributed throughout,0.0,0.0,0.0
orange,orange,1.0,0.0,1.0
white,white,1.0,0.0,1.0
brown,pink,0.0,0.0,0.0
chicken,chicken,1.0,0.0,1.0
orange,orange,1.0,0.0,1.0
on the left side,upper-left corner,0.28571428571428575,0.0,0.28571428571428575
brown,reddish-brown,0.6666666666666666,0.0,0.6666666666666666
tomatoes,tomatoes,1.0,0.0,1.0
meat,ground beef,0.0,0.0,0.0
on top,on top of soup,0.6666666666666666,0.5,0.6666666666666666
yellow,yellow,1.0,0.0,1.0
yellow,yellow,1.0,0.0,1.0
atop the center,on top of chili,0.0,0.0,0.0
orange-brown,golden brown,0.5,0.0,0.5
white,white,1.0,0.0,1.0
on the surface,middle of the dish,0.28571428571428575,0.0,0.28571428571428575
translucent,caramelized golden-brown,0.0,0.0,0.0
savory,savory sweet and umami,0.4,0.0,0.4
vegetables,vegetable stir-fry,0.5,0.0,0.5
green,green,1.0,0.0,1.0
around the top,upper right,0.0,0.0,0.0
yellow,red yellow and orange,0.4,0.0,0.4
pink,light pink,0.6666666666666666,0.0,0.6666666666666666
strawberries,strawberries,1.0,0.0,1.0
displaying,staggered formation,0.0,0.0,0.0
red,red,1.0,0.0,1.0
on top,on top,1.0,1.0,1.0
red,red,1.0,0.0,1.0
strawberries,strawberry,1.0,0.0,1.0
bright,red and gold,0.0,0.0,0.0
on a white paper liner,on a glass dish,0.4444444444444445,0.28571428571428575,0.4444444444444445
red,red,1.0,0.0,1.0
strawberries,strawberries,1.0,0.0,1.0
brown,dark brown or black,0.4,0.0,0.4
on the bottom,on the bottom,1.0,1.0,1.0
red,red,1.0,0.0,1.0
strawberries,strawberries,1.0,0.0,1.0
sliced,sliced,1.0,0.0,1.0
on the upper side,upper left side,0.5714285714285715,0.0,0.5714285714285715
white,white,1.0,0.0,1.0
red,red,1.0,0.0,1.0
strawberries,strawberries,1.0,0.0,1.0
clustered,overlapping each other,0.0,0.0,0.0
juicy,glazed and shiny,0.0,0.0,0.0
red,deep red,0.6666666666666666,0.0,0.6666666666666666
strawberry,strawberries,1.0,0.0,1.0
glass,margarita glass,0.6666666666666666,0.0,0.6666666666666666
bright,deep red hue,0.0,0.0,0.0
on the plate,on the white plate,0.8571428571428571,0.4,0.8571428571428571
chestnut,almond,0.0,0.0,0.0
brown,golden brown,0.6666666666666666,0.0,0.6666666666666666
toasted,golden-brown,0.0,0.0,0.0
yellow,white or light yellow,0.4,0.0,0.4
brown,dark brown,0.6666666666666666,0.0,0.6666666666666666
scattered,at top and back,0.0,0.0,0.0
dish,baking dish,0.6666666666666666,0.0,0.6666666666666666
white,white,1.0,0.0,1.0
throughout the dish,upper-left corner,0.0,0.0,0.0
brown,brown,1.0,0.0,1.0
herbs,fresh herbs,0.6666666666666666,0.0,0.6666666666666666
baking,thanksgiving,0.0,0.0,0.0
white,white,1.0,0.0,1.0
scattered,seemingly random pattern,0.0,0.0,0.0
brown,light brown,0.6666666666666666,0.0,0.6666666666666666
in the center,in the baking dish,0.5714285714285715,0.4,0.5714285714285715
powdered,coarse and slightly rough,0.0,0.0,0.0
glass,glass,1.0,0.0,1.0
vegetarian,yes it is,0.0,0.0,0.0
sushi,sushi,1.0,0.0,1.0
black,black,1.0,0.0,1.0
on the plate,black tray,0.0,0.0,0.0
green,green,1.0,0.0,1.0
swordfish,white fish,0.0,0.0,0.0
atop,on top of chicken,0.0,0.0,0.0
red,red,1.0,0.0,1.0
pitcher,glass pitcher,0.6666666666666666,0.0,0.6666666666666666
on a tablecloth,on a saucer,0.6666666666666666,0.5,0.6666666666666666
orange,orange,1.0,0.0,1.0
cabbage,cabbage,1.0,0.0,1.0
green,green,1.0,0.0,1.0
carrot,carrots,1.0,0.0,1.0
on top,on top of salad,0.6666666666666666,0.5,0.6666666666666666
red,red,1.0,0.0,1.0
tacos,tacos,1.0,0.0,1.0
golden-brown,yellow,0.0,0.0,0.0
spilling,being squeezed out,0.0,0.0,0.0
on a red plate,on a red tray,0.75,0.6666666666666666,0.75
brown,dark brown,0.6666666666666666,0.0,0.6666666666666666
plate,mashed potatoes,0.0,0.0,0.0
on top,on a piece of fish,0.28571428571428575,0.0,0.28571428571428575
topping,mango and avocado salsa,0.0,0.0,0.0
tacos,tacos,1.0,0.0,1.0
red,red,1.0,0.0,1.0
on plate,on a plate,0.8,0.0,0.8
green,green,1.0,0.0,1.0
tacos,mexican-style taco sandwich,0.4,0.0,0.4
golden-brown,not visible,0.0,0.0,0.0
red,red,1.0,0.0,1.0
behind,no other tacos,0.0,0.0,0.0
brown,light and dark brown,0.4,0.0,0.4
taffy,caramel candy,0.0,0.0,0.0
white,white,1.0,0.0,1.0
orange,brown or caramel,0.0,0.0,0.0
across a white surface,white surface,0.6666666666666666,0.5,0.6666666666666666
tamale,tamale,1.0,0.0,1.0
yellow,yellow,1.0,0.0,1.0
on a white plate,on a plate,0.8571428571428571,0.4,0.8571428571428571
golden-brown,golden,0.6666666666666666,0.0,0.6666666666666666
taquitos,bread,0.0,0.0,0.0
brown,light golden brown,0.5,0.0,0.5
tan,orange,0.0,0.0,0.0
taquitos,enchilada,0.0,0.0,0.0
orange,orange,1.0,0.0,1.0
scattered over,on top,0.0,0.0,0.0
wooden,wood,0.0,0.0,0.0
yellow,light brown,0.0,0.0,0.0
plate,on a paper plate,0.4,0.0,0.4
white,white,1.0,0.0,1.0
toasted,crunchy and golden brown,0.0,0.0,0.0
on a plate,background left,0.0,0.0,0.0
golden brown,not visible,0.0,0.0,0.0
tater tots,potatoes,0.0,0.0,0.0
white,white,1.0,0.0,1.0
over the tater tots,over the top,0.5714285714285715,0.4,0.5714285714285715
orange,light brown,0.0,0.0,0.0
glass,a glass,0.6666666666666666,0.0,0.6666666666666666
scattered,circular pattern,0.0,0.0,0.0
brown,light brown,0.6666666666666666,0.0,0.6666666666666666
on top,left side of glass,0.0,0.0,0.0
amber,light yellow-green,0.0,0.0,0.0
tea,hot tea,0.6666666666666666,0.0,0.6666666666666666
lemon,lemon slice,0.6666666666666666,0.0,0.6666666666666666
green,green,1.0,0.0,1.0
on the surface,on top of cup,0.28571428571428575,0.0,0.28571428571428575
mug,glass mug,0.6666666666666666,0.0,0.6666666666666666
beige,white,0.0,0.0,0.0
on a white tiled surface,on a countertop,0.5,0.3333333333333333,0.5
tea,milk,0.0,0.0,0.0
glass,a glass,0.6666666666666666,0.0,0.6666666666666666
tan,light yellow,0.0,0.0,0.0
in the center,left side,0.0,0.0,0.0
Hot,hot,1.0,0.0,1.0
Tea,tea,1.0,0.0,1.0
Amber,brown,0.0,0.0,0.0
Resting on a saucer,on a saucer,0.8571428571428571,0.8,0.8571428571428571
Ginger,earl grey,0.0,0.0,0.0
clear,clear,1.0,0.0,1.0
green,green,1.0,0.0,1.0
reddish-pink,red or pinkish,0.0,0.0,0.0
to the left,left side of board,0.28571428571428575,0.0,0.28571428571428575
brown,light brown,0.6666666666666666,0.0,0.6666666666666666
chicken,chicken,1.0,0.0,1.0
white,white,1.0,0.0,1.0
white,white,1.0,0.0,1.0
tenderloins,pork,0.0,0.0,0.0
reddish-brown,reddish-brown,1.0,1.0,1.0
drizzled,brushing drizzling spooning basting,0.4,0.0,0.4
on top,on top of meat,0.6666666666666666,0.5,0.6666666666666666
pink,light pink,0.6666666666666666,0.0,0.6666666666666666
pork,pork tenderloin,0.6666666666666666,0.0,0.6666666666666666
dark brown,dark brown or black,0.6666666666666666,0.5,0.6666666666666666
seared,grilled and caramelized,0.0,0.0,0.0
from the bottom left,lower-left portion,0.28571428571428575,0.0,0.28571428571428575
golden,light brown,0.0,0.0,0.0
chicken,chicken,1.0,0.0,1.0
brown,brown,1.0,0.0,1.0
piled on top,on top of chicken,0.5714285714285715,0.4,0.5714285714285715
green,green,1.0,0.0,1.0
white,light brown,0.0,0.0,0.0
tilapia,tilapia,1.0,0.0,1.0
golden-brown,golden brown,1.0,1.0,1.0
to the left,behind the fish,0.3333333333333333,0.0,0.3333333333333333
textured,rough crunchy texture,0.5,0.0,0.5
white,white,1.0,0.0,1.0
red,red,1.0,0.0,1.0
on top,on top of bread,0.6666666666666666,0.5,0.6666666666666666
ice cream,panna cotta,0.0,0.0,0.0
located inside,foreground of the image,0.0,0.0,0.0
tofu,matcha green tea,0.0,0.0,0.0
creamy,pale yellow color,0.0,0.0,0.0
scooped,in a glass jar,0.0,0.0,0.0
tofu,tofu,1.0,0.0,1.0
red,red,1.0,0.0,1.0
golden-brown,light brown,0.5,0.0,0.5
eggplant,zucchini,0.0,0.0,0.0
Agedashi,gyoza,0.0,0.0,0.0
brown,brown,1.0,0.0,1.0
scattered,circular pattern,0.0,0.0,0.0
tan,white,0.0,0.0,0.0
shifted to the left,center of the plate,0.25,0.0,0.25
green,green,1.0,0.0,1.0
scattered,scattered throughout the dish,0.4,0.0,0.4
orange,light brown,0.0,0.0,0.0
tofu,fish,0.0,0.0,0.0
resting between,on the rice,0.0,0.0,0.0
rice,white rice,0.6666666666666666,0.0,0.6666666666666666
scattered,circular pattern,0.0,0.0,0.0
brown,dark brown,0.6666666666666666,0.0,0.6666666666666666
scattered,in small chunks,0.0,0.0,0.0
broccoli,broccoli,1.0,0.0,1.0
green,green,1.0,0.0,1.0
tofu,tofu,1.0,0.0,1.0
blue,blue,1.0,0.0,1.0
on the left side,left side of plate,0.5,0.3333333333333333,0.5
golden-brown,golden brown,1.0,1.0,1.0
decorative,white and blue bowl,0.0,0.0,0.0
tofu,tofu,1.0,0.0,1.0
blue,white,0.0,0.0,0.0
on the upper left,upper left corner,0.5714285714285715,0.4,0.5714285714285715
mushrooms,green onions,0.0,0.0,0.0
red,red,1.0,0.0,1.0
tomatoes,tomato,1.0,0.0,1.0
white,white,1.0,0.0,1.0
closer to,bottom left,0.0,0.0,0.0
green,green,1.0,0.0,1.0
red,red,1.0,0.0,1.0
tomatoes,tomatoes onions jalapeños,0.4,0.0,0.4
yellow,dark brown/black,0.0,0.0,0.0
tomato,cheese,0.0,0.0,0.0
transparent,glass baking dish,0.0,0.0,0.0
orange,golden yellow,0.0,0.0,0.0
gluten-free,possibly cross-contaminated,0.0,0.0,0.0
yellow,light golden,0.0,0.0,0.0
on the plate,on a black plate,0.5714285714285715,0.0,0.5714285714285715
brown,darker brown,0.6666666666666666,0.0,0.6666666666666666
white,white,1.0,0.0,1.0
meringue,whipped cream or meringue,0.4,0.0,0.4
browned,made of nuts,0.0,0.0,0.0
amber-colored,light orange,0.0,0.0,0.0
on a dark surface,black plate,0.0,0.0,0.0
white,white,1.0,0.0,1.0
tortes,battenberg cakes,0.0,0.0,0.0
copper-colored,brown,0.0,0.0,0.0
on a plate,on a glass plate,0.8571428571428571,0.4,0.8571428571428571
green,white,0.0,0.0,0.0
mousse,lime curd,0.0,0.0,0.0
white,white,1.0,0.0,1.0
brown,light brown,0.6666666666666666,0.0,0.6666666666666666
on top of,on top of cake,0.8571428571428571,0.8,0.8571428571428571
plum,peaches,0.0,0.0,0.0
round,square-shaped,0.0,0.0,0.0
yellow,golden brown,0.0,0.0,0.0
white,white,1.0,0.0,1.0
over the surface,top of the tart,0.28571428571428575,0.0,0.28571428571428575
yellow,light beige,0.0,0.0,0.0
tortellini,pappardelle or fettuccine,0.0,0.0,0.0
orange,orange,1.0,0.0,1.0
tortellini,tortellini,1.0,0.0,1.0
yellow,yellow,1.0,0.0,1.0
red,red,1.0,0.0,1.0
on an orange plate,in a bowl,0.0,0.0,0.0
blue,light blue,0.6666666666666666,0.0,0.6666666666666666
tortellini,tortellini,1.0,0.0,1.0
green,green,1.0,0.0,1.0
powdered,rough and uneven,0.0,0.0,0.0
yellow,orange,0.0,0.0,0.0
brown,brown,1.0,0.0,1.0
in the center,in a bowl,0.3333333333333333,0.0,0.3333333333333333
yellow-tan,yellow,0.6666666666666666,0.0,0.6666666666666666
tortillas,corn tortillas,0.6666666666666666,0.0,0.6666666666666666
stacked,in a basket,0.0,0.0,0.0
round,round but not perfectly,0.4,0.0,0.4
tan,light tan,0.6666666666666666,0.0,0.6666666666666666
tortillas,flatbread,0.0,0.0,0.0
blue,multicolored,0.0,0.0,0.0
on top of,on a colorful napkin,0.28571428571428575,0.0,0.28571428571428575
tortilla,fried tortilla,0.6666666666666666,0.0,0.6666666666666666
brown,brown,1.0,0.0,1.0
green,green,1.0,0.0,1.0
on top,middle of the taco,0.0,0.0,0.0
white,white,1.0,0.0,1.0
golden-brown,light golden,0.5,0.0,0.5
meat,tater tots,0.0,0.0,0.0
on top of,on top of tots,0.8571428571428571,0.8,0.8571428571428571
scattered,loose cluster,0.0,0.0,0.0
marshmallows,marshmallows,1.0,0.0,1.0
congealed,chewy and crunchy,0.0,0.0,0.0
on wrinkled sheet,on parchment paper,0.3333333333333333,0.0,0.3333333333333333
creamy,smooth and creamy,0.5,0.0,0.5
trifle,banana pudding parfait,0.0,0.0,0.0
yellow,yellow,1.0,0.0,1.0
on top,top of the trifle,0.3333333333333333,0.0,0.3333333333333333
brown,brown,1.0,0.0,1.0
golden-brown,beige,0.0,0.0,0.0
cake,cake,1.0,0.0,1.0
red,red,1.0,0.0,1.0
with whipped topping,whipped cream,0.4,0.0,0.4
dessert,trifle dish,0.0,0.0,0.0
reddish-brown,brown,0.6666666666666666,0.0,0.6666666666666666
Tri-Tip,beef,0.0,0.0,0.0
white,white,1.0,0.0,1.0
on a plate,left side,0.0,0.0,0.0
yellow-brown,golden brown,0.5,0.0,0.5
large,relatively large,0.6666666666666666,0.0,0.6666666666666666
fish,salmon,0.0,0.0,0.0
orange,pink,0.0,0.0,0.0
on the right,right side of plate,0.28571428571428575,0.0,0.28571428571428575
fish,fish dish,0.6666666666666666,0.0,0.6666666666666666
yellow,yellow,1.0,0.0,1.0
on the platter,on a white plate,0.28571428571428575,0.0,0.28571428571428575
fillets,fish lemon herbs garlic,0.0,0.0,0.0
dark,brown,0.0,0.0,0.0
brown,brown,1.0,0.0,1.0
in a box,red container,0.0,0.0,0.0
white,white,1.0,0.0,1.0
white,white,1.0,0.0,1.0
chocolate,chocolate,1.0,0.0,1.0
brown,brown,1.0,0.0,1.0
on a plate,on a white plate,0.8571428571428571,0.4,0.8571428571428571
truffles,cookie dough ball,0.0,0.0,0.0
brown,light brown,0.6666666666666666,0.0,0.6666666666666666
studded,smooth and glossy,0.0,0.0,0.0
at the top,on the top,0.6666666666666666,0.5,0.6666666666666666
strawberry-filled,red filling,0.5,0.0,0.5
truffles,chocolate covered cookies,0.0,0.0,0.0
brown,dark brown,0.6666666666666666,0.0,0.6666666666666666
with a darker brown,dark red,0.0,0.0,0.0
circular,circular,1.0,0.0,1.0
yellow,yellow or off-white,0.4,0.0,0.4
tuna,tuna,1.0,0.0,1.0
creamy,creamy and velvety,0.5,0.0,0.5
on the top of casserole,on top of casserole,0.888888888888889,0.5714285714285715,0.888888888888889
white,white,1.0,0.0,1.0
white,blue,0.0,0.0,0.0
green,light green,0.6666666666666666,0.0,0.6666666666666666
melted,golden brown,0.0,0.0,0.0
in a white baking dish,white baking dish,0.7499999999999999,0.6666666666666666,0.7499999999999999
creamy,creamy and slightly thickened,0.4,0.0,0.4
Turkey,no meat visible,0.0,0.0,0.0
yellow,light yellow,0.6666666666666666,0.0,0.6666666666666666
mushrooms,mushrooms,1.0,0.0,1.0
in a dish,front left burner,0.0,0.0,0.0
brownish-orange,brownish,0.6666666666666666,0.0,0.6666666666666666
turkey,turkey,1.0,0.0,1.0
scattered,fairly evenly distributed,0.0,0.0,0.0
green,brown green and orange,0.4,0.0,0.4
on the surface,top of the turkey,0.28571428571428575,0.0,0.28571428571428575
white,white,1.0,0.0,1.0
blueberry,blueberries,1.0,0.0,1.0
golden-brown,golden brown,1.0,1.0,1.0
scattered,circular pattern,0.0,0.0,0.0
red,red and black,0.5,0.0,0.5
square,square,1.0,0.0,1.0
carrots,carrots,1.0,0.0,1.0
on top,in the center,0.0,0.0,0.0
golden-brown,light brown,0.5,0.0,0.5
veal,chicken,0.0,0.0,0.0
white,light yellow,0.0,0.0,0.0
on the plate,on a white plate,0.5714285714285715,0.0,0.5714285714285715
drizzled,pouring it over,0.0,0.0,0.0
white,white,1.0,0.0,1.0
vegetables,roasted vegetables salad,0.5,0.0,0.5
red,red,1.0,0.0,1.0
on a plate,center of the plate,0.28571428571428575,0.0,0.28571428571428575
brown,golden-brown,0.6666666666666666,0.0,0.6666666666666666
Wellington,savory pastry,0.0,0.0,0.0
dark blue,black,0.0,0.0,0.0
green,green,1.0,0.0,1.0
vegetables,vegetables,1.0,0.0,1.0
scattered,random pattern,0.0,0.0,0.0
on a black grill pan,on a grill pan,0.888888888888889,0.5714285714285715,0.888888888888889
glazed,deep purple color,0.0,0.0,0.0
reddish-brown,dark red,0.0,0.0,0.0
around the base,around the venison,0.6666666666666666,0.5,0.6666666666666666
blackberries,blackberries,1.0,0.0,1.0
brown,no venison,0.0,0.0,0.0
venison,roast beef,0.0,0.0,0.0
gravy,brown gravy,0.6666666666666666,0.0,0.6666666666666666
green,green,1.0,0.0,1.0
on the plate,on a green plate,0.5714285714285715,0.0,0.5714285714285715
golden-brown,light brown,0.5,0.0,0.5
venison,chicken,0.0,0.0,0.0
on a plate,in a white bowl,0.28571428571428575,0.0,0.28571428571428575
overlapping,in a bowl,0.0,0.0,0.0
salad,a salad,0.6666666666666666,0.0,0.6666666666666666
green,green,1.0,0.0,1.0
in the salad,in the salad,1.0,1.0,1.0
blueberries,blueberries,1.0,0.0,1.0
brown,dark brown or black,0.4,0.0,0.4
reflecting,reflecting off the surface,0.4,0.0,0.4
pitcher,glass pitcher,0.6666666666666666,0.0,0.6666666666666666
vinaigrette,balsamic vinegar,0.0,0.0,0.0
in the foreground,foreground centered,0.4,0.0,0.4
vinaigrette,vinaigrette,1.0,0.0,1.0
wooden,wooden surface,0.6666666666666666,0.0,0.6666666666666666
yellow-brown,light yellow,0.5,0.0,0.5
jar,glass jar,0.6666666666666666,0.0,0.6666666666666666
wooden,wooden surface,0.6666666666666666,0.0,0.6666666666666666
on a wooden surface,center of the image,0.0,0.0,0.0
green,green,1.0,0.0,1.0
scattered,scattered throughout the salad,0.4,0.0,0.4
red,red,1.0,0.0,1.0
tomato,pomegranate seeds,0.0,0.0,0.0
above the middle,center of the salad,0.28571428571428575,0.0,0.28571428571428575
golden-brown,golden brown,1.0,1.0,1.0
waffles,waffles,1.0,0.0,1.0
white,white,1.0,0.0,1.0
darker,golden hues,0.0,0.0,0.0
on a white plate,on a white plate,1.0,1.0,1.0
golden,golden brown,0.6666666666666666,0.0,0.6666666666666666
brown,brown,1.0,0.0,1.0
on the left,left side,0.4,0.0,0.4
red,red,1.0,0.0,1.0
waffle,waffle,1.0,0.0,1.0
red,red,1.0,0.0,1.0
on the waffle,on the left side,0.5714285714285715,0.4,0.5714285714285715
green,green,1.0,0.0,1.0
Awesome,cooked and lightly seasoned,0.0,0.0,0.0
Walleye,cod tilapia or mahi-mahi,0.0,0.0,0.0
tan,white with light yellowish-orange,0.0,0.0,0.0
red,red,1.0,0.0,1.0
watermelon,watermelon,1.0,0.0,1.0
white,white,1.0,0.0,1.0
on top,on top of watermelon,0.6666666666666666,0.5,0.6666666666666666
green,green,1.0,0.0,1.0
pink,pink,1.0,0.0,1.0
watermelon,watermelon,1.0,0.0,1.0
red,green,0.0,0.0,0.0
clear,purple,0.0,0.0,0.0
orange,orange,1.0,0.0,1.0
wedges,wedge-shaped,0.6666666666666666,0.0,0.6666666666666666
golden-brown,golden brown,1.0,1.0,1.0
on plate,in an orange bowl,0.0,0.0,0.0
herbs,salt crystals,0.0,0.0,0.0
brown,red,0.0,0.0,0.0
white,white,1.0,0.0,1.0
fries,french fries,0.6666666666666666,0.0,0.6666666666666666
orange,lemon twists,0.0,0.0,0.0
glasses,tall elegant glass,0.5,0.0,0.5
amber,golden yellow,0.0,0.0,0.0
on the tray,on a gold tray,0.5714285714285715,0.0,0.5714285714285715
metallic,metal,1.0,0.0,1.0
wings,chicken wings,0.6666666666666666,0.0,0.6666666666666666
orange,orange,1.0,0.0,1.0
in the center,bottom half of image,0.0,0.0,0.0
saucy,crispy and crunchy,0.0,0.0,0.0
cauliflower,cauliflower,1.0,0.0,1.0
golden brown,light brown,0.5,0.0,0.5
scattered across,random pattern,0.0,0.0,0.0
plate,blue plate,0.6666666666666666,0.0,0.6666666666666666
golden-brown,golden brown,1.0,1.0,1.0
wontons,fried dumpling,0.0,0.0,0.0
crispy,golden brown and crispy,0.4,0.0,0.4
bowl,a bowl,0.6666666666666666,0.0,0.6666666666666666
in the bowl,in a bowl,0.6666666666666666,0.0,0.6666666666666666
green,green,1.0,0.0,1.0
brownish,brown,0.0,0.0,0.0
on the lower right,lower right corner,0.5714285714285715,0.4,0.5714285714285715
cilantro,cilantro,1.0,0.0,1.0
tan,light brown,0.0,0.0,0.0
wraps,halves of a burrito,0.0,0.0,0.0
corn,corn,1.0,0.0,1.0
pink,pink,1.0,0.0,1.0
on the plate,in the burrito,0.3333333333333333,0.0,0.3333333333333333
spinach,spinach,1.0,0.0,1.0
yellow,yellow,1.0,0.0,1.0
orange,orange,1.0,0.0,1.0
yams,carrots,0.0,0.0,0.0
glistening,shiny caramelized glaze,0.0,0.0,0.0
on top of,on top,0.8,0.6666666666666666,0.8
green,green,1.0,0.0,1.0
orange,orange in color,0.5,0.0,0.5
yams,sweet potato,0.0,0.0,0.0
scattered,overlapping each other,0.0,0.0,0.0
white,white,1.0,0.0,1.0
on a white surface,on a white surface,1.0,1.0,1.0
white,white,1.0,0.0,1.0
brown,golden brown,0.6666666666666666,0.0,0.6666666666666666
blueberries,blueberries,1.0,0.0,1.0
creamy,smooth and creamy,0.5,0.0,0.5
yogurt,yogurt,1.0,0.0,1.0
red,red,1.0,0.0,1.0
on top,left side of bowl,0.0,0.0,0.0
blue,blue,1.0,0.0,1.0
raspberries,raspberries,1.0,0.0,1.0
blue,black,0.0,0.0,0.0
ziti,ziti,1.0,0.0,1.0
reddish-orange,red,0.0,0.0,0.0
reddish-brown,brown,0.6666666666666666,0.0,0.6666666666666666
spaghetti,zucchini noodles,0.0,0.0,0.0
throughout the entire pan,in a single pan,0.25,0.0,0.25
yellow,green and yellow,0.5,0.0,0.5
zucchini,zucchini,1.0,0.0,1.0
black,red,0.0,0.0,0.0
in the center,center of the plate,0.5714285714285715,0.0,0.28571428571428575
