Image,Question,Answer,Predict
ff557f4ea977d3a,What color is the top of the enchiladas,golden-brown,"the top of the enchiladas appears to be golden brown and yellow, likely due to melted cheese"
ff557f4ea977d3a,What type of dish is positioned on the left side of the plate,enchiladas,the dish on the left appears to be enchiladas
ff557f4ea977d3a,What color is the filling of the enchiladas,white,the filling of the enchiladas appears to be white or off-white
ff557f4ea977d3a,Where are the enchiladas located on the plate,on the left side,the enchiladas are located on the left side of the plate
ff557f4ea977d3a,What vegetable is scattered on top of the lettuce,tomatoes,tomato
5c89583c7d79eac,What color is the baking dish,white,the baking dish is white
5c89583c7d79eac,What has happened to the vegan cheese on top of the bake,melted,the vegan cheese on top of the bake has melted and is now bubbly and golden
5c89583c7d79eac,What is the vegan cheese doing to the bake,covering,the vegan cheese is melting over the bake
5c89583c7d79eac,What color are the avocado slices,green,the avocado slices are light green
5c89583c7d79eac,Where are the sliced olives placed on the bake,across the bake,the sliced olives are placed on top of the cheese and in between the avocado slices on the bake
ec8d556e427215f,What color is the chicken,golden-brown,"the chicken is a light, golden brown"
ec8d556e427215f,What type of meat is used in the fajitas,chicken,the meat in the fajitas appears to be chicken
ec8d556e427215f,What color is the shredded cheese,yellow,the shredded cheese is yellow
ec8d556e427215f,Where is the sour cream located,on a plate,the sour cream is located on the plate next to the taco and guacamole
4540be4f1b7483a,What color is the cilantro,green,the cilantro is green
4540be4f1b7483a,What herb is shown at the top left of the image,cilantro,the herb at the top left of the image appears to be cilantro
4540be4f1b7483a,What color is the bowl filled with pico de gallo,yellow,the bowl filled with pico de gallo is yellow
4540be4f1b7483a,What type of meat is included in the fajita mix,chicken,"based on the image, the fajita mix contains chicken"
4540be4f1b7483a,Where is the fajita mix arranged,on a sheet pan,the fajita mix is arranged on a baking sheet
5466136e2c0ad7d,What type of meat is used in the fajitas,chicken,"from the image, it appears that the fajitas contain chicken"
5466136e2c0ad7d,What color are the bell peppers,green,"the bell peppers are green, red, and yellow"
5466136e2c0ad7d,Where is the guacamole located,atop the fajita filling,the guacamole is located in the tortillas
04bc6b3e8a8aea0,What color are the Mahi Mahi pieces,golden-brown,"the mahi mahi pieces are a light tan or beige color, with a reddish-brown seasoning on top"
04bc6b3e8a8aea0,What type of fish is used in the fajitas,mahi mahi,"based on the image, it is difficult to determine the specific type of fish used in the fajitas. it appears to be a white fish, but without more information, it's impossible to identify the exact species"
04bc6b3e8a8aea0,What color are the sliced bell peppers,red,the sliced bell peppers are red and yellow
04bc6b3e8a8aea0,Where are the Mahi Mahi pieces placed,throughout the center,the mahi mahi pieces are placed on top of the peppers and onions on the baking sheet
04bc6b3e8a8aea0,What color are the sliced onions,white,the sliced onions appear to be white
706203205f79559,What is the main protein in the fajitas,steak,beef
706203205f79559,What color is the sliced steak,brownish-red,the sliced steak appears to be brown
706203205f79559,Where are the fajitas placed,on the plate,the fajitas are placed on a green plate
0fd4b82e0e33a45,What type of vegetables are mixed with the red peppers,mushrooms,"based on the image, the red peppers are mixed with green peppers and mushrooms"
0fd4b82e0e33a45,What color is the tortilla used for the fajitas,beige,the tortilla is a pale yellowish-white color
a1db7c4c3f6057d,What color are the falafels,golden-brown,the falafels in the image appear to be light brown to golden brown
a1db7c4c3f6057d,What type of food is shown in the image,falafels,the food shown in the image is crab cakes
a1db7c4c3f6057d,What color is the lemon,yellow,the lemon is yellow
a1b92188972141f,What color are the farro grains,brown,the farro grains appear to be a light brown color
a1b92188972141f,What type of ingredient is dark brown and interspersed with the farro,mushrooms,mushrooms
a1b92188972141f,What color is the cilantro sprig,green,the cilantro sprig is green
a1b92188972141f,Where is the cilantro sprig positioned,on top of,"the cilantro sprig is positioned in the center of the dish, on top of the food"
649f26370757a85,Is the dish suitable for vegetarians,yes,"based on the image, the dish appears to contain zucchini, corn, black beans, tomatoes, and grains (possibly barley or farro).  these ingredients are typically vegetarian-friendly.  however, to confirm definitively, it would be necessary to know if any meat products, such as chicken or beef broth, are used in the preparation of the dish"
649f26370757a85,What is the main grain used in the skillet,farro,"based on the image, the main grain appears to be barley"
649f26370757a85,What color is the bowl used to serve the dish,orange,the bowl is orange
649f26370757a85,Where are the black beans located in the dish,throughout,the black beans are located throughout the dish
649f26370757a85,What vegetable with green skin is mixed within the farro,zucchini,zucchini
1182fb165965c24,What material are the jars made of,glass,the jars are made of glass
1182fb165965c24,What color is the fennel,yellow,the fennel in the image appears to be a light yellowish color
1182fb165965c24,Where is the fennel contained,contained within,the fennel is contained in the jars
1182fb165965c24,How are the jars sealed,sealed,the jars appear to be sealed with a piece of red and white checkered fabric tied around the lid with a white ribbon
1182fb165965c24,What color is the cloth on the jars,red,the cloth on the jars is red and white checkered
dc82292cc9b95bb,What are the rectangular golden-brown items on the plate,feta fingers,the rectangular golden-brown items on the plate appear to be sesame-crusted fried halloumi cheese
dc82292cc9b95bb,What color are the feta fingers,golden,the feta fingers appear to be a light brown with some white
dc82292cc9b95bb,What color is the dotted pattern on the plate,blue,the dotted pattern on the plate is blue
c21c69d14faa792,What type of dish is shown in the image,salad,the dish shown in the image appears to be chicken salad
c21c69d14faa792,What color is the bowl holding the salad,yellow,the bowl holding the salad is yellow
c21c69d14faa792,What color are the chicken pieces in the salad,white,the chicken pieces in the salad are light beige or off-white
c0975f297eda584,What does the fettuccine do in the frame,fills,the fettuccine is arranged in a white bowl. it appears to be covered in a red sauce and topped with shredded cheese and herbs
c0975f297eda584,What type of pasta is shown,fettuccine,the pasta in the image appears to be linguine
c0975f297eda584,What is the texture of the sauce,creamy,"the sauce appears to have a thick, creamy texture"
c0975f297eda584,What is scattered on top of the pasta,cheese,grated cheese and herbs are scattered on top of the pasta
c0975f297eda584,Where are the thin strands of cheese located,on top of,the thin strands of cheese are located on the left side of the pasta
4a760002afb43b8,What is the color of the base of the dish,white,the base of the dish is white
4a760002afb43b8,Where is the fettuccine located in the dish,located throughout,"the fettuccine is the pasta base of the dish, mixed with the sauce and underneath the chicken and asparagus"
4a760002afb43b8,What type of meat is scattered on top of the pasta,chicken,chicken
4a760002afb43b8,What color are the slightly browned areas on the chicken,asparagus,the slightly browned areas on the chicken appear to be light brown or tan
614c5dee532b78e,What color are the figs,purple,the figs appear to be dark purple or black
614c5dee532b78e,What type of fruit is shown in the image,figs,prunes
614c5dee532b78e,Where is the goat cheese placed,on top of,the goat cheese is placed on top of the dried fruit
614c5dee532b78e,What is the texture of the goat cheese,creamy,"from the image, the goat cheese appears to have a slightly crumbly texture"
614c5dee532b78e,How is the goat cheese distributed,scattered,the goat cheese is distributed in clumps on top of the dried fruit
a31ea68b260d0c2,What color is the interior of the cut filet,pinkish-red,pink
a31ea68b260d0c2,What type of meat is shown in the image,filet,"the meat in the image appears to be beef, specifically a beef tenderloin or filet mignon"
a31ea68b260d0c2,What color is the seared exterior of the filets,brown,the seared exterior of the filets appears to be dark brown
a31ea68b260d0c2,Where are the filets placed,on a plate,the filets are placed on a white plate
a31ea68b260d0c2,How is the exterior of the filets described,seared,the exterior of the filets appears to be browned or seared
260ac1e7d31775e,What color is the plate,blue,the plate is dark blue
260ac1e7d31775e,What type of food is being served,fish,"the image shows fish fillets. they appear to be topped with garlic and herbs, possibly dill"
260ac1e7d31775e,What herb is scattered on the fish,dill,dill
260ac1e7d31775e,What color is the fish generally,white,the fish is generally white
395a4e305e40a37,What flavor is the fish,lemony,"based on the appearance of the fish, particularly the green herbs visible on top, a likely flavor profile would include herbs such as dill or parsley. without more information or being able to taste it, it's difficult to determine the exact flavor"
395a4e305e40a37,What type of food is shown in the image,fish,the food shown in the image is salmon
395a4e305e40a37,What color is the plate,orange,the plate is orange
395a4e305e40a37,Where is the fish placed,on plate,the fish is placed on an orange plate
395a4e305e40a37,What color are the herbs on the fish,green,the herbs on the fish are green
a5b87a311528eb8,What color is the plate,yellow,"the plate appears to be a light yellow color, possibly with a pattern of blue flowers on it"
a5b87a311528eb8,What type of food is in the center of the plate,fish,the food in the center of the plate is fish
a5b87a311528eb8,What color is the fish,golden-brown,the fish is reddish-orange
a5b87a311528eb8,Where is the fish located,on a plate,the fish is on a plate
a5b87a311528eb8,What color are the scallions on the fish,green,the scallions on the fish are green
ce3a724e27e8f9f,What color is the fish,white,the fish appears to be white
ce3a724e27e8f9f,What is the main ingredient in the dish,fish,tofu
ce3a724e27e8f9f,What color is the sauce on top of the fish,brown,the sauce on top of the fish is brown
ce3a724e27e8f9f,Where is the ginger placed,on top of,the ginger is placed on top of the fish
ce3a724e27e8f9f,What color are the scallions on top of the fish,green,the scallions on top of the fish are green
27bc4f71b275ae7,What is in the clear glass,drink,"based on the image, the clear glass appears to contain a beverage with a foamy top, possibly a cocktail or mixed drink. the drink itself seems to be a light yellow or amber color. there is also some decorative element on the top of the foam, perhaps bitters or a spice arranged in a pattern"
27bc4f71b275ae7,What color is the foam on the drink,white,the foam on the drink is white with red accents
27bc4f71b275ae7,What color are the patterns on top of the foam,reddish-orange,the patterns on top of the foam are reddish-orange
27bc4f71b275ae7,Where are the reddish-orange patterns located,on top of,the reddish-orange patterns are located on top of the foam in the glass
c3720ab16e601cc,What is the texture of the flan's top surface,shiny,the top surface of the flan appears to be smooth and glossy
c3720ab16e601cc,What type of dessert is shown in the image,flan,the dessert shown in the image is flan
c3720ab16e601cc,What color is the plate,white,the plate is white
c3720ab16e601cc,What color is the surface on top of the flan,caramel-colored,the surface on top of the flan is caramel colored
8988bdd592b7b2b,What type of meat is scattered on the flatbread,chicken,chicken is scattered on the flatbread
8988bdd592b7b2b,How is the teriyaki sauce applied over the toppings,drizzled,the teriyaki sauce is drizzled over the toppings
8988bdd592b7b2b,What is the color of the onions on the flatbread,purple,the onions on the flatbread appear to be red or purple
a04609d90ed6c41,What color is the pineapple in the dish,yellow,the pineapple in the dish appears to be a light yellow color
a04609d90ed6c41,How is the pineapple prepared in the dish,diced,the pineapple appears to be cubed
a04609d90ed6c41,What fruit is used in the dish,pineapple,pineapple
a04609d90ed6c41,What is the texture of the overall mixture,moist,"the overall mixture appears to be a combination of soft, moist, and slightly chunky textures. the bread cubes look like they have soaked up some of the liquid and are likely soft, while the pineapple pieces add a chunky element. there also seems to be some moisture throughout the mixture, giving it a moist consistency"
a04609d90ed6c41,How are the bread and pineapple pieces distributed in the dish,throughout the dish,the bread and pineapple pieces are mixed together and distributed evenly throughout the dish
df836fe70475d5d,What type of container is the Cranberry Fluff served in,glass,the cranberry fluff is served in a martini glass
df836fe70475d5d,How full is the bowl with the Cranberry Fluff,filling,"the bowl is very full, with the cranberry fluff heaped high"
df836fe70475d5d,What fruit pieces are visible in the Cranberry Fluff,cranberries,grapes are visible in the cranberry fluff
df836fe70475d5d,What fruit halves are prominently visible on the right side of the mound,grapes,grapes
df836fe70475d5d,Where is the Cranberry Fluff mounded to,to the brim,the cranberry fluff is mounded to a stemmed glass
93caec07215ba61,What color is the interior of the focaccia,yellow,the interior of the focaccia is light yellow
93caec07215ba61,What type of bread is shown in the image,focaccia,the bread in the image appears to be focaccia
93caec07215ba61,What color is the basil on top of the focaccia,green,the basil on top of the focaccia appears to be green
93caec07215ba61,What material is the surface the focaccia is resting on,wooden,wood
82927363da2288b,What color is the fondue in the bowl,yellow,the fondue in the bowl appears to be a light yellow color
82927363da2288b,What is the fondue contained in,bowl,the fondue is contained in a bowl
82927363da2288b,What is the state of the bread's crust,toasted,"the bread has a visible, slightly browned crust"
82927363da2288b,What color is the crust of the bread,golden-brown,the crust of the bread is light brown
82927363da2288b,Where is the fondue dripping from,down from,the fondue is dripping from the bread
2d2938a660f6b1d,What color are the pretzel rings,brown,the pretzel rings are brown. they also have some white drizzled on them
2d2938a660f6b1d,What type of food item is drizzled with white chocolate,pretzel,"the food item drizzled with white chocolate appears to be muddy buddies or puppy chow. it's a mix of cereal squares, pretzels, and candies coated in white chocolate"
82c11793c3b8518,What color is the dessert,brown,the dessert is primarily brown
82c11793c3b8518,What type of food is shown in the image,dessert,blondies
82c11793c3b8518,What shape are the desserts,rectangular,the desserts are square shaped
f189044f1aaf168,What color are the slivered almonds on the candies,brown,the slivered almonds on the candies appear to be a light tan color
f189044f1aaf168,What type of nuts are scattered on the candies,almonds,the nuts scattered on the candies appear to be almonds
f189044f1aaf168,How are the almonds positioned on the candies,scattered,the almonds appear to be sliced and adhered to the top of the candies. they are arranged seemingly at random
ff63f9d9e982d84,What color is the baking dish,white,the baking dish is white
ff63f9d9e982d84,What type of dish is the Frito Pie Casserole in,casserole,"based on the image, the frito pie casserole is in a white, ceramic baking dish. the dish has handles on the sides, which are visible in the image"
ff63f9d9e982d84,How are the chopped green onions arranged on top of the chips,scattered,the chopped green onions are scattered randomly on top of the chips
ff63f9d9e982d84,What color is the mixture underneath the chips,reddish-brown,the mixture underneath the chips appears to be a reddish-brown color
ff63f9d9e982d84,Where is the layer of Frito chips located,on top,the frito chips are on the top layer of the dish in the white baking pan
c1995791b9f2571,What color is the pan,black,the pan is black
c1995791b9f2571,What color is the base of the frittata,yellow,the base of the frittata appears to be a light yellow color
c1995791b9f2571,How are the green herbs distributed in the frittata,scattered,"the green herbs appear to be distributed throughout the frittata, not in any organized pattern, but rather scattered randomly"
c1995791b9f2571,What are the bright red slices arranged in the center,tomatoes,they are tomato slices
c1995791b9f2571,Where are the slices of tomatoes located,in a black pan,the slices of tomatoes are arranged in the center of the omelet
76f8eb55a8ddb4a,What color is the frittata primarily,yellow,the frittata is primarily yellow
76f8eb55a8ddb4a,What vegetable is visible in the frittata,broccoli,broccoli
76f8eb55a8ddb4a,What is the overall tone of the frittata's color,light,the frittata has an overall tone of light yellow
76f8eb55a8ddb4a,What type of cheese is visible in the frittata,cheddar,cheddar cheese is visible in the frittata
3fd383827ec0643,What color are the crab fritters,brown,the crab fritters are mostly a dark brown color
3fd383827ec0643,How are the crab fritters arranged on the plate,clustered,"the crab fritters are loosely arranged in a central pile on the plate, with two lemon wedges placed on the side"
3fd383827ec0643,What is the food served on,plate,the food is served on a plate
3fd383827ec0643,What color are the lemon wedges,yellow,the lemon wedges are yellow
3fd383827ec0643,Where are the lemon wedges located,on the left,the lemon wedges are located on the left side of the plate
8fb828778ec290d,What color is the larger fritter,golden-brown,the larger fritter appears to be a light golden-brown color
8fb828778ec290d,What type of food is on the plate,fritter,the food on the plate appears to be latkes
8fb828778ec290d,How does the texture of the fritter appear around the edges,crispy,"the fritter has a crispy, slightly jagged texture around the edges"
8fb828778ec290d,What color is the plate,white,the plate is white
90566bb352454ee,What is the flavor of the frosting on the stack,chocolate,"based on the image, the frosting on the stack appears to be chocolate flavored"
90566bb352454ee,What is the arrangement of the chocolate-frosted items,stack,the chocolate-frosted items are arranged in a stack on a plate
90566bb352454ee,What color is the chocolate frosting,brown,the chocolate frosting is brown
90566bb352454ee,Where is the stack of chocolate-frosted items placed,on a plate,the stack of chocolate-frosted items is placed on a plate on a table
a238a1570e7fe42,What is the shape of the frosting,swirled,the frosting is swirled
a238a1570e7fe42,What color is the frosting,pink,the frosting is pink
a238a1570e7fe42,What is the dessert in the image,cupcake,the dessert in the image is a cupcake
a238a1570e7fe42,What fruit is in the frosting,cherry,"based on the image, it appears that the fruit in the frosting is raspberries"
a238a1570e7fe42,Where is the frosting located,on top of,the frosting is located on top of the cupcake
d5e6b885904e072,What are the containers holding the frosting,bowls,the frosting is in bowls
0de51666d9bbd9c,What does the frosting evenly do to the cake,coats,cover
0de51666d9bbd9c,What is the dessert in the image,cake,the dessert in the image is a chocolate cake
0de51666d9bbd9c,What color is the frosting,brown,the frosting is brown
0de51666d9bbd9c,Where is the cake placed,on the plate,the cake is placed on a plate
97145150b1c3a0a,What color is the plate,blue,the plate is blue
97145150b1c3a0a,What type of dish are shown in the image,fries,the dish shown in the image is cheese fries with bacon and green onions
97145150b1c3a0a,What color is the melted cheese,orange,the melted cheese appears to be orange-yellow
97145150b1c3a0a,Where is the melted cheese located,on top of,the melted cheese is on the fries
a88c7dd881219e4,What color are the French fries in the casserole,yellow,the french fries in the casserole appear to be a golden-yellow color
a88c7dd881219e4,What type of dish is the food in the image,casserole,"the dish appears to be a baked casserole. it contains pasta (possibly french fries), cheese, and some kind of meat (likely bacon)"
17b989adaf9150e,What color is the plate,white,the plate is white
17b989adaf9150e,What type of food is described as golden-brown,fries,pizza sticks
17b989adaf9150e,What color are some of the fillings,golden-brown,some of the fillings are orange
17b989adaf9150e,What color are some of the other fillings,orange,the fillings appear to be a reddish-orange color
17b989adaf9150e,Where are the green spices sprinkled,on top of,the green spices are sprinkled on the crust of the pizza strips
a9c7fa28ed37744,What is the primary color of the fries,yellow,yellow
a9c7fa28ed37744,What vegetable are the fries made from,potato,the fries are made from potatoes
a9c7fa28ed37744,What color is the skin on some of the fries,reddish-brown,the skin on some of the fries is red
a9c7fa28ed37744,Where are the fries placed,on a plate,the fries are placed on a plate
892b050aed75a1b,What is the primary color of the sweet potato fries,yellow,orange
892b050aed75a1b,What type of food is shown in the image,fries,the image shows sweet potato fries
892b050aed75a1b,What is the appearance of the edges of some fries,charred,the edges of some of the fries appear crispy and slightly browned
892b050aed75a1b,Where are the fries arranged on the plate,in the center,the fries are arranged in a pile on a white plate
892b050aed75a1b,What color is the napkin under the plate,blue,the napkin under the plate is dark blue
07cf1edcce84e68,What is the base color of the fudge,white,the base color of the fudge is white
07cf1edcce84e68,What type of food is shown in the image,fudge,"the image shows fudge, specifically white chocolate fudge with cranberries and nuts"
07cf1edcce84e68,What color are the cranberries in the fudge,red,the cranberries in the fudge are red
07cf1edcce84e68,What type of nuts are in the fudge,walnuts,"based on the image, the nuts in the fudge appear to be almonds"
bf0ab2726eb40b3,What color is the fudge,brown,the fudge is tan colored
bf0ab2726eb40b3,What type of dessert is shown,fudge,fudge
bf0ab2726eb40b3,Where is the fudge located in the image,on the left,the fudge is located in the center-left of the image
bf0ab2726eb40b3,What does the surface of the fudge have,sheen,the surface of the fudge appears to be smooth
34f562a43a24940,What color is the crust of the galette,golden-brown,the crust of the galette is golden brown
34f562a43a24940,What color are the cherry tomatoes,red,the cherry tomatoes in the image are red and yellow
34f562a43a24940,Where are the basil leaves located on the galette,atop the galette,the basil leaves are located on top of the tomato filling near the upper-left edge of the galette
34f562a43a24940,What color are the basil leaves,green,the basil leaves are green
599a7d7530ff76b,What color is the surface of the Galette des Rois,golden-brown,"the surface of the galette des rois is a golden-brown color, with patches of white powdered sugar on top"
599a7d7530ff76b,What type of food is the Galette des Rois,pastry,the galette des rois is a type of cake
599a7d7530ff76b,What color is the powdered sugar on the Galette des Rois,white,the powdered sugar on the galette des rois is white
599a7d7530ff76b,How is the powdered sugar distributed on the Galette des Rois,sprinkled,"the powdered sugar is dusted across the top of the galette des rois, emphasizing the decorative scoring in a leaf-like pattern. the powder highlights the lines and grooves created in the dough"
5b46052cbc1ded8,What fruit is red and placed towards the top and center,strawberry,strawberry
5b46052cbc1ded8,What color is the crust of the galette,golden-brown,the crust of the galette is a light golden brown color
5b46052cbc1ded8,What fruit is dark blue and nestled among the strawberry slices,blueberries,blueberries
5b46052cbc1ded8,Where are the strawberry slices placed,towards the top,the strawberry slices are placed on top of the pie crust
fb707f2c874780c,What is the color of the outer layers of the garlic,tan,the outer layers of the garlic appear to be beige or tan
fb707f2c874780c,What is the main ingredient in the image,garlic,garlic
fb707f2c874780c,What is the color of the exposed cloves of garlic,yellow,the exposed cloves of garlic appear to be mostly yellow. some portions appear to be brownish-orange as well
fb707f2c874780c,What is the color of the foil surrounding the garlic,silver,the foil surrounding the garlic is silver
014f5ece7199f30,What color is the lemon-lime soda gelatin salad,green,the lemon-lime soda gelatin salad is green
014f5ece7199f30,What type of dish is the lemon-lime soda gelatin salad,dessert,a dessert or side dish
014f5ece7199f30,What is the texture of the lemon-lime soda gelatin salad like,gelatin,"the texture of the lemon-lime soda gelatin salad appears to be a mix of smooth and lumpy, with soft, jiggly gelatin cubes and a creamy, possibly whipped, base. there are also small particles, likely nuts or coconut, adding some grit"
014f5ece7199f30,What is the overall impression of the lemon-lime soda gelatin salad,creamy,the lemon-lime soda gelatin salad has a slightly unappetizing appearance due to its somewhat gloppy texture and pale green color. it looks like a vintage or retro dish
3920c6be53a6f6c,What color is the chicken,golden-brown,the chicken appears to be a golden-brown color with some white meat showing. it also has a sauce on it that appears to be a darker brown
3920c6be53a6f6c,What is the chicken served in,bowl,the chicken is served in a bowl with rice
3920c6be53a6f6c,How is the chicken arranged,sliced,the chicken is sliced and arranged on top of a bed of rice in a bowl. it is garnished with green onions and sesame seeds
3920c6be53a6f6c,What color are the garnishes on the chicken,green,the garnishes on the chicken appear to be green and white
3920c6be53a6f6c,Where is the chicken placed in relation to the rice,on top of,the chicken is placed on top of the rice
a3729bd13d1a3ce,"What ingredient adds a warm, spicy flavor to the dish",ginger,"based on the image of the stir-fry, it's difficult to definitively identify the ingredient that adds a warm, spicy flavor. i cannot infer this information from the image"
a3729bd13d1a3ce,What is the main protein in the dish,chicken,chicken
a3729bd13d1a3ce,What color is the plate,white,the plate is white
a3729bd13d1a3ce,Where is the stir-fry placed,on a plate,the stir-fry is placed on a rectangular plate
a3729bd13d1a3ce,What color are the bell pepper slices primarily located on the left side of the plate,red,red
00e593048406ff1,What is the color of the ginger syrup,translucent,the ginger syrup is a light yellow/beige color
00e593048406ff1,What is the syrup contained in,jar,the syrup is contained in a glass jar
00e593048406ff1,What color is the ginger syrup,amber,the ginger syrup is a light yellow color
00e593048406ff1,Where is the jar positioned in the image,in the center,the jar is positioned on a wooden cutting board
fea12437470c358,What color is the crust of the treats,yellow,the crust of the treats is yellow
fea12437470c358,What type of treats are shown in the image,gingerbread,"based on the image, the treats appear to be pastries, specifically chocolate pastries. they have a flaky, golden-brown crust, likely made of puff pastry, and a chocolate filling. they are also dusted with powdered sugar"
fea12437470c358,What is on top of the gingerbread treats,chocolate,chocolate and gingerbread
fea12437470c358,What color is the plate,beige,the plate is a beige color
e54f96ac6dd17b3,What color is the gingerbread house,brown,the gingerbread house is brown
e54f96ac6dd17b3,Is the gingerbread house shaped like a house,yes,"yes, the gingerbread house is shaped like a house"
e54f96ac6dd17b3,What color is the icing on the roof,white,the icing on the roof is white
e54f96ac6dd17b3,What shape is formed by the light blue and pink candies,flower,the light blue and pink candies are arranged in a flower shape
a39e3415ded2a21,What color are the dots on the tan gingerbread figure in the left center,green,the dots on the tan gingerbread figure in the left center are green
a39e3415ded2a21,Where is the dark brown gingerbread man with green icing located,on top,the dark brown gingerbread man with green icing is at the top right
59f3fdd700719ff,What type of cookies are on the plate,gingerbread cookies,the cookies on the plate are gingerbread cookies
59f3fdd700719ff,What color are the gingerbread cookies,brown,the gingerbread cookies are brown
59f3fdd700719ff,Where is the glass situated,on a plate,the glass is situated on a plate
40731821312df84,What is the color of the vanilla glaze,beige,the vanilla glaze is a pale white color
40731821312df84,What type of baked goods are shown in the image,cookies,the image shows iced cookies
40731821312df84,How are the cookies arranged,stacked,the cookies are stacked on top of each other to create a tower
40731821312df84,Where is the glaze spread on the cookies,on top of,the glaze is spread on the top of the cookies
e2f346240095e65,What color is the bowl the soup is served in,white,the bowl is white
e2f346240095e65,What color is the soup base,yellow,the soup base appears to be a creamy yellowish color
e2f346240095e65,What meat is scattered throughout the soup,bacon,bacon
e2f346240095e65,Where are the chopped green onions placed,on top,the chopped green onions are placed on top of the soup
bb9b1c1288afbc7,What type of pasta is pale yellow and scattered on the plate,gnocchi,the pasta appears to be gnocchi
bb9b1c1288afbc7,What seafood is distributed around the center and left side of the plate,shrimp,shrimp is distributed around the center and left side of the plate
bb9b1c1288afbc7,What color are the asparagus spears,green,the asparagus spears are green
f72def05a510d0d,What color is the chicken sausage,brownish-red,the chicken sausage appears to be brown
f72def05a510d0d,What type of dumplings are in the dish,gnocchi,the dumplings are gnocchi
f72def05a510d0d,What color are the broccoli florets,green,the broccoli florets are green
f72def05a510d0d,Where are the food items located,on a plate,the food items are located in a white bowl
0596db289a95c00,What color is the rotini pasta,yellow,the rotini pasta is tan
0596db289a95c00,What type of food is the rotini,pasta,rotini is a type of pasta
0596db289a95c00,What color is the tomato-based sauce,red,the tomato-based sauce appears to be red
0596db289a95c00,Where is the sprig of parsley placed,on top of,the sprig of parsley is placed on top of the pasta and sauce
0596db289a95c00,What color is the sprig of parsley,green,the sprig of parsley is green
24e93d74ec63682,What color is the macaroni in the Goulash Supreme,orange-brown,"the macaroni is mainly covered in a reddish-orange sauce, but some parts show a lighter, yellow-beige color"
24e93d74ec63682,What type of pasta is used in the Goulash Supreme,macaroni,elbow macaroni pasta is used in the goulash supreme
24e93d74ec63682,How are the macaroni pieces arranged in the bowl,scattered,"the macaroni pieces are arranged in a random pattern within the bowl, with the sauce and meat scattered throughout"
24e93d74ec63682,What color are the diced tomatoes in the Goulash Supreme,red,the diced tomatoes in the goulash supreme appear to be red
24e93d74ec63682,Where is the green sprig of parsley located,at the top,the green sprig of parsley is located to the right side of the macaroni and ground beef
4fe57bd9df72e3f,How is the ground beef arranged in the bowl,scattered,"the ground beef is distributed evenly throughout the bowl, mixed with the other ingredients"
4fe57bd9df72e3f,What type of meat is used in the dish,beef,the dish appears to use ground beef
4fe57bd9df72e3f,What color are the potatoes,yellow,the potatoes are yellow
4fe57bd9df72e3f,What color are the carrots,orange,the carrots appear to be orange
ba01bc8f6481ce0,What color are the specks of lemon zest in the granita,yellow,the specks of lemon zest in the granita are yellow
ba01bc8f6481ce0,What fruit is used to flavor the granita,lemon,lemon
ba01bc8f6481ce0,What material is the granita served in,glass,the granita is served in a glass
e26db2540b79be7,What fruit is used to make the granita,watermelon,"based on the red color of the granita, it's likely made from watermelon"
e26db2540b79be7,What is placed on top of the granita,mint,mint leaves are placed on top of the granita
56f2be6ebb5a498,What color is the granola,brown,the granola in the image appears to be a golden brown color
56f2be6ebb5a498,What type of food is shown in the image,granola,granola
56f2be6ebb5a498,What color are the cranberries in the granola,red,the cranberries in the granola are red
1de8bda867af12d,What is the primary color of the granola,brown,the granola is primarily light brown
1de8bda867af12d,What type of food is being described,granola,granola
1de8bda867af12d,What color are the cranberries in the granola,red,the cranberries in the granola are red
1de8bda867af12d,How are the coconut flakes distributed in the granola,scattered,the coconut flakes are distributed randomly throughout the granola
1de8bda867af12d,Where are the almonds located in the granola,in the mixture,"the almonds are mixed throughout the granola. there are whole almonds, as well as sliced almonds"
c8325a55672f711,What is the color of the creamy sauce,yellow,"the creamy sauce appears to be off-white, with some slightly browned areas"
c8325a55672f711,What is the main ingredient in the dish,potatoes,potatoes
c8325a55672f711,What color are the potato slices,yellow,the potato slices are a pale yellow color. some also have browned areas from cooking
c8325a55672f711,Where are the potatoes placed,in a baking dish,the potatoes are placed in a baking dish
6469a613547241c,What color is the dish,yellow,the dish is blue
6469a613547241c,What type of container holds the scallops,dish,"based on the image, the scallops are in an oval-shaped blue ceramic dish"
6469a613547241c,What color are the scallops,white,the scallops are white. some areas have some browning and there is some green seasoning on top
6469a613547241c,What is the color of the sauce surrounding the scallops,yellow,"the sauce surrounding the scallops is a light, creamy color, likely white or off-white with possible yellow or greenish hues"
6469a613547241c,Where is the dish positioned in the frame,in the lower center,the dish is positioned in the bottom center of the frame
8659c8bf322c959,What is the size of the ham pieces,diced,the ham pieces are diced into small cubes
8659c8bf322c959,What type of seafood is in the bowl,shrimp,the seafood in the bowl is shrimp
f8f3ab847fbd98e,What color are the carrot pieces,orange,the carrot pieces are orange
f8f3ab847fbd98e,What is the main liquid in the pot,broth,broth
f8f3ab847fbd98e,Where are the carrots and celery positioned,on the left,the carrots and celery are positioned inside a pot filled with broth and meat
37efc4acb95a4cc,What is the food served in,bowl,bowl
37efc4acb95a4cc,What color is the lemon wedge,lemon,the lemon wedge is yellow
37efc4acb95a4cc,What color is the lemon wedge,yellow,the lemon wedge is yellow
37efc4acb95a4cc,Where is the lemon wedge placed in the bowl,on the left side,"the lemon wedge is placed on the left side of the bowl, on top of the green leaves"
768d83ac0f75f2c,How are the chicken pieces arranged in the dish,scattered,"the chicken pieces are arranged in a stew-like fashion, nestled among other ingredients like celery, sausage, and rice. they appear to be mixed in with the other ingredients and the sauce"
768d83ac0f75f2c,What color is the sauce in the gumbo,brown,the sauce in the gumbo is brown
768d83ac0f75f2c,What type of meat is included in the gumbo besides sausage,chicken,"based on the image, it appears that the gumbo also contains chicken"
768d83ac0f75f2c,What type of meat is included in the gumbo besides chicken,sausage,sausage
57fcd575d52b6f1,What color is the pita bread,beige,the pita bread appears to be a light tan color
57fcd575d52b6f1,What type of food is shown in the image,gyros,the image shows gyros
57fcd575d52b6f1,What color is the gyro meat,brown,the gyro meat is brown
57fcd575d52b6f1,Where are the gyros mostly arranged in the image,on the left side,the gyros are mostly arranged on a plate in the image
57fcd575d52b6f1,What color are the lettuce leaves,green,the lettuce leaves are green
501fae196787866,What is the texture of the panko crust,crispy,the texture of the panko crust is crispy and granular
501fae196787866,What type of fish is shown in the image,halibut,"it is difficult to tell the exact type of fish, but based on its appearance, it is likely a white fish such as cod, halibut, or sea bass"
501fae196787866,What color is the halibut,white,the halibut is white with a golden-brown crust
501fae196787866,What color are the beans,green,the beans appear to be green
501fae196787866,Where is the crispy panko crust located,on top,the crispy panko crust is on top of the fish
ef1a71508ed5873,What color is the crust of the halibut,beige,the crust of the halibut appears to be a light golden color
ef1a71508ed5873,What type of fish is being served,halibut,"based on the appearance, it's difficult to definitively say the exact type of fish. it could be cod or halibut due to the white color and flaky texture visible in the image, but a definitive determination is challenging without more information"
ef1a71508ed5873,What color is the broccoli,green,the broccoli is green
ef1a71508ed5873,What is the broccoli located on,on the right,the broccoli is located on a plate
8a148819c0cb4f0,What color are the halloumi pieces after frying,golden-brown,the halloumi pieces are golden brown after frying
8a148819c0cb4f0,What type of cheese is being fried,halloumi,the image shows fried halloumi cheese
8a148819c0cb4f0,What color is the plate,gray,the plate is light gray
8a148819c0cb4f0,Where is the lemon slice positioned on the plate,on the left,the lemon slice is positioned on the left side of the plate
8a148819c0cb4f0,What color is the lemon slice,yellow,the lemon slice is yellow
d0a17cef7c0faf3,What fruit is visible on the surface of the ham,apricot,orange
d0a17cef7c0faf3,What color is the exterior of the ham,reddish-brown,the exterior of the ham is a dark reddish-brown color
d0a17cef7c0faf3,What is next to the ham in the upper right quadrant of the plate,bowl,sauce
d0a17cef7c0faf3,Where is the bowl of brown sugar sauce located,in the upper right,the bowl of brown sugar sauce is located in the upper right corner of the image
5d818c429496351,What color is the ham,pink,the ham is a pinkish-red color
5d818c429496351,What type of meat is shown in the image,ham,the meat shown in the image is ham
cc1e04c85b3b6fb,What color is the ham inside the sandwich,pink,the ham inside the sandwich is pink
cc1e04c85b3b6fb,What is the main food item in the image,sandwich,the main food item in the image is a shredded meat sandwich
cc1e04c85b3b6fb,What color are the pickle slices,green,the pickle slices are green
cc1e04c85b3b6fb,Where are the food items placed,on a plate,the food items are placed on a white plate
cc1e04c85b3b6fb,What color are the edges of the pickle slices,green,the edges of the pickle slices appear to be a lighter green color
1c1452434772ef5,What is the primary color of the ham slices,pink,the primary color of the ham slices is pink
1c1452434772ef5,What type of meat is shown in the image,ham,the meat shown in the image is ham
1c1452434772ef5,What is the appearance of the edges of some ham slices,caramelized,some of the edges of the ham slices are charred. other edges are light in color
1c1452434772ef5,Where are the ham slices layered,layered on,the ham slices are layered on a plate with lettuce and tomatoes
1c1452434772ef5,What is the ham layered on top of,lettuce,lettuce
b397bd5d4937bfb,What is the main vegetable in the hash,potato,the main vegetable in the hash appears to be sweet potato
b397bd5d4937bfb,What color are the cubed sweet potatoes,orange,the cubed sweet potatoes appear to be orange in color
b397bd5d4937bfb,Where are the sprigs of dill located,throughout,the sprigs of dill are located under the fried egg and in several other places throughout the plate
b397bd5d4937bfb,What color is the yolk of the fried egg,yellow,the yolk of the fried egg is yellow
8ba0dca8f0c3725,What color is the Texas Hash,brownish,"the texas hash appears to be a mix of colors, including shades of brown, orange, white, and green"
8ba0dca8f0c3725,What is the food served on,plate,the food is served on a white plate
8ba0dca8f0c3725,What color is the melted cheese,yellow,the melted cheese is white and yellow
8ba0dca8f0c3725,Where are the scallions placed,sprinkled on top,the scallions are placed on top of the cheesy rice casserole
8ba0dca8f0c3725,What color is the plate,white,the plate is white
7e60dd9c05f81e5,What color are the sweet potato cubes,orange,the sweet potato cubes are orange
7e60dd9c05f81e5,What type of vegetable is used in the hash,potato,butternut squash
7e60dd9c05f81e5,How is the egg prepared,fried,the egg appears to be fried
7e60dd9c05f81e5,Where is the fried egg placed,on top of,the fried egg is placed on top of the cubed food
7e60dd9c05f81e5,What is the red-colored item in front of the potatoes,bacon,the red-colored item in front of the potatoes is bacon
bae167eccbe36fa,What food item is shown in the image,hash browns,potato cakes
bae167eccbe36fa,What color is the top of the top left hash brown,golden-brown,the top of the top left hash brown is mostly brown
bae167eccbe36fa,Are the hash browns touching each other,yes,"yes, some of the hash browns are touching each other in the image"
bae167eccbe36fa,Where are the hash browns placed,on a plate,the hash browns are placed on a plate
9b5b05482f16491,What color are the hash browns,golden-brown,the hash browns are golden brown
9b5b05482f16491,What are the hash browns served on,plate,the hash browns are served on a brown plate with an orange trim
9b5b05482f16491,What color is the rim of the plate,orange,orange
9b5b05482f16491,What is sprinkled on the white creamy sauce,chives,chives are sprinkled on the white creamy sauce
71f29ccc1bb79d2,What color are the chicken hearts and mushrooms,brown,the chicken hearts and mushrooms appear to be various shades of brown and tan
71f29ccc1bb79d2,What type of meat is visible in the image,chicken,i cannot see any meat in this image. it appears to be mushrooms and potatoes
71f29ccc1bb79d2,What color are the round objects in the upper right corner,yellow,the round objects in the upper right corner are yellow
71f29ccc1bb79d2,"Where are the pale yellow, round objects located in the image",in the upper right,"the pale yellow, round objects are located in the upper right portion of the image"
6af6a4433e4a0c7,What color is the top of the Cornish Game Hen,golden-brown,the top of the cornish game hen appears to be golden brown
6af6a4433e4a0c7,What type of bird is shown in the image,hen,the bird in the image is a chicken. it appears to be roasted
6af6a4433e4a0c7,What color are the darker grains in the rice stuffing,brown,the darker grains in the rice stuffing are brown and black
6af6a4433e4a0c7,Where is the Cornish Game Hen positioned in the image,at the top left,the cornish game hen is located on the top of the plate
4e8597ee35c2dfd,What type of food is in the bowl,salad,"the food in the bowl appears to be a salad. it has lettuce, tomatoes, and some kind of creamy dressing"
4e8597ee35c2dfd,What colors are present in the salad dressing,green-white,"the salad dressing appears to be primarily a light green or pale green color, with perhaps some hints of white or cream. it is difficult to specify exact shades without more detailed color analysis"
4e8597ee35c2dfd,Where is the dressing drizzled,over the salad leaves,the dressing is drizzled on the salad
4e8597ee35c2dfd,What vegetable pieces are in the salad,tomatoes,the salad contains lettuce and tomato pieces
00bf2bb6e5a159a,What type of beans are clustered on top of the hummus,edamame,the beans on top of the hummus appear to be edamame
00bf2bb6e5a159a,What is the base of the dish made of,hummus,"the base of the dish appears to be a green spread, possibly a dip or hummus"
00bf2bb6e5a159a,What color are the small seeds scattered on the hummus,black,the small seeds scattered on the hummus are black
00bf2bb6e5a159a,Where are the edamame beans located,on top of,the edamame beans are located in the center of the image
b3642208c36c1c0,What is the color of the hummus,yellow,the hummus appears to be a light yellow-green color
b3642208c36c1c0,What is the dip in the bowl,hummus,the dip in the bowl looks like hummus
b3642208c36c1c0,Where are the crackers placed in relation to the hummus,submerged,the crackers are placed partially inside the hummus
b3642208c36c1c0,What is served alongside the hummus,crackers,crackers are served alongside the hummus
b3642208c36c1c0,Where are the crackers positioned in the bowl,on the right,the crackers are positioned stuck into the hummus
1d926823e55a19f,What is the hummus served in,bowl,the hummus is served in a light green and white scalloped bowl
1d926823e55a19f,What color is the hummus,brownish-green,the hummus is a yellow-brown color with some green flecks in it
1d926823e55a19f,Where is the bowl situated in the image,towards the top left,"the bowl is situated on a white plate alongside celery sticks, carrot sticks and pita bread"
3c4a5088c3151a4,What color is the hummus,beige,the hummus is a light tan color
3c4a5088c3151a4,What is the name of the food in the bowl,hummus,hummus with tomatoes
3c4a5088c3151a4,What color is the oil in the center of the hummus,yellow,the oil in the center of the hummus appears to be yellow
3c4a5088c3151a4,What is arranged around the rim of the bowl,tomatoes,tomatoes
3c4a5088c3151a4,What is dusted on the hummus,spices,"based on the image, it appears the hummus is dusted with paprika"
8ee85aedb5b644e,What color is the hummus,yellow-beige,the hummus is a beige color
8ee85aedb5b644e,What is the hummus served in,bowl,the hummus is served in a blue bowl
8ee85aedb5b644e,What color are the carrots,orange,the carrots are orange
8ee85aedb5b644e,What is the hummus served with,carrots,the hummus is served with carrots
8ee85aedb5b644e,Where are the carrots placed,on the plate,the carrots are placed on the plate around the bowl of hummus
3d48f6b7482aba6,What color is the jam in the jars,reddish-brown,the jam in the jars is a dark red color
3d48f6b7482aba6,What containers are used to hold the jam,jars,the jam is held in canning jars
3d48f6b7482aba6,Where are the jars positioned in the frame,in the center,the jars are positioned in the foreground of the frame
bbf959f60d3b884,What color is the nectarine jam,orange,the nectarine jam is a shade of orange
bbf959f60d3b884,What are the jars made of,jars,the jars are made of glass
bbf959f60d3b884,What material are the lids made of,glass,"the lids of the jars appear to be made of metal. they are likely made of aluminum or steel, and some may also have a coating of plastic on the inside"
bbf959f60d3b884,Where are the jars primarily located,in the center,the jars are primarily located on a countertop
bbf959f60d3b884,What color is the background,pinkish-white,the background appears to be off-white or a light beige color
f065b6f63d2d4a8,Where is the apricot jam located in the image,in the center,the apricot jam is in the jar
f065b6f63d2d4a8,Which part of the image contains the jam,bottom half,the jam is inside the jar
f065b6f63d2d4a8,What color is the apricot jam,orange,the apricot jam in the jar appears to be orange
f065b6f63d2d4a8,How would you describe the color of the jam,vibrant,the jam appears to be a vibrant orange color
38ebbd7b792ff0d,What are the jars made of,glass,the jars are made of glass
38ebbd7b792ff0d,What fruit is used to make the jam,papaya,pineapple
38ebbd7b792ff0d,How would you describe the papaya used in the jam,fresh,"based on the image, the papaya used in the jam appears to be a vibrant orange color. it is likely a ripe or semi-ripe papaya, as that is when the flesh develops that color. without seeing the actual papaya, i can't say more about its texture or ripeness"
38ebbd7b792ff0d,Where are the jars placed,on a white cloth,the jars are placed on a red and white striped towel that is on top of a granite countertop
252b508f8033600,What color is the coffee jelly,dark brown,the coffee jelly is a dark brown or black color
252b508f8033600,What shape are the coffee jelly pieces,cubes,the coffee jelly pieces appear to be cube shaped
252b508f8033600,What color is the liquid surrounding the coffee jelly,beige,the liquid surrounding the coffee jelly is a creamy white color
252b508f8033600,How are the coffee jelly cubes distributed in the mugs,scattered,"the coffee jelly cubes are scattered throughout the mugs, mixed in with a creamy liquid. they appear to be distributed somewhat randomly within the liquid"
465a36d85d1bf6d,What color is the jerky,black,the jerky appears to be a dark brown or black color
465a36d85d1bf6d,What color is the jerky described as,dark,the jerky is described as a dark brown color
465a36d85d1bf6d,How is the jerky arranged in the dish,stacked,the jerky is arranged in a pile in the dish
465a36d85d1bf6d,What is the jerky placed in,dish,the jerky is placed in a white square bowl
465a36d85d1bf6d,Where is the jerky pile located in the frame,in the center,the jerky pile is located in the center of the frame
02649a5833f44cd,What is the primary color of the beef jerky,brown,brown
02649a5833f44cd,What type of food is shown in the image,beef jerky,beef jerky
02649a5833f44cd,How are the beef jerky pieces arranged in the image,scattered,the beef jerky pieces appear to be piled together in a somewhat random or clustered arrangement
02649a5833f44cd,What color variation is seen in some of the beef jerky pieces,reddish-brown,the beef jerky pieces show a color variation of dark brown
02649a5833f44cd,Where are the darkest pieces of beef jerky located,around the edges,"the darkest pieces of beef jerky appear to be scattered throughout the pile, but there's a higher concentration on the left side and towards the bottom of the image"
f4559d130566a05,What color are the beef jerky pieces,brown,the beef jerky pieces are a dark brown color
f4559d130566a05,What type of food is shown in the image,beef jerky,the food shown in the image is beef jerky
f4559d130566a05,How are the beef jerky pieces arranged,overlapping,"the beef jerky pieces are arranged in a piled, overlapping manner"
580723682f5811f,What color is the beef jerky,dark brown,the beef jerky appears to be brown
580723682f5811f,Where is the beef jerky located,located inside,the beef jerky is located in the jar
580723682f5811f,What is the beef jerky stored in,jar,the beef jerky is stored in a jar
580723682f5811f,What is the jar doing on the table,sitting,the jar is standing on a napkin with chili peppers printed on it
580723682f5811f,What is the table made of,wooden,it appears to be made of wood
fa7d133f1e16b4d,What color is the filling of the pie,yellow-tan,the filling of the pie is a tan color
fa7d133f1e16b4d,Where is the pie slice placed,plate,the pie slice is placed on a plate
fa7d133f1e16b4d,What color is the plate,white,the plate is white with a black rim
fa7d133f1e16b4d,How does the surface of the pie filling appear,glazed,the surface of the pie filling appears shiny
331b51dc156ef8d,What is the name of the sandwich in the image,sloppy joe,the sandwich in the image is a sloppy joe
331b51dc156ef8d,What color is the meat filling in the Sloppy Joe,reddish-brown,the meat filling in the sloppy joe appears to be reddish-brown
331b51dc156ef8d,What color are the corn tortilla chips,yellow,the corn tortilla chips are yellow
331b51dc156ef8d,Where is the bottom bun located,on the bottom,the bottom bun is located underneath the filling
a82943b9e36974d,What color is the top of the bun,golden-brown,tan
a82943b9e36974d,What type of meat is in the filling,chicken,"based on the image, it is difficult to determine the exact type of meat in the filling"
a82943b9e36974d,What color is the chicken filling,orange,the chicken filling is a pinkish-orange color
a82943b9e36974d,Where are the jalapeño slices placed,on top,the jalapeño slices are placed on top of the meat mixture inside the bun
a82943b9e36974d,What is clustered to the right of the Sloppy Joes,chips,potato chips are clustered to the right of the sloppy joes
eb3061e9a1207ac,What color is the top bun,golden-brown,the top bun is brown
eb3061e9a1207ac,What is covering the Sloppy Joe filling,bun,the sloppy joe filling is covered by a bun
eb3061e9a1207ac,What color is the plate,gray,the plate is light gray
eb3061e9a1207ac,Where is the filling spilling onto,on a plate,the filling is spilling onto the bottom bun and the plate
df79f56de740b5c,What color is the bun,tan,the bun is light brown
df79f56de740b5c,Is the food served on a bun,bun,"yes, the food appears to be served on a bun"
df79f56de740b5c,What color are the kidney beans,red,the kidney beans appear to be a deep red or maroon color
df79f56de740b5c,Where are the sesame seeds located,on top,the sesame seeds are located on top of the bun
df79f56de740b5c,Are there diced carrots in the filling,diced,"based on the image, it appears that there are diced carrots in the filling"
1b262ba9f1f16d2,What color is the sesame seed juice,beige,the sesame seed juice is a beige color
1b262ba9f1f16d2,What type of drink is shown in the image,juice,the drink in the image is sesame milk
1b262ba9f1f16d2,Where is the sesame seed juice present,on the table,the sesame seed juice is in the glass and in the bottle
1b262ba9f1f16d2,What is the sesame seed juice served in,glass,the sesame seed juice is served in a glass
1b262ba9f1f16d2,Where is the sesame seed juice located,in a glass,the sesame seed juice is located in the glass and the pitcher
199c11f14158f8f,How would you describe the color of the ginger juice at the bottom,vibrant,the ginger juice at the bottom of the glass appears to be a vibrant orange color
199c11f14158f8f,What is the ginger juice served in,glass,the ginger juice is served in a stemmed glass
199c11f14158f8f,What color is the lemon twist,yellow,the lemon twist is yellow
27446535c25c7fc,What fruit is used to make the stars,watermelon,watermelon
27446535c25c7fc,What color are the watermelon stars,pink,the watermelon stars are pink
27446535c25c7fc,What fruit is strung together on the skewers,blueberries,blueberries and watermelon
27446535c25c7fc,What color is the surface the kabobs are placed on,green surface,the surface is green
27446535c25c7fc,What holiday do these kabobs represent,4th of july,"the kabobs represent the fourth of july (independence day). the stars represent the stars on the american flag, and the red and blue colors (watermelon and blueberries) are also colors of the american flag"
8046eb3f2ad1d80,What color is the soup broth,golden-brown,the soup broth appears to be a light brown color
8046eb3f2ad1d80,How is the kale distributed in the soup,dispersed,the kale is evenly distributed throughout the soup
8046eb3f2ad1d80,What type of vegetable is deep green and present in the soup,kale,kale
8046eb3f2ad1d80,What is the soup served in,bowl,the soup is served in a white bowl
72d522544722a3f,What color are most of the kale chips,green,the kale chips are mostly green with some brown edges
72d522544722a3f,What type of food is shown in the image,chips,kale chips
72d522544722a3f,What is holding the kale chips,bowl,the kale chips are being held in a bowl
72d522544722a3f,Where is the bowl placed,on a wooden surface,the bowl is placed on a wooden surface
72d522544722a3f,What color are the edges of some of the kale chips,brownish,the edges of some of the kale chips are brown
c92064eed9436af,What color is the kale in the dish,dark green,the kale in the dish is green
c92064eed9436af,What type of vegetable is dark green and cooked in the dish,kale,kale
c92064eed9436af,What color are the peppers in the dish,red,the peppers in the dish are red
c92064eed9436af,Where is the wooden spoon located in the pan,on top of,the wooden spoon is located in the top center portion of the pan
7a5730a599a537b,What is the overall appearance of the kebabs,colorful,"the kebabs look well-grilled and colorful, featuring a variety of ingredients like meat, red onions, bell peppers (red, green, and orange), mushrooms, pineapple, and tomatoes"
7a5730a599a537b,What type of dish is shown in the image,kebabs,the dish is skewers/kabobs
7a5730a599a537b,What color are the beef pieces,red,the beef pieces are brown
7a5730a599a537b,Where are the kebabs placed,on a plate,the kebabs are placed on a white plate
7a5730a599a537b,What fruit is included in the kebabs,pineapple,pineapple
7c708793b814120,What color is the plate,white,the plate is white
7c708793b814120,What vegetable is shown in the image,kohlrabi,the vegetable in the image appears to be grilled turnips
7c708793b814120,How are the kohlrabi pieces placed on the plate,arranged,"the kohlrabi pieces are stacked somewhat randomly on the plate, slightly overlapping"
7c708793b814120,What color are the roasted edges of the kohlrabi,brown,the roasted edges of the kohlrabi are brown to dark brown
7c708793b814120,Where are the kohlrabi pieces arranged,on a plate,the kohlrabi pieces are arranged on a white platter
dfaa2fddbcc3ce6,What color is the serving dish,yellow,the serving dish is gray
dfaa2fddbcc3ce6,What type of food is the kugel made of,noodles,kugel is made from noodles
dfaa2fddbcc3ce6,What color are the noodles in the kugel,yellow,the noodles in the kugel are yellowish-brown
dfaa2fddbcc3ce6,Where are the flecks of green parsley scattered,on the top,they are scattered across the dish of egg noodles
0d03349d96e42ba,What is the dominant color of the Kugel,golden-yellow,the dominant color of the kugel is light brown
0d03349d96e42ba,What process is the Kugel undergoing in the dish,baking,"based on the image, the kugel is undergoing the process of baking. this is indicated by the dish being in a baking dish, the browned top, and the overall cooked appearance"
0d03349d96e42ba,What is sprinkled on the surface of the Kugel,sprinkling,paprika is sprinkled on the surface of the kugel
0d03349d96e42ba,What is the main ingredient visible throughout the Kugel,noodles,noodles
0d03349d96e42ba,What color are the darker elements interspersed throughout the Kugel,brown,the darker elements interspersed throughout the kugel are brown
e2f49a9c9cea5ea,What color is the lamb,brown,the lamb is a dark brown color
e2f49a9c9cea5ea,What type of meat is centrally located in the image,lamb,the meat is lamb
e2f49a9c9cea5ea,Where is the lamb nestled,in the center,the lamb is nestled in a pan with potatoes and garlic
ef59e3403eff7c8,What is the color of the broth in the stew,reddish-brown,the broth in the stew is red
ef59e3403eff7c8,What type of dish is the lamb being cooked in,stew,bowl
ef59e3403eff7c8,What does the broth do to the spaces between the solid ingredients,fills,the broth fills the spaces between the solid ingredients
ef59e3403eff7c8,What is the color of the bowl containing the stew,white,the bowl containing the stew is white
ef59e3403eff7c8,Where are the lamb pieces located in the stew,throughout the stew,the lamb pieces are distributed throughout the stew
cba8c4178e2f10e,What color is the plate the lamb shanks are served on,white,the plate is white
cba8c4178e2f10e,What type of meat is featured in the dish,lamb,lamb
cba8c4178e2f10e,What color is the lamb shank,brown,the lamb shank appears to be dark brown
cba8c4178e2f10e,Where are the diced carrots located,scattered around,the diced carrots are located in the bowl with the meat and mashed potatoes
d1f69026ce3c901,What type of meat is shown in the image,lamb,"based on the bone structure visible in the image, it appears to be a **pork roast**, specifically a pork shoulder or pork butt roast"
d1f69026ce3c901,What does the color of the lamb shank exhibit,gradient,the color of the lamb shank exhibits browning and some areas of charring
d1f69026ce3c901,What color is the sauce surrounding the lamb shanks,brown,the sauce surrounding the lamb shanks appears to be a dark brown color
d1f69026ce3c901,What are the translucent pieces in the sauce,onions,"based on the image, the translucent pieces in the sauce appear to be onions. they have cooked down and become somewhat translucent"
d1f69026ce3c901,How are the onions described in the image,cooked,the onions appear to be cooked and dark. they look like they are in pieces or chopped
cbd2b9ac8a823d3,What color is the bowl holding the lasagna,orange,the bowl is a reddish-brown color
cbd2b9ac8a823d3,What type of dish is being served in the bowl,lasagna,"the dish in the bowl appears to be some sort of pasta bake, possibly with a cheese sauce and herbs. it could be a lasagna or a gratin dish"
cbd2b9ac8a823d3,What is the texture of the sauce on the lasagna,creamy,the sauce appears to be melted and smooth
cbd2b9ac8a823d3,What color is the sauce covering the pasta,white,the sauce covering the pasta is white with some golden brown patches
cbd2b9ac8a823d3,Where are the specks of black pepper located,on the surface,"the specks of black pepper are sprinkled on top of the dish, specifically on the cheese and pasta"
f5fb0df40b092f8,What color is the top layer of the lasagna,golden-brown,"the top layer of the lasagna is a light yellow color, with some browning"
f5fb0df40b092f8,What type of dish is shown in the image,lasagna,the dish in the image appears to be lasagna
f5fb0df40b092f8,What color is the stovetop,black,the stovetop is black
f5fb0df40b092f8,Where is the lasagna placed,on a black stovetop,the lasagna is on the stove
f5fb0df40b092f8,What color are the visible interior layers of the lasagna,green,"the visible interior layers of the lasagna appear to be white, green, and red"
e3a012097af2a98,What color is the lettuce,green,the lettuce is green
e3a012097af2a98,What type of dish is being described,lasagna,taco salad
e3a012097af2a98,What color are the diced tomatoes,red,the diced tomatoes are red
e3a012097af2a98,What color is the melted cheddar cheese,yellow,the melted cheddar cheese appears to be orange
e3a012097af2a98,Where is the lasagna resting,on top of,the lasagna is resting on a bed of lettuce with tomatoes and avocados
114e30b0121f8ac,What fruit is used to make the lassi,banana,"based on the color of the lassi and the yellow background, the fruit used is likely mango"
114e30b0121f8ac,What color is the straw,yellow,the straw is yellow
114e30b0121f8ac,Where is the straw placed in the glass,on the left,the straw is placed in the upper left corner of the glass
114e30b0121f8ac,What color is the mint garnish,green,the mint garnish is green
2836bea848092dc,What is the color of the glass,clear,the glass is clear
2836bea848092dc,What color is the spiced mango lassi,yellow,"the spiced mango lassi in the image is a light, creamy orange or beige color"
2836bea848092dc,Where is the straw inserted,into the lassi,the straw is inserted into the smoothie in the glass
2836bea848092dc,What color are the leaves in the backdrop,green,the leaves in the backdrop are green
44bbcb71225e21a,What is the color of the glass mugs,transparent,the glass mugs are clear
44bbcb71225e21a,What color is the tray,white,the tray is white
44bbcb71225e21a,What is the primary color of the Eggnog Lattes,tan,the primary color of the eggnog lattes is tan/beige
44bbcb71225e21a,Where are the mugs situated,on a plate,the mugs are situated on a round plate
9eef702c19b23dd,What color is the foam on the latte,white,the foam on the latte is white
9eef702c19b23dd,What color is the latte,tan,the latte is a light brown or beige color
9eef702c19b23dd,Where is the shaved white chocolate placed,on top of,the shaved white chocolate is placed on top of the foam in the coffee cup
9eef702c19b23dd,What fruit is placed to the left of the plate,strawberry,the fruit placed to the left of the plate is a strawberry
c5cc39a0e3818c9,What color is the cup,white,the cup is white with red decorations
c5cc39a0e3818c9,What type of drink is in the cup,latte,"based on the image, the drink in the cup appears to be a latte or cappuccino, likely with whipped cream and a sprinkle of cinnamon or spice on top"
c5cc39a0e3818c9,What does the latte have on top of the foam,shaved chocolate,the latte has a dusting of cinnamon on top of the foam
c5cc39a0e3818c9,What color is the bottom layer of the latte,brown,the bottom layer of the latte appears to be a light brown color
c5cc39a0e3818c9,Where is the dusting of brown spice located,on top of,the dusting of brown spice is located on top of the whipped cream
266ba9144fa1bca,What color is the pie filling,yellow,the pie filling is a light yellow color
266ba9144fa1bca,Where does the pie filling sit,in the center,the pie filling sits in the pie crust
266ba9144fa1bca,What is the dessert described in the image,pie,the dessert in the image appears to be a slice of lemon pie with a dollop of whipped cream on top. there is also a lemon slice on the side
266ba9144fa1bca,What shape is the pie slice,triangular,the pie slice is shaped like a triangle
266ba9144fa1bca,Where is the whipped cream located,on the top,the whipped cream is on the slice of pie
aacd533122666f9,What fruit is the cream made from,lemon,lemon
aacd533122666f9,What color is the lemon cream,yellow,the lemon cream is yellow
aacd533122666f9,What utensil is partially submerged in the cream,spoon,the utensil that is partially submerged in the cream is a spoon
db621f115a77b33,What color is the lemon curd in the jar closer to the viewer,yellow,the lemon curd in the jar closer to the viewer is yellow
db621f115a77b33,What containers are used to hold the lemon curd,jars,the lemon curd is held in glass jars
db621f115a77b33,What is the name of the food in the jars,lemon curd,the food in the jars is likely lemon curd
db621f115a77b33,Where is the spoon placed,on the tray,"the spoon is placed in one of the jars, and one is laying on the tray"
87435fc8c3e3be1,What color are the cookies,tan,the cookies are tan
87435fc8c3e3be1,What type of food is shown in the image,cookies,the image shows cookies. they look like sugar cookies
87435fc8c3e3be1,Where are the cookies placed,on a sheet,the cookies are placed on foil
c52015fe496e29e,What color is the strawberry lemonade,pink,the strawberry lemonade is red
c52015fe496e29e,What fruit is used in the drink,strawberry,strawberries and lemons
c52015fe496e29e,What color is the lemon slice,yellow,the lemon slice is yellow
c52015fe496e29e,Where is the lemon slice placed,on the rim,the lemon slice is placed on the rim of the glass
8db7653c1d3620f,What is the drink in the glass mug,lemonade,lemonade
8db7653c1d3620f,What is the glass mug filled with,lemonade,"the glass mug is filled with ice, liquid (likely a type of lemon drink) and garnished with a lemon slice"
8db7653c1d3620f,What color is the lemonade,yellow,the lemonade appears to be brown or golden brown
8db7653c1d3620f,What color is the wooden board,brown,the wooden board is a light tan color
45f6c70dda5c055,What color are the Colombian lentils,brown,the colombian lentils appear to be brown
45f6c70dda5c055,What type of food is mostly brown in color,lentils,"based on the image, the food is lentil stew"
45f6c70dda5c055,Are the lentils clearly seen in the broth,visible,"yes, the lentils are clearly seen in the broth"
45f6c70dda5c055,What is the color of the broth-like liquid,light brown,the broth-like liquid appears to be a reddish-brown color
45f6c70dda5c055,Where are the lentils located in the image,dispersed,the lentils are mixed in with the potatoes and onions in the bowl
3667b2d7425ac3b,What color are the lentils in the bowl,yellowish-orange,the lentils appear to be light orange or yellow in color
3667b2d7425ac3b,What is the base ingredient in the bowl,lentils,lentils
3667b2d7425ac3b,How are the lentils distributed in the bowl,dispersed,the lentils are distributed fairly evenly throughout the bowl
3667b2d7425ac3b,What color is the kale in the bowl,green,the kale in the bowl appears to be green
3667b2d7425ac3b,Where is the kale primarily concentrated in the bowl,dispersed,the kale is primarily concentrated in the center and lower right side of the bowl
7dcecb69aa246fa,What color are the diced tomatoes in the salad,red,the diced tomatoes in the salad are red
7dcecb69aa246fa,What color are the fresh herbs in the salad,green,the fresh herbs in the salad are green
7dcecb69aa246fa,What color are the lentils in the salad,orange-brown,the lentils in the salad are a yellowish-brown color
7dcecb69aa246fa,Where is the dense cluster of curly parsley located,on the left,"the dense cluster of curly parsley is located on the left side of the dish, at the bottom of the frame"
ec6d2fcde874a93,Where are the pale yellow chips located in relation to the lentil salad,to the right,the pale yellow chips are located at the top of the lentil salad
ec6d2fcde874a93,What is the light-colored mixture below the salad likely to be,grain,the light-colored mixture below the salad is likely to be couscous
513dc1eda01a289,What color is the limeade,translucent,the limeade appears to be clear or very slightly pale green
513dc1eda01a289,What material is the glass made of,glass,the glass appears to be made of glass
513dc1eda01a289,What color is the limeade described as,whitish-yellow,the limeade is clear
513dc1eda01a289,Where is the slice of lime placed,on the rim,the slice of lime is placed on the rim of the glass
513dc1eda01a289,What fruit is on the rim of the glass,lime,lime
5a3a373e75ebdb8,What color is the linguine,yellow,the linguine appears to be a light yellow or cream color
5a3a373e75ebdb8,What type of pasta is shown in the image,linguine,linguine
5a3a373e75ebdb8,What color are the chives,green,the chives are green
5a3a373e75ebdb8,How are the clams distributed throughout the dish,scattered,the clams are distributed throughout the pasta dish
0f47aba2c1035e4,What color is the linguine pasta,beige,the linguine pasta appears to be a light yellow color
0f47aba2c1035e4,What type of food is the main ingredient in the dish,pasta,pasta
0f47aba2c1035e4,What color are the portobello mushrooms,brown,the portobello mushrooms in the image are dark brown
0f47aba2c1035e4,What color are the fresh herbs,green,the fresh herbs are green
0f47aba2c1035e4,Where are the sprigs of fresh green herbs placed,on top of,the sprigs of fresh green herbs are placed on top of the pasta and mushrooms
4a74a640bbcbdae,What color is the plate,white,the plate is cream-colored
4a74a640bbcbdae,What color is the top of the loaf,golden-brown,the top of the loaf is a golden brown color
4a74a640bbcbdae,Where is the loaf placed,on a plate,the loaf is placed on a white plate
4a74a640bbcbdae,What fruit is visible in the loaf,blueberries,blueberries
6f5968958d46e1b,What material is the cutting board made of,wooden,the cutting board appears to be made of wood
6f5968958d46e1b,What type of food is on the cutting board,cheese,"the food on the cutting board appears to be bread. specifically, it looks like some kind of cheese bread"
6f5968958d46e1b,What color is the larger piece of cheese loaf,yellow,the larger piece of cheese loaf is a mix of white and orange
6f5968958d46e1b,Where is the larger piece of cheese loaf located,on the left,the larger piece of cheese loaf is located on the left side of the image
a9a427f82097900,Are the rolls vegan,yes,i am unable to answer whether the rolls are vegan given the current image
a9a427f82097900,What color is the plate,white,the plate is white
a9a427f82097900,Where are the rolls positioned in the image,in the center,the rolls are positioned on a white plate
29b645b9d151199,What color are the lumpia rolls,golden,the lumpia rolls are golden-brown
29b645b9d151199,How do the lumpia rolls appear in relation to each other,overlapping,"the lumpia rolls are piled close together, leaning on each other"
29b645b9d151199,What is the predominant color of the lumpia rolls,reddish-brown,the predominant color of the lumpia rolls is brown
0595fdb82f39b0f,What color is the sauce,reddish-brown,the sauce is brown
0595fdb82f39b0f,Where is the small white bowl located,on the right side,the small white bowl is on the plate
0595fdb82f39b0f,What is the sauce served in,bowl,the sauce is served in a small white bowl
91fdbd8bb0a8e0e,What color is the mac and cheese,yellow,the mac and cheese is mostly yellow-orange
91fdbd8bb0a8e0e,What is the cheese doing to the macaroni,covering,the cheese is coating the macaroni
e1fafe420d478f3,What describes the overall look of the dish,vibrant,"the dish appears to be a hearty, rustic skillet meal with pasta, ground meat, melted cheese, and eggs, garnished with green onions and red sauce"
e1fafe420d478f3,What is the dish cooked in,skillet,it is cooked in a skillet
e1fafe420d478f3,What color are the chunks of sausage,browned,the chunks of sausage are brown
e1fafe420d478f3,What color is the macaroni and cheese,yellow,the macaroni and cheese is orange
e1fafe420d478f3,Where are the drizzles of hot sauce located,on top of,the drizzles of hot sauce are located on top of the eggs and throughout the dish
60ec1726e9600fa,What is the color of the lettuce,green,the lettuce appears to be light green
60ec1726e9600fa,Where is the burger located,in the center,"the burger is in a white paper container, next to some fries. the container is on top of a blue and white star patterned surface"
25898d35cdcbac8,What type of pasta is used in the dish,macaroni,elbow macaroni
25898d35cdcbac8,What color is the macaroni in the dish,yellow,the macaroni is yellow
25898d35cdcbac8,Where is the toasted breadcrumb layer located,on the top,the toasted breadcrumb layer is located on top of the macaroni and cheese
632362f78909a06,What color is the macaroni and cheese,yellow,"the macaroni and cheese is mostly a pale yellow color, with a slightly more orange hue on top"
632362f78909a06,What type of pasta is on the plate,macaroni,the pasta on the plate is shells
632362f78909a06,How is the macaroni and cheese arranged on the plate,clustered,the macaroni and cheese is arranged in a pile on the left side of the plate
632362f78909a06,On which side of the plate is the macaroni and cheese,on the left side,left
b1e01e4a3f3359e,What flavor is the glaze on the Mahi Mahi,ginger,"based on the image, the glaze appears to be asian-inspired, with ingredients such as soy sauce, ginger, and garlic. it also appears to have an orange flavor"
b1e01e4a3f3359e,What type of fish is shown in the image,mahi mahi,"based on the image, it's difficult to definitively identify the exact type of fish. however, based on the texture and color, it appears to be a white fish fillet, possibly cod, tilapia, or a similar variety. it is served with rice and an orange slice"
b1e01e4a3f3359e,What color is the glaze on the Mahi Mahi,brown,the glaze on the mahi mahi appears to be a dark brown color
b1e01e4a3f3359e,Where are the pieces of Mahi Mahi located in the image,in the bottom center,the mahi mahi pieces are located in the lower center of the image. they are the two sauced pieces next to the rice
d3305955d0cfa7b,What color is the Mahi Mahi,golden-brown,the mahi mahi in the image appears to be light brown
d3305955d0cfa7b,What type of fish is shown in the image,mahi mahi,"it is difficult to definitively identify the type of fish from the image alone, but based on the color, texture, and thickness of the fillet, it could be mahi-mahi. other possibilities include cod or halibut"
d3305955d0cfa7b,What color are the mango cubes,yellow,the mango cubes appear to be yellow
d3305955d0cfa7b,What vegetable is on the bottom right of the image,beans,the vegetable on the bottom right of the image is green beans
579368f6acb85bb,What is the color of the filets,white,"the fillets are a light, off-white color with grill marks that are brown"
579368f6acb85bb,What color are the grill marks on the filets,reddish-brown,the grill marks on the filets are a golden brown color
579368f6acb85bb,What color are the beans,green,the beans are green
29300b2106fa5c0,What color is the creamy sauce in the Rockefeller topping,orange,the creamy sauce in the rockefeller topping appears to be a light beige or creamy white color with some brownish tinges
29300b2106fa5c0,What vegetable is included in the Rockefeller topping,spinach,spinach
29300b2106fa5c0,What is the state of the mozzarella cheese on top,melted,the mozzarella cheese on top is melted and slightly browned
c7590e962a199ce,What is the texture of the rice,sticky,the rice appears to have a slightly sticky and glossy texture
c7590e962a199ce,What color are the mango slices,yellow,the mango slices are yellow
c7590e962a199ce,How are the mango slices arranged on the rice,arranged,the mango slices are arranged in a single row on the rice
c7590e962a199ce,Where are the mango slices placed on the rice,on top of,the mango slices are placed on top of the rice
1d14ca8f5e015c6,What color is the Cadillac Margarita,pink,the cadillac margarita in the image appears to be a light rose-peach color
1d14ca8f5e015c6,What is the name of the drink,cadillac,"the drink appears to be a raspberry margarita based on the presence of tequila, grand marnier, and chambord"
1d14ca8f5e015c6,What color are the sugar crystals on the rim of the glass,white,the sugar crystals on the rim of the glass appear to be white
1d14ca8f5e015c6,Where is the lime slice attached,on the surface,the lime slice is attached to the rim of the glass
1d14ca8f5e015c6,What is the color of the lime slice,green,the lime slice is green
a3a640a49817695,What is the color of the margaritas,yellowish-green,the margaritas are a light yellow-green color
a3a640a49817695,What is the drink in the image,margaritas,"based on the image, the drinks appear to be **margaritas**. they are in margarita glasses with salted rims, and the color is consistent with a classic margarita"
a3a640a49817695,What color is the cocktail shaker,silver,the cocktail shaker is silver
c6a5b6d09133e4e,What is the color of the Margarita On The Rocks,yellow-green,the margarita on the rocks is a pale greenish-yellow
c6a5b6d09133e4e,What color are the salt crystals on the rim of the glass,white,the salt crystals on the rim of the glass are white
57ae10df5a5ef66,What color is the liquid in the glass,yellow,the liquid in the glass is a pale yellow or light green color
57ae10df5a5ef66,What color is the salt on the rim of the glass,white,the salt on the rim of the glass is white
57ae10df5a5ef66,Where are the pineapple leaves positioned,from the top,"the pineapple leaves are positioned inside the glass, sticking out from the top of the glass"
0c5a0aacfe0bef7,What type of drink is being served,margaritas,the drink being served is a margarita
0c5a0aacfe0bef7,What color is the plate,blue,the plate is blue
0c5a0aacfe0bef7,Where are the margaritas placed,on the plate,the margaritas are placed on a turquoise plate
0c5a0aacfe0bef7,What color are the lime slices,green,the lime slices are green
28c13c705876e33,What color is the liquid in the glass,red,the liquid in the glass is red
28c13c705876e33,What fruit is skewered on the stick,blackberries,the fruit skewered on the stick is blackberries
28c13c705876e33,Where are the blackberries and mint leaves placed,on the wooden surface,the blackberries and mint leaves are placed on a bamboo skewer resting on top of a glass. there is also one blackberry and some mint leaves on the cutting board below
28c13c705876e33,What color are the mint leaves,green,the mint leaves are green
0a840a459597f90,What is surrounding the chicken pieces,marinade,the chicken pieces are surrounded by a brown sauce
0a840a459597f90,Where is the marinade mostly located,surrounding,the marinade is mostly located surrounding the chicken
0a840a459597f90,What type of meat is shown in the image,chicken,the image shows chicken meat
0a840a459597f90,How does the marinade appear,glossy,"the marinade appears dark, possibly glossy, and might contain small pieces of something, perhaps minced garlic or herbs"
0a840a459597f90,Where is the marinade located in relation to the chicken pieces,in the background,the marinade is around and on the chicken pieces
9628adf77ad491d,What is the consistency of the marinade,viscous,"based on the image, the marinade appears to be thin and liquid"
9628adf77ad491d,What is the purpose of the green mixture in the bowl,marinade,"the green mixture in the bowl appears to be a salad dressing or marinade, likely containing herbs and possibly lemon juice"
9628adf77ad491d,Where is the marinade contained,in the bowl,the marinade is contained in the white bowl
9628adf77ad491d,Where is the small white bowl located in the image,in the center,the small white bowl is in the center of the image
9628adf77ad491d,What fruit is placed to the right of the bowl,lemon,lemon
ff4e68b58369ade,What color is the marinade on the meat skewers,reddish-brown,the marinade on the meat skewers appears to be brown
ff4e68b58369ade,What does the marinade do to the surface of the meat skewers,coats,"the marinade appears to have flavored and tenderized the surface of the meat skewers, giving them a glossy, slightly caramelized look"
ff4e68b58369ade,What are the pieces of meat placed on,skewers,skewers and a plate
ff4e68b58369ade,What color is the plate,white,the plate is white
1a05e7b22b78c56,What color is the marinade,reddish-brown,"the marinade is a dark color, appearing to be a dark brown or possibly black in some areas. there also seems to be a reddish tinge"
1a05e7b22b78c56,What type of meat is the marinade on,chicken,chicken
1a05e7b22b78c56,Where is the marinade primarily located,on the upper chicken,the marinade is primarily located on the chicken
fa17a9ec083ec53,What is the color of the marmalade described as,amber,the marmalade appears to be a translucent amber or light brown color
fa17a9ec083ec53,What type of preserve is shown in the image,marmalade,"based on the appearance of the preserve in the image, it appears to be a marmalade. marmalade typically has a translucent jelly-like consistency with small pieces of fruit peel suspended throughout. this description seems to match the preserve shown in the picture"
fa17a9ec083ec53,What color is the marmalade,amber,the marmalade appears to be a light brown color
fa17a9ec083ec53,What is the jar made of,glass,the jar is made of glass
820eb7fa401d2f5,What color is the marmalade,orange,the marmalade appears to be amber or brownish-orange in color
820eb7fa401d2f5,What is the shade of the marmalade's color,amber,the marmalade appears to be a shade of dark orange
820eb7fa401d2f5,What is the name of the food item in the jar,marmalade,"based on the image, the food item in the jar appears to be some kind of jam or preserve"
820eb7fa401d2f5,What pattern is on the surface where the marmalade is placed,striped,the surface has a pattern of white and yellow stripes
820eb7fa401d2f5,Where is the kitchen towel in relation to the marmalade,to its left,the kitchen towel is next to the marmalade
ee15c597bfb8798,What color is the first marshmallow log,brown,the first marshmallow log is a tan color
ee15c597bfb8798,What is the coating on the marshmallow logs,coated,the coating on the marshmallow logs appears to be shredded coconut
ee15c597bfb8798,How many marshmallow logs are there,three,there are 3 marshmallow logs
ee15c597bfb8798,Where is the first marshmallow log located,on the left,the first marshmallow log is located to the left of the image
ee15c597bfb8798,What is the white coating on the marshmallow logs made of,coconut,the white coating on the marshmallow logs is shredded coconut
b7538c474cb8e0d,What type of candy is shown in the image,marshmallows,the candy shown in the image appears to be marshmallows. they are pink in color and have a powdery coating
b7538c474cb8e0d,What color are the marshmallows,light pink,the marshmallows are pink
b7538c474cb8e0d,Where are the marshmallows placed,on a small plate,the marshmallows are placed on a plate
b7538c474cb8e0d,Where are three of the marshmallows located,bottom,three of the marshmallows are located on the plate
d5a84d4b2f83ff9,How would you describe the appearance of the watermelon martini,vibrant,"the watermelon martini is presented in a classic martini glass with a rim coated in what appears to be sugar or salt. the drink itself is a vibrant, light pink color. it's garnished with a slice of lime and a chunk of fresh watermelon, adding a touch of green and a deeper red to the presentation"
d5a84d4b2f83ff9,What fruit is used to garnish the drink,watermelon,watermelon and lime
d5a84d4b2f83ff9,What color is the watermelon cube on the glass,pink,the watermelon cube on the glass is red
d5a84d4b2f83ff9,Where is the watermelon cube placed,on the top,the watermelon cube is placed on the rim of the glass
d5a84d4b2f83ff9,What color is the lime wedge,green,the lime wedge is green on the outside and yellowish on the inside
66ae1600ebb7f91,What color is the liquid in the glasses,red,the liquid in the glasses is red
66ae1600ebb7f91,What type of glasses are the drinks served in,stemmed,they are served in coupe glasses
66ae1600ebb7f91,What color is the granular substance on the rim of the glasses,brown,the granular substance on the rim of the glasses appears to be white
66ae1600ebb7f91,Where is the lemon slice positioned in each glass,on top of,"left glass: a slice of lemon is at the rim.

middle glass: two slices of lemon are in the glass.

right glass: a slice of lemon is at the rim"
faeaf31da2804f9,What color is the liquid in the martini glass,reddish-purple,the liquid in the martini glass is a dark red color
faeaf31da2804f9,What type of drink is in the glass,martini,the drink in the glass is a cocktail
faeaf31da2804f9,What color are the cherries in the martini,red,the cherries in the martini are red
faeaf31da2804f9,What is on the toothpick in the martini,with two bright red cherries,cherries are on the toothpick in the martini
faeaf31da2804f9,What is the bottle to the left of the martini glass,agave,the bottle to the left of the martini glass contains madhava organic agave nectar
f03641343949289,What nut is used in the marzipan,pistachio,the primary nut used in marzipan is almonds
f03641343949289,What color is the pistachio marzipan,green,the pistachio marzipan is a light greenish-yellow color
f03641343949289,What shape is the large block of marzipan,cylindrical,the large block of marzipan is a cylinder shape
f03641343949289,What shape is the other piece of marzipan,rectangular bar,the other piece of marzipan is shaped like a segment of a cylinder
f03641343949289,Where is the cylindrical block positioned,on the left side,"the cylindrical block is positioned on a green cutting board, next to a larger, uncut portion of the same material"
b18e700533e57c7,What color is the bowl,white,the bowl is white
b18e700533e57c7,What color are the diced carrots,orange,the diced carrots are orange
b18e700533e57c7,What vegetable is scattered in the soup,carrots,carrots and cabbage are scattered in the soup
b18e700533e57c7,Where is the soup served,in a bowl,the soup is served in a bowl
6e5a18f2e850105,How does the chicken skin appear,crispy,"the chicken skin appears to be golden brown and crispy with some darker, slightly charred areas. it is seasoned with what appears to be pepper"
6e5a18f2e850105,What type of meat is shown in the image,chicken,"the meat in the image appears to be chicken. specifically, it looks like a whole roasted chicken"
6e5a18f2e850105,What color is the plate,white,the plate is white
6e5a18f2e850105,What color are the lemon slices,yellow,the lemon slices are yellow
6e5a18f2e850105,Where is the chicken placed,on a plate,the chicken is placed on a white plate with lemons and herbs
d7c036841cefce5,What is the name of the condiment in the image,mayo,the condiment in the image appears to be mayonnaise
d7c036841cefce5,What texture does the 'Thick 'n Tangy Mayo' have,smooth,the 'thick 'n tangy mayo' appears to have a thick and smooth texture based on the image. it also looks glossy
d7c036841cefce5,What color is the pan in the image,gray,the pan appears to be silver
d7c036841cefce5,Where is some of the 'Thick 'n Tangy Mayo' located,in the upper left corner,the thick 'n tangy mayo is in a container
7e886250c1c8bd7,What is the condiment served in,bowl,the condiment is served in a white bowl
7e886250c1c8bd7,What color is the condiment,orange,the condiment is peach colored
7e886250c1c8bd7,What herb is used to top the condiment,basil,basil
7e886250c1c8bd7,Where is the bowl placed,on a light-colored surface,the bowl is placed on a patterned surface
e4a5cb24b16dcbf,What color is the ramp mayonnaise,light green,the ramp mayonnaise is green
e4a5cb24b16dcbf,What does the ramp mayonnaise do to the bowl,fills,the ramp mayonnaise fills the bowl
e4a5cb24b16dcbf,What type of container is the ramp mayonnaise in,bowl,the ramp mayonnaise is in a glass bowl
e4a5cb24b16dcbf,What is positioned to the right of the bowl,leaves,leaves and a flower are positioned to the right of the bowl
e4a5cb24b16dcbf,Where are the leaves and flowers positioned relative to the bowl,to the right of,the leaves and flowers are positioned to the right of the bowl and partially on top of it
dd053255e37ce87,What color are the egg noodles,yellow,the egg noodles are yellow
dd053255e37ce87,What is the main protein in the dish,meatballs,meatballs
dd053255e37ce87,Where are the meatballs located,on top,the meatballs are on top of the noodles
dd053255e37ce87,What color are the herbs sprinkled on top,green,the herbs are green
61be719816b9597,What color are the meatballs primarily,orange-brown,the meatballs are primarily a reddish-orange color
61be719816b9597,What type of sauce is used in the dish,tomato sauce,tomato sauce is used in the dish
61be719816b9597,What does the tomato sauce do to the meatballs,covers,the tomato sauce coats the meatballs
61be719816b9597,What color are the parsley flakes on top of the dish,green,the parsley flakes on top of the dish are green
99b06fe64858e3f,What is the flavor of the meatballs,sweet,"based on the image, the meatballs appear to be covered in a dark, glossy sauce. this suggests a sweet and savory flavor, possibly a barbecue or sweet and sour style. without further information, it is difficult to be more specific about the exact flavor"
99b06fe64858e3f,What type of food is in the bowl,meatballs,the bowl contains meatballs
99b06fe64858e3f,What color are the meatballs,brownish-red,the meatballs are brown
99b06fe64858e3f,Where are the meatballs placed in the image,in the center,the meatballs are placed in a white bowl
99b06fe64858e3f,What is the meatballs served in,bowl,the meatballs are served in a white bowl
3bcec40caadd96c,What is the texture of the sauce on the meatballs,creamy,the sauce on the meatballs appears to be smooth and creamy
3bcec40caadd96c,What is the main protein in the dish,meatballs,meatballs
3bcec40caadd96c,What color is the sauce on the meatballs,orange,the sauce on the meatballs is a light orange color
3bcec40caadd96c,Where is the rice located in relation to the meatballs,underneath,the rice is located underneath the meatballs
3bcec40caadd96c,What color are the beans in the image,green,the beans in the image are green
48ff5489da60b8a,What color is the outer layer of the meatloaf,brown,the outer layer of the meatloaf is brown
48ff5489da60b8a,What is served alongside the meatloaf,salad,"based on the image, the meatloaf is served alongside a dinner roll and a salad. the salad appears to contain lettuce, tomato, red onion, yellow peppers, red peppers, and cucumber"
48ff5489da60b8a,How is the red onion prepared in the salad,sliced,"in the salad, the red onion appears to be sliced into thin rings"
48ff5489da60b8a,Where is the All-American Meatloaf located in the image,is in,the all-american meatloaf is located on the left side of the image
48ff5489da60b8a,What color is the bread roll,golden,the bread roll is beige or light brown
7c05dc76a8b9bbd,What type of dish is shown in the image,meatloaf,the dish shown in the image is meatloaf
7c05dc76a8b9bbd,What is the primary color of the meatloaf,light-brown,the primary color of the meatloaf is brown
7c05dc76a8b9bbd,What color is the sauce on the meatloaf,reddish-brown,the sauce on the meatloaf is a dark brown color
7c05dc76a8b9bbd,Where on the plate is the meatloaf positioned,towards the right side,the meatloaf is positioned on the right side of the plate
5f4fe775f4c81eb,What color is the outer edge of the meatloaf,dark,the outer edge of the meatloaf is a dark brown color
5f4fe775f4c81eb,What is the main dish in the image,meatloaf,meatloaf
5f4fe775f4c81eb,What color is the plate,white,the plate is white
5f4fe775f4c81eb,What is garnished on the meatloaf,with sprigs,the meatloaf is garnished with thyme
6a7b52c652f8f68,What color are the broccoli florets in the image,bright,the broccoli florets in the image are green
6a7b52c652f8f68,What vegetable is bright green and scattered in the image,broccoli,the bright green vegetable is broccoli
6a7b52c652f8f68,What color is the diced ham in the image,red,the diced ham in the image is pink
6a7b52c652f8f68,How do the potato cubes appear in the image,browned,the potato cubes appear to be golden brown
6a7b52c652f8f68,Where are the ingredients distributed across the image,across the image,"the ingredients, including broccoli, ham, cheese, and potatoes, are distributed throughout the casserole"
aa903bd2778d89d,What is the color of the top melon ball,yellow,the top melon ball appears to be white
aa903bd2778d89d,What type of drink is in the glass,smoothie,"based on the color and the melon garnish, it appears to be a melon smoothie or some kind of blended melon drink"
aa903bd2778d89d,What is the glass made of,glass,the glass is made of glass
aa903bd2778d89d,What is the color of the middle melon ball,white,the middle melon ball appears to be orange
aa903bd2778d89d,Where are the orange and green melon balls positioned,near to,there are two orange melon balls at the bottom of the glass. there is one green melon ball to the right of the glass. there is also an orange melon ball skewered above the rim of the glass
fe9f0ffd89fa623,What is the color of the glass pitcher,clear,the glass pitcher is clear
fe9f0ffd89fa623,What type of container is the flax seed milk in,pitcher,the flax seed milk is in a glass pitcher
fe9f0ffd89fa623,What is the color of the flax seed milk,beige,the flax seed milk appears to be a light beige or off-white color
fe9f0ffd89fa623,Where is the pitcher sitting,in the center-left,the pitcher is sitting on a multicolored wooden surface
84e269f9d9b168c,What color is the tiled surface,pink,the tiled surface is pink
84e269f9d9b168c,What type of drink is shown in the image,milkshakes,"the drink shown in the image is a milkshake. it has whipped cream, sprinkles, and a cherry on top"
84e269f9d9b168c,Where is the whipped cream located,topped,the whipped cream is on top of the drinks
84e269f9d9b168c,What color is the cherry on each milkshake,red,the cherry on each milkshake is red
84e269f9d9b168c,Where is the cherry positioned,on each milkshake,the cherries are on top of the whipped cream on each milkshake
97bf53a3c9e3567,What is the top layer of the cheesecake made of,chocolate,the top layer of the cheesecake appears to be made of chocolate frosting. it is decorated with chocolate pieces
97bf53a3c9e3567,What color is the cheesecake itself,brown,"the cheesecake itself is a pale yellow color, with some darker spots"
97bf53a3c9e3567,Where are the chocolate chunks located,on top,the chocolate chunks are located on the top and within the cheesecake
067bfdc6a1b4452,What is the appearance of the water in the pitcher,clear,"the water in the pitcher is clear and contains slices of lemon and lime, as well as mint leaves"
067bfdc6a1b4452,What type of container is the citrus water in,pitcher,the citrus water is in a pitcher
067bfdc6a1b4452,What color are the lemon slices in the pitcher,yellow,the lemon slices are yellow
067bfdc6a1b4452,Where is the pitcher placed,on a wooden board,the pitcher is placed on a wooden cutting board
39267ddba7b95b5,What color is the broth in the soup,yellowish,the broth in the soup appears to be a light tan color
39267ddba7b95b5,What ingredient in the soup is white and rectangular,tofu,tofu
39267ddba7b95b5,How are the sliced green scallions arranged in the soup,scattered across,"the sliced green scallions are scattered on top of the soup, mostly around the tofu cubes. some appear as straight slices while others are slightly curled"
39267ddba7b95b5,What color is the geometric pattern on the bowl's rim,blue,the geometric pattern on the bowl's rim is white
48462df2eb117b1,What color is the Miso Honey Dressing,reddish-brown,the miso honey dressing is a dark reddish-brown color
48462df2eb117b1,What type of container is the Miso Honey Dressing in,jar,"the miso honey dressing is in a small glass jar, possibly a repurposed milk bottle"
48462df2eb117b1,What is the texture of the Miso Honey Dressing,viscous,"based on the image, the miso honey dressing appears to have a smooth and slightly thick texture"
48462df2eb117b1,Where are the green onion and sesame seeds located,on the top,the green onion and sesame seeds are on the edge of the glass bottle
48462df2eb117b1,What is placed beside the jar of Miso Honey Dressing,tomatoes,tomatoes are placed beside the jar of miso honey dressing
0bfd3b543549aa0,What is the Chex Mix served in,bowl,the chex mix is served in a clear glass bowl
0bfd3b543549aa0,How are the ingredients in the bowl arranged,mixed,the ingredients appear to be randomly mixed and piled into the bowl
0bfd3b543549aa0,What color are the Chex cereal pieces,brown,the chex cereal pieces are light brown
0bfd3b543549aa0,What color are the Goldfish crackers,orange,the goldfish crackers in the image are orange
0bfd3b543549aa0,Where is the Spicy Buffalo Chex Mix placed,in a clear glass bowl,the spicy buffalo chex mix is in a bowl
b7cc7018ab8a658,What color is the wooden bowl,brown,the wooden bowl is brown
b7cc7018ab8a658,What is the snack mix served in,bowl,the snack mix is served in a wooden bowl
b7cc7018ab8a658,What type of sweet treats are included in the snack mix,candies,"based on the images, the sweet treats included in the snack mix are:

*   candy corn
*   candy-coated chocolates (like m&ms)
*   caramel popcorn"
b7cc7018ab8a658,What color are the Bugles in the snack mix,golden-brown,the bugles in the snack mix are a tan/yellow color
dc76426a240bd72,What color is the checkered cloth,blue,the checkered cloth is blue and white
dc76426a240bd72,What material is the surface the bowls are sitting on,wooden,the bowls are sitting on a wooden surface
dc76426a240bd72,What type of snack is golden brown in the bowls,pretzels,the golden brown snack in the bowls appears to be chex mix
dc76426a240bd72,What color are the cheese-flavored sticks,orange,the cheese-flavored sticks are orange
dc76426a240bd72,Where is the bowl with the blue and white checkered cloth located,on the left,the bowl with the blue and white checkered cloth is located on the left side of the image
ffed70feaf2c3d8,What color is the caramel corn,beige,the caramel corn is beige/light brown
ffed70feaf2c3d8,What color are the pretzels,brown,the pretzels are brown
ffed70feaf2c3d8,Where are the pretzels scattered mostly,towards the bottom,the pretzels are scattered mostly in the lower left corner of the image
869d6b1bdc93aba,What color is the Mocha au Lait Mix,brown,the mocha au lait mix appears to be a mixture of white and brown
869d6b1bdc93aba,What is the container for the Mocha au Lait Mix,jar,the mocha au lait mix is in a glass jar with a black lid
869d6b1bdc93aba,What is the state of the Mocha au Lait Mix in the jar,filled,"the mocha au lait mix in the jar looks to be a mixture of light and dark ingredients, possibly a combination of powdered milk or creamer and chocolate or coffee granules. it appears to be in a dry, granular state"
869d6b1bdc93aba,What color are the pieces in the Mocha au Lait Mix,white,the pieces appear to be a mix of light tan/white and dark brown
869d6b1bdc93aba,Where is the jar filled with white powder located,to the left of,the jar is located on the left side of the image
958fef1593cd2eb,What is the primary color of the mocha drink,brown,the primary color of the mocha drink is brown
958fef1593cd2eb,What is the texture of the top layer of the drink,foamy,the top layer of the drink appears to have a foamy texture
958fef1593cd2eb,What is on top of the mocha drink,with whipped cream,whipped cream with chocolate chips
958fef1593cd2eb,Where are the chocolate chips located,scattered,the chocolate chips are located on the whipped cream on top of the drink
638bf82e40fbb3d,What is the hue of the mojito,yellow-green,the hue of the mojito is greenish yellow
638bf82e40fbb3d,What type of drink is shown in the image,mojito,"based on the presence of mint leaves, lime slices, and the overall appearance, the drink in the image is likely a mojito or a similar lime and mint-infused beverage like limeade or mint lemonade"
638bf82e40fbb3d,What color are the mint leaves in the mojito,green,the mint leaves in the mojito are green
638bf82e40fbb3d,How is the mojito served in the image,by the pitcher,the mojito is served in a pitcher and in glasses. the glasses and pitcher appear to have lime slices and mint sprigs in them
638bf82e40fbb3d,What describes the appearance of the mint leaves,fresh,the mint leaves are green and appear fresh. some are used as garnish and others are mixed in with the drink
bc20ea826ad34ab,What color is the mojito located at the top left,green,the mojito located at the top left is green
bc20ea826ad34ab,What type of drink is shown in the image,mojito,the image shows various types of cocktails
bc20ea826ad34ab,What color is the mojito with mint leaves and a gold straw,yellow,the mojito with mint leaves and a gold straw is light green in color
bc20ea826ad34ab,What fruit is in the light pink mojito,strawberry,the light pink mojito contains a strawberry
f54d9b4f31ab88c,What is the color of the glasses holding the mousse,transparent,the glasses are clear
f54d9b4f31ab88c,What type of dessert is shown in the image,mousse,"it looks like some kind of mousse dessert, possibly vanilla flavored, served in glasses with a sprinkle of cocoa powder on top"
f54d9b4f31ab88c,What color is the coffee powder on top of the mousse,brown,the coffee powder on top of the mousse appears to be brown
f54d9b4f31ab88c,How would you describe the texture of the mousse,creamy,"the mousse appears to be light, airy, and creamy, with a smooth, almost whipped texture"
f54d9b4f31ab88c,Where are the mousses placed,on a silver tray,the mousses are placed in small glasses on a silver tray
42a76678c4704ca,What color is the top of the muffins,golden-yellow,the tops of the muffins are a light yellow color
42a76678c4704ca,What type of baked goods are shown in the image,muffins,"the baked goods in the image are muffins, and they appear to be lemon poppyseed muffins"
42a76678c4704ca,What is the front muffin doing to the muffin behind it,obscuring,the front muffin is blocking the view of the muffin behind it
42a76678c4704ca,What color is the serving dish,blue,the serving dish is blue
b65addd2e59de92,What type of drink is the Limoncello Mule,beverage,the limoncello mule is a cocktail
b65addd2e59de92,What do the ice cubes fill in the glass,fill,juice and a mint sprig
b65addd2e59de92,What color are the ice cubes,white,the ice cubes appear to be white
b65addd2e59de92,Where is the sprig of mint leaves located,on top of,the sprig of mint leaves is located on top of the ice in the glass
5a2032b309c2f30,What material is the mug made of,copper,the mug is made of copper
5a2032b309c2f30,What type of drink container is used,mug,the drink is in a copper mug
5a2032b309c2f30,What color is the lime twist on the mug,green,the lime twist on the mug is green
5a2032b309c2f30,What color is the candied ginger,yellow,the candied ginger appears to be light yellow
5a2032b309c2f30,Where is the slice of lime placed,on the wooden surface,"one slice of lime is in the copper mug, and the other lime is to the left of the mug"
ea5af326b0c0ae0,What color are the mushrooms,brown,the mushrooms are brown
ea5af326b0c0ae0,What type of food is shown in the image,mushrooms,"the image shows mushrooms in a sauce, likely braised or sautéed. they are garnished with fresh herbs"
ea5af326b0c0ae0,How does the sauce on the mushrooms appear,glossy,the sauce on the mushrooms appears glossy and coats the mushrooms
ea5af326b0c0ae0,What color are the leaves scattered throughout the mushrooms,green,the leaves scattered throughout the mushrooms are green
ea5af326b0c0ae0,How are the mushrooms arranged,in a pile,"the mushrooms are arranged in a pile, seemingly tossed together in a bowl with a sauce"
49867bb4f0e8a8e,What color are the scrambled eggs,yellow,the scrambled eggs appear to be yellow
49867bb4f0e8a8e,What is the main ingredient mixed with the mushrooms,eggs,the main ingredient mixed with the mushrooms appears to be eggs
49867bb4f0e8a8e,What type of vegetable is mixed with the eggs,mushroom,mushrooms are mixed with the eggs
49867bb4f0e8a8e,What color are the mushrooms,brown,the mushrooms appear to be a mix of light brown and dark brown
2f23310ae0cd1ac,What is the main protein in the dish,chicken,chicken
2f23310ae0cd1ac,What color is the creamy dijon sauce,brown,the creamy dijon sauce is a light tan color
2f23310ae0cd1ac,Where is the chicken located in the bowl,on the right,the chicken is located on the right side of the bowl
2f23310ae0cd1ac,What are the small green specks on the sauce,herbs,"the small green specks on the sauce appear to be herbs, possibly parsley"
003a0414a7b4b4d,What is the texture of the mushrooms,creamy,the mushrooms appear to be cooked and have a slightly soft and moist texture
003a0414a7b4b4d,What type of food is being cooked,mushrooms,mushrooms
003a0414a7b4b4d,What color is the pan,black,the pan is black
003a0414a7b4b4d,Where are the mushrooms being cooked,from the pan,the mushrooms are being cooked in a frying pan on a stovetop
003a0414a7b4b4d,What color are the darker parts of the mushrooms,brown,the darker parts of the mushrooms are brown
6b9c89697a4e683,What color are the enoki mushrooms in the image,yellow,the enoki mushrooms in the image are a light tan or beige color
6b9c89697a4e683,What type of mushrooms are shown in the image,enoki mushrooms,the mushrooms in the image appear to be enoki mushrooms
6b9c89697a4e683,How do the strands of enoki mushrooms appear in the image,tangled,"the enoki mushroom strands appear thin, long, and clustered together. they have a pale yellowish-white color"
6b9c89697a4e683,What is the shape of the enoki mushrooms in the image,strands,"the enoki mushrooms in the image are long and thin, like noodles"
ae3d0682c44e12e,What is the state of the mussels in the broth,immersed,the mussels in the broth are open
ae3d0682c44e12e,What type of seafood is primarily black and in the center of the image,mussels,mussels
ae3d0682c44e12e,What color is the broth surrounding the mussels,orange-red,the broth surrounding the mussels appears to be a reddish-orange color
ae3d0682c44e12e,What color is the chorizo in the broth,brownish-red,the chorizo in the broth appears to be a brownish-red color
ae3d0682c44e12e,Where is the piece of bread located in the image,on the left,"the piece of bread is located on the left side of the bowl, resting on the rim"
ced462fa8f5ce2e,What is the color of the mustard sauce,yellow-orange,the mustard sauce appears to be a yellow-orange color
ced462fa8f5ce2e,What is happening to the mustard sauce above the jar,pouring,the mustard sauce above the jar is being poured from a spoon into the jar
ced462fa8f5ce2e,What is the mustard sauce stored in,jar,"based on the image, the mustard sauce is stored in a small glass jar"
ced462fa8f5ce2e,What is the cutting board made of,wooden,the cutting board appears to be made of wood
ced462fa8f5ce2e,Where is the spoonful of mustard sauce held,above the jar,the spoonful of mustard sauce is held above a jar
4fde47f85a2d62f,What material is the jar made of,glass,the jar is made of glass
4fde47f85a2d62f,What type of surface is the jar on,wooden,the jar is on a wooden surface
4fde47f85a2d62f,What condiment is in the jar,mustard,mustard
4fde47f85a2d62f,Where is the jar located relative to the silver spreader,to the right,the jar is to the right of the silver spreader
832f0e5e873a85a,What type of mustard is in the jars,dijon,"based on the image, it appears to be a brown or dijon mustard"
832f0e5e873a85a,What color is the mustard in the jars,tan,the mustard in the jars is a light brown color
832f0e5e873a85a,How are the jars arranged in the image,lined up,"the jars are arranged in a row, positioned relatively close to each other"
832f0e5e873a85a,What containers hold the mustard,jars,the containers that hold the mustard are glass jars
87b272a4cbacfdb,What is the texture of the vegan nacho cheese,creamy,"the vegan nacho cheese appears to have a smooth, creamy, and slightly viscous texture"
87b272a4cbacfdb,What food is the vegan nacho cheese poured over,nachos,nachos
87b272a4cbacfdb,What color is the vegan nacho cheese,light-orange,the vegan nacho cheese is a tan color
87b272a4cbacfdb,Where is the chopped green onions scattered,on top of,the chopped green onions are scattered on the nachos
87b272a4cbacfdb,What is the vegan nacho cheese held in,bowl,the vegan nacho cheese is held in a clear glass bowl
af8cb9fe3adcc14,What is the base of the dish made of,potato,the base of the dish appears to be made of potato wedges
af8cb9fe3adcc14,What color is the plate,white,the plate is white
af8cb9fe3adcc14,What color are the potato wedges,golden-brown,the potato wedges are a light yellow color
af8cb9fe3adcc14,What is melted over the potatoes,cheese,cheese is melted over the potatoes
af8cb9fe3adcc14,Where are the quick potato nachos placed,on a plate,the quick potato nachos are placed on a white rectangular plate
a87e8139eb5bf66,What is drizzled on top of the nachos,chocolate,ice cream and chocolate
a87e8139eb5bf66,What type of chips are used for the nachos,nachos,the chips used for the nachos are tortilla chips
a87e8139eb5bf66,What color are the tortilla chips,brown,the tortilla chips are a light brown color
a87e8139eb5bf66,What color is the paper plate,white,the paper plate is white with green and purple floral designs
a87e8139eb5bf66,Where is the ice cream and chocolate sauce primarily concentrated,on top of,"the ice cream and chocolate sauce are primarily concentrated in the center of the plate, on top of the pita chips"
7745d02f7aac9ca,What is the texture of the nectarine refresher,smooth,"the nectarine refresher appears to have a smooth and slightly thick texture, similar to a smoothie or blended juice. there's a slight opacity to it, suggesting it's not entirely translucent"
7745d02f7aac9ca,What is the nectarine refresher served in,glass,the nectarine refresher is served in a glass
7745d02f7aac9ca,What color is the nectarine refresher,pink,the nectarine refresher appears to be a shade of pink/reddish orange
7745d02f7aac9ca,What type of drink is in the glass,refresher,"the drink in the glass appears to be a smoothie. it's a blended, pinkish-red color and looks thick"
2bf4c23266f6f36,What type of dish is being described,soup,"chicken soup with noodles, lime, jalapenos, and cilantro"
2bf4c23266f6f36,What color are the jalapeño slices,green,the jalapeño slices are green
2bf4c23266f6f36,What type of meat is in the soup,chicken,the soup appears to contain chicken
2bf4c23266f6f36,Where is the lime wedge located,on the lower-right,the lime wedge is on the bottom right
35fecfa515fed5b,What color is the bowl,light blue,the bowl is light blue with a tan rim
35fecfa515fed5b,What is the food served in,bowl,bowl
35fecfa515fed5b,How much of the bowl do the noodles occupy,fill,the noodles appear to occupy about 80-90% of the bowl
35fecfa515fed5b,What color are the noodles,yellow,the noodles are a light yellowish color
35fecfa515fed5b,Where are the noodles located in the image,in the center,the noodles are in the blue bowl in the center of the image
2dcd9ac80de058d,What is the texture of the catfish nuggets,crunchy,the texture of the catfish nuggets appears to be crunchy on the outside and flaky and tender on the inside
2dcd9ac80de058d,What type of food is arranged on the plate,nuggets,the food arranged on the plate is chicken nuggets
2dcd9ac80de058d,What color is the plate,white,the plate is white
2dcd9ac80de058d,Where are the catfish nuggets located on the plate,on the right side,the catfish nuggets are in the center and right of the plate
2dcd9ac80de058d,What color is the sauce on the plate,red,the sauce on the plate is red
8f2c50a0a19996f,What type of nuts are covered in chocolate,corn nuts,"based on the appearance of the chocolate-covered treats in the image, they are most likely chocolate-covered pecans. they have a bumpy, irregular shape which is consistent with that type of candy"
8f2c50a0a19996f,What color is the chocolate coating,brown,the chocolate coating is dark brown
8f2c50a0a19996f,Where is one cluster of chocolate-covered corn nuts located,on the napkin,one cluster is located on a napkin with a christmas ornament pattern
4c2f9a94422a2e9,What color is the pie crust,golden-brown,the pie crust is a light tan or golden brown color
4c2f9a94422a2e9,What type of pie is shown,oatmeal,coconut pie
4c2f9a94422a2e9,What is inside the pie crust,filling,coconut filling
4c2f9a94422a2e9,What color is the shredded coconut,white,the shredded coconut appears to be white and tan
4c2f9a94422a2e9,Where is the slice of pie placed,on a white surface,the slice of pie is placed on a white plate
0bc89d050cedc1c,What color are the overnight buckwheat oats,beige,the overnight buckwheat oats appear to be a light tan or beige color
0bc89d050cedc1c,What do the buckwheat oats do in the bowl,fill,they form the base of a breakfast-type bowl with berries and chia seeds on top
0bc89d050cedc1c,What type of berries are dark blue and on top of the oats,blueberries,the dark blue berries on top of the oats are blueberries
0bc89d050cedc1c,What color are the red berries,red,the red berries are red
0bc89d050cedc1c,Where are the blueberries and red berries located,on top,the blueberries and red berries are in the bowl
d0530bab5c8a27e,What color is the cooking pot,black,the cooking pot is black
d0530bab5c8a27e,What is the main ingredient in the dish besides okra,rice,rice
d0530bab5c8a27e,What color are the okra pieces,green,the okra pieces are green
d0530bab5c8a27e,What vegetable is mixed with the rice,okra,okra
d0530bab5c8a27e,In what type of pot is the okra rice cooked,in a black cooking pot,the okra rice is cooked in a wok
63259c61ebc63e5,What color is the chicken breast,beige,the chicken breast is a light tan color
63259c61ebc63e5,What type of meat is at the center of the plate,chicken,chicken
63259c61ebc63e5,What color are the olives,green,the olives are green
63259c61ebc63e5,Where are the green olives placed,on top,"the green olives are placed around the chicken and vegetables. some are on top of the chicken, and others are around the plate"
63259c61ebc63e5,What are the bright red halved fruits on the chicken,tomatoes,the bright red halved fruits on the chicken appear to be cherry tomatoes
07fd6296d93bc13,What color are most of the olives,golden,the olives appear to be mostly olive green
07fd6296d93bc13,What type of food is shown in the image,olives,fried stuffed olives are shown in the image
07fd6296d93bc13,What has been done to three of the olives,cut,they have been cut in half and coated in breadcrumbs
07fd6296d93bc13,Where are the cut olives located,on the bottom,the cut olives are located at the front of the plate
07fd6296d93bc13,What color are the insides of the cut olives,green,the insides of the cut olives are green and olive green
861fbbe85de778d,What material is the cutting board made of,wooden,the cutting board appears to be made of wood
861fbbe85de778d,What type of bread is displayed,bread,olive bread
861fbbe85de778d,What color are the olive pieces in the bread,black,the olive pieces in the bread are black
861fbbe85de778d,What color is the crust of the bread,golden-brown,the crust of the bread is a light golden brown color
861fbbe85de778d,Where is the bread placed,on a wooden cutting board,the bread is placed on a cutting board
6f5f740fb4a87c2,Are the olives visible in the jar,visible,"yes, the olives are visible in the jar"
6f5f740fb4a87c2,What type of food is inside the jar,olives,"based on the image, the jar appears to contain preserved lemons, capers, and spices in oil"
6f5f740fb4a87c2,What material is the jar made of,glass,the jar appears to be made of glass
425e9f115ea8100,What color is the plate,white,the plate is white
425e9f115ea8100,What color is the omelet,yellow,the omelet is yellow
425e9f115ea8100,What is the filling doing to the omelet,spilling out of,the filling is inside the omelet
425e9f115ea8100,What type of meat is in the filling,bacon,bacon
425e9f115ea8100,How are the onions prepared in the filling,mixed,the onions appear to be finely diced and are mixed into the egg mixture of the omelet
1f5e476034d2636,Where is the spinach located,located on the left side,the spinach is located between the cheese and the egg
1f5e476034d2636,What is the main ingredient of the top layer of the dish,omelette,egg
1f5e476034d2636,How is the feta cheese distributed in the dish,scattered,the feta cheese is cut into cubes and evenly distributed in the dish
1f5e476034d2636,What color are the tomato slices,red,the tomato slices are red
b78d925a20b5499,What color are the caramelized onions,caramelized,the caramelized onions appear to be a dark brown color in the image
b91602b9b0ce9ab,What has happened to the cheese,melted,the cheese has been melted and baked on top and mixed in with the other ingredients
b91602b9b0ce9ab,What ingredient appears as light brown to dark brown strands and chunks,onions,bacon
b91602b9b0ce9ab,What color are the onions,brown,white
b91602b9b0ce9ab,What ingredient covers the entire top surface of the dish,cheese,cheese
b91602b9b0ce9ab,Where are the onions more concentrated,towards the bottom,"based on the image, it is difficult to say where the onions are more concentrated, as they appear to be mixed throughout the dish. however, there might be more onion in the lower section of the dish"
67117992b296d76,What color is the hot dog,reddish-brown,the hot dog is a dark brown or reddish-brown color
67117992b296d76,How is the hot dog positioned in the bun,nestled,the hot dog is positioned lengthwise in the bun
67117992b296d76,What color are the onions,orange,the onions appear to be orange/brown in color
67117992b296d76,Where is the bowl of onions located in relation to the hot dog,to the left of,the bowl of onions is to the left of the hot dog
1c3a4f30fe5d2a1,What color are the roasted oranges,orange,the roasted oranges are orange in color
1c3a4f30fe5d2a1,What are the roasted oranges served on,plate,the roasted oranges are served on a plate
1c3a4f30fe5d2a1,How would you describe the color of the roasted oranges,vibrant,"the roasted oranges have a vibrant, deep orange color with a slightly caramelized sheen. they appear a bit darker and richer than a typical raw orange, indicating they have been cooked and their sugars have begun to caramelize"
03ad6b911f92ca4,What is the texture of the white layer on top of the drink,thick,the texture of the white layer on top of the drink appears to be foamy
03ad6b911f92ca4,What type of beverage is the Orange Glorious II,drink,"based on the appearance, it looks like a smoothie"
03ad6b911f92ca4,What is the mint leaf used for on the drink,garnished,the mint leaf is used as a garnish on the drink
03ad6b911f92ca4,What color is the mint leaf used as garnish,green,the mint leaf used as garnish is green
03ad6b911f92ca4,Where are the bright orange pieces from the drink located,at the bottom,the bright orange pieces are located at the bottom left of the image
8442a41c2de89de,What color is the light pink layer,pink,"the light pink layer is, well, light pink"
8442a41c2de89de,Does the dessert contain Oreo,oreo,"based on the image, it appears that the dessert may contain oreo cookies, especially as part of the base layer"
8442a41c2de89de,Is the whipped topping sprinkled with chocolate chips,sprinkled,"yes, the whipped topping is sprinkled with chocolate chips"
8442a41c2de89de,Where are the chocolate chips scattered,on top surface,the chocolate chips are scattered on top of the dessert
9ffec9e57522152,What shape is the Cajun Oyster Pie,circular,the shape of the cajun oyster pie is round
9ffec9e57522152,What part of the pie is decorated with a star,crust,the top left part of the pie is decorated with a star
f58a02071aaec42,What shape is the plate,star-shaped,the plate is shaped like a star
f58a02071aaec42,What type of seafood is featured in the image,oysters,oysters
f58a02071aaec42,What color are the herbs on the oysters,green,the herbs on the oysters are green
f58a02071aaec42,Where are the oysters placed,on a star-shaped plate,the oysters are placed on a star-shaped plate
421870f09cf9265,What color is the ice bed,white,the ice bed is white
421870f09cf9265,What type of seafood is shown,oysters,oysters
421870f09cf9265,What color is the liquid inside the oyster shells,yellow,the liquid inside the oyster shells appears to be a pale yellow color
421870f09cf9265,What color are the cooked bacon pieces,reddish-brown,the cooked bacon pieces appear to be dark brown to reddish-brown in color
bb7bc9e1f7ec7b8,What color is the bowl,white,the bowl is white
bb7bc9e1f7ec7b8,What color is the rice in the paella,yellow,the rice in the paella is yellow
bb7bc9e1f7ec7b8,How are the mussels arranged in the bowl,scattered,"the mussels are arranged around the edge of the paella dish, with some facing outwards and others partially hidden among the rice and other ingredients. they are interspersed with shrimp, squid, chorizo, and other components of the dish"
bb7bc9e1f7ec7b8,What type of seafood is near the top and bottom of the bowl,shrimp,the seafood near the top and bottom of the bowl is shrimp and mussels
bb7bc9e1f7ec7b8,Where is the squid located in the dish,in a bowl,the squid is located at the front of the dish along the edge
246d3e9d0a52a4a,What type of meat is included in the paella besides shrimp,chicken,"based on the image, the paella appears to include chicken and possibly ground meat in addition to shrimp"
246d3e9d0a52a4a,How are the shrimp distributed in the paella,scattered,"the shrimp appear to be scattered throughout the paella, not concentrated in one area"
246d3e9d0a52a4a,What color are the pieces of chicken in the paella,orange-brown,the pieces of chicken in the paella appear to be tan and light brown
246d3e9d0a52a4a,What seafood is included in the paella,shrimp,the paella in the image includes shrimp
5964496678097b7,What color are the green onions in the pancake,green,the green onions in the pancake are green
5964496678097b7,What type of food is shown in the image,pancake,the food shown in the image appears to be scallion pancakes
5964496678097b7,What color is the plate,white,the plate is white
5964496678097b7,What color is the pancake's surface,golden brown,"the surface of the pancake is a mix of light brown and beige, with darker brown spots"
5964496678097b7,Where are the pancakes located on the plate,on the left side,the pancakes are located on the white plate
ca56d40bbb8f833,What is the taste of the pancakes,salty,it's impossible to determine the taste of the pancakes from the image alone. taste is a sensory experience that cannot be visually observed
ca56d40bbb8f833,What type of food is shown in the image,pancakes,the image shows crepes
ca56d40bbb8f833,How were the pancakes prepared,cooking,"the pancakes were prepared by pouring a thin batter onto a hot surface, likely a griddle or pan, to cook into a flat, thin cake with light brown spots. they are then folded or rolled"
ca56d40bbb8f833,What color is the base of the pancakes,yellow,the base of the pancakes is light yellow
dabd4bad6169994,What color are the paneer cubes,golden yellow,"the paneer cubes appear to be a yellow-tan color, likely due to being coated in the sauce"
dabd4bad6169994,What is the main ingredient in the dish,paneer,paneer (indian cheese)
dabd4bad6169994,What color is the gravy,reddish-brown,the gravy is a brownish-orange color
dabd4bad6169994,Where are the cilantro leaves placed,on top,the cilantro leaves are scattered across the top of the dish
dabd4bad6169994,How would you describe the cilantro leaves,vibrant,"the cilantro leaves appear to be freshly chopped and scattered on top of the dish. they are a vibrant green color and provide a fresh, herbaceous element"
16f44d88446908d,What color is the Palak Paneer,green,the palak paneer is green
16f44d88446908d,What is the shape of the container holding the Palak Paneer,bowl,the container is round
16f44d88446908d,What color is the bowl,blue,the bowl is blue
16f44d88446908d,How are the cubes of Paneer distributed in the Palak Paneer,scattered,"the paneer cubes appear to be submerged in the palak sauce, with some partially visible through the sauce"
16f44d88446908d,"Where is the thin, white cream drizzled",on top,"the thin, white cream is drizzled on top of the palak paneer"
72baeae4b31f87f,What fruit is used in the parfait,cranberry,"based on the image, the parfait appears to contain a layer of red fruit, which is likely **cherries**"
72baeae4b31f87f,What is the bowl made of,glass,the bowl is made of glass
72baeae4b31f87f,What color is the bottom layer of the parfait,red,the bottom layer of the parfait is red
72baeae4b31f87f,Where is the bowl placed,on a table,the bowl is placed on a table
72baeae4b31f87f,What color is the cream layer in the parfait,white,the cream layer in the parfait is white
9754b1ddb854f12,What type of dessert is shown in the image,parfaits,"the dessert in the image is a parfait. it includes layers of yogurt, granola and berries"
9754b1ddb854f12,What color are the sliced strawberries,red,the sliced strawberries are red
9754b1ddb854f12,Where are the granola pieces sprinkled,on top,the granola pieces are sprinkled on top of the fruit and yogurt mixture in the glass
9754b1ddb854f12,What fruit is peeking out from behind the strawberry fan,orange,the fruit peeking out from behind the strawberry fan is a slice of orange
52fcd4430f4183a,What color is the soup,yellow,the soup is yellow
52fcd4430f4183a,What does the soup do inside the bowl,fills,the soup is topped with a dollop of cream
52fcd4430f4183a,What type of soup is it,vegetable,"it looks like a cream of something soup, possibly potato or parsnip, topped with cream or sour cream.  it's hard to say for sure without tasting it"
52fcd4430f4183a,What color is the dollop in the center,white,the dollop in the center is white
52fcd4430f4183a,Where is the dollop located in the soup,in the center,the dollop is located in the center of the soup
79ced46151bbe7a,What shape is the bowl containing the mashed parsnips,round,the bowl is oval shaped
79ced46151bbe7a,What vegetable is mashed in the bowl,parsnips,cauliflower
79ced46151bbe7a,What color are the mashed parsnips,beige,"the mashed parsnips are a creamy, light yellow or off-white color"
79ced46151bbe7a,How would you describe the texture of the mashed parsnips,smooth,"the mashed parsnips appear to have a smooth, creamy texture with a slight thickness. it looks well-blended but not entirely homogenous, with subtle variations suggesting a slightly rustic, not overly processed consistency"
6092f585b9a1ca9,What type of meat is used in the dish,chicken,the meat in the dish appears to be chicken
6092f585b9a1ca9,What color is the tomato-based sauce,reddish-orange,the tomato-based sauce appears to be red
6092f585b9a1ca9,What type of pasta is used in the dish,pasta,fusilli pasta
6092f585b9a1ca9,Where are the white beans located in the dish,scattered amidst,"the white beans are mixed in with the pasta, meat, and tomato pieces. they are distributed throughout the dish"
6092f585b9a1ca9,What is the size of the red tomatoes in the dish,diced,they appear to be diced
6fd53226d02f234,What color is the bright cheese on top of the pasta,orange,the cheese on top of the pasta is a mix of white and orange
6fd53226d02f234,What type of food is the main component of the dish,pasta,pasta
6fd53226d02f234,What is the state of the white cheese on top of the pasta,melted,the white cheese on top of the pasta is melted
6fd53226d02f234,What color is the base layer of the pasta,brownish-tan,the base layer of the pasta appears to be a light tan or brown color
7f8b5fc69d20db3,What color is the pasta in the image,beige,the pasta is a light tan or beige color
7f8b5fc69d20db3,What type of pasta is in the image,pasta,penne pasta
7f8b5fc69d20db3,What seafood is included in the dish,shrimp,shrimp
7f8b5fc69d20db3,What color are the asparagus spears in the image,green,the asparagus spears in the image are green
7f8b5fc69d20db3,Where are the capers mostly located in the image,over the shrimp,the capers are mostly located between the shrimp and tomatoes
c16a6bf8525f695,How are the diced chicken pieces distributed in the dish,scattered,"the diced chicken pieces are interspersed throughout the dish, mixed in with the pasta, mushrooms, and peas"
c16a6bf8525f695,What is the base of the dish made of,pasta,"the base of the dish appears to be made of pasta, specifically spaghetti"
c16a6bf8525f695,What color is the pasta in the dish,yellow,the pasta in the dish appears to be yellow
c16a6bf8525f695,Where is the shredded cheese placed in the dish,on top,the shredded cheese is placed on top of the dish
be20945d4d2f1af,What is the main component of the dish,dish,the main component of the dish is pasta
be20945d4d2f1af,What color are the tomatoes,red,the tomatoes are red
be20945d4d2f1af,How are the tomatoes arranged in the dish,scattered,the tomatoes appear to be tossed with the pasta
0828e13422d34d9,What vegetable is included in the pasta,eggplant,eggplant
0828e13422d34d9,What color are the pasta tubes,golden-yellow,"the pasta tubes are yellow-ish, pasta-colored"
0828e13422d34d9,Where is the larger portion of pasta served,bowls,the pasta bowl in the foreground has the larger portion of pasta
0828e13422d34d9,What color is the handle of the fork,with a brown wooden handle,the handle of the fork is brown
0828e13422d34d9,What color is the parmesan cheese on top,white,the parmesan cheese on top is white
b56fe91729ed59b,What color is the lemon curd,yellow,the lemon curd is yellow
b56fe91729ed59b,What fruit is on top of the lemon curd,blueberries,blueberries
b56fe91729ed59b,Where are the blueberries located,nestled among,the blueberries are located on top of the meringue
b56fe91729ed59b,What dessert is being described,pavlova,pavlova
97f31ab9cff2ce8,What is the color of the split pea soup,greenish-yellow,the color of the split pea soup is a light green
97f31ab9cff2ce8,What type of dish is the greenish-yellow mixture,soup,the dish appears to be split pea soup
97f31ab9cff2ce8,What is the color of the bowls containing the soup,white,the bowls containing the soup are white
97f31ab9cff2ce8,Where is the silver spoon in relation to the soup,submerged,the silver spoon is in the soup
080a08688d3f0e9,What type of food is in the bowl,peas,the bowl contains peas
080a08688d3f0e9,Where are the peas located,bowl,the peas are located in the bowl
080a08688d3f0e9,What cuisine do the peas belong to,italian,"it's difficult to definitively assign the peas to a single cuisine based on the image alone. however, peas with onions are a common side dish in various western cuisines, particularly british and american. without more context or additional ingredients, it is not possible to determine the specific cuisine with certainty"
080a08688d3f0e9,Where are the peas positioned in the frame,on the right side,the peas are positioned in the upper right quadrant and the lower left quadrant
bf93c4762564a50,How would you describe the color of the peaches,vibrant,"the peaches are a warm, golden orange color"
bf93c4762564a50,What is the spoon doing with the peach slices,holding,the spoon is scooping up the peach slices
bf93c4762564a50,What color is the skillet,white,the skillet is white with a light green handle
bf93c4762564a50,Where is the skillet located in the image,in the center,the skillet is located in the center-left of the image
af12c2c429e30b2,What color is the liquid in the glasses,yellow-orange,the liquid in the glasses is yellow
af12c2c429e30b2,What type of container holds the Peach Bellinis,glasses,they are held in champagne flutes
af12c2c429e30b2,What material is the board that the glasses are placed on,wooden,the board appears to be made of wood
af12c2c429e30b2,Where are the peach slices placed on the glasses,on the rim,the peach slices are placed on the rim of the glasses
af12c2c429e30b2,What color are the peach slices on the rim of the glasses,reddish-yellow,"the peach slices are mostly peach-colored (yellowish-orange), with some red on the skin"
c37969d9f8d91ec,What type of drink is featured in the image,margaritas,"the drink featured in the image appears to be a frozen margarita. the color suggests it could be a mango margarita, but it's difficult to say for certain without more information"
c37969d9f8d91ec,How are the Peach Margaritas presented,served,the peach margaritas are presented in a margarita glass with a sugared rim. the drink has a frozen or slushy consistency
c37969d9f8d91ec,How would you describe the color of the margaritas,bright,"the margaritas are a vibrant yellow-orange color, similar to the color of a ripe mango or a golden sunset"
c37969d9f8d91ec,What are the drinks served in,glasses,the drinks are served in margarita glasses
c37969d9f8d91ec,Where are the margaritas positioned in the frame,in the center,the margaritas are positioned in the center of the frame
1f020898833f361,What type of beverage is shown in the image,tea,peach juice
1f020898833f361,What is the person in the image doing with the peach tea,drinking,"based on the image, it's not possible to tell if someone is drinking the peach tea. however, the peach tea is prepared and served in glasses with straws"
1f020898833f361,What flavor is the tea in the image,peach,"based on the image, the tea is likely peach flavored. there are peaches next to the glasses, and the color of the tea matches that of peaches"
1f020898833f361,What color are the straws in the glasses,yellow,the straws in the glasses are yellow and white
1f020898833f361,Where is the second glass of peach tea positioned,to the right,the second glass of peach tea is positioned directly behind the first
e58d9abdaf831a2,What color is the liquid in the pitcher,peachy-orange,the liquid in the pitcher is a reddish-orange color
e58d9abdaf831a2,What is the sangria served in on the left,pitcher,the sangria on the left is served in a pitcher
e58d9abdaf831a2,What color are the strawberries in the sangria,red,the strawberries in the sangria are red
e58d9abdaf831a2,Where is the glass pitcher positioned,on the left,the glass pitcher is positioned on the left of the frame
2987d882d66a7e8,What color is the peanut butter in the cookie on the left,dark,the peanut butter in the cookie on the left is dark brown
2987d882d66a7e8,What type of butter is used in the cookies,peanut butter,it is impossible to tell what kind of butter is in the cookies based on the image
2987d882d66a7e8,What color is the cookie part of the Peanut Butter Temptations II,golden brown,"based on the images, the cookie part of the peanut butter temptations ii is a light golden-brown color"
2987d882d66a7e8,Where is the cookie with light brown peanut butter located,on the lower right,the cookie with light brown peanut butter is in the bottom right quadrant of the image
2987d882d66a7e8,What type of dessert is shown in the image,cookie,the image shows reese's peanut butter cup cookies
a2f7338a23dae10,What color is the peanut butter ice cream topping,light brown,the peanut butter ice cream topping appears to be brown
a2f7338a23dae10,What type of food is the topping made of,ice cream,"based on the image, the topping looks like gravy"
a2f7338a23dae10,What is the consistency of the peanut butter ice cream topping,smooth,the peanut butter ice cream topping appears to have a smooth and glossy consistency
a2f7338a23dae10,Where is the reflective surface particularly noticeable,near the top,"the reflective surface is particularly noticeable in the top left corner of the image, where there is a bright reflection"
d52439fae098204,What color is the plate,yellow,"the plate is a light yellow color, possibly beige or cream"
d52439fae098204,What type of food is shown in the image,muffins,muffins
d52439fae098204,How would you describe the appearance of the muffins,perfect,"the muffins appear to be golden brown, baked in white paper liners. they look slightly moist and have a light dusting of something on top, possibly sugar"
d52439fae098204,What color are the paper liners of the muffins,white,the paper liners of the muffins are white
d52439fae098204,Where are most of the muffins placed,on the plate,most of the muffins are placed on a plate
3b04aeb0107acac,What color are the pears,red,the pears are red
3b04aeb0107acac,Where are the pears located in the image,in the left side,the pears are located in the white bowl
b076ebd5863251a,What color is the pecan filling,brown,the pecan filling appears to be a dark brown
b076ebd5863251a,What type of nuts are used in the pie,pecan,pecans are used in the pie
b076ebd5863251a,What color is the whipped cream on one of the pies,white,the whipped cream on one of the pies is white
b076ebd5863251a,Where is the pecan filling located,on top,the pecan filling is on the top of the jars. there are also a few pecans on the table to the left
b076ebd5863251a,What color are the scattered pecans,reddish-brown,the scattered pecans are brown
3718baab129db6e,What color are the crackers,tan,the crackers are a light tan or beige color
3718baab129db6e,How are the two crackers in the foreground positioned,overlapping,"the cracker with toppings is laid directly on top of another cracker, slightly overlapping"
3718baab129db6e,What color are the specks on the crackers,brown,the specks on the crackers appear to be tan and brown
3718baab129db6e,Where is the pecan pepper appetizer located,on the cracker,the pecan pepper appetizer is located on the cracker
3718baab129db6e,What type of dish is the pecan pepper mixture,appetizer,the pecan pepper mixture is a type of relish or spread served on crackers
e57b2feba7c0dd2,What type of pasta is in the bowl,penne,the pasta in the bowl appears to be penne
e57b2feba7c0dd2,How is the penne pasta arranged in the bowl,distributed,"the penne pasta is arranged in a bowl, with the pasta around the perimeter of the bowl and tomato sauce, greens, and olives placed in the center of the pasta"
e57b2feba7c0dd2,What color is the mango chile sauce,red,"based on the image, it looks like the sauce is red. it is difficult to be sure if this is mango chile sauce though"
e57b2feba7c0dd2,What herb is scattered on top of the pasta,cilantro,cilantro
e57b2feba7c0dd2,Where is the cilantro placed,on top of,"the cilantro is placed on top of the pasta, scattered throughout the dish"
3f3ebc236374bd6,What type of pasta is visible in the image,penne,penne pasta is visible in the image
3f3ebc236374bd6,What color are the peppers in the dish,red-orange,the peppers in the dish are red
3f3ebc236374bd6,How are the peppers prepared in the dish,sauteed,"the peppers are cut into small, rectangular pieces"
3f3ebc236374bd6,What is distributed throughout the dish alongside the penne,peppers,"sausage, red bell peppers, and onions"
176aa7a0d1fac3f,What color are the Padron peppers,green,the padron peppers in the image are green
176aa7a0d1fac3f,What type of vegetable is shown in the image,peppers,"pimientos de padrón, or padrón peppers"
176aa7a0d1fac3f,Where are the peppers scattered across,scattered across,the peppers are scattered across a white plate
176aa7a0d1fac3f,How do the peppers appear on the plate,glistening,"the peppers are piled on the plate. they appear to be blistered, with a dark, almost charred appearance in some areas. they are green and glistening.  a small dish of sauce is also on the plate"
c19a3ea29eeebad,What color is the container,white,white
c19a3ea29eeebad,What type of sauce is in the container,pesto,"based on the image, the sauce appears to be pesto"
c19a3ea29eeebad,What is the chive pesto stored in,container,the chive pesto is stored in what appears to be an ice cube tray
c19a3ea29eeebad,How would you describe the green color of the pesto,vibrant,"the green color of the pesto appears to be a vibrant, yet slightly muted shade of green. it has a textured appearance, suggesting it's a freshly made pesto with a slightly coarser grind"
e83d92fa9726ea1,How does the walnut pesto appear in terms of texture,textured,"the walnut pesto appears to have a somewhat coarse, textured consistency. it isn't perfectly smooth; you can see small pieces of the ingredients"
e83d92fa9726ea1,What type of sauce is primarily green and textured,pesto,pesto
e83d92fa9726ea1,What does the walnut pesto fill in the image,fills,the walnut pesto fills a white bowl
e83d92fa9726ea1,What color is the ceramic bowl,white,the ceramic bowl is white
e83d92fa9726ea1,Where are the fresh basil leaves placed,on top of,"the fresh basil leaves are placed on the pesto in the bowl, and on the white tablecloth"
ac6d8e898685baa,What is the main protein in the dish,chicken,chicken
ac6d8e898685baa,Where are some of the capers falling,falling onto,the capers are on the chicken
ac6d8e898685baa,What color are the capers,green,the capers are green
ac6d8e898685baa,How are the chicken pieces arranged in the image,scattered,"the chicken pieces are stacked, with two pieces visible and one piece partially hidden underneath"
7f4a3652f38c3ca,What is the main ingredient in the jar,pickles,the main ingredient appears to be sliced yellow squash or zucchini
7f4a3652f38c3ca,What material is the jar made of,glass,glass
7f4a3652f38c3ca,Is the jar full or empty,full,the jar is not empty
7f4a3652f38c3ca,What color are some of the zucchini slices,yellow,some of the zucchini slices are yellow. some of the zucchini slices are green
7f4a3652f38c3ca,How are the zucchini pickles cut,sliced,the zucchini pickles appear to be cut into round slices. there are also a few onions that appear to be cut into strips
23c54d8ee77e341,What color are the candied dill pickles,yellowish-green,the candied dill pickles appear to be yellow-green in color
23c54d8ee77e341,What type of pickles are shown in the image,pickles,"based on the image, the pickles appear to be sliced dill pickles. they have a ridged texture and are submerged in a brine"
23c54d8ee77e341,Where is the jar filled with pickles located,on the left side,the jar filled with pickles is located on a white surface to the left of a white bowl of pickles. there are also two tomatoes on the surface near the jar
23c54d8ee77e341,What color is the bowl on the right side,white,the bowl on the right side is white
80b4940c04976c6,What is the color of the glass jar,clear,clear
80b4940c04976c6,What type of food is inside the jar,pickles,the jar contains pickles
80b4940c04976c6,What color are the pickles,green,the pickles are green
80b4940c04976c6,Where are the pickles stored,in a jar,the pickles are stored in a jar
f631b6ffa9f8e44,What is the state of the cheese layer on top of the pie,melted,the cheese layer appears to be melted and browned
f631b6ffa9f8e44,What type of food is primarily located on the right side of the image,pie,quiche
f631b6ffa9f8e44,What color is the crust of the pie,tan,the crust of the pie is light brown
f631b6ffa9f8e44,What color is the baking tin the pie is sitting in,silver,the baking tin the pie is sitting in is silver
d1323e9519e7ce3,What type of fruit is used in the pies,apricot,it is not possible to identify the fruit filling of the pies based on the provided image
d1323e9519e7ce3,What color are the pies,golden-brown,the pies are golden brown. they are topped with white powdered sugar
d1323e9519e7ce3,What type of dessert is shown in the image,pies,"the dessert shown in the image looks like fried empanadas, possibly filled with a sweet filling and dusted with powdered sugar"
d1323e9519e7ce3,What is the texture of the pies,uneven,"the texture of the pies appears to be crispy and flaky. they are also covered with powdered sugar, which adds a smooth and powdery element"
e8022d21e4305f3,What type of dessert is shown in the image,pie,the image shows a pie
e8022d21e4305f3,What color is the ceramic dish,white,the ceramic dish is white
e8022d21e4305f3,What color is the plate under the dish,green plate,the plate under the dish is green
d759993231e4ae6,What color are the pierogi,yellow,the pierogi are a yellowish color
d759993231e4ae6,What type of food is shown in the image,pierogi,the food shown in the image is pierogi
d759993231e4ae6,Where are the pierogi placed,on the plate,the pierogi are placed on a plate
d759993231e4ae6,Where is the pierogi located in the middle of the plate,center,the pierogi located in the middle of the plate is just above the bottom edge of the plate
9847bc5024dc67b,What color is the plate,white,the plate is white
9847bc5024dc67b,What color is the hotdog,pinkish-red,the hotdogs appear to be a reddish-brown color
9847bc5024dc67b,Where are the pigs in a blanket placed,on a plate,the pigs in a blanket are placed on a white plate
def28ab9ad33050,What is the main ingredient in the Apricot Almond Pilaf,rice,the main ingredient in the apricot almond pilaf is rice
def28ab9ad33050,Where are all the food items placed,inside the bowl,the food items are placed in a bowl
da6f20f25f32a9d,What color is the base of the rice,yellow,the base of the rice appears to be white
da6f20f25f32a9d,How are the slices of red bell peppers arranged,scattered,"the slices of red bell peppers are arranged in rings and strips, scattered amongst the other ingredients"
da6f20f25f32a9d,What is the main ingredient in the pilaf,rice,"based on the image, it appears the main ingredient in the pilaf is rice. the dish also contains yellow, red and green peppers and tomatoes"
da6f20f25f32a9d,What color are the bell pepper slices partially visible beneath the yellow rings,red,the bell pepper slices partially visible beneath the yellow rings are red and green
da6f20f25f32a9d,Where are the green bell pepper slices mostly located,on the left,the green bell pepper slices are mostly located in the upper-left and lower-left quadrants of the image
a6d484ebeacc37e,What size is the glass punch bowl,large,there is no information about the size of the punch bowl in this image
a6d484ebeacc37e,Where is the coconut shell cup located,to the lower left,"the coconut shell cup is located on the countertop, to the lower left of the punch bowl"
1c9c8473c25453f,What is the primary flavor of the pinwheels,chocolate,chocolate
1c9c8473c25453f,What color is the dark chocolate component of the pinwheel,brown,the dark chocolate component is brown
1c9c8473c25453f,Where is the larger pinwheel located,on the left,the larger pinwheel is on the left
d16d3b9f8992526,What is the temperature of the pinwheels,hot,"it is not possible to answer this question. this question cannot be answered from the provided image, since there is no thermometer or other indication of the temperature"
d16d3b9f8992526,What color are the onion pieces on the pinwheels,brown,the onion pieces on the pinwheels are brown
d16d3b9f8992526,Where are the onion pieces located on the pinwheels,on top,the onion pieces are located on the top of the pinwheels
f18e99e9dcc91a3,What type of bread is shown in the image,bread,the bread shown in the image appears to be pita bread
f18e99e9dcc91a3,What color is the gluten-free pita flatbread,brown,the gluten-free pita flatbread is light brown
f18e99e9dcc91a3,Where is part of the bread located,on the plate,the bread is on the plate. it's also holding the food
f18e99e9dcc91a3,What is scattered on the plate under the bread,crumbs,scattered on the plate under the bread are crumbs and small pieces of food
c1b6d1ed9795a47,What color is the plate,white,the plate is white
c1b6d1ed9795a47,What type of bread is shown in the image,bread,the bread in the image appears to be naan
c1b6d1ed9795a47,What color is the napkin,red,the napkin is red
c1b6d1ed9795a47,What color is the pita bread,tan,the pita bread is a light tan color with some darker brown spots from being cooked
c1b6d1ed9795a47,Where is the pita bread placed,on a white plate,"the pita bread is placed on a white plate, which is set on top of an orange cloth"
025ee3dfc1e85c2,How are the pear slices arranged on the pizza,arranged,the pear slices are arranged in concentric circles on the pizza
025ee3dfc1e85c2,What fruit is placed on top of the cheese,pear,the fruit placed on top of the cheese is pears
025ee3dfc1e85c2,Where are the pear slices placed on the pizza,on top of,the pear slices are placed on the pizza crust with green sauce and nuts
09ffcc95dea0190,What color is the pizza pan,silver,the pizza pan is silver
09ffcc95dea0190,What type of food is shown in the image,pizza,pizza
09ffcc95dea0190,What color is the tomato sauce,red,the tomato sauce appears to be red
09ffcc95dea0190,What color is the crust,beige,the crust is white
09ffcc95dea0190,What is the shape of the pizza pan,on a round,the pizza pan is round
03c09164b78a5c8,What color is the crust of the cobbler,golden-brown,the crust of the cobbler appears to be a light golden color
03c09164b78a5c8,Where is the baking dish located,on the left,"the baking dish is located on a white wooden surface, next to a plate of dessert"
3a8a01d4826590d,What type of bread is shown in the image,plum bread,the bread in the image appears to be muffins
3a8a01d4826590d,What color is the plate,white,the plate is white with a brown rim
3a8a01d4826590d,What color is the base of the plum bread,tan,the base of the plum bread appears to be brown
3a8a01d4826590d,What is the texture of the top of the plum bread,cracked,the top of the plum bread has a slightly cracked and textured surface
3a8a01d4826590d,Where is the plate placed,on a plate,the plate is placed on a countertop
9925a351bf1ca8c,What is the color of the watermelon's interior,pink,the watermelon's interior is red
9925a351bf1ca8c,What is the food served on,plate,the food is served on a plate
9925a351bf1ca8c,What is the color of the watermelon's flesh,red,the watermelon's flesh is red
9925a351bf1ca8c,What green herb is beside the watermelon slice,parsley,the green herb beside the watermelon slice is parsley
e5661bb8414166b,What type of dish is featured in the image,polenta,the dish featured in the image is mashed potatoes
e5661bb8414166b,What color is the polenta,yellow,the polenta is a light yellow color
e5661bb8414166b,What color is the parsley garnish,green,the parsley garnish is green
8d5dbc4a9462c53,What is the dish in the lower center of the image,polenta,mashed potatoes with corn and herbs
8d5dbc4a9462c53,Where is the polenta located in the image,in the lower center,the polenta is in the center foreground of the image
8d5dbc4a9462c53,How is the corn prepared in the polenta,roasted,the corn is prepared as whole kernels and mixed into the polenta
4668800e907780a,What color are the chicken pieces,beige,the chicken pieces are light beige or off-white
4668800e907780a,What type of meat is in the dish,chicken,the meat in the dish appears to be chicken
4668800e907780a,What color is the cream sauce,yellow,the cream sauce appears to be a light yellow or off-white color
4668800e907780a,What color is the sauce covering the dish,cream,the sauce is a light yellow or cream color
953f6be44a13027,What color are many of the rice grains coated in,yellow,many of the rice grains are coated in a yellow color
953f6be44a13027,What is the main grain used in the dish,rice,rice
953f6be44a13027,What color is the ground meat mixed with the cabbage,brown,the ground meat is a brownish color
953f6be44a13027,What color are the pieces of cabbage,in light yellow,the cabbage pieces appear to be a pale yellow or off-white color
6908c6556f00d12,How are the dark brown pieces of meat and green beans distributed in the rice,interspersed,the meat and green beans are evenly distributed throughout the rice dish
6908c6556f00d12,What is the main ingredient in the lower half of the image,rice,rice
6908c6556f00d12,What color are the diced tomatoes in the salad,red,the diced tomatoes in the salad are red
6908c6556f00d12,What color are the diced cucumbers in the salad,green,the diced cucumbers in the salad are green
6908c6556f00d12,Where is the salad located in relation to the rice,above the rice,the salad is above the rice
c664b30dc984fe4,What color is the frosting on the cake pop,pink,the frosting on the cake pop is pink
c664b30dc984fe4,What type of dessert is the food item,cake,cake pop
c664b30dc984fe4,What are the sprinkles on the cake pop like,colorful,"the sprinkles on the cake pop are round and come in a variety of colors, including blue, orange, white, yellow, and pink"
c664b30dc984fe4,Where is the cake pop placed,on a light brown surface,the cake pop is placed on a wooden surface
77f4c5b414b903a,What color are the ice pops,brown,the ice pops are brown
77f4c5b414b903a,What type of food is shown in the image,ice pops,the food shown in the image is chocolate popsicles
77f4c5b414b903a,What color is the plate,white,the plate is white
77f4c5b414b903a,Where are the ice pops placed,on a white plate,the ice pops are placed on a white plate
77f4c5b414b903a,What is the state of the background objects,blurred,the background objects are a jar of nutella and a tub of cool whip. they are sitting on a light brown wooden surface
95c0881264faca7,What color are the gingersnap cookies,brown,the gingersnap cookies are brown
95c0881264faca7,What type of baked goods are shown in the image,cookies,the baked goods in the image appear to be ginger cookies
95c0881264faca7,Where are the cookies placed,on a metal baking sheet,the cookies are placed on a baking sheet
cc8ab18052f66ff,How does the surface of the chicken appear,shiny,"the surface of the chicken appears slightly shiny, and golden-brown in color"
cc8ab18052f66ff,What is the color of the rice,rice,the rice is brown
cc8ab18052f66ff,What is the color of the chicken surface,brown,the surface of the chicken is brown
cc8ab18052f66ff,How are the chicken pieces arranged,stacked on,there are two chicken pieces placed next to each other with a mound of rice next to them on the plate
efa79f62e1212b8,What color is the bowl,pink,the bowl is pink
efa79f62e1212b8,What is holding the candied almonds,bowl,the candied almonds are held in a bowl
efa79f62e1212b8,What color are the candied almonds,brown,the candied almonds appear to be a golden brown color
a9de64865353ad1,What type of nuts are in the jar,almonds,the nuts in the jar appear to be almonds
a9de64865353ad1,What is the container for the almonds,jar,the almonds are in a jar
a9de64865353ad1,Where are the scattered almonds located,on the same surface,the scattered almonds are located on the cutting board
9a2122c94391ed2,What color is the almond tea,orange,the almond tea is a light orange color
9a2122c94391ed2,What type of surface is the glass sitting on,on the bottom center,"the glass is sitting on a wooden surface, possibly a table or deck"
9a2122c94391ed2,What color is the background of the image,green,the background of the image is green
0a14bf73604dec2,What color are the sweet potatoes,vibrant,the sweet potatoes are orange
0a14bf73604dec2,What type of vegetable is in the bowl,sweet potatoes,the vegetable in the bowl is sweet potato
0a14bf73604dec2,What color is associated with the sweet potatoes,orange,orange is associated with the sweet potatoes in the image
0a14bf73604dec2,Where are the sweet potatoes mounded,within the bowl,the sweet potatoes are mounded in a clear glass bowl
d0501785b532eca,What color are the darker patches on the apples,brown,the darker patches on the apples are brown
d0501785b532eca,What fruit is shown in the image,apples,the fruit in the image is an apple. it looks like it is a baked apple
d0501785b532eca,What color is the bowl,white,the bowl is white with a blue rim
d0501785b532eca,What color is the cut apple piece,yellow,the cut apple piece appears to be a yellowish-golden color
d0501785b532eca,Where are the apples placed,in a bowl,the apples are placed in a bowl
47319ad0fa9cdb4,What is the applesauce contained in,applesauce,the applesauce is in a blue glass bowl
47319ad0fa9cdb4,What color is the bowl,blue,the bowl is blue
47319ad0fa9cdb4,What color is the apple closer to the bowl,red,the apple closest to the bowl is red and yellow
47319ad0fa9cdb4,Where is the bowl placed,on a surface,the bowl is placed on a surface next to some apples
dc9c9c226ed6f6b,What is the color of the applesauce,applesauce,the applesauce is a tan or light brown color
dc9c9c226ed6f6b,What is the color of the applesauce in the bowl,golden-brown,the applesauce in the bowl is a light yellow-brown color
dc9c9c226ed6f6b,What is being done with the spoon in the image,scooped,the spoon is being used to scoop up applesauce from a bowl
dc9c9c226ed6f6b,What color is the bowl containing the applesauce,white,the bowl is white
dc9c9c226ed6f6b,Where is most of the applesauce located,in the bowl,most of the applesauce is located in the bowl
e0e667da478e560,What color is the pear-applesauce inside the jar,golden-amber,the pear-applesauce inside the jar is yellow-orange
e0e667da478e560,What is the container holding the pear-applesauce,jar,the pear-applesauce is in a jar and a white bowl
e0e667da478e560,What color is the apple on the table,yellow,the apple on the table is yellow
e0e667da478e560,Where is the jar of pear-applesauce placed,on the table,the jar of pear-applesauce is placed on a wooden surface
e0e667da478e560,What color is the small dish containing more pear-applesauce,white,the small dish containing more pear-applesauce is white
996c337701e6c89,What is the main protein in the dish,meat,the main protein in the dish is ground meat
996c337701e6c89,What vegetable is visible in the ground meat mixture,carrots,carrot and peas are visible in the ground meat mixture
996c337701e6c89,How are the plantains prepared,fried,"the plantains appear to be fried. some pieces are golden brown, while others have a darker, almost burnt appearance"
996c337701e6c89,Where is the ground meat mixture located,on the plate,the ground meat mixture is located on the left side of the plate
996c337701e6c89,Where is the rice placed relative to the ground meat,adjacent,the rice is to the right of the ground meat
e0d807ecc1cc31b,What color are the artichoke hearts,green,the artichoke hearts are a light greenish-yellow color
e0d807ecc1cc31b,What type of vegetable is shown in the lower-left area,artichoke,artichoke
e0d807ecc1cc31b,What color is the plate,white,white
e0d807ecc1cc31b,Where are the lettuce leaves located,to the right,the lettuce leaves are on the right of the artichoke hearts
fa3f82cfa61ea05,What color is the majority of the asparagus,green,the majority of the asparagus is green
fa3f82cfa61ea05,What vegetable is featured in the dish,asparagus,asparagus
fa3f82cfa61ea05,How are the asparagus pieces arranged on the plate,arranged,the asparagus pieces are arranged in a pile
dadaf1377287f2d,What color are the asparagus spears,green,the asparagus spears are green
dadaf1377287f2d,What vegetable is shown in the image,asparagus,asparagus
dadaf1377287f2d,In which direction are the asparagus tips pointing,upwards,the asparagus tips are pointing towards the upper right of the image
dadaf1377287f2d,Where are the asparagus spears stacked,on top of,the asparagus spears are stacked on a white plate
a07fe2567ba507e,What color is the avocado near the center,green,the avocado near the center is light green
a07fe2567ba507e,What fruit is used to hold the baked egg,avocado,avocado
a07fe2567ba507e,What color is the egg white,white,the egg white is white
a07fe2567ba507e,Where is the avocado's outer skin described,on its outer skin,the avocado's outer skin appears to be dark green with visible texture
a07fe2567ba507e,Where are the diced pieces of ham located,scattered,the diced pieces of ham are scattered throughout the avocado and egg
d294dd73f747ba7,What color is the pie filling,green,the pie filling is green
d294dd73f747ba7,What type of dessert is shown in the image,pie,"the dessert shown in the image is a pie, likely key lime pie, as it has a green filling"
d294dd73f747ba7,What color is the whipped cream on top of the pie,white,the whipped cream on top of the pie is white
d294dd73f747ba7,Where is the whipped cream located,on top,the whipped cream is on the pie
e57919c504620ad,What color is the fried batter coating of the avocado bites,golden-brown,the fried batter coating of the avocado bites is a light golden brown color
e57919c504620ad,What is the main ingredient of the bites,avocado,zucchini
e57919c504620ad,What color is the avocado inside the bites,green,the avocado inside the bites is green
e57919c504620ad,Where are the avocado bites placed,on a white square plate,the avocado bites are placed on a white plate
e57919c504620ad,Do the avocado bites have the same size and shape,vary,"no, the avocado bites do not have the same size and shape. they vary in size and are mostly square but are sometimes rounded"
bc65d8c82c97c6e,What type of berries are on the Dutch Babies,raspberries,the dutch baby pancakes in the image are topped with blueberries and raspberries
bc65d8c82c97c6e,How are the berries near the left edge arranged,scattered,"near the left edge, there are scattered raspberries and blueberries"
bc65d8c82c97c6e,What color are the raspberries,red,the raspberries are red
bc65d8c82c97c6e,Where are the Dutch Babies presented,on the white cloth,the dutch babies are presented in a cast iron pan
43f16eb0ce00b22,How does the bacon appear on the surface,glistening,"the bacon surface appears to be dark and slightly speckled. it also looks a bit shiny, perhaps due to rendered fat or a glaze"
43f16eb0ce00b22,What type of meat is shown in the image,bacon,bacon
43f16eb0ce00b22,What color is the exterior of the bacon,dark brown,the exterior of the bacon appears to be dark brown
43f16eb0ce00b22,Where are the two pieces of bacon positioned relative to each other,separated by,the two pieces of bacon are next to each other
603ff0b14e008eb,What type of meat is shown in the image,bacon,bacon
603ff0b14e008eb,Where is the bacon being cooked,oven,the bacon is being cooked in the oven
603ff0b14e008eb,Where is the bacon placed in the oven,on a wire rack,"the bacon is placed on a wire rack in a foil-lined baking sheet, which is then placed in the oven"
dd10c756d295fd9,What color are the bagel bites,golden-brown,the bagel bites appear to be a light tan or golden brown color with a sprinkle of black and white seeds on top
dd10c756d295fd9,What type of food is shown in the image,bagel bites,the image shows bagel bites
dd10c756d295fd9,Where are the bagel bites located in the image,blue,the bagel bites are located on the right side and bottom of the image
dd10c756d295fd9,How many bagel bites are broken,in the bottom half,2
dd10c756d295fd9,What color is the plate in the image,broken,the plate in the image is light blue
4ffc92ecaab59bc,What color are the bagels,golden-brown,the bagels are brownish-orange
4ffc92ecaab59bc,What type of food is shown in the image,bagels,the food shown in the image is bagels
4ffc92ecaab59bc,What gives the bagels a speckled appearance,spice,the speckled appearance is likely due to cinnamon
4ffc92ecaab59bc,Where are the bagels placed,on a wire rack,the bagels are placed on a wire rack
cc3286afe2ca6f4,What type of bread are the bagels made of,pumpernickel,"based on the color, they appear to be whole wheat bagels"
cc3286afe2ca6f4,What color are the bagels,brown,the bagels are brown
cc3286afe2ca6f4,What food item is being described,bagels,bagels
cc3286afe2ca6f4,Where are the bagels placed,on a black wire rack,the bagels are placed on a black wire rack
cc3286afe2ca6f4,What color are the sesame seeds on the bagels,white,the sesame seeds on the bagels are white
66d008af21ff8da,What color is the bagel on the left,golden-brown,the bagel on the left is light brown
66d008af21ff8da,What is the state of the cheese on the right bagel,melted,the cheese on the right bagel is melted
66d008af21ff8da,What is the bagel placed on,plate,the bagel is placed on a plate
66d008af21ff8da,What type of seeds are on the bagel on the left,sesame,the seeds on the bagel on the left appear to be sesame seeds
66d008af21ff8da,Where is the golden-brown bagel located,on the left,the golden-brown bagels are on the white plate. there are two in this picture
63f9b9692722870,What color is the baking dish,white,the baking dish is white
63f9b9692722870,What is the main ingredient in the top layer of the bake,cheese,cheese
63f9b9692722870,"What are the small, dark brown pieces within the cheese",sausage,"the small, dark brown pieces within the cheese appear to be sausage"
63f9b9692722870,What color are the cooked sausage pieces,brown,the cooked sausage pieces appear to be brown
63f9b9692722870,Where are the sausage pieces located,within the cheese,the sausage pieces are scattered throughout the dish
3a687442b546d06,What color is the smoothie,beige,the smoothie is a light yellow/beige color
3a687442b546d06,What fruit is used to make the smoothie,bananas,banana
3a687442b546d06,What color is the straw,yellow,the straw is yellow
3a687442b546d06,Where are the bananas located,to the left of,the bananas are located next to the jar
be6202dbef60502,What color are the chocolate chips on top of the loaves,brown,the chocolate chips on top of the loaves are brown
be6202dbef60502,What type of chips are on top of the loaves,chocolate,the chips on top of the loaves appear to be chocolate chips. some are round and some are teardrop-shaped
be6202dbef60502,What shape are the loaves,loaves,the loaves are rectangular
be6202dbef60502,What color is the crust of the loaves,golden-brown,the crust of the loaves is brown
be6202dbef60502,Where is one loaf angled towards,towards the center,the angled loaf is angled towards the viewer
eba8e48373f79c5,What type of fries are shown in the image,fries,the image shows plantain fries
eba8e48373f79c5,What color are the fries,brown,the fries appear to be golden-brown
eba8e48373f79c5,What color is the plate,white,the plate appears to be white with black and brown stripes
eba8e48373f79c5,Where are the fries placed,on a plate,the fries are placed on a plate
4880300b48ec41e,What fruit is used in the dish,bananas,banana
4880300b48ec41e,What color are the bananas,golden-yellow,the bananas are yellow
4880300b48ec41e,What liquid are the bananas immersed in,in coconut milk,"the bananas are immersed in a white liquid, which appears to be coconut milk"
4880300b48ec41e,What is the food served in,bowl,the food is served in a glass jar
aa269a3e332dd1e,What color are the banana tempura pieces,golden-brown,the banana tempura pieces are golden brown
aa269a3e332dd1e,What fruit is used to make the tempura,banana,"based on the image, the tempura looks like it's made from potato"
aa269a3e332dd1e,How are the banana tempura pieces arranged,together,the banana tempura pieces are arranged in a pile
aa269a3e332dd1e,What type of dish is the banana tempura,tempura,banana tempura is a type of dessert
aa269a3e332dd1e,What is the shape of the banana tempura pieces,irregular,the banana tempura pieces appear to be round or slightly oval-shaped
7fbda1224d53057,What color is the banana,yellow,the banana is yellow
7fbda1224d53057,What fruit is cut lengthwise into four pieces,banana,banana
7fbda1224d53057,What color is the bowl,white,the bowl is white
7fbda1224d53057,Where is the yogurt placed,on top of,the yogurt is placed on top of the banana
7fbda1224d53057,What color are the blueberries,dark blue,the blueberries are blue
79ff76ebd665917,What color are the persimmon bars,golden,the persimmon bars are brown
79ff76ebd665917,What is the shape of the food items,bars,the persimmon is round and the other item is a square shape
79ff76ebd665917,What color is the icing on the persimmon bars,white,the icing on the persimmon bars appears to be white
016070192578a84,What color is the chicken,reddish-brown,the chicken appears to be a golden brown color
016070192578a84,What type of meat is shown in the image,chicken,the meat shown in the image is chicken
016070192578a84,What color is the rice,white,the rice is white with some orange sauce on it
016070192578a84,Where is the chicken positioned in relation to the rice,on top of,the chicken is placed on top of the rice
016070192578a84,What color are the lime wedges,green,the lime wedges are green and white
880233b6f196640,What is the barley beef stew a mix of,mix,"the barley beef stew is a mix of beef, barley, carrots, and possibly onions or other vegetables in a savory broth"
880233b6f196640,What color is the bowl,white,the bowl is white
880233b6f196640,How is the barley dispersed in the stew,dispersed,the barley appears to be evenly dispersed throughout the stew
880233b6f196640,What color are the diced carrots,orange,the diced carrots are orange
880233b6f196640,What type of meat is in the stew,of beef,"based on the image, it is difficult to determine the exact type of meat in the stew. however, it appears to be beef"
ce69b21f2bd939f,What color is the rice,white,the rice is white
ce69b21f2bd939f,What type of meat is on top of the rice,chicken,the meat on top of the rice appears to be chicken
ce69b21f2bd939f,What color are the onions,brown,the onions appear to be a translucent brown color
ce69b21f2bd939f,What color are the basil leaves,green,the basil leaves are green
ce69b21f2bd939f,Where is the rice located,at the bottom,the rice is located at the bottom of the bowl
6a5c1c9d36c3e55,How are the Sea Bass fillets arranged in the dish,overlapping,the sea bass fillets are arranged side-by-side in the dish
6a5c1c9d36c3e55,What type of fish is being served,sea bass,cod fish is being served
6a5c1c9d36c3e55,What color is the interior of the Sea Bass fillets,white,the interior of the sea bass fillets appears to be white
6a5c1c9d36c3e55,Where is the first Sea Bass fillet located in the dish,on the left side,the first sea bass fillet is located on the left of the dish
6a5c1c9d36c3e55,What color are the scallions sprinkled on top of the fish,green,the scallions sprinkled on top of the fish are green
63557262258d2b9,What tint do the sea bass fillets have,yellowish,the sea bass fillets have a white tint
63557262258d2b9,How are the pieces of dill arranged on the fillets,scattered,the dill pieces are sprinkled randomly over the tops of the fillets
63557262258d2b9,What type of fish is shown in the image,sea bass,"based on the appearance, it is difficult to definitively determine the exact type of fish. however, given the white color and shape, it could be a white fish such as cod, halibut, or haddock. the presence of dill suggests it has been prepared in a certain way, but doesn't pinpoint the species itself"
63557262258d2b9,Where are the sea bass fillets placed,on the rack,the sea bass fillets are placed on a metal rack
63557262258d2b9,What color are the pieces of dill on the fillets,green,the dill pieces on the fillets are green
0681647b77c7278,Does the batter have a smooth texture,smooth,"yes, the batter appears to have a smooth texture"
0681647b77c7278,Is the batter made of cottage cheese and brownie ingredients,batter,"without information about the recipe or the taste, it is not possible to tell if the batter is made of cottage cheese and brownie ingredients"
0681647b77c7278,Is the batter light brown in color,brown,"no, the batter is not light brown. it's a medium brown color"
0681647b77c7278,Are the chocolate chips on top of the dollop,on top,"yes, the chocolate chips are on top of the dollop"
0681647b77c7278,Are there chocolate chips scattered around the jar,yes,"yes, there are chocolate chips scattered around the jar"
58477a44062ce7f,What is the flavor of the Elaine's Sweet and Tangy Loose Beef BBQ,tangy,the flavor of elaine's sweet and tangy loose beef bbq is sweet and tangy
58477a44062ce7f,What type of meat is used in the Elaine's Sweet and Tangy Loose Beef BBQ,beef,the type of meat used in the elaine's sweet and tangy loose beef bbq is beef
58477a44062ce7f,What color is the top bun of the Elaine's Sweet and Tangy Loose Beef BBQ,tan,"the top bun of the elaine's sweet and tangy loose beef bbq is a light tan color, covered in a white powder"
58477a44062ce7f,What color is the plate that the Elaine's Sweet and Tangy Loose Beef BBQ is served on,orange,the plate is orange
4b14434d6c946ae,What is the texture of the meat in the Carolina BBQ,shredded,shredded
4b14434d6c946ae,What is the main component of the Carolina BBQ,meat,pulled pork
4b14434d6c946ae,What is the appearance of the sauce on the meat,coating,"the sauce on the meat appears glossy and somewhat thick, coating the strands of pulled pork"
4b14434d6c946ae,What color is the crust of the bun,yellowish,the crust of the bun is light tan
a6476d1a8bc7334,What type of meat is shown in the image,chicken,chicken
cc4a281c77aaedf,What color is the BBQ sauce,reddish-brown,the bbq sauce appears to be dark brown
cc4a281c77aaedf,What type of meat is being grilled,ribs,ribs are being grilled
cc4a281c77aaedf,Where are the ribs being cooked,grill,the ribs are being cooked on a grill
cc4a281c77aaedf,How is the BBQ sauce distributed across the ribs,unevenly,"the bbq sauce is distributed unevenly across the ribs. some parts of the ribs have a thick coating of sauce, while other parts have less or none"
cc4a281c77aaedf,Where is the BBQ sauce primarily located,on the top,the bbq sauce is primarily located on the ribs
7b7b1a6c35b0571,How do the green beans appear,tasty,the green beans appear to be stir-fried in some type of sauce
7b7b1a6c35b0571,What is used to cook the green beans,pan,a pan is used to cook the green beans
7b7b1a6c35b0571,What color are the green beans,green,the green beans are green
7b7b1a6c35b0571,What type of beans are in the pan,green beans,the beans in the pan appear to be green beans
7b7b1a6c35b0571,Where are the green beans mostly concentrated,in the center,the green beans are mostly concentrated in the pan
4992817db78e3f2,What color are the pinto beans,reddish-brown,the pinto beans appear to be a shade of light brown
4992817db78e3f2,What color are the diced carrots,orange,the diced carrots appear to be orange in color
4992817db78e3f2,What are the pinto beans mixed with,with other ingredients,"the pinto beans appear to be mixed with tomatoes, green peppers, and onions"
4992817db78e3f2,What is the pinto beans served on,plate,they are served on a plate
f6a053c5e1893f9,What color are the string beans,green,the string beans are green
f6a053c5e1893f9,What type of vegetable is in the bottom center of the image,beans,the vegetable in the bottom center of the image appears to be green beans
f6a053c5e1893f9,How are the string beans arranged in the image,tangled,the string beans are arranged in a pile on the plate
f6a053c5e1893f9,Do the string beans overlap any other food in the image,yes,"yes, the string beans overlap both the chicken and the potatoes"
f6a053c5e1893f9,Where are the string beans located in the image,in the bottom center,"the string beans are located in the bottom half of the image, between the chicken and potatoes"
441fcc9cb344ba1,How would you describe the surface of the beans,glossy,the surface of the beans appears to be glossy and slightly wrinkled. they are coated with some sort of sauce or glaze
441fcc9cb344ba1,What type of vegetable is shown in the image,beans,the image shows green beans
441fcc9cb344ba1,What seasoning or characteristic is visible on some of the beans,peppered,"it looks like there are some black flecks of seasoning on the beans. also, possibly some garlic and/or red pepper flakes"
441fcc9cb344ba1,How are the beans arranged in the image,overlapping,"the beans are arranged in a haphazard, piled-together manner. they seem to be scattered randomly across the surface"
441fcc9cb344ba1,Where are the beans located in the image,throughout the entire image frame,the beans are located throughout the entire image
993feff14891476,What color are the beans primarily,tan,the beans are primarily brown
993feff14891476,What is the food served in,bowl,the food is served in a terracotta bowl
993feff14891476,How much of the bowl do the beans occupy,fill,"the beans occupy the majority of the bowl, nearly filling it"
993feff14891476,What color is the broth surrounding the beans,brown,the broth surrounding the beans appears to be a light brown color
993feff14891476,Where are the beans located in the broth,in the broth,the beans are in the bowl
21e2637de941dd5,How are the peppers prepared,sliced,"based on the image, the peppers appear to be cut into slices and cooked in a sauce"
21e2637de941dd5,What type of meat is used in the dish,beef,ground meat
21e2637de941dd5,What color is the ground beef,brown,the ground beef appears to be brown
21e2637de941dd5,What is the ground beef mixed with,with peppers,the ground beef is mixed with peppers
f546b3a3af7abd8,How was the beef cooked,slow,"the beef looks like it was braised or slow-cooked, possibly as a pot roast. it appears tender and moist"
f546b3a3af7abd8,What color is the roast beef,reddish-brown,the roast beef is a brownish-red color
f546b3a3af7abd8,What type of food is shown in the image,meat,"the image shows a meal with pot roast, mashed potatoes, and brussel sprouts"
f546b3a3af7abd8,Where is the roast beef positioned in the frame,in the upper-right portion,the roast beef is positioned in the upper right side of the frame
253f5d3a1d7e9f7,What color is the slushy at the bottom of the mug,brown,the slushy at the bottom of the mug appears to be dark brown
253f5d3a1d7e9f7,What color is the foam at the top of the mug,white,the foam at the top of the mug is white
253f5d3a1d7e9f7,Where is the thick layer of white foam located,at the top,the thick layer of white foam is located on top of the drink
02c1cb3e79e9c55,What are the drinks served in,glasses,the drinks are served in pint glasses
02c1cb3e79e9c55,What color is the shandy in the right glass,amber,the shandy in the right glass is amber
02c1cb3e79e9c55,Where are the lime wedges placed,surface,the lime wedges are placed on the table in front of the leftmost glass
344194d426c2abd,What color are most of the beets in the bowl,red,most of the beets in the bowl are dark red/purple
344194d426c2abd,What is the main ingredient in the bowl,beets,beets
344194d426c2abd,What color are the herbs scattered among the beets,green,the herbs scattered among the beets are green
53e3760a31b1ff1,What color is the base of the cake,yellow,the base of the cake is light yellow
53e3760a31b1ff1,What type of dessert is shown in the image,cake,the dessert in the image appears to be a berry coffee cake with a crumb topping and glaze
53e3760a31b1ff1,What is the cake placed on,on a clear glass,the cake is placed on a glass cake stand
2a66270884effd6,What color are the biscuits primarily,yellow,the biscuits are primarily a light yellow or beige color
2a66270884effd6,What type of baked goods are shown in the image,biscuits,the baked goods in the image appear to be biscuits
2a66270884effd6,How are the biscuits arranged,clustered,the biscuits are arranged in a pile within a bowl lined with a red and white checkered towel. they appear to be clustered together somewhat haphazardly
2a66270884effd6,How do the biscuits appear to be prepared,baked,the biscuits appear to be drop biscuits
a75733bc0677785,What color is the top of the first biscuit,golden-brown,the top of the first biscuit is golden brown
0d09531e7da3c55,What color is the arrowroot biscuit,pale,the arrowroot biscuit is a light beige color
0d09531e7da3c55,What is the color of the surface of the biscuit,cream,the surface of the biscuit is a very light beige color
0d09531e7da3c55,Where is the arrowroot biscuit located,on a wire rack,the arrowroot biscuit is located on a metal rack
72c615959ec4225,What color are the biscuits,beige,the biscuits appear to be a mix of off-white and orange
72c615959ec4225,What type of food is shown in the image,biscuits,"based on the image, the food shown appears to be cheese biscuits"
72c615959ec4225,What color are the flecks on the biscuits,orange,the flecks on the biscuits are orange
72c615959ec4225,Where are the biscuits located in the image,across the image,"the biscuits are located on a white surface. they are spread out, not in a container"
06add82d08c0d34,What texture does the crust of the cranberry brie bites have,flaky,"based on the image, the crust appears to have a flaky texture, with layers visible"
7e6dae689e22dd5,What color is the plate used for the blondies,light-colored,"the plate has multiple colors including light blue, green and brown"
7e6dae689e22dd5,What type of dessert is shown in the image,blondies,blondies
7e6dae689e22dd5,What color are the blondies overall,brown,the blondies overall are tan or light brown
7e6dae689e22dd5,Where is the drizzle applied on the blondies,on top,the drizzle is applied on top of the blondies
7e6dae689e22dd5,What is the darker brown topping on the blondies,drizzle,"based on the image, the darker brown topping on the blondies appears to be a caramel drizzle"
edcf433b4d8b884,What color are the blueberries,purple,the blueberries appear to be a dark purple/blue color
edcf433b4d8b884,What type of fruit is being pickled,blueberries,blueberries
eed8781f7c6e76f,What color is the Bologna Salad Sandwich Spread,pink,the bologna salad sandwich spread appears to be a light pinkish-orange color
eed8781f7c6e76f,What is the Bologna Salad Sandwich Spread located in,bowl,the bologna salad sandwich spread is located in a white bowl
eed8781f7c6e76f,Where are the crackers located,under the bowl,"the crackers are located on the plate, underneath the bowl"
eed8781f7c6e76f,What color are the crackers,golden-brown,the crackers are tan
ba6fcc58d8b5770,What color is the bolognese,reddish-brown,the bolognese sauce appears to be a reddish-brown color
ba6fcc58d8b5770,What is the bolognese doing to the pasta,covering,the bolognese is covering and topping the pasta
ba6fcc58d8b5770,What is the bolognese served on,plate,the bolognese is served on rigatoni pasta
ba6fcc58d8b5770,What color is the pasta,yellow,the pasta is a light yellow color
ba6fcc58d8b5770,Where is the bolognese located on the plate,in the center,the bolognese is on top of the pasta on the plate
8f97cf903a03575,What color are the spinach leaves,green,the spinach leaves are green
8f97cf903a03575,What is one of the main green ingredients in the bowl,spinach,spinach
8f97cf903a03575,What is the color of the avocado cubes closest to the center,avocado,the avocado cubes closest to the center are a light green color
8f97cf903a03575,Where are the pieces of chicken located in relation to the bowl's edge,closer to,the chicken pieces are located near the edge of the bowl
2f105290de1dd3a,What color is the rice in the bowl,tan,the rice in the bowl is brown
2f105290de1dd3a,What type of grain is located on the left side of the bowl,rice,the grain on the left side of the bowl is brown rice
2f105290de1dd3a,Where is the rice located in the bowl,on the left side,the rice is located to the left of the beans
2f105290de1dd3a,What color are the avocado slices in the bowl,green,the avocado slices in the bowl are green
902318f170069ad,What color are the brats,reddish-brown,the brats are brown
902318f170069ad,What type of sausages are shown,brats,"without further information, i can only say that they appear to be brown sausages. identifying the exact type would require more details"
902318f170069ad,What color is the parsley,green,the parsley is green
902318f170069ad,Where are the onions placed,draped over,the onions are placed on top of the sausages
902318f170069ad,What is visible underneath the brats,liquid,more brats and onions are visible under the brats. parsley can also be seen
441400d5b739292,What ingredient is visible throughout the bread,walnuts,walnuts
441400d5b739292,How would you describe the interior of the bread,speckled,"the interior of the bread appears to have a light brown, moist crumb with visible flecks throughout, possibly from nuts or other ingredients. the texture seems relatively dense and even"
441400d5b739292,Where are the walnuts located on the bread,on top,the walnuts are located on top of the bread
074294b6160f6df,What color is the interior of the bread,white,the interior of the bread appears to be a creamy white color
074294b6160f6df,What is the form of the bread on the left side of the frame,loaf,the bread on the left side of the frame is a loaf of bread. it is partially sliced
074294b6160f6df,What color is the crust of the bread,tan,the crust of the bread is brown
074294b6160f6df,How are the bread slices arranged on the cutting board,overlapping,"the bread slices are arranged at an angle, partially overlapping each other"
074294b6160f6df,Where is the loaf of bread positioned,on the board,the loaf of bread is positioned on a wooden cutting board. another loaf is positioned on a wire rack behind the cutting board
21bea6d1906db3a,What color is the interior of the sliced bread,white,the interior of the sliced bread is white
21bea6d1906db3a,What color is the crust of the sliced bread,golden-brown,the crust of the sliced bread is a light golden brown color
21bea6d1906db3a,How are the three slices arranged,stacked,the three slices are stacked on top of each other
3ffaff754079068,What color is the crust of the bread,beige,the crust of the bread is light tan
3ffaff754079068,What type of food is shown in the image,bread,the image shows a loaf of bread
3ffaff754079068,What color is the inside of the bread,creamy,the inside of the bread appears to be a light tan or off-white color
3ffaff754079068,Where is the bread placed,on a wire rack,the bread is placed on a metal cooling rack
1e9542136c1c977,What color are the egg whites,bright,the egg whites are white
1e9542136c1c977,What color are the pieces of cheese,orange,the cheese in the image appears to be orange
1e9542136c1c977,Where are the diced potatoes scattered,around the eggs,the diced potatoes are scattered throughout the dish
0a72c38706e4f5d,What color is the beef brisket,brown,the beef brisket appears to be dark brown
0a72c38706e4f5d,What type of meat is on the plate,beef brisket,the meat on the plate appears to be beef. it looks like pot roast
0a72c38706e4f5d,What color are the peas on the plate,green,the peas on the plate are green
0a72c38706e4f5d,What is covering the beef brisket and mashed potatoes,gravy,the beef brisket and mashed potatoes are covered in gravy
0a72c38706e4f5d,Where is the beef brisket located on the plate,on the plate,the beef brisket is located between the peas and mashed potatoes
305b748881067fd,What color is the brittle,golden-brown,the brittle in the image is a tan or light brown color
305b748881067fd,Where are the macadamia nuts located in the brittle,within,the macadamia nuts are embedded throughout the brittle
c052db6181c54f4,What color are the beef pieces,brown,the beef pieces are brown
c052db6181c54f4,What type of meat is in the dish,beef,the meat in the dish is beef
c052db6181c54f4,What color are the broccoli florets,green,the broccoli florets are green
c052db6181c54f4,Where is the beef and broccoli located,on a plate,the beef and broccoli are located on the plate
c052db6181c54f4,What is located underneath the beef and broccoli,rice,rice is located underneath the beef and broccoli
3002415d68ad56f,What vegetable is shown in the image,broccoli,the vegetable shown in the image is broccoli
3002415d68ad56f,What is the dominant color of the broccoli florets,green,the dominant color of the broccoli florets is green
3002415d68ad56f,What color is the plate under the broccoli,red,"the plate under the broccoli is red, yellow, and green"
3002415d68ad56f,How does the broccoli appear to be prepared,cooked,the broccoli appears to be steamed and seasoned with garlic
3002415d68ad56f,Where is the broccoli located,on a plate,the broccoli is on the plate
097296e0ac0a9cd,What is the main liquid in the pot,broth,the main liquid in the pot is broth
097296e0ac0a9cd,What color are the diced celery pieces,green,the diced celery pieces are green
097296e0ac0a9cd,Where are the chunks of chicken located,within the broth,"the chunks of chicken are in the large pot of broth. there are two visible pieces. one is on the left, and the other is on the right"
b325c9edcf69610,What shape is the brownie,square,the brownie is square
b325c9edcf69610,What color is the brownie,brown,the brownie is brown
b325c9edcf69610,Where are the green mint leaves placed,on top,the green mint leaves are placed on top of the whipped cream
b325c9edcf69610,What color are the mint leaves,green,the mint leaves are green
dfd187cc612cd0e,What color is the cardboard container,brown,the cardboard container is brown
dfd187cc612cd0e,How does the top of the brownie appear,shiny,"the top of the brownie has a slightly uneven surface with some cracked areas. it appears to have a lighter-colored, somewhat glossy surface on one side with embedded pecans. the other side has a darker, more textured appearance"
dfd187cc612cd0e,What type of nuts are embedded in the brownie,pecans,the nuts embedded in the brownie appear to be pecans
8ca33970fcac581,What color are the brownies,brown,the brownies are brown
8ca33970fcac581,What is the dessert shown in the image,brownies,the dessert shown in the image is brownies
8ca33970fcac581,What is the texture of the top brownie,cracked,the top brownie appears to have a slightly crispy and textured top
8ca33970fcac581,What ingredient is visible in the brownies,walnuts,walnuts are visible in the brownies
8ca33970fcac581,Where are the brownies placed to the plate,on top of,the brownies are stacked on a white plate
6e6511f7b9124cb,What color are the brownies,dark-brown,the brownies are dark brown
6e6511f7b9124cb,How are the brownies placed in the image,arranged,"the brownies are placed close together, touching one another on a white plate"
6e6511f7b9124cb,What type of dessert is shown in the image,brownies,the image shows brownies
6e6511f7b9124cb,Where are the small nuts or inclusions located,within the chocolate,the small nuts or inclusions are located throughout the brownies
3c56ae3de51e0ba,What color is the plate,white,the plate is white
3c56ae3de51e0ba,What is the name of the dish in the center of the image,bruschetta,the dish in the center of the image appears to be a type of bruschetta on an english muffin
3c56ae3de51e0ba,What color are the chopped tomatoes,red,the chopped tomatoes are red
3c56ae3de51e0ba,Where is the bruschetta located,on the center,"here are the bounding box detections:
```json
[
  {""box_2d"": [84, 23, 747, 876], ""label"": ""bruschetta""}
]
```"
3c56ae3de51e0ba,What is the base of the bruschetta,toasted,the base of the bruschetta appears to be an english muffin
e4642d415d4395f,What has happened to the cheese on the bread,melted,the cheese on the bread has melted
e4642d415d4395f,What is the color of the plate,black,black
e4642d415d4395f,What color are the tomato slices,red,the tomato slices are red
e4642d415d4395f,Where are the bright green basil leaves placed,on top,the bright green basil leaves are placed on top of the first bruschetta
5d026af492d6a34,What color is the beef,reddish-brown,the beef is a reddish-brown color
5d026af492d6a34,What type of meat is shown in the image,beef,"based on the image, the meat appears to be beef. it looks like thin slices of marinated beef, possibly for a korean dish like bulgogi"
5d026af492d6a34,How does the beef appear in the image,glistening,"the beef appears to be thinly sliced and mixed with other ingredients, possibly in a marinade"
5d026af492d6a34,Where are the shredded carrots located in the image,on top of,the shredded carrots are scattered throughout the image
5d026af492d6a34,What color are the shredded carrots,orange,the shredded carrots are orange
e21891b1b067fb8,What portion of the image do the burgers take up,one-third,about 40-50% of the image is taken up by the burgers
e21891b1b067fb8,What type of food is the main focus of the image,burgers,the main focus of the image is meat with gravy
e21891b1b067fb8,What color is the sauce covering the burgers,brownish-tan,the sauce covering the burgers is brown
e21891b1b067fb8,What is the sauce covering,of the burgers,gravy
e21891b1b067fb8,What color are the beans,green,the beans appear to be green
31c8d45426631c6,What color is the baking dish,white,the baking dish is white
31c8d45426631c6,What has happened to the cheese on top of the casserole,melted,"the cheese on top of the casserole has melted and is gooey and delicious. also, some of the casserole has been eaten, including some of the cheesy top layer"
31c8d45426631c6,What color is the melted cheese mostly,orange,orange/yellow
31c8d45426631c6,Where is the burrito casserole,in the dish,the burrito casserole is in the white baking dish
31c8d45426631c6,How is the casserole arranged,layers,the casserole is arranged in layers inside of a white baking dish. the top layer appears to have some form of cheese and sauce on it
2d3ce990cc41e09,Are the burritos vegan,vegan,it is difficult to tell whether the burritos are vegan based on the visual information provided. the contents of the burrito are not easily discernible
2d3ce990cc41e09,What type of food is shown in the image,burritos,the food shown in the image is burritos
2d3ce990cc41e09,What color are the tofu chunks,tan,the tofu chunks appear to be white or off-white in color
2d3ce990cc41e09,Where is the cut burrito placed,on top,the cut burrito is placed on top of another burrito. they are both on a surface with dark and light stripes
de95b62def287ff,What is the flavor profile of the burritos,sweet,"based on the image, the burritos appear to contain beans, cheese, and possibly sweet potato or butternut squash. this suggests a flavor profile that is savory, slightly sweet, and creamy. the addition of avocado on the side would contribute to a fresh, rich taste"
de95b62def287ff,What type of food is shown in the image,burritos,the food in the image is a burrito
de95b62def287ff,What color is the plate,black,the plate is black
de95b62def287ff,Where are the burritos placed,on a black plate,the burritos are placed on a black plate
de95b62def287ff,What color is the sweet potato filling,orange,the sweet potato filling appears to be orange
537825d37055ad1,What is the primary color of the frosting,white,white
537825d37055ad1,What is the dessert in the image,cupcake,the dessert in the image is a cupcake
537825d37055ad1,What color streaks are incorporated into the frosting besides red,light blue,"blue streaks are incorporated into the frosting, in addition to red streaks"
537825d37055ad1,Where is the frosting placed on the cupcake,on top of,the frosting is placed on top of the cupcake
d042eca485dd728,What shape is the cake,rectangular,the cake is rectangular
d042eca485dd728,What type of dessert is shown in the image,cake,the dessert shown in the image is a birthday cake
d042eca485dd728,What color is the lettering on the cake,blue,the lettering on the cake is blue
d042eca485dd728,What is the buttercream flavor on the cake,caramel,"based on the image, the buttercream flavor looks like caramel or butterscotch"
d042eca485dd728,Where are the orange flowers placed on the cake,around the perimeter,"the orange flowers are placed on the top and bottom of the cake, in a line, with green leaves as well"
ac5a3aa8ca9674b,What is the texture of the cabbage in the image,shredded,the cabbage in the image appears to have a shredded or sliced texture
ac5a3aa8ca9674b,What type of vegetable is shown in the image,cabbage,red cabbage
ac5a3aa8ca9674b,Where is the cabbage located in the image,on the top-right,the cabbage is located in the bowl
ac5a3aa8ca9674b,What is the color of the bowl in the image,white,the bowl is white with blue decorations
ac5a3aa8ca9674b,What is the color of the shredded cabbage in the image,pinkish-red,the shredded cabbage is red
64226aa9f3056f4,What color is the bowl,white,the bowl is white
64226aa9f3056f4,What is the shape of the container holding the scalloped cabbage,bowl,the container appears to be circular
64226aa9f3056f4,What is visible on top of the golden brown crust,breadcrumbs,breadcrumbs
64226aa9f3056f4,What color is the crust on top of the scalloped cabbage,golden,the crust on top of the scalloped cabbage appears to be a light golden brown color
a18c5a91e434bbb,What is the texture of the cabbage in the salad,shredded,the cabbage in the salad appears to be shredded
a18c5a91e434bbb,What type of cabbage is used in the salad,green-cabbage,the salad appears to be made with shredded green cabbage
a18c5a91e434bbb,What color is the shredded cabbage in the salad,white,the shredded cabbage in the salad is white and green
a18c5a91e434bbb,What color are the carrot slivers in the salad,orange,the carrot slivers in the salad are orange
a18c5a91e434bbb,Where are the carrot slivers located in the salad,within the salad,the carrot slivers are mixed throughout the salad
ddd7b62c8f666e1,What color is the bowl,reddish-orange,the bowl is orange
ddd7b62c8f666e1,What is the main vegetable in the dish,cabbage,cabbage
ddd7b62c8f666e1,What color is the cabbage,yellowish-green,the cabbage appears to be a light yellowish color
ddd7b62c8f666e1,What type of beans are in the dish,beans,kidney beans
ddd7b62c8f666e1,Where is the dish positioned in the image,in the center,the dish is positioned in the center of the image
1f70da84dd0fa82,What is the main vegetable in the dish,cabbage,cabbage
1f70da84dd0fa82,What color is the plate,brown,the plate is black
1f70da84dd0fa82,Where is the cabbage placed,on top of the plate,the cabbage is placed on top of the crepe
1f70da84dd0fa82,What color are the diced carrots,orange,the diced carrots are orange
8643addc01f5c98,How are the cabbage pieces arranged in the soup,evenly-distributed ,the cabbage pieces are arranged randomly throughout the soup
8643addc01f5c98,Where are the solid ingredients located in the bowl,floating in,the solid ingredients are spread throughout the bowl
8643addc01f5c98,What color are the tomatoes in the soup,red,the tomatoes in the soup are red
8643addc01f5c98,What color are the carrot chunks in the soup,orange,the carrot chunks in the soup are orange
c71c9651e38223e,What color is the chicken piece,light-brown,the chicken piece is light brown
c71c9651e38223e,What type of meat is featured in the dish,chicken,chicken
c71c9651e38223e,What color are the tomato bits in the sauce,red,the tomato bits in the sauce are red
c71c9651e38223e,Where is the chicken piece positioned on the plate,on the right side,the chicken is positioned on top of spaghetti noodles on the plate
c71c9651e38223e,What type of noodles are under the chicken,spaghetti,the noodles under the chicken appear to be spaghetti
3588268d71872c9,What color is the tomato-based sauce,reddish-brown,the tomato-based sauce is red-brown
3588268d71872c9,What is the main protein in the dish,chicken,meatloaf
3588268d71872c9,What color are the egg noodles,light-yellow,the egg noodles are a light tan color
3588268d71872c9,Where is the chicken positioned on the plate,in the center,the chicken is placed on top of noodles on the plate
d0e3d9a163d4065,What color is the spaghetti in the dish,light,the spaghetti is a light yellow color
d0e3d9a163d4065,What type of meat is used in the dish,chicken,chicken
d0e3d9a163d4065,What color is the tomato sauce in the dish,red,the tomato sauce in the dish is red
d0e3d9a163d4065,What is sprinkled on top of the dish,cheese,shredded cheese is sprinkled on top of the dish
a5761726130842d,What color are the calamari rings,golden,the calamari rings are golden brown
a5761726130842d,What type of seafood is shown in the image,calamari,the image shows calamari
a5761726130842d,How are the calamari rings placed on the plate,arranging,"the calamari rings are placed on the plate in a scattered and overlapping fashion, surrounding the small bowl of red sauce in the center of the plate. they are also interspersed with calamari tentacles and lemon wedges around the edges of the plate"
a5761726130842d,What color is the plate,white,the plate is white
a5761726130842d,Where is the dark red sauce placed,on the plate,"the dark red sauce is placed in a small, white bowl, centered among the fried calamari on the white plate"
6d770809b93ee86,What color is the bowl,yellow,the bowl is yellow on the inside and white on the outside
6d770809b93ee86,What is the soup served in,bowl,the soup is served in a bowl
6d770809b93ee86,What color is the broth,brown,the broth appears to be a light brown color
6d770809b93ee86,Where are the avocado slices positioned,on top of,"the avocado slices are positioned on the upper edge of the bowl, partly submerged in the food inside"
f123e18d594e493,What color is the corn on the cob,yellow,the corn on the cob appears to be yellow
f123e18d594e493,What is the dish served on,plate,the dish is served on a white plate
f123e18d594e493,What type of meat is in the dish,beef,beef
f123e18d594e493,What color is the beef,brown,the beef appears to be brown
f123e18d594e493,What is the beef submerged in,in broth,the beef is submerged in broth
2334aa188b34959,What color is the interior of the candy,yellow,the interior of the candy is yellow
2334aa188b34959,What is the exterior coating of the candy made of,chocolate,the exterior coating of the candy is made of chocolate
2334aa188b34959,What type of food is shown in the image,candy,the image shows honeycomb candy covered in chocolate
2334aa188b34959,What color is the exterior of the candy,brown,brown
2334aa188b34959,Where is the orange ribbon located in relation to the candy,right of orange ribbon,the orange ribbon is located behind the candy
0d091be8b650e7b,What color are the candies,brown,the candies are brown
0d091be8b650e7b,What is the main ingredient of the candies,sugar,the main ingredient of the candies is nuts
0d091be8b650e7b,What color is the plate,white,the plate is white
0d091be8b650e7b,Where is the pink flower positioned,to the left,"the pink flower is on the lower left side of the image, beside the fudge"
996b61b45564b37,What color is the meat,brownish-red,"the meat is mostly a reddish-brown color. the outside appears to have some darker, almost black, areas"
996b61b45564b37,What type of food is in the center of the image,meat,"based on the image, the food in the center appears to be a roasted cut of meat, possibly a beef or pork roast"
996b61b45564b37,What color are the charred edges of the meat,dark brown,"the charred edges of the meat are dark brown, nearly black in some areas"
996b61b45564b37,How would you describe the edges of the meat,charred,the edges of the meat appear to be browned and somewhat caramelized. they have a slightly darker color compared to the inner portions of the meat
996b61b45564b37,What is not present in the image,vegetables,apples are not present in the image
b24a6f2ed6a3e36,What is the texture of the candy,hard,"the candy appears to be hard, brittle, and possibly slightly grainy, with a dusting of powder"
b24a6f2ed6a3e36,What type of food is shown in the image,candy,"the food shown in the image is candy, possibly sugar candy shards"
b24a6f2ed6a3e36,What is the dominant color of the candy,orange,orange
b24a6f2ed6a3e36,What is the relationship between the candy and the white powder,coated,the white powder is sprinkled on the candy
b24a6f2ed6a3e36,Where are the pieces of candy located in the image,throughout,"the pieces of candy are scattered throughout the image. they are mostly concentrated in the center, but they also extend to the edges of the frame"
b4d3f2a98200f70,What color is the plate,green,the plate is green
b4d3f2a98200f70,What type of food is shown in the image,candy,the image shows cinnamon hard candy
b4d3f2a98200f70,What color is the candy,reddish-brown,the candy is a reddish-orange color
b4d3f2a98200f70,Where is the pile of candy located on the plate,center,the candy is spread across the plate
b4d3f2a98200f70,Where is the candy placed,on the plate,the candy is placed on a square green plate
95b9f7b9949ffcd,What color is the prickly pear candy,red,the prickly pear candy is red
95b9f7b9949ffcd,How was the candy applied to the parchment paper,poured,the candy appears to have been drizzled or poured onto the parchment paper. the irregular lines and splatters suggest a liquid application method
95b9f7b9949ffcd,What type of food is shown in the image,candy,"the image shows a layer of what appears to be melted or liquid candy. given the red color, it could be some type of hard candy being made, perhaps a jolly rancher type"
95b9f7b9949ffcd,What is the appearance of the candy in terms of light transmission,translucent,"the candy appears to be translucent, allowing some light to pass through it"
95b9f7b9949ffcd,Where is the candy located on the parchment paper,on a piece,the candy is located on the parchment paper on the baking sheet
163f1ab33bea657,What color is the filling of the pie,yellow,the filling of the pie is yellow
163f1ab33bea657,Where is the Cantaloupe Pie located in the image,center of the image,the cantaloupe pie is in the center of the image
163f1ab33bea657,How does the meringue topping appear,fluffy and toasted,the meringue topping appears to be golden brown on the edges and white in the middle. it has peaks and swirls
163f1ab33bea657,What is the topping on the pie called,meringue,meringue
163f1ab33bea657,What color is the crust of the pie,silver,"based on the image, the crust of the pie appears to be a light tan or golden brown color"
f2527f9cf419a07,What color is the pasta,light-green,the pasta appears to be yellow-green in color
f2527f9cf419a07,What type of dish is shown in the image,pasta,the dish in the image is pasta with a sauce that appears to be green. it is also sprinkled with pepper
f2527f9cf419a07,What color is the pepper sprinkled on the pasta,black,the pepper sprinkled on the pasta is black
f2527f9cf419a07,What is the pasta coated in,in a creamy sauce,the pasta is coated in a green sauce
f2527f9cf419a07,What color is the fork,silver,the fork is silver
359af529a2897e9,What color is the exterior of the meat,brown,the exterior of the meat appears to be a light brown and pink
359af529a2897e9,What type of food is being cooked,meat,"based on the image, it looks like **pork** is being cooked in a large pot. it appears to be a stew or soup-like dish with large pieces of pork and some vegetables"
359af529a2897e9,What is happening to the liquid around the meat,bubbling,the liquid around the meat is boiling
359af529a2897e9,What color is the liquid surrounding the meat,yellow-brown,the liquid surrounding the meat appears to be a light brown or tan color
eab27a4e2f33b77,What color are the carrots,orange,the carrots are orange
eab27a4e2f33b77,What vegetable is in the bowl,carrots,carrots are in the bowl
eab27a4e2f33b77,What color is the bowl,white,the bowl is white
35190d2da66fdbc,What color are the carrots,orange,the carrots are orange
35190d2da66fdbc,What vegetable is the main focus of the dish,carrots,carrots
35190d2da66fdbc,How do the carrots appear on the plate,glistening,the carrots appear roasted and cut into round pieces. they are piled on the plate
35190d2da66fdbc,Where are the carrots mostly arranged on the plate,in the center,the carrots are mostly arranged in the center of the plate
35190d2da66fdbc,What color is the garnish next to the carrots,green,the garnish next to the carrots is green
cddc2590663c874,What color is the rice besides white,yellowish,orange and yellow
cddc2590663c874,What is the main ingredient in the dish besides rice,rice,carrots
cddc2590663c874,What color are the small pieces distributed throughout the rice,orange,orange
cddc2590663c874,What color is the sprig located on the left side of the rice,green,the sprig on the left side of the rice is green
06aa1cd4906fc6e,What type of nuts are shown in the image,cashews,the image shows cashews
06aa1cd4906fc6e,What color are the cashews,tan,the cashews are a light tan color
06aa1cd4906fc6e,How are the cashews arranged in the bowl,piled randomly,"the cashews are arranged in the bowl in a haphazard and somewhat disorganized manner. they are piled on top of each other, with some lying flat, some standing on their sides, and others leaning against each other. there doesn't appear to be any specific pattern or organization"
06aa1cd4906fc6e,Where is the bowl placed,on a purple surface,the bowl is placed on a purple surface with a placemat
b07024f19d54163,What shape is the casserole presented in,triangular,"the casserole looks like it was cut from a round pan like a pie, so it is a wedge shape"
b07024f19d54163,What type of dish is the food served in,casserole,the food is served on a clear glass plate
b07024f19d54163,What color is the spinach in the casserole,green,the spinach in the casserole appears to be green
b07024f19d54163,What is the bacon mixed with on top of the casserole,with cheese,the bacon mixed with on top of the casserole is mixed with cheese and diced red tomatoes
b07024f19d54163,What appears as a yellow or off-white layer in the casserole,egg,"based on the image, the yellow or off-white layer appears to be cheese"
1c9f4259812306b,What color is the catfish fillet,beige,the catfish fillet appears to be light brown
1c9f4259812306b,What type of fish is featured in the dish,catfish,the dish in the picture is not fish; it's a piece of chicken
1c9f4259812306b,What color is the tomato-based sauce,reddish-orange,the tomato-based sauce is red
1c9f4259812306b,Where is the catfish fillet situated in the image,in the upper-center,"the catfish fillet is in the center of the image, resting on top of zucchini noodles, and covered in tomato sauce with diced vegetables"
1c9f4259812306b,How is the dark brown component prepared,fried,"based on the image, the dark brown component looks like a tomato-based sauce with added vegetables. it's likely prepared by sautéing vegetables like onions, carrots, and possibly celery, then adding diced tomatoes or tomato sauce, herbs, and spices. the sauce is then simmered until it thickens and the flavors meld together. the dark brown color could be due to the browning of the vegetables, the addition of browned meat, or the use of dark tomato paste or sauce"
6d22247b721e6d5,What color is the catfish,golden-brown,the catfish is light brown
6d22247b721e6d5,What type of fish is shown in the image,catfish,"based on the appearance of the fish in the image, it is difficult to definitively identify the exact type. however, considering the color and texture, it resembles a grilled or pan-seared white fish such as cod, mahi-mahi, or sea bass. without more information about the fish's texture and flavor, it is not possible to provide a more precise answer"
6d22247b721e6d5,Where is the catfish located in the image,center,the catfish is in the center of the image
6d22247b721e6d5,What color are the beans next to the catfish,green,the beans next to the catfish are green
6d22247b721e6d5,Where is the catfish positioned in the image,on the foreground,the catfish is positioned on the right side of the image
834120a1d388a55,What does the cauliflower purée do to the blue bowl,fills,the cauliflower purée is inside the blue bowl
834120a1d388a55,What vegetable is used to make the purée,cauliflower,"based on the image, the purée is most likely made from potatoes"
834120a1d388a55,What color is the bowl,blue,the bowl is blue
834120a1d388a55,What color is the cauliflower purée,yellow,the cauliflower purée is a pale yellow or off-white color
fd20accf5e43db6,What is the texture of the mac-n-cheese,creamy,"the mac-n-cheese looks creamy and cheesy. the pasta is coated in a smooth sauce, and there are pieces of shredded cheese on top"
fd20accf5e43db6,What dish is being described,mac-n-cheese,macaroni and cheese
fd20accf5e43db6,What color is the bowl,white,the bowl is white
fd20accf5e43db6,What color are the thin strips of cheddar cheese on top,orange-yellow,the thin strips of cheddar cheese on top are orange
e2f67c2710c00c9,What is the primary color of the cauliflower florets,off-white,white
e2f67c2710c00c9,What vegetable is off-white to light tan in color,cauliflower,"based on the image, the vegetable that is off-white to light tan in color is **cauliflower**"
e2f67c2710c00c9,What color are the brussels sprouts,green,the brussels sprouts are green and brown
e2f67c2710c00c9,What vegetable is intermixed with the cauliflower,broccoli,broccoli and brussels sprouts are intermixed with the cauliflower
e2f67c2710c00c9,What vegetable is dark green and scattered throughout the bowl,broccoli,broccoli
5499c0eb50d5cca,What are the jars made of,glass jars,the jars appear to be made of glass
5499c0eb50d5cca,What color is the cauliflower in the jars,white,the cauliflower in the jars is white
5499c0eb50d5cca,What color are the carrot slices in the jars,orange,the carrot slices in the jars are orange
5499c0eb50d5cca,Where are the jars placed,on the countertop,the jars are placed on a countertop
706760a64a27a1f,What color is the exterior of the Challah bread,golden-brown,the exterior of the challah bread is a golden brown color
706760a64a27a1f,What type of food is shown in the image,bread,the food shown in the image is challah bread
706760a64a27a1f,Where is the Challah bread positioned,on the cutting board,the challah bread is positioned on a wooden cutting board
706760a64a27a1f,What color is revealed in the inner sections of the Challah bread,yellow,the inner sections of the challah bread are light yellow
db3b1778b24456b,What color is the Swiss chard,dark green,the swiss chard in the image appears to be green
db3b1778b24456b,What type of green vegetable is in the bowl,chard,"based on the image, the green vegetable in the bowl appears to be spinach, potentially cooked spinach. there are also other green vegetables mixed with it"
db3b1778b24456b,What ingredient is mixed with the Swiss chard,garlic,"based on the image, the swiss chard is mixed with chopped garlic and sliced celery stalks"
db3b1778b24456b,What color are the garlic pieces,white,the garlic pieces appear to be white
db3b1778b24456b,Where is the Swiss chard with garlic located,in a bowl,the swiss chard with garlic is located in a bowl
641396b8036abef,What colors are present in the rainbow chard,rainbow,"based on the image, the rainbow chard contains the following colors:

*   **green**
*   **red**
*   **orange**
*   **brown**"
641396b8036abef,What type of chard is shown in the image,chard,"based on the image, the chard appears to be **rainbow chard**. this is suggested by the various colors of the stems, including red, yellow, and orange"
641396b8036abef,What is the primary color of the chard leaves,green,the primary color of the chard leaves is green
641396b8036abef,Where is the bowl placed in the image,in a bowl,the bowl is placed on a table. it sits on a green cloth in the upper left of the image and on the white table on the right
641396b8036abef,What ingredient is mixed in with the chard,vegetables,"based on the image, the chard is mixed with what appears to be diced red chard stems, orange segments (possibly mandarin orange or similar), and slivered almonds"
c2f3350b60c42de,What type of burger is shown in the image,cheeseburger,the burger in the image appears to be a cheeseburger. it has a patty and a slice of cheese on it
c2f3350b60c42de,What color is the cheese on the burger,yellow,the cheese on the burger is yellow
c2f3350b60c42de,What color is the bottom half of the burger bun,golden-brown,the bottom half of the burger bun is a light tan color
c2f3350b60c42de,What is the pale green item beside the burger,pickle,it is a pickle
c2f3350b60c42de,Where is the cheeseburger placed,on a white plate,the cheeseburger is placed on a plate
2635e661bc71dc5,What color is the top bun of the burger,tan,the top bun of the burger is a light tan color
2635e661bc71dc5,What type of food is the main item in the image,burger,the main item is a sandwich
2635e661bc71dc5,What color are the sweet potato fries next to the burger,orange,the sweet potato fries next to the burger are orange
2635e661bc71dc5,Where is the burger located in relation to the sweet potato fries,located to the left,the burger is to the left of the sweet potato fries
ae5fb0be294fa94,What color is the cheesecake,beige,"the cheesecake appears to be a light, creamy yellow color"
ae5fb0be294fa94,What is the cheesecake doing to the silver baking pan,filling,the cheesecake is resting in/baking in the silver baking pan
ae5fb0be294fa94,Where is the cheesecake located in the image,right side of the image,the cheesecake is in a baking pan
ae5fb0be294fa94,What color is the baking pan,silver,the baking pan is silver
ae5fb0be294fa94,What color is the crust around the edge of the cheesecake,golden-brown,the crust around the edge of the cheesecake is golden brown
cbe96f00898ea30,What type of dessert is shown in the image,cheesecake,cheesecake
cbe96f00898ea30,What color is the whipped cream on the cheesecake,white,the whipped cream on the cheesecake is white
cbe96f00898ea30,What is sprinkled on the whipped cream,sprinkled,it looks like ground nutmeg is sprinkled on the whipped cream
9d7d5e0ae2b7c49,What color is the crust of the cheesecake,white,the crust of the cheesecake is light brown
9d7d5e0ae2b7c49,What type of dessert is shown in the image,cheesecake,tart with berries
9d7d5e0ae2b7c49,What color are the blueberries on the cheesecake,blue,the blueberries on the cheesecake are dark blue
9d7d5e0ae2b7c49,Where are the cheesecake slices placed,on the plate,the cheesecake slices are placed on a gray plate
9d7d5e0ae2b7c49,What is drizzled over the berries and cheesecake filling,syrup,"a clear liquid, likely a syrup or glaze, is drizzled over the berries and cheesecake filling"
3000aab5c950cd8,What color are the strawberries,red,the strawberries are red
3000aab5c950cd8,What is the dessert served in,jar,the dessert is served in glass jars
3000aab5c950cd8,Where are the strawberry halves placed,on top of,the strawberry halves are placed inside the jar with other dessert ingredients
0ac165f57de52dd,What color is the top layer of the cheesecake,dark-brown,the top layer of the cheesecake is brown
0ac165f57de52dd,What type of dessert is shown in the image,cheesecake,"the dessert in the image is a cake, with multiple layers and topped with chocolate and strawberries"
0ac165f57de52dd,What is the texture of the top layer of the cheesecake,glaze,the texture of the top layer of the cheesecake appears to be smooth and slightly glossy
0ac165f57de52dd,What fruit is placed on top of the cheesecake,strawberries,strawberries are placed on top of the cheesecake
0ac165f57de52dd,Where are the strawberries located on the cheesecake,on top of,the strawberries are located on top of the cheesecake
76a2efddff0ea38,What is the texture of the base mixed with cherries,creamy,the texture looks creamy and chunky
76a2efddff0ea38,What fruit is mixed into the creamy base,cherries,"based on the image, it appears that cherries are mixed into the creamy base"
76a2efddff0ea38,What does the Cherry Cloud do to the bowl,fills,it fills it
76a2efddff0ea38,What color are the cherries dispersed throughout the mixture,purple,"the cherries are dark, appearing almost black or very dark purple"
76a2efddff0ea38,Where are the cherries dispersed in the mixture,throughout the bowl,the cherries are dispersed throughout the entire mixture
7651b58f5f3b4b0,What color is the exposed portion of the first cherry,red,the exposed portion of the first cherry is red
7651b58f5f3b4b0,What type of fruit is dipped in chocolate,cherries,cherries
7651b58f5f3b4b0,What color is the chocolate coating on the cherries,brown,the chocolate coating is brown
7651b58f5f3b4b0,Where is the first cherry located,on the left,the first cherry is located on the left
1e3f3ddd8e96695,What color are the diced carrots in the stew,orange,the diced carrots in the stew are orange
1e3f3ddd8e96695,What is the color of the ground chicken in the stew,browned,the ground chicken in the stew appears to be a light tan or light brown color
1e3f3ddd8e96695,What type of meat is used in the stew,chicken,the stew contains chicken
1e3f3ddd8e96695,Where is the stew located in the image,on top of the plate,the stew is located on top of the rice
1e3f3ddd8e96695,What herb is placed on top of the stew,parsley,parsley
f0bc5f6eb400aaf,What color is the chicken on top,golden,the chicken on top is golden brown
f0bc5f6eb400aaf,What color is the chicken on the sides,brown,the chicken on the sides is a light beige color
f0bc5f6eb400aaf,What color is the sauce surrounding the chicken,reddish-brown sauce,the sauce surrounding the chicken is reddish-brown
f0bc5f6eb400aaf,Where is the reddish-brown sauce located,on and around the chicken,the reddish-brown sauce is located at the bottom of the pan and around the chicken thighs
061f9094142c1e3,What color is the scramble,yellow,"the scramble is mostly yellow and white, with some red and green pieces"
061f9094142c1e3,What color are the diced tomatoes in the scramble,red,the diced tomatoes in the scramble are red
061f9094142c1e3,Where are the white shards of cheese located,sprinkled on top,"the white shards of cheese are located on top of the scrambled eggs, towards the left side of the plate"
061f9094142c1e3,What utensil is placed on the plate,fork,a fork
061f9094142c1e3,What texture do the tortilla chips have,crispy,the tortilla chips appear to have a crispy texture
7bae9e3e598aff1,What is the size of the pot,large,"i am sorry, but i cannot estimate the size of the pot from the given image"
7bae9e3e598aff1,What is the main ingredient in the dish,chili,"based on the image, the main ingredient in this dish appears to be meat, specifically ground meat along with what looks like sausage"
7bae9e3e598aff1,What color is the broth,red,the broth appears to be reddish-brown
7bae9e3e598aff1,Where is the chili located,in a pot,the chili is located inside the pot
7bae9e3e598aff1,What type of meat is in the chili,sausage,ground meat and sausage
65c82ce184feb05,What color is the chimichurri,green,the chimichurri is green
65c82ce184feb05,What is the chimichurri contained in,bowl,the chimichurri is contained in a bowl
65c82ce184feb05,Where is the chimichurri located,in the bowl,the chimichurri is in the bowl
65c82ce184feb05,What color is the bowl,green,"the bowl is a reddish-brown color, similar to terracotta"
65c82ce184feb05,Where is the spoon in relation to the bowl,dip in,the spoon is inside the bowl
47be8f81c88ee14,How are the chips arranged in the image,scattered,the chips are arranged in a pile. they are overlapping and scattered haphazardly across the surface
47be8f81c88ee14,What type of food is shown in the image,chips,fried pepper strips
47be8f81c88ee14,What color are some of the chips,green,"some of the chips are green, brown, or black"
47be8f81c88ee14,What color do some of the chips display,golden-yellow,"some of the chips display green, yellow, and brown colors"
47be8f81c88ee14,Where are most of the chips located in the frame,towards the central region,most of the chips are located in the center of the frame
05c9906b7d13f12,What pattern is seen on the chocolates,swirled,the chocolates have a swirled pattern
05c9906b7d13f12,What is the predominant color of the chocolates,tan,"the predominant color of the chocolates is light brown, with dark brown swirls"
05c9906b7d13f12,How many pieces of chocolate are shown in the image,many,there are 21 pieces of chocolate shown in the image
05c9906b7d13f12,What shape are the chocolates cut into,rectangular,the chocolates are cut into squares
05c9906b7d13f12,What material are the chocolates wrapped in,in clear plastic,the chocolates are wrapped in clear plastic wrap
0f45ead135cb68e,What type of dish is the dessert served in,dessert,glass casserole dish
0f45ead135cb68e,What is the appearance of the glass dish,clear,the glass dish is clear and rectangular
0f45ead135cb68e,What type of fruit is on top of the dessert,raspberries,raspberries
0f45ead135cb68e,How are the white chocolate chips arranged around the dish,scattered,they appear to be scattered around the dish
0f45ead135cb68e,Where are the white chocolate chips placed,on a metallic surface,the white chocolate chips are placed on the silver plate
19152d394d56652,What color is the chocolate filling,chocolate,the chocolate filling is brown
19152d394d56652,What color are the pastry layers,brown,the pastry layers are a golden-yellow color
19152d394d56652,What color is the powdered sugar,golden-brown,the powdered sugar is white
19152d394d56652,Where are the chocolate clouds positioned,on top of,the chocolate clouds are positioned between two layers of puff pastry
701a877404f09ee,What is the texture of the topping on the cake,creamy,the texture of the topping on the cake appears to be creamy with a crumbly topping
701a877404f09ee,What is the base layer of the food item,cake,the base layer of the food item appears to be a chocolate cake
701a877404f09ee,What color is the base cake,brown,the base cake is brown
701a877404f09ee,Where are the chocolate cookie crumbles located,on top,the chocolate cookie crumbles are located on top of the frosting
701a877404f09ee,What is the main flavor of the crumbles on top,chocolate,"based on the image, the crumbles on top appear to be chocolate, most likely chocolate cookies like oreos"
a01489b3eac8ec8,What is the sauce doing to the ice cream,drizzled,the sauce is drizzled all over the ice cream
a01489b3eac8ec8,What is the color of the chocolate sauce,brown,the chocolate sauce is brown
a01489b3eac8ec8,What is the main dessert in the bowl,ice cream,the main dessert in the bowl is ice cream
a01489b3eac8ec8,What color is the ice cream,white,the ice cream appears to be white or off-white in color
a01489b3eac8ec8,Where has some of the chocolate sauce pooled,at the bottom,the chocolate sauce has pooled in the bowl
85057719a8f7290,What color is the vegetable chowder,yellow,the vegetable chowder appears to be a creamy beige or light tan color
85057719a8f7290,What is the vegetable chowder served in,bowl,the vegetable chowder is served in a ceramic bowl with a handle
85057719a8f7290,How are the diced carrots and herbs distributed in the chowder,dispersed,the diced carrots and herbs appear to be distributed evenly throughout the chowder
85057719a8f7290,What vegetable is diced and visible in the chowder,carrots,"based on the image, there are carrots visible"
85057719a8f7290,Where is the sprig of parsley located,on the surface,the sprig of parsley is in the center of the soup
7e6905e6903434a,What is the main vegetable ingredient in the chowder,corn,corn
7e6905e6903434a,What color are the bacon pieces,brown,the bacon pieces are reddish-brown
7e6905e6903434a,What color are the corn kernels in the chowder,yellow,the corn kernels in the chowder are yellow and white
7e6905e6903434a,Where are the thinly sliced scallions distributed,across the surface,the thinly sliced scallions are distributed on top of the dish
4f1f20526bc57a3,What color is the cranberry chutney,red,the cranberry chutney is a deep red color
4f1f20526bc57a3,What is the chutney served in,bowl,the chutney is served in a white bowl
4f1f20526bc57a3,Where is the cranberry chutney located,center of the bowl,"here are the bounding box detections:
```json
[
  {""box_2d"": [192, 0, 918, 895], ""label"": ""cranberry chutney""}
]
```
the cranberry chutney is located in the bowl"
4f1f20526bc57a3,How much of the bowl does the chutney fill,fills,the chutney fills most of the bowl
4f1f20526bc57a3,What is the consistency of the chutney besides whole cranberries,pulpy,"the consistency of the chutney besides the whole cranberries looks like it is thick, pulpy, and possibly a little syrupy"
44b56d634060bf5,What is the container for the chutney,jar,the container for the chutney is a jar
44b56d634060bf5,What color is the chutney,brownish-yellow,the chutney appears to be a brownish-yellow color
44b56d634060bf5,What is the jar filled with,with the chutney,the jar is filled with rhubarb chutney
44b56d634060bf5,What is on the jar,label,"the jar has a label that reads ""rhubarb chutney"""
ec2780b0cdb57b7,What color are the apple slices concentrated at the top and right,red,the apple slices concentrated at the top and right are red and yellow
ec2780b0cdb57b7,What fruit is visible in the image,apple,apples are visible in the image
ec2780b0cdb57b7,What are the apple slices submerged in,slices,the apple slices are submerged in water
ec2780b0cdb57b7,What color are the apple slices at the bottom and left,green,the apple slices at the bottom and left are green and yellow
ec2780b0cdb57b7,Where are the green apple slices located,in a clear liquid,the green apple slices are located in the bottom left corner of the container
e283a9a4aac5d7e,What color is the bowl,white,the bowl is white with a black rim
e283a9a4aac5d7e,What is the cinnamon rice served in,bowl,the cinnamon rice is served in a white bowl with a black rim
e283a9a4aac5d7e,What color are some of the rice grains,brown,the rice grains appear to be a brownish color
e283a9a4aac5d7e,Where is the rice primarily located in the image,in the center,the rice is primarily located inside the bowl
7ff22df8804e302,What color is the chowder,off-white,the chowder appears to be a creamy white color
7ff22df8804e302,What type of soup is in the bread bowl,chowder,"based on the image, the soup in the bread bowl appears to be a creamy chowder, possibly clam or potato chowder. it has a thick, creamy texture and visible chunks of what could be potatoes or clams"
7ff22df8804e302,Where does the dish sit,sits on,the dish sits on a plate with black and white stripes
7ff22df8804e302,What is the bread bowl like,circle,"the bread bowl is a round, crusty bread that has been hollowed out to hold soup. the top has been cut off and is sitting next to the bowl. it appears to be golden brown"
7ff22df8804e302,What is on top of the chowder,herbs,there is some celery and what appears to be herbs on top of the chowder
cea8aeba6870289,What color is the bowl,white,the bowl is white
cea8aeba6870289,What type of seafood is in the bowl,clams,cockles
cea8aeba6870289,What color are the bands on the clam shells,brown,the bands on the clam shells are brown
cea8aeba6870289,Where are the clams placed,in a bowl,the clams are placed in a bowl
cea8aeba6870289,What color are the herbs scattered amongst the clams,green,the herbs scattered amongst the clams are green
530fe55b9b9c31b,What color is the pumpkin cobbler's top and base,golden-brown,"based on the image, the top of the pumpkin cobbler is golden-brown and the base is orange"
530fe55b9b9c31b,What is the main ingredient in the cobbler,pumpkin,"based on the image, the main ingredient in the cobbler appears to be pumpkin or squash"
530fe55b9b9c31b,What color is the plate,white,the plate is white
530fe55b9b9c31b,Where is the pumpkin cobbler slice placed,on the plate,the pumpkin cobbler slice is placed on a plate
530fe55b9b9c31b,What is the texture of the cobbler's top and base,crumbly,"based on the image, the top of the cobbler appears to have a crumbly or slightly crispy texture, while the base appears to be soft and somewhat moist"
68bd96227109ec0,What is the color of the top crust of the cobbler,golden-brown,the top crust of the cobbler is a golden brown color
68bd96227109ec0,What type of dessert is shown in the image,cobbler,"based on the image, the dessert appears to be a cobbler. the texture and golden brown color suggest a baked fruit cobbler, possibly apple or peach"
68bd96227109ec0,What color are the lighter patches on the cobbler's surface,yellow,the lighter patches on the cobbler's surface are yellow
68bd96227109ec0,What creates the textured appearance of the cobbler's top crust,with variations,"the textured appearance of the cobbler's top crust is created by the uneven spreading of the batter, which can include elements of baking powder and fat. these elements expand and cook, creating a bubbly, slightly rough surface"
68bd96227109ec0,What process is indicated by the golden-brown hue and crispy edges of the cobbler,baking,"the golden-brown hue and crispy edges of the cobbler indicate browning, which is a result of the maillard reaction and caramelization occurring during baking"
440eb56040e7a70,Is the vegetable juice cocktail homemade,homemade,"based on the image, it appears that the vegetable juice cocktail is likely homemade, as the image shows it canned in mason jars, a common method for homemade canning. also, the background shows what seems to be homemade products on the shelves of the cabinet"
440eb56040e7a70,What are the containers used for the vegetable juice cocktail,jars,the vegetable juice cocktail is contained in mason jars
440eb56040e7a70,Are the jars in the foreground overlapping,yes,"yes, the jars in the foreground are overlapping"
440eb56040e7a70,What type of juice is in the jars,vegetable,"the juice in the jars appears to be tomato juice, due to its orange color"
440eb56040e7a70,Are the jars centered in the frame,yes,"yes, the jars are centered in the frame"
d55b3849c761b7e,What type of drink is in the glass,cocktail,"based on the color and the presence of cranberries, it appears to be a cranberry martini or a similar cranberry-based cocktail"
d55b3849c761b7e,What do the cranberries do in the liquid,float,the cranberries are floating in the liquid
d55b3849c761b7e,What is the clarity of the glass,clear,the glass is clear
d55b3849c761b7e,What type of glass is the cocktail served in,glass,martini glass
d55b3849c761b7e,How are the cranberries arranged in the drink,in a slight curve,three cranberries float on the surface of the drink in a line
eb0547ba26a8d76,What is the color of the glass,clear,the glass is clear
eb0547ba26a8d76,What type of glass is the cocktail served in,glass,the cocktail glass type is a pilsner glass
eb0547ba26a8d76,What color is the salt on the rim of the glass,white,the salt on the rim of the glass is white
eb0547ba26a8d76,What is the slight tint of the cocktail,yellow,the cocktail has a slight yellow tint
eb0547ba26a8d76,Where is the lemon slice placed,on top of,the lemon slice is placed on the ice inside the glass
87ccb1358aa1510,What color is the liquid in the lower portion of the jar,turquoise-blue,the liquid in the lower portion of the jar is blue
87ccb1358aa1510,What type of container is the cocktail served in,jar,the cocktail is served in a mason jar
87ccb1358aa1510,What color is the layer above the turquoise-blue liquid,red,the layer above the turquoise-blue liquid is red
87ccb1358aa1510,Where are the red candies and shark decoration placed,on the rim,the red candies and shark decoration are placed on the rim of the mason jar
87ccb1358aa1510,What type of decoration is on the rim of the jar,shark,the decoration on the rim of the jar includes red candy and a shark figurine
e58c798c8bc3f13,What is the orange peel used for in the image,garnished,the orange peel is used as a garnish for the cocktails
e58c798c8bc3f13,What color are the cocktails in the image,orange,the cocktails in the image are a yellow-orange color
e58c798c8bc3f13,What color is the orange peel in the image,yellow-orange,the orange peel in the image is orange
e58c798c8bc3f13,What is the name of the cocktail in the image,monkey gland,"based on the appearance of the cocktail in the image, including its color, the glass it's served in, and the orange peel garnish, it could be a cocktail like a sidecar or a bees knees. without further information or knowing the ingredients, it's hard to be certain"
e58c798c8bc3f13,Where is the orange peel located in the image,on the surface,"the orange peel is located inside each of the glasses, floating on top of the liquid"
14658cd22c153da,Is the hot cocoa sitting on a plate,yes,"yes, the hot cocoa is sitting on a plate"
14658cd22c153da,Is cocoa one of the main ingredients in the drink,cocoa,"based on the image, it is not possible to determine if cocoa is one of the main ingredients in the drink"
14658cd22c153da,Is the plate under the mug blue,no,"yes, the plate under the mug is blue"
14658cd22c153da,Is the color of the cocoa light brown,yes,"yes, the color of the cocoa appears to be light brown in the image"
14658cd22c153da,Is the cinnamon stick positioned on the upper left side of the mug,on the upper left,"yes, the cinnamon stick is positioned on the upper left side of the mug"
f8421d48b298f2d,What is the flavor of the Panforte,spiced,"panforte is a traditional italian dessert that has a unique combination of flavors. it is typically made with almonds, candied citrus, and spices like cinnamon, nutmeg, and cloves. the flavor is a mix of nutty, sweet, and spicy, with a chewy texture"
f8421d48b298f2d,What color is the base of the slices,chocolate-brown,the base of the slices appears to be off-white or light beige
f8421d48b298f2d,How many slices of Panforte are shown,two,2
f8421d48b298f2d,Where is the top slice located in relation to the bottom slice,on top of,the top slice is above the bottom slice
815579469c0316a,What color is the cod,golden-brown,the cod appears to be a light brown color
815579469c0316a,What type of fish is on the plate,cod,"based on the appearance of the fish fillet in the image, it seems likely to be either cod or sea bass. without more detailed information it is hard to definitively say, though"
815579469c0316a,What is the cod doing on the rice,resting,the cod is sitting on top of the rice. it is also garnished with green onions
815579469c0316a,Where is the cod located in relation to the rice,on top of,the cod is on top of the rice
76e207eb30185cc,What material is the drink contained in,glass,glass
76e207eb30185cc,What is the color of the lime wedge,green,the lime wedge is green on the outside
76e207eb30185cc,What color is the lime wedge,green,the lime wedge is green
76e207eb30185cc,Where is the lime wedge placed,on the rim,the lime wedge is placed on the rim of the glass
76e207eb30185cc,How would you describe the color of the mocktail,vibrant red,"the mocktail appears to be a shade of red, possibly a bright or deep red, similar to cranberry juice"
a76ca4ec5d52403,What is the color of the coffee in the mug,light,the coffee in the mug appears to be a light tan or beige color. this suggests it contains milk or creamer
a76ca4ec5d52403,What is the red and white object in the image,mug,the red and white object in the image is a mug. it is red on the outside and white on the inside. it is filled with a beverage
a76ca4ec5d52403,What color is the mug in the image,red,the mug is red
a76ca4ec5d52403,Where are the coffee beans scattered,across a light brown surface,the coffee beans are scattered on the wooden surface around the red mug
a76ca4ec5d52403,What is scattered across the light brown surface,coffe beans,coffee beans are scattered across the light brown surface
ee42b0500aad9db,What is the color of the glass mug,clear,the glass mug is clear
ee42b0500aad9db,What type of drink is shown in the image,coffee,the drink shown in the image appears to be a dalgona coffee
ee42b0500aad9db,What color is the coffee foam,brown,the coffee foam is brown
ee42b0500aad9db,What is placed in the mug for drinking,straw,"based on the image, the mug contains a beverage with a foamy coffee-like substance on top and a lighter liquid at the bottom. there also appears to be a cube of ice"
f98b1e40f10ea12,What is the color of the whipped cream,white,the whipped cream is white
f98b1e40f10ea12,What beverage is in the glass,coffee,"based on the image, the beverage in the glass appears to be coffee topped with cream or whipped cream. the rim of the glass also seems to be coated with sugar. given the presentation, it could possibly be an irish coffee"
f98b1e40f10ea12,What is the glass made of,glass,the glass appears to be made of glass
f98b1e40f10ea12,What is on top of the coffee,whipped cream,there is whipped cream on top of the coffee
f98b1e40f10ea12,Where is the sugar coating,on the rim,the sugar coating is on the rim of the glass
c5e136f52b70509,Where is the Colcannon located in the image,at the center,"the colcannon is located in the bowl, underneath the sausages"
c5e136f52b70509,What is positioned on top of the Colcannon,sausages,sausages are positioned on top of the colcannon
c5e136f52b70509,What color are the sausages,brown with a slight char,the sausages appear to be pink with brown grill marks
c5e136f52b70509,What color is the Colcannon,white,"the colcannon appears to be a light creamy color, with bits of green in it. so, it is mostly white with green flecks"
c5e136f52b70509,What is the Colcannon doing in the bowl,filling,the colcannon is in the bowl with sausages
52c7342c98cf6c2,What color is the bowl,white,the bowl is white
52c7342c98cf6c2,What is the St. Patrick's Colcannon served in,bowl,the st. patrick's colcannon is served in a bowl
52c7342c98cf6c2,What color are the chopped scallions or green onions,green,the chopped scallions or green onions are green
52c7342c98cf6c2,What color are the chunks of ham,pink,the ham chunks are pink
52c7342c98cf6c2,What is the mixture of colors in the colcannon,multicolored,"the colcannon appears to be a mixture of yellow, red, purple, and green"
f0cef0090813252,What is the texture of the coleslaw,creamy,the coleslaw appears to have a creamy and shredded texture
f0cef0090813252,What is the name of the food item in the bowl,coleslaw,coleslaw
f0cef0090813252,What color are the carrot shreds in the coleslaw,orange,the carrot shreds in the coleslaw are orange
f0cef0090813252,Where is the silver spoon located in the bowl,in the left,the silver spoon is located on the top left of the bowl
f0cef0090813252,What ingredient adds hints of purple to the coleslaw,onion,red onion adds hints of purple to the coleslaw
8d9999b45e9ce13,What color are the zucchini strands,green,the zucchini strands are light green and dark green
8d9999b45e9ce13,What type of utensil is the coleslaw in,bowl,bowl
8d9999b45e9ce13,What color are the carrot strands,orange,the carrot strands are orange
8d9999b45e9ce13,What is the texture of the sauce,creamy,the sauce appears to be thin and light
8d9999b45e9ce13,Where is the coleslaw placed,in a glass bowl,the coleslaw is placed in a bowl
06c11acfce21e0f,What color is the blackberry compote,red-purple,the blackberry compote is a dark purplish-red color
06c11acfce21e0f,Where is the blackberry compote contained,in the bowl,the blackberry compote is contained in a white bowl
06c11acfce21e0f,What is the bowl placed on,wooden board,the bowl is placed on a wooden cutting board
06c11acfce21e0f,What is the wooden board used for,cutting and serving,the wooden board is used as a surface to display the blackberries and a bowl of blackberry jam
06c11acfce21e0f,Where is the bowl located in the frame,to the right of,the bowl is located in the right side of the frame
72c8bdc4ed44bc3,Is the peanut butter melted,yes,"yes, the peanut butter appears to be melted within the dessert"
72c8bdc4ed44bc3,What is the main food item in the image,cookie,the main food item in the image is a brownie
72c8bdc4ed44bc3,What color is the cookie,brown,the cookie is mostly dark brown with some lighter tan/brown areas
72c8bdc4ed44bc3,Where is the skillet placed,on the pan,the skillet is placed on a gas stovetop
9607fe377ae1740,What color is the jar,clear,the jar is clear
9607fe377ae1740,What is the container for the cookie mix,jar,the container for the cookie mix is a glass jar
9607fe377ae1740,What color are the chocolate chips,brown,"the chocolate chips appear to be a dark color, possibly dark brown or black"
9607fe377ae1740,What is tied around the jar's lid,with red ribbon,"a red and white checkered fabric, a red ribbon, and two jingle bells"
47a6475103a994d,How would you describe the color of the cooler,bright,"the cooler appears to be clear, but filled with a yellow liquid"
47a6475103a994d,Where is the cooler placed,on the colorful surface,the cooler is placed on a striped surface
47a6475103a994d,What does the cooler fill,orange juice,the cooler is filled with a yellow drink
47a6475103a994d,Where is the straw inserted,into the cooler,the straw is inserted through the lid of the cup
56070b0625b083c,What color is the majority of the corn,yellow,yellow
56070b0625b083c,Is the corn yellow,yes,"yes, the corn appears to be yellow"
56070b0625b083c,Where is the corn located on the plate,across the majority of,the corn is located throughout the dish on the plate
56070b0625b083c,What is the corn topped with,melted and browned cheese,the corn is topped with a golden brown crust. it also has crumbled white cheese and green peppers in the corn
56070b0625b083c,What color is the larger piece on top of the corn,brownish-orange,the larger piece on top of the corn appears to be brown
dc8b523f5e54193,What is the color of the caramel corn,light,the caramel corn is a light brown or caramel color
dc8b523f5e54193,What shade is the caramel corn,golden-brown,the caramel corn is a golden brown shade
dc8b523f5e54193,What are the bowls made of,glass,"based on the image, the bowls appear to be made of ceramic"
dc8b523f5e54193,Where is the second bowl located,on the top-left,the second bowl is located in the upper left corner of the image
5cc4c378f4527c4,What color are the corn kernels in the salad,yellow,the corn kernels in the salad are yellow
5cc4c378f4527c4,What is the main ingredient in the salad,corn,corn
5cc4c378f4527c4,How are the ingredients in the salad prepared,mixed,the ingredients in the salad are diced
5cc4c378f4527c4,What color are the diced bell peppers in the salad,red,the diced bell peppers in the salad are red
7a46895d46f89e7,What color are the black beans,brown,the black beans appear to be black
7a46895d46f89e7,What type of food are used in the dish,beans,"the dish appears to contain corn, black beans, onions, red bell peppers, and herbs"
7a46895d46f89e7,What color are the pieces of bell pepper,red,the bell pepper pieces are red and orange
7a46895d46f89e7,Where is the wooden spoon located,on the right,the wooden spoon is located in the middle right side of the bowl
1e791e94ce68a17,What color is the bowl,white,the bowl is white
1e791e94ce68a17,How are the corn kernels arranged in the bowl,scattered,the corn kernels are scattered randomly throughout the bowl. they are mixed with other ingredients like tomatoes and red onions.  basil leaves are placed on top for garnish
1e791e94ce68a17,What color are the corn kernels,yellow,the corn kernels are yellow
1e791e94ce68a17,Where are the red tomato slices,in a bowl,the red tomato slices are in the bowl with the corn and other ingredients
1e791e94ce68a17,Where are the purple onion pieces mostly located,in a bowl,the purple onion pieces appear to be scattered throughout the dish
a9321bba4920843,What color is the cornbread,golden-yellow,the cornbread appears to be yellow
a9321bba4920843,What type of bread is shown in the image,cornbread,the image shows cornbread
a9321bba4920843,What color is the cast iron pan,black,the cast iron pan is black
a9321bba4920843,How does the texture of the cornbread appear,coarse,"the cornbread appears to have a slightly coarse, but even, texture"
cc61c4260366898,What color is the cornbread,golden,the cornbread appears to be a yellowish-golden color
cc61c4260366898,What type of bread is shown in the image,cornbread,"based on the image, the bread appears to be corn bread muffins"
cc61c4260366898,What color is the plate used for serving the cornbread,white,the plate is white
cc61c4260366898,Where is the parsley placed in relation to the cornbread stack,on a plate,the parsley is placed on the sides and behind the cornbread stack
a264b1ee256e419,What are the green specks in the cornbread embedded with,cornbread,"the cornbread appears to have green specks embedded in it, which are likely chopped green peppers or jalapenos"
a264b1ee256e419,What type of bread is shown in the image,cornbread,the bread in the image appears to be cornbread. it looks like it might have some green vegetables mixed in as well
a264b1ee256e419,What color are the scattered pieces of broccoli,green,the scattered pieces of broccoli are green
a264b1ee256e419,Where is the smaller piece of cornbread positioned in the image,on the top-left,the smaller piece of cornbread is positioned at the bottom left of the image
01c000a5e0c2720,What type of cheese is in the bowl,cottage cheese,the bowl appears to contain cottage cheese
01c000a5e0c2720,What color is the bowl,white,the bowl is white
01c000a5e0c2720,What color are the bananas,yellow,the bananas are yellow
01c000a5e0c2720,Where are the bananas placed in relation to the cottage cheese,around the cottage cheese,the bananas are placed around the cottage cheese
6ff9ae19b3eed61,What is the main protein in the dish,chicken,chicken
6ff9ae19b3eed61,Where is the chicken located in the image,on the pan,the chicken is located throughout the image. it is the meat that is stuffed with green vegetables and cheese
6ff9ae19b3eed61,What vegetable is mixed with the cottage cheese,spinach,spinach
6ff9ae19b3eed61,What color is the cottage cheese,white,the cottage cheese appears to be a creamy white color
6ff9ae19b3eed61,Where is the chicken located in relation to the spinach and cottage cheese mixture,in the foreground,the chicken is stuffed with the spinach and cottage cheese mixture
d980f97dbe2a1e9,What color is the couscous,yellow,the couscous is a light yellowish-tan color
d980f97dbe2a1e9,What type of grain is in the bowl,couscous,the grain in the bowl appears to be couscous
d980f97dbe2a1e9,What color is the bowl,white,the bowl is white
d980f97dbe2a1e9,What color are the herbs in the couscous,green,the herbs in the couscous are green
d980f97dbe2a1e9,Where are the lemon wedges placed,on top of,the lemon wedges are placed on top of the couscous
191f4793a5b5caa,What color is the Israeli Couscous,tan,the israeli couscous is a light tan color
191f4793a5b5caa,What is the couscous filling in the image,filling,"based on the image, the couscous appears to be in a creamy sauce with some herbs (possibly chives). it's difficult to determine the exact flavor of the sauce, but it could be a cheese sauce, cream sauce, or something else entirely"
191f4793a5b5caa,What type of grain is shown in the image,couscous,"the grain shown in the image appears to be israeli couscous, also known as pearl couscous"
191f4793a5b5caa,What color is the bowl containing the couscous,white,the bowl containing the couscous is white
191f4793a5b5caa,What texture does the sauce coating the couscous appear to have,creamy,the sauce coating the couscous appears to have a creamy texture
df3bd933b12e81f,What is the color of the couscous in the dish,tan,the couscous in the dish is yellowish-tan
df3bd933b12e81f,What is the main grain used in the dish,couscous,couscous
df3bd933b12e81f,What color are the chunks of tomatoes mixed within the couscous,red,the chunks of tomatoes mixed within the couscous are red
df3bd933b12e81f,What color are the smaller flecks mixed within the couscous,green,"the smaller flecks mixed within the couscous appear to be a mix of red, white, and green"
df3bd933b12e81f,Where is the Jazzed Up Couscous dish located within the image,within the pot,the jazzed up couscous is located in the center of the image
c8be669cf4a7994,What is the couscous served in,bowl,the couscous is served in a bowl
c8be669cf4a7994,What color is the couscous,white,the couscous appears to be a light tan or beige color
c8be669cf4a7994,What color are the almonds or nuts,beige,the almonds or nuts in the image are a light tan color
c8be669cf4a7994,What shape is the couscous forming,small and round,"the couscous is forming small, round shapes, like beads or spheres"
c8be669cf4a7994,Where is the couscous served,in a white bowl,the couscous is served in a white bowl
22a6a503038da42,"What is the color of the cauliflower ""couscous""",yellowish-orange,"the cauliflower ""couscous"" is a light orange color"
22a6a503038da42,"What color are the sprigs scattered across the top of the ""couscous""",green,"the sprigs scattered across the top of the ""couscous"" are green"
22a6a503038da42,Where are the sprigs of green cilantro scattered,across the top,the sprigs of green cilantro are scattered on top of the rice in the wok
22a6a503038da42,"What is resting partially within the ""couscous""",spoon,"a wooden spoon is resting partially within the ""couscous"""
4dc12e07d49694b,What type of food is prominently featured in the image,crab cakes,the food prominently featured in the image appears to be a crab cake or fritter
4dc12e07d49694b,What color are the edges of the crab cakes,golden,the edges of the crab cakes are golden brown
4dc12e07d49694b,What color are the green flecks scattered throughout the crab cakes,green,the green flecks are green
b1cc9100561c3f3,What color are the crab pieces,reddish-orange,the crab pieces are orange/red
b1cc9100561c3f3,What seafood is present in the dish,crab,crab
b1cc9100561c3f3,How are the crab pieces arranged in the dish,clustered,"the crab pieces are arranged so that there are three main body sections positioned throughout the dish. one body section is near the top right, another in the center, and the third toward the bottom left. the rest of the dish is filled with sausages, corn, potatoes and onion"
b1cc9100561c3f3,What type of meat is distributed around the crab,sausages,sausage
bddadd64cc7bae0,What color is the cranberry filling in the pie,red,the cranberry filling in the pie appears to be red
bddadd64cc7bae0,What type of dessert is shown in the image,pie,the dessert in the image is a pie with a crumble topping. the red filling suggests that it is a fruit pie
bddadd64cc7bae0,What color is the crumb topping on the pie,tan,the crumb topping on the pie is a tan/golden color
bddadd64cc7bae0,What color is the pie crust,golden,the pie crust is a light golden brown color
bddadd64cc7bae0,In which direction is the pie slightly positioned,towards the left,the pie is slightly positioned to the upper left
fbf680ba3d3b096,What type of sauce is on the chicken,cranberry,the sauce on the chicken appears to be a red jam or chutney
fbf680ba3d3b096,What type of meat is shown in the image,chicken,"the image shows chicken. specifically, they look like chicken drumsticks"
fbf680ba3d3b096,What color is the plate,light blue,the plate is light blue
fbf680ba3d3b096,What color is the chicken,golden brown,the chicken appears to be a light brown or tan color
fbf680ba3d3b096,Where are the chicken pieces placed,on a plate,the chicken pieces are placed on a light blue plate
4581574ec92aee2,What does the pomegranate cranberry sauce/relish do to the bowl,fills,the pomegranate cranberry sauce/relish fills the bowl
4581574ec92aee2,What is the pomegranate cranberry sauce/relish served in,bowl,the pomegranate cranberry sauce/relish is served in a glass bowl
4581574ec92aee2,What is the consistency of the pomegranate cranberry sauce/relish,thick,"based on the image, the pomegranate cranberry sauce/relish appears to have a thick consistency. it is not watery and has distinct pieces of cranberries and walnuts, which suggests that it is not completely smooth. overall, it would likely be described as chunky, with some liquid present"
4581574ec92aee2,What color are the walnuts in the bowl,light brown and red,the walnuts in the bowl appear to be tan and reddish
4581574ec92aee2,Where are the walnuts located in the image,in the center,the walnuts are scattered throughout the red sauce in the bowl
9a3edf97d4725d1,What type of seafood is visible in the bisque,crawfish,crawfish
9a3edf97d4725d1,What color are the chopped chives in the bisque,green,the chopped chives in the bisque are green
9a3edf97d4725d1,Where is the Louisiana Crawfish Bisque served,within a white bowl,the louisiana crawfish bisque is served in a bowl
4f5150c34518129,What color is the rice described as,beige,the rice is mostly white and brown
4f5150c34518129,How is the rice arranged on the plate,piled,"the rice is arranged on the plate in a pile, topped with green onions"
4f5150c34518129,What type of seafood is mixed within the rice,crawfish,crawfish
4f5150c34518129,What color are the crawfish tails,red,the crawfish tails are red
4f5150c34518129,Where are the crawfish tails placed in relation to the rice,on top of,the crawfish tails are mixed in with the rice
d7976d426b5fc7b,What is the texture of the Honey Walnut Cream Cheese,light,the texture of the honey walnut cream cheese appears to be creamy with chunks of walnuts
d7976d426b5fc7b,What type of nuts are mixed into the cream cheese,walnuts,the nuts that are mixed in with the cream cheese are walnuts
d7976d426b5fc7b,What color is the Honey Walnut Cream Cheese,beige,the honey walnut cream cheese appears to be a light beige color
d7976d426b5fc7b,Where is the walnut half located in relation to the cream cheese,on top,the walnut half is located on top of the cream cheese
d7976d426b5fc7b,What is the container used to hold the Honey Walnut Cream Cheese,bowl,the container used to hold the honey walnut cream cheese is a glass bowl
70f1689e82535a7,What is the texture of the chantilly cream,soft,the chantilly cream appears to have a smooth and creamy texture
70f1689e82535a7,What is the main component of the dessert,cream,the main component of the dessert is the creamy mousse-like filling
70f1689e82535a7,What color is the chantilly cream,off-white,"the chantilly cream appears to be an off-white color, similar to a light ivory or cream"
70f1689e82535a7,What does the cream do to the glass dessert dish,fills,the cream fills the glass dessert dish
70f1689e82535a7,Where are the dollops of cream located,on top,the dollops of cream are located in the glass and are topped with berries
feb8da6d4727a62,What color is the plate,white,the plate is white
feb8da6d4727a62,What fruit is mixed within the creamy filling of the crepes,blueberries,blueberries
feb8da6d4727a62,What color is the base of the crepes,brown,the base of the crepes is tan with dark brown speckles
feb8da6d4727a62,What is inside the rolled crepes,blueberries,the rolled crepes appear to contain a white creamy filling with blueberries
feb8da6d4727a62,Where are the blueberries scattered,on the plate,the blueberries are scattered around the crepes on the plate
83d9469b7d2e536,What color is the crepe,golden brown,the crepe is a light tan/beige color with darker golden-brown edges
83d9469b7d2e536,What is located in the center of the image,crepe,a pancake is located in the center of the image
83d9469b7d2e536,How would you describe the edges of the crepe,darker,"the edges of the crepe appear to be lacy, crispy, and golden brown"
83d9469b7d2e536,Where is the crepe located in the image,in the center,the crepe is located in the pan
97317ea0a16f6ba,What color is the cloth the rolls are arranged on,purple,the cloth is purple
97317ea0a16f6ba,What is the shape of the food items in the image,rolls,the food items in the image are crescent shaped
97317ea0a16f6ba,What color are the Nutella crescent rolls,golden brown ,the crescent rolls are light brown. the nutella filling is a darker brown
97317ea0a16f6ba,What is visible in the cut roll,flaky dough,a swirl of dough and chocolate filling is visible in the cut roll
97317ea0a16f6ba,Where is one of the whole rolls located in relation to the cut roll,on the lower right,one of the whole rolls is located below and slightly to the right of the cut roll
5dc5bfed7295e6e,What color are the crisps,golden-yellow,the crisps are orange
5dc5bfed7295e6e,How are the crisps arranged on the plate,overlap,the crisps are arranged overlapping each other in a pile
5dc5bfed7295e6e,What type of food is described as golden-yellow and lacy,cheese,"parmesan crisps, also known as frico"
5dc5bfed7295e6e,What texture do the crisps have,lacy,"the crisps appear to have a lacy, brittle, and possibly slightly oily texture"
5dc5bfed7295e6e,Where are the crisps located on the plate,on the upper-left,the crisps are located on the left side of the plate
7207161ee7fdd3a,What color are the sesame seeds on the crisps,white,the sesame seeds on the crisps are white
7207161ee7fdd3a,What color are the edges of some crisps,brown,the edges of the crisps are brown
7207161ee7fdd3a,Where are the Sesame Lemon Crisps placed,on a white plate,the sesame lemon crisps are placed on a white plate
7207161ee7fdd3a,Which crisp appears bigger compared to the others,the crisp in the front,the crisp that appears bigger than the others is the one in the front-right
f7e98ee1e808dcc,What color is the plate,green,the plate is light green
f7e98ee1e808dcc,What shape are the croissant ice cream cones,cones,"the croissant ice cream cones are shaped like horns, or cornucopias"
f7e98ee1e808dcc,What color are the croissant ice cream cones,golden-brown,the croissant ice cream cones are a golden-brown color
f7e98ee1e808dcc,How is one of the cones positioned on the plate,lies,the cone in the top right corner is positioned on its side
1747472deb3ca10,What color is the front center croquette,brown,"the front center croquette appears to be a mix of brown, dark brown, and gold"
1747472deb3ca10,What type of food is shown in the image,croquettes,the food shown in the image looks like fried croquettes
1747472deb3ca10,What color is the back croquette,dark,the back croquette is brown
1747472deb3ca10,Where are the croquettes placed,on a plate,the croquettes are placed on a plate
1747472deb3ca10,How are the croquettes positioned on the plate,arranged,the croquettes are positioned in a cluster on the plate
873396a9d5e4f00,How would you describe the croquettes,yummylicious,"the croquettes are golden brown, round, and appear to be breaded and fried. they are arranged on a wire rack placed on a foil-lined baking sheet"
873396a9d5e4f00,What type of food is shown in the image,croquettes,"the food shown in the image appears to be crab cakes or potato cakes. they are round, breaded, and have a fried or baked appearance"
873396a9d5e4f00,What color are the croquettes,golden,the croquettes are a golden brown color
873396a9d5e4f00,Where are the croquettes placed,on a silver metal rack,the croquettes are placed on a wire rack that is on top of a foil-lined baking sheet
873396a9d5e4f00,What color are the darker croquettes,brown,the darker croquettes appear to be a brown color
72ee70465299f12,What color is the plate,beige,the plate is beige
72ee70465299f12,What type of food is shown in the image,croquettes,the image shows crab cakes
72ee70465299f12,What color is the crust of the croquettes,golden brown,the crust of the croquettes appears to be a golden brown color
72ee70465299f12,Where are the croquettes resting,resting on the plate,the croquettes are resting on a plate
72ee70465299f12,Is the bottom croquette fully visible,yes,"no, the bottom croquette is not fully visible. a portion of it is obscured by the top croquette"
f72b411f57d390c,What type of dessert is shown in the image,pie,the dessert shown in the image is a berry crumble pie. it is served with a scoop of ice cream and garnished with mint
f72b411f57d390c,What color are the mint leaves,green,the mint leaves are green
f72b411f57d390c,What color is the ice cream next to the pie,off-white,the ice cream next to the pie is white
f72b411f57d390c,Where is the slice of berry crumble pie placed,on a white plate,the slice of berry crumble pie is placed on a white plate
8dcec925b92152d,What color are the raspberries in the bowl,red,the raspberries in the bowl appear to be red
8dcec925b92152d,What is the dessert served in,bowl,ramekin
8dcec925b92152d,What color are the peaches in the bowl,orange,the peaches in the bowl appear to be orange
8dcec925b92152d,How are the peaches and raspberries arranged in the bowl,mixed,the peaches and raspberries are mixed together in the bowl
8dcec925b92152d,Where is the crumble topping located in relation to the fruit,on top of,the crumble topping is located on top of the fruit
59b9dea4ab611ae,What color is the berry filling,red,the berry filling appears to be red
59b9dea4ab611ae,What is the dessert served in,bowl,the dessert is served in a bowl
59b9dea4ab611ae,Is the berry filling covered by the crumble topping,yes,"no, the berry filling is not completely covered by the crumble topping. some of the berry filling is visible"
59b9dea4ab611ae,What color is the crumble topping,golden-brown,the crumble topping is a light brown color
59b9dea4ab611ae,Where is the berry filling located,at the bottom,the berry filling is located at the bottom of the picture and around the crumble topping
92211a75310aaef,What type of dessert is shown in the image,pie,berry crumble pie
92211a75310aaef,What color are the raspberries in the pie filling,red,the raspberries in the pie filling appear to be a reddish-purple color
92211a75310aaef,Where is the pie filling located in relation to the crumble topping,beneath,the pie filling is located underneath the crumble topping
8f3db33916b0bc0,What is the color of the crunches in the top center of the image,brown,the crunches in the top center of the image are light brown or caramel colored
39bcc4756e74344,What color is the bowl containing the Berry Nut and Seed Crunch,green,the bowl is a light green color
39bcc4756e74344,How are the berries distributed in the bowl,scattered,the berries are evenly distributed throughout the granola in the bowl
39bcc4756e74344,What color are the nuts in the Berry Nut and Seed Crunch,brown,"based on the images, the nuts in the berry nut and seed crunch appear to be a mix of light brown and tan"
39bcc4756e74344,What type of fruit is scattered throughout the bowl,berries,cranberries
39bcc4756e74344,Where is the mixture of Berry Nut and Seed Crunch placed,atop,the mixture of berry nut and seed crunch is placed in a green bowl
286cb0fa3aefa9b,What color is the pie crust,golden-brown,the pie crust is a light golden-brown color
286cb0fa3aefa9b,What type of food is shown in the image,pie,the image shows an apple pie
286cb0fa3aefa9b,What pattern is formed by the pie crust across the top,lattice,the pie crust across the top forms a lattice pattern
286cb0fa3aefa9b,Where is the lattice pattern placed on the pie,across the entire top,the lattice pattern is placed on top of the filling of the pie
286cb0fa3aefa9b,What decorative elements are placed in the lower-center of the pie,leaves,leaves
71b37d19149e978,What color is the pie crust,yellow,the pie crust is a light tan or beige color
71b37d19149e978,What type of food is shown in the image,pie,the image shows a pie crust
71b37d19149e978,What part of the pie is in the dish,crust,the pie crust is in the dish
71b37d19149e978,How is the edge of the pie crust described,crimped,the edge of the pie crust appears crimped
71b37d19149e978,Where is the pie crust located in the image,in the center,the pie crust is in a pie pan on a dark surface
79863139fcf71cc,What color is the pie crust,golden,the pie crust is light golden brown
79863139fcf71cc,What type of food is shown in the image,pie,the image shows a cherry pie
79863139fcf71cc,What color is the filling of the pie,red,the filling of the pie appears to be red
79863139fcf71cc,What color are the lattice strips on the pie,tan,the lattice strips on the pie are a light golden-brown color
54b457d0076dc63,What is the melted cheese doing on the side of the crust,dripping,the cheese melted over the crust as it was cooking
54b457d0076dc63,What color is the premium pizza crust,tan,the premium pizza crust is beige/golden brown
54b457d0076dc63,What word describes the quality of the pizza crust,premium,crusty
54b457d0076dc63,What is the melted ingredient on the pizza,cheese,cheese
54b457d0076dc63,Where is the crust positioned in the image,in the lower portion,the crust is positioned around the edge of the pizza
36e9730c7ccff02,What color are the Persian cucumbers on the inside,green,the insides of the persian cucumbers appear to be a light green color
36e9730c7ccff02,What type of vegetable is mixed with the yogurt in the image,cucumbers,cucumber
36e9730c7ccff02,What color is the yogurt in the image,white,the yogurt in the image is white
36e9730c7ccff02,What is the texture of the yogurt in the image,creamy,the yogurt in the image appears to have a smooth and creamy texture
36e9730c7ccff02,Where are the cucumber pieces distributed in the image,throughout the image,"the cucumber pieces are distributed throughout the image, mixed in with the sauce"
1750d80b96e62ce,What color is the plate used for the salad,white,the plate is white
1750d80b96e62ce,What type of dish is being described in the image,salad,the dish in the image is caprese salad
1750d80b96e62ce,What color are the tomato slices in the salad,red,the tomato slices in the salad are red
1750d80b96e62ce,Where is the salad placed,on a plate,"the salad is placed on a white tray, which is then placed on a wooden surface"
1750d80b96e62ce,What color are the basil leaves in the salad,green,the basil leaves in the salad are green
0f170af0c72067e,What color are the cucumber slices,green,the cucumber slices are green
0f170af0c72067e,What type of dish is shown in the image,salad,the dish appears to be a cucumber salad with onions and green peppers
0f170af0c72067e,Are the seeds in the cucumber slices visible,visible,"yes, the seeds are visible in the cucumber slices"
0f170af0c72067e,What color are the onion slices,white,the onion slices are white
0f170af0c72067e,Where are the salad components placed,inside a transparent bowl,the salad components are placed in a bowl
b268dae475851c9,What color are the cucumbers,green,the cucumbers are green
b268dae475851c9,What vegetable is being described,cucumbers,cucumber
b268dae475851c9,How are the cucumbers cut,sliced,the cucumbers are sliced into rounds
b268dae475851c9,Where are the small brown specks located,on their surfaces,the small brown specks are on the cucumber slices
cd9183721a494fa,How would you describe the cucumbers in the bowl,fresh,"the cucumbers in the bowl appear to be thinly sliced, with a light green flesh and a darker green skin. they seem to be immersed in some kind of liquid, possibly water or a pickling brine, giving them a glossy or wet appearance. the slices are arranged densely in the bowl"
cd9183721a494fa,What type of vegetable is shown in the image,cucumbers,the image shows cucumbers
cd9183721a494fa,What color is the outer skin of the cucumber slices,green,the outer skin of the cucumber slices is green
cd9183721a494fa,How are the cucumber slices arranged in the bowl,overlapping,"the cucumber slices are arranged somewhat haphazardly in the bowl, stacked and overlapping each other"
cfcc90df3d3057d,What color is the margarita liquid,yellow,the margarita liquid appears to be a pale yellow or a light green color
cfcc90df3d3057d,What type of drink is shown,margaritas,"based on the image, the drink appears to be a margarita, possibly a cucumber margarita due to the cucumber garnish. the glasses are rimmed with salt, a common characteristic of margaritas"
cfcc90df3d3057d,What color is the placemat,white,the placemat is white
cfcc90df3d3057d,What vegetable is used as a garnish,cucumber,cucumber
cfcc90df3d3057d,Where are the cucumber slices placed,on the rim,the cucumber slices are placed on the rims of the martini glasses
3aa798519a72bac,What color is the whole cucumber,green,the cucumber is green
3aa798519a72bac,What vegetable is lying on the left side of the image,cucumber,the vegetable on the left side of the image is a cucumber
3aa798519a72bac,What type of surface are all the items placed on,wooden,the items are placed on a wooden surface. it appears to be a cutting board
ac0f7b09bbfb88a,What type of vegetable is used in the dish,cucumbers,the vegetable used in the dish appears to be cucumber
ac0f7b09bbfb88a,What do the cucumbers do in the bowl,fill,the cucumbers are arranged in a bowl and topped with sesame seeds
ac0f7b09bbfb88a,What color are the sesame seeds,white,the sesame seeds are white
ac0f7b09bbfb88a,Where are the cucumbers placed,in a shallow bowl,the cucumbers are placed in a bowl
bd4d9d9c7ff359f,What color is the surface the walnut cups are placed on,white,the surface the walnut cups are placed on is white
bd4d9d9c7ff359f,What color is the crust of the walnut cups,golden-brown,the crust of the walnut cups is a light golden brown color
bd4d9d9c7ff359f,Where are the walnut cups placed,on a white surface,the walnut cups are placed on a white plate
a2269fe475bbdeb,What color is the plate in the foreground,pink,the plate in the foreground is pink
a2269fe475bbdeb,What color is the base of the cupcake,reddish-brown,the base of the cupcake is in a light brown cupcake holder
a2269fe475bbdeb,What type of dessert is shown in the image,cupcake,the image shows cupcakes with chocolate frosting
a2269fe475bbdeb,Where is the single cupcake placed,on the plate,the single cupcake is placed on a pink plate
a72579744b544da,What color is the mango-lime curd,yellow,the mango-lime curd is yellow
a72579744b544da,What is the name of the food in the glass dessert dish,curd,"it is difficult to ascertain exactly what is in the dish, but given the color and texture, it looks like mango mousse or pudding"
a72579744b544da,What type of dish is the mango-lime curd in,glass,the mango-lime curd is in a footed dessert dish
a72579744b544da,Where is the spoon in relation to the curd,submerged inside,the spoon is inside the curd
a72579744b544da,What is the texture of the mango-lime curd,smooth,the mango-lime curd appears to have a smooth and creamy texture
21d55487638b1d9,What is the main dish in the image,curry,the main dish is a curry
21d55487638b1d9,What color is the bowl,white,the bowl is white
21d55487638b1d9,What color is the curry in certain areas,golden-brown,"the curry in the image is generally a yellowish-brown color, but some areas appear more reddish or orange"
21d55487638b1d9,Where are the green onions located,on top of,the green onions are located in the center of the bowl of curry
b0ca546137615ee,What is the buttercream doing to the cake,covering,the buttercream is decorating the cake with rose-shaped swirls
b0ca546137615ee,What is the dessert in the image,cake,the dessert in the image is a cake with pink rose icing
b0ca546137615ee,What do the piped patterns resemble,roses,the piped patterns resemble roses
b0ca546137615ee,How are the piped patterns arranged,swirling,the piped patterns are arranged in rose shapes covering the entire surface
b0ca546137615ee,Where are the roses covering the cake,over the entire surface,the roses are covering the entire top surface of the cake
3bde60851fad917,What color is the frozen custard,yellow,the frozen custard is a light yellow color
3bde60851fad917,What type of dessert is shown in the image,custard,the dessert in the image is ice cream
3bde60851fad917,Where is the spoon inserted,into the custard,the spoon is inserted into the ice cream
938c91ef3f2cc96,What color is the baked pumpkin custard,orange-brown,the baked pumpkin custard is a light brown/orange color
938c91ef3f2cc96,What type of dessert is in the bowl,custard,"based on the image, the dessert in the bowl appears to be pumpkin pudding or custard. it has a smooth, creamy texture and is topped with whipped cream and a sprinkle of spice, likely cinnamon or nutmeg"
938c91ef3f2cc96,What does the custard do to the bowl,fills,the custard fills the bowl
938c91ef3f2cc96,What color is the whipped cream,white,the whipped cream is white
938c91ef3f2cc96,Where is the bowl placed,on the plate,the bowl is placed on a plate
d72be19d8c5e314,What color are the chicken breast cutlets,pale,the chicken breast cutlets appear to be a light tan or off-white color
d72be19d8c5e314,What type of meat is being served,chicken,chicken is being served
d72be19d8c5e314,What color are the capers,brown,the capers are green
d72be19d8c5e314,Where are the sun-dried tomatoes placed,on top,the sun-dried tomatoes are scattered throughout the dish
d72be19d8c5e314,What color is the plate,red,the plate is red
f9b928117774fd5,What is the color of the Daiquiri,white,"the daiquiri in the picture appears to be a light, almost translucent white"
cc2e00dd885336d,What is the dal doing to the Chakolya pieces,immersing,the dal is covering the chakolya pieces
cc2e00dd885336d,What color are the spices in the dish,dark,the spices appear to be brown and black
cc2e00dd885336d,What are the small dark items scattered throughout the dish,spices,"the small dark items scattered throughout the dish appear to be spices, potentially cumin seeds or mustard seeds"
cc2e00dd885336d,Where are the Chakolya pieces scattered,across the bowl,the chakolya pieces are scattered in the bowl
7c96df80891e3e6,What fruit is used in the danish filling,raspberry,the fruit used in the danish filling appears to be raspberries
7c96df80891e3e6,What color is the crust of the pastry,golden-brown,the crust of the pastry is a golden-brown color
7c96df80891e3e6,Where is the raspberry danish placed,plate,the raspberry danish is placed on a plate
7c96df80891e3e6,What color is the raspberry filling,red,the raspberry filling is red
7c96df80891e3e6,Where are the pieces of raspberry danish located,on a plate,the raspberry danish pieces are on a plate
f6fd1014d1b13e4,What type of dessert is shown in the image,turkish delight,the dessert shown in the image is candied ginger
f6fd1014d1b13e4,What is covering many of the Turkish Delight pieces,coated,the turkish delight pieces are covered in powdered sugar
f6fd1014d1b13e4,What color is the powder coating the Turkish Delight pieces,white,the powder coating on the turkish delight pieces is white
f6fd1014d1b13e4,How are the Turkish Delight pieces arranged in the frame,scattered,the turkish delight pieces appear to be arranged randomly
f6fd1014d1b13e4,Where are the Turkish Delight pieces placed in the image,across the frame,"the turkish delight pieces are placed next to each other, seemingly touching. they appear to be arranged in a somewhat random fashion"
00c972776282f93,What type of food is the image showing,dessert,strawberry shortcake dessert
00c972776282f93,What is the fork doing to the dessert,taking,the fork is cutting into the dessert
00c972776282f93,What color is the plate under the dessert,white,the plate under the dessert is white
00c972776282f93,Where are the strawberries positioned in the dessert,on top,the strawberries are positioned on top of the dessert
00c972776282f93,What is the texture of the red sauce on the strawberries,glossy,the red sauce on the strawberries appears to be glossy and smooth
e493d73bc9d382e,What cooking method was used to prepare the dip,baking,the dip was baked in an oven
e493d73bc9d382e,What is the predominant color of the dip,yellow,yellow
e493d73bc9d382e,What is the texture of the cheese in the dip,melted,"based on the image, the cheese in the dip appears to have a melted and bubbly texture"
e493d73bc9d382e,What type of dish is the dip served in,in a clear glass,the dip is served in a glass dish
543a807478f983f,What is the black bean dip doing in the bowl,filling,the black bean dip is sitting in the bowl
543a807478f983f,What type of dip is shown in the image,bean,the dip in the image appears to be black bean dip
543a807478f983f,What color is the black bean dip,brown-black,the black bean dip is dark brown or greyish-brown with flecks of black
543a807478f983f,Where is the bowl of black bean dip located in the image,in the center-left,the bowl of black bean dip is in the center of the image
adfb72af7a0bd14,What color is the base layer of the Chunky Pizza Dip,white,the base layer of the chunky pizza dip appears to be white
adfb72af7a0bd14,What type of dish is the Chunky Pizza Dip,pizza,the dish is a dip
adfb72af7a0bd14,What color are the pepperoni slices on the Chunky Pizza Dip,red,the pepperoni slices are red
adfb72af7a0bd14,Where are the toppings scattered on the Chunky Pizza Dip,across the surface,the toppings are scattered across the top of the dip
adfb72af7a0bd14,What color are the chives used as garnish on the Chunky Pizza Dip,green,the chives are green
e4ae0db95c78dcd,What color is the top corn dog,golden-brown,the top corn dog is tan and reddish brown
e4ae0db95c78dcd,What type of food is shown in the image,corn dogs,corn dogs
e4ae0db95c78dcd,What color is the sausage inside the second corn dog,reddish-brown,the sausage inside the second corn dog appears to be red
e4ae0db95c78dcd,Where are the corn dogs placed,on a white plate,the corn dogs are placed on a white plate
b22014db168d51d,What is the main flavor of the donuts,chocolate,the main flavor of the donuts appears to be chocolate
b22014db168d51d,What type of pastry is shown in the image,donuts,the pastry shown in the image is a donut
b22014db168d51d,What color is the glaze on the donuts,brown,the glaze on the donuts is brown
b22014db168d51d,Where is the partially visible donut located in the image,in the bottom left,the partially visible donut is located at the bottom left corner of the image
411cfea46839757,What color is the plate,white,the plate is white
411cfea46839757,What type of food is shown in the image,pierogi,the food shown in the image is pierogi
411cfea46839757,What color are the pierogi dough pieces,beige,the pierogi dough pieces are a light tan color
411cfea46839757,Where are the pierogi dough pieces placed,on plate,the pierogi dough pieces are placed on a white plate
411cfea46839757,Are the pierogi dough pieces fried,fried,"based on the image, the pierogi dough pieces do not appear to be fried. they have a smooth, pale surface, which is typical of boiled or steamed pierogi. fried pierogi usually have a golden-brown, crispy appearance"
69e1e4ce9be4696,What color is the doughnut at the bottom of the stack,brown,the doughnut at the bottom of the stack is cinnamon
69e1e4ce9be4696,What type of food is shown in the image,doughnuts,the image shows donuts
69e1e4ce9be4696,What color is the doughnut to the upper-left of the bottom doughnut,yellow,the doughnut to the upper-left of the bottom doughnut is white
69e1e4ce9be4696,How are the doughnuts arranged on the plate,stacked,the donuts are arranged in a pile
69e1e4ce9be4696,Where is the doughnut at the top positioned,on top of,the doughnut at the top is positioned on top of two other doughnuts
4a6f40639aa4853,What type of food is shown in the image,doughnuts,donuts
4a6f40639aa4853,What color is the powdered sugar on the doughnuts,white,the powdered sugar on the doughnuts is white
4a6f40639aa4853,Where is the vibrant red doughnut located,in the center,the vibrant red doughnut is located in the center of the image
83c156078f10e36,What color is the doughnuts' hue,orange-brown,the doughnuts' hue is brown
83c156078f10e36,What type of food is shown,doughnuts,donuts
83c156078f10e36,What flavor are the doughnuts,maple,"based on the color and appearance, they are likely pumpkin spice donuts"
83c156078f10e36,What color are the mint leaves,green,the mint leaves are green
09cff0d234fbcde,What flavor are the doughnuts,vanilla,the doughnuts appear to be coconut flavored
09cff0d234fbcde,What color is the doughnut in the front,tan,the doughnut in the front is light brown with a white coconut topping
09cff0d234fbcde,Where is the doughnut in the front located in the frame,in the front,the doughnut in the front is located on the left side of the frame
69bd3096ba5c8f0,What type of food is the dressing used for,salad,salad
69bd3096ba5c8f0,What is the quality of the salad dressing described as,best,"based on the image, it's not possible to determine the quality of the salad dressing. the image only shows the appearance of the dressing"
69bd3096ba5c8f0,What color is the bottom portion of the dressing,brownish,the bottom portion of the dressing is a dark reddish-brown color
69bd3096ba5c8f0,What color are the small particles in the dressing,black,the small particles in the dressing appear to be dark green or black
69bd3096ba5c8f0,Where is the glass carafe located in the image,in the lower-left corner,the glass carafe is located in the lower left of the image
e06318f6d8379da,What color is the salad dressing,orange,the salad dressing is orange
e06318f6d8379da,What type of dish is shown in the image,salad,the dish shown in the image is a salad
e06318f6d8379da,How is the salad dressing applied to the salad,drizzled,the salad dressing is drizzled over the salad
e06318f6d8379da,Where is the salad dressing mostly concentrated,top of the salad,the salad dressing is mostly concentrated on top of the salad
e06318f6d8379da,What is one of the main ingredients in the salad,lettuce,lettuce is one of the main ingredients in the salad
fef5d8957367c9c,What color is the bowl,white,the bowl is white
fef5d8957367c9c,What is the wasabi salad dressing served in,bowl,"the wasabi salad dressing is served in a small, white ramekin"
fef5d8957367c9c,What color is the wasabi salad dressing,brown,the wasabi salad dressing is brown
fef5d8957367c9c,What is the main ingredient in the salad dressing,wasabi,"based on the image, the main ingredient in the salad dressing is likely a vinaigrette. it has a brown hue"
fef5d8957367c9c,Where is the white bowl positioned in the image,towards the upper-right,the white bowl is positioned at the top right of the image
6dc09e0f572307d,What color is the Dorothy Lynch Style Salad Dressing,orange-red,the dorothy lynch style salad dressing in the image appears to be orange
6dc09e0f572307d,What does the Dorothy Lynch Style Salad Dressing do to the pitcher,fills,the dorothy lynch style salad dressing fills the pitcher
6dc09e0f572307d,What is the container for the Dorothy Lynch Style Salad Dressing,pitcher,the dorothy lynch style salad dressing is in a clear glass pitcher
6dc09e0f572307d,What color is the surface under the pitcher,white,white
6dc09e0f572307d,Where are the green leaves located relative to the pitcher,to the bottom left,the green leaves are located to the left of the pitcher
2c45c0f2dbad7eb,What color is the bottom layer of the dressing,yellow,the bottom layer of the dressing is beige
2c45c0f2dbad7eb,What type of container is the dressing stored in,jar,the dressing is stored in a glass jar
2c45c0f2dbad7eb,What is the texture of the bottom layer of the dressing,creamy,the bottom layer of the dressing appears to have a pulpy or textured consistency
2c45c0f2dbad7eb,What color is the top layer of the dressing,greenish,the top layer of the dressing appears to be a pale yellow color
2c45c0f2dbad7eb,Where is the jar of dressing placed,on a red surface,the jar of dressing is placed on a red cutting board
5d5b67e2f56a8dc,What is the texture of the drumsticks' skin,crispy,the drumsticks' skin appears to be slightly crispy and browned
5d5b67e2f56a8dc,What part of the chicken is shown in the image,drumsticks,the image shows chicken drumsticks
5d5b67e2f56a8dc,What color is the plate,white,the plate is white
5d5b67e2f56a8dc,What color is the checkered cloth in the background,blue,the checkered cloth in the background is blue and white
5d5b67e2f56a8dc,Where are the drumsticks placed,on a plate,the drumsticks are placed on a white square plate
5d7534e55a162f9,What is the purpose of the plate in the image,decorative,the plate is being used to hold and serve the cooked meat (likely rabbit or poultry)
5d7534e55a162f9,What type of meat is shown in the image,drumsticks,rabbit meat
5d7534e55a162f9,What color is the drumstick on the left,pinkish-tan,the drumstick on the left appears to be a pale brown/tan color with some dark specks
5d7534e55a162f9,Where is the first drumstick positioned,on the left,the first drumstick is located on the left of the image
5d7534e55a162f9,What color are the sage leaves,green,the sage leaves are green
64323bbbf31a300,What color is the duck,pink,the duck appears to be pink in color
64323bbbf31a300,What type of meat is shown,duck,the meat shown is likely turkey
64323bbbf31a300,How is the duck prepared,sliced,"based on the image, the duck appears to be roasted with crispy skin. it is also sliced"
64323bbbf31a300,What color is the apple dressing,yellow,the apple dressing appears to be yellowish-tan with some green pieces (likely celery or herbs) and some white pieces
64323bbbf31a300,Where is the small ball of dressing located,to the left,"the small ball of dressing is located on the left side of the image, above the meat"
ab19ecd247fdabc,What is the name of the dish in the center of the plate,duck adobo,the dish in the center of the plate appears to be pork chops with onions and gravy
ab19ecd247fdabc,What is the glossy sauce doing to the rice,covering,the glossy sauce is soaking into the rice
ab19ecd247fdabc,What color is the rice under the Duck Adobo,white,the rice under the duck adobo is white
ab19ecd247fdabc,How does the sauce on the Duck Adobo appear,glossy,"the sauce on the duck adobo appears to be a dark brown color, thick, and slightly shiny. it has onions cooked into the sauce"
ab19ecd247fdabc,Where is the Duck Adobo located on the plate,in the center,"the duck adobo is on the lower portion of the plate, next to the white rice"
08ca42fdeb64a9b,What color is the skin of the roasted duck,brown,the skin of the roasted duck appears to be golden brown
08ca42fdeb64a9b,What type of meat is being served,duck,the meat being served is turkey
08ca42fdeb64a9b,How would you describe the texture of the duck skin,crispy,"the duck skin appears to be crispy and golden brown, with a slightly rough texture"
08ca42fdeb64a9b,What color are the rosemary leaves,green,the rosemary leaves are green
08ca42fdeb64a9b,Where is the roasted duck presented,on an oval platter,the roasted duck is presented on a white platter
e0039d104925b12,What color are the dumplings,golden-brown,the dumplings are brown
e0039d104925b12,What type of food is shown in the image,dumplings,the food in the image appears to be monkey bread
e0039d104925b12,What material is the baking pan made of,metal,"the baking pan appears to be made of metal, specifically, likely aluminum or stainless steel"
e0039d104925b12,Where are the dumplings arranged,in a metal baking pan,the dumplings are arranged in a baking pan
e0039d104925b12,What color is the syrupy liquid,amber,the syrupy liquid appears to be a golden brown color
703a17269805495,What color is the yolk of the foremost egg slice,yellow,yellow
703a17269805495,What is the main ingredient of the slices,egg,egg
703a17269805495,Where are the small brown and red flecks located,sprinkled on,they are located on the food item
703a17269805495,What color is the white ring around the yolk,white,the white ring around the yolk is white
703a17269805495,What is the appearance of the white ring around the yolk,translucent,the white ring appears cooked and slightly browned in places
c8a87f40f3b57c4,What color is the outer layer of the Scotch eggs,golden-brown,the outer layer of the scotch eggs is brownish
c8a87f40f3b57c4,What is inside the sausage meat layer of the Scotch eggs,eggs,a hard-boiled egg is inside the sausage meat layer of the scotch eggs
c8a87f40f3b57c4,What color is the outer layer of the hard-boiled egg,white,the outer layer is brown with visible pieces or grains
c8a87f40f3b57c4,Where are the Scotch eggs placed,on a plate,the scotch eggs are placed on a white plate
c8a87f40f3b57c4,What color is the yolk of the hard-boiled egg,yellow,the yolk of the hard-boiled egg is yellow
e7b97785c0393ba,What color is the surface of the French toast,golden-brown,the surface of the french toast appears to be golden brown
e7b97785c0393ba,What type of French toast is shown in the image,eggnog,"based on the image, the french toast appears to be a standard type of french toast, likely made with a thick bread like brioche or challah. it is topped with powdered sugar and syrup"
e7b97785c0393ba,What color is the surface the plate is on,white,"the surface the plate is on appears to be a light gray with subtle marbling or variations in tone, similar to a marble or stone countertop"
e7b97785c0393ba,Where is the white powder located,on top,the white powder is located on the french toast
e7b97785c0393ba,What is pooled around the base of the French toast,syrup,the image shows syrup pooled around the base of the french toast
a61dbb321d47ac1,What shape are the eggplant balls,round,the eggplant balls are round
a61dbb321d47ac1,What type of vegetable are the balls made of,eggplant,"based on the image, the balls are made of eggplant"
a61dbb321d47ac1,What color is the cheese sprinkled on the eggplant balls,white,the cheese sprinkled on the eggplant balls is white
a61dbb321d47ac1,Where is one of the eggplant balls located in the image,in the top-center,the eggplant ball is in the bowl on top of the pasta and sauce
ee13d5a702f7c8f,What vegetable is used to make the rollatini,eggplant,the vegetable used to make rollatini is eggplant
ee13d5a702f7c8f,What color is the tomato sauce,red,the tomato sauce is red
ee13d5a702f7c8f,Where is the tomato sauce located,on top of,the tomato sauce is on the pasta and on top of the rolls
21a17e4674852b9,What color is the top empanada,golden-brown,the top empanada appears to be a light golden-brown color
21a17e4674852b9,What type of food is shown in the image,empanada,the food shown in the image appears to be empanadas
21a17e4674852b9,What color is the plate or napkin,white,the napkin is white with pink flowers
21a17e4674852b9,Where is the empanada on the right edge placed,on a patterned napkin,the empanada on the right edge is placed on a floral patterned cloth
ad588d1b60cf200,What is the texture of the enchiladas,creamy,"the enchiladas appear to have a combination of textures. the cheese looks melted and possibly bubbly in some areas. the tomatoes and cilantro add a fresh, potentially crisp or juicy texture. overall, it seems like a mix of soft, melted cheese with fresh toppings"
ad588d1b60cf200,What color are the enchiladas,yellow,"the enchiladas appear to be a mixture of red, yellow, and white colors, owing to the enchilada sauce, cheese, and toppings respectively"
ad588d1b60cf200,Where are the diced tomatoes located,scattered across,the diced tomatoes are on top of the food
ad588d1b60cf200,What color are the diced tomatoes,red,the diced tomatoes appear to be red
ad588d1b60cf200,Where does the reddish sauce appear,peeks,the reddish sauce appears underneath the cheese and other toppings
88b5d3061ab9e04,What color is the majority of the popcorn,white,the majority of the popcorn is white
88b5d3061ab9e04,What type of food is shown in the image,popcorn,popcorn
88b5d3061ab9e04,Is the popcorn spilling out of the container,spilling out,"yes, popcorn is spilling out of the container"
88b5d3061ab9e04,What color are some of the darker popcorn pieces,brown,the darker popcorn pieces are brown
88b5d3061ab9e04,Is the popcorn cup tilted to one side,tilted,"yes, the popcorn cup is tilted to one side"
6f5bf99a67539bb,What color is some of the popcorn,red,the popcorn is red and green
6f5bf99a67539bb,What type of food is shown in the image,popcorn,the food in the image is popcorn
6f5bf99a67539bb,What flavor does the popcorn suggest,peppermint,"the popcorn appears to be red and green, suggesting a christmas or holiday theme. it could be flavored with cherry and lime, or peppermint and lime"
6f5bf99a67539bb,What is the bowl made of,glass,the bowl appears to be made of glass
6f5bf99a67539bb,Where is the popcorn located,in a bowl,the popcorn is in the bowl
4209d484eabbd49,What color is the bowl,blue,the bowl is light blue
4209d484eabbd49,What is the popcorn served in,bowl,the popcorn is served in a blue bowl
4209d484eabbd49,What is the primary color of the popcorn,white,the primary color of the popcorn is white
9fa6ee09dafbefd,What type of diet do these jalapeño poppers cater to,keto,keto
9fa6ee09dafbefd,What are the jalapeño poppers called,poppers,the jalapeño poppers in the image are bacon-wrapped
9fa6ee09dafbefd,What color are the jalapeños,green,green
9fa6ee09dafbefd,What color is the filling inside the jalapeño poppers,white,the filling inside the jalapeño poppers appears to be a cream or off-white color
9fa6ee09dafbefd,Where are the jalapeño poppers placed,on a black metal rack,the jalapeño poppers are placed in an air fryer
f10fc233eb96b8e,What color is the bowl holding the poppers,gray,the bowl holding the poppers is a dark grey
f10fc233eb96b8e,What type of food is shown in the image,poppers,"the image shows jalapeño poppers that are decorated to look like mummies with googly eyes, likely for a halloween-themed event"
f10fc233eb96b8e,How are the poppers presented,wrapped,the poppers are presented as mummys in a bowl with googly eyes
f10fc233eb96b8e,What color are the stems of some jalapenos,green,the stems of some of the jalapenos are brown
5870b784e4b8bbc,What color are the jalapeños,green,the jalapeños are green
5870b784e4b8bbc,What type of pepper is used in the poppers,jalapeño,"based on the image, the pepper used in the poppers is most likely a **jalapeño pepper**"
5870b784e4b8bbc,What is wrapped around the jalapeños,bacon,bacon is wrapped around the jalapeños
5870b784e4b8bbc,Where are the jalapeño poppers placed,on a white plate,the jalapeño poppers are placed on a white plate
5870b784e4b8bbc,How does the bacon appear,crisp,the bacon appears wrapped around something. in some parts the bacon has a fried look
964fde4c4f698ab,What color are the jalapeño poppers,green,the jalapeño poppers are green
964fde4c4f698ab,What type of food is shown in the image,poppers,the image shows stuffed jalapeno peppers
964fde4c4f698ab,What is the filling inside the jalapeño poppers,cream cheese,the filling inside the jalapeño poppers is likely cream cheese. it is topped with shredded cheese and breadcrumbs
964fde4c4f698ab,What color is the shredded cheese on top of the cream cheese,orange,the shredded cheese on top of the cream cheese appears to be orange in color
0d41621d7097dac,What color are the butternut squash chunks,white,the butternut squash chunks appear to be orange
0d41621d7097dac,What type of meat is mixed with the posole,chicken,"based on the images, it looks like chicken is mixed with the posole"
0d41621d7097dac,What color are the butternut squash chunks,orange,the butternut squash chunks are orange
0d41621d7097dac,Where are the parsley leaves and shredded cheese placed,on top,the parsley leaves and shredded cheese are placed in the soup
0d41621d7097dac,What color is the tortilla,brown,the tortilla is a light brown or tan color
168e13ac82b3814,What color are the mashed potatoes,light,the mashed potatoes are a light beige or tan color
168e13ac82b3814,What is the main ingredient in the dish,potatoes,creamy porridge
168e13ac82b3814,What color is the bowl,black,black
168e13ac82b3814,Where is the green leaf located,at the center,the green leaf is in the middle of the bowl of food
b99d79351a4c043,What is the main ingredient in the dish,potatoes,potatoes
b99d79351a4c043,What color are the potatoes,brown,the potatoes are brown or reddish-brown. some have a yellow hue
b99d79351a4c043,What color is the sauce coating the potatoes,reddish-brown,the sauce is a dark brown color
b99d79351a4c043,What is the texture of the sauce on the potatoes,coated,the sauce on the potatoes appears to be glossy
b99d79351a4c043,Where are the potatoes placed,on the plate,the potatoes are placed in a bowl
9f45ef995126187,What color are the air fryer breakfast potatoes,yellow,"the air fryer breakfast potatoes are mostly a light yellow/tan color, with some browning in spots"
9f45ef995126187,What type of food are the air fryer breakfast potatoes,potatoes,the air fryer breakfast potatoes are a type of potato dish
9f45ef995126187,How are the edges of the air fryer breakfast potatoes described,crispy,the edges of the air fryer breakfast potatoes appear to be slightly crisp and browned
9f45ef995126187,What utensil is placed on the left of the air fryer breakfast potatoes,fork,the utensil to the left of the air fryer breakfast potatoes is a fork
9f45ef995126187,Where is the fork placed in relation to the air fryer breakfast potatoes,on the left,the fork is located to the left of the breakfast potatoes
96e156d64e6fb9f,What type of seasoning is used on the potatoes,spiced,"it is difficult to determine the exact seasoning used on the potatoes from the image. however, it appears there is a dark-colored seasoning present. without more information, i cannot definitively say what specific seasoning was used"
96e156d64e6fb9f,What is the main ingredient in the dish,potatoes,potatoes
96e156d64e6fb9f,What color are the potatoes,yellowish-tan,"the potatoes are a light tan or yellowish color, with darker browned spots"
96e156d64e6fb9f,Where are the potatoes located in the image,across the entire image,the potatoes are spread throughout the inside of the glass dish in the image
96e156d64e6fb9f,What color are some of the potato pieces due to the spices,brown,some of the potato pieces are brownish due to the spices
2b756defc8abb5d,What type of vegetable is shown in the image,potato,the image shows potato wedges
2b756defc8abb5d,What color are the potato wedges,yellow,the potato wedges are golden-brown on the outside and white/yellow on the inside
2b756defc8abb5d,How are the parsley leaves arranged in the dish,scattered,the parsley leaves are sprinkled on top of the dish
2b756defc8abb5d,What cooking method gives the potato wedges a deeper brown color,roasting,baking or frying at high temperatures
2b756defc8abb5d,Where are the potato wedges located,in the dish,the potato wedges are on a wooden cutting board
27c2a182df0a9c5,What color is the crust of the potato on the left,brown,the crust of the potato on the left is brown
27c2a182df0a9c5,What is the main ingredient in the dish,potatoes,potato
27c2a182df0a9c5,What color are the herbs on top of the potatoes,green,the herbs on top of the potatoes are green
27c2a182df0a9c5,Where are the green herbs located,on top,"the green herbs are located on top of the baked potato halves, and on the white plate around them"
27c2a182df0a9c5,What pattern is visible on the backdrop,checkered,the backdrop has a red and white checkered pattern
594dddaf6053392,What color is the base of the pralines,light brown,"the base of the pralines appears to be a light brown, almost caramel color"
594dddaf6053392,What type of food is scattered on the plate,pralines,pecan pralines
594dddaf6053392,What color are the pecans on top of the pralines,reddish-brown,the pecans on top of the pralines are a reddish-brown color
594dddaf6053392,Where are the pralines placed,on a plate,the pralines are placed on a white plate with blue checkered patterns. a blue checkered cloth is partially visible underneath the plate
594dddaf6053392,Is the small portion of the praline at the top right corner visible,visible,"yes, a small portion of a praline is visible at the top right corner of the image"
f752fd3ed5939df,What color is the plate,white,the plate is white
f752fd3ed5939df,What type of seafood is shown in the image,prawns,the seafood shown in the image is shrimp
f752fd3ed5939df,What color are the prawn tails,orange-brown,the prawn tails are orange
f752fd3ed5939df,Where are the prawns placed,on a plate,the prawns are placed on a white rectangular plate
d1e6cc204da0a91,What is the base color of the pudding,beige,the base color of the pudding appears to be beige or light brown
d1e6cc204da0a91,What is the name of the dessert in the image,pudding,"based on the appearance, the dessert in the image looks like tiramisu"
d1e6cc204da0a91,What spice is sprinkled on top of the pudding,cinnamon,cinnamon
d1e6cc204da0a91,What color is the cinnamon on top of the pudding,brown,the cinnamon on top of the pudding is a light brown color
547d8a5e2a6c1c7,What is the primary color of the pudding,golden-yellow,yellow
547d8a5e2a6c1c7,What type of dish is shown in the image,pudding,the dish in the image appears to be corn casserole
547d8a5e2a6c1c7,What is the texture of the custard-like substance,creamy,"the custard-like substance appears to have a smooth, creamy texture"
547d8a5e2a6c1c7,Where is the pudding placed,on a white plate,the pudding is placed on a plate
547d8a5e2a6c1c7,What ingredient is visible within the pudding,corn,corn is visible within the pudding
5101ecc1b650286,What color is the plate,white,the plate is white
5101ecc1b650286,What color is the bun's outer shell,tan,the bun's outer shell is a light golden-brown color
5101ecc1b650286,What is the pale yellow part of the bun,filling,the pale yellow part of the bun is the cream filling
5101ecc1b650286,How does the bun's outer shell appear,cracked,"the bun's outer shell appears crisp, uneven and slightly cracked"
5101ecc1b650286,Where are the crumbs located,to the left,"the crumbs are located on the plate, near the left of the picture"
655048ef177156b,What color is the base of each loaf,yellow,the base of each loaf is light yellow
655048ef177156b,What are the baked goods in the image called,loaves,the baked goods in the image appear to be marble loaf cakes or breads
655048ef177156b,What color is the swirl on top of each loaf,brown,the swirl on top of each loaf is brown
655048ef177156b,Where is the brown swirl located on each loaf,on top,the brown swirl is located on the top of each loaf
655048ef177156b,What is the appearance of each loaf described as,mottled,"each loaf appears to have a marbled appearance, with a mix of light and dark brown colors on top. they are all baked in rectangular loaf pans"
3a3da3679ddc0e2,What color is the pumpkin puree,orange,the pumpkin puree is orange
3a3da3679ddc0e2,What is the pumpkin puree served in,bowl,the pumpkin puree is served in a white bowl with a decorative rim
3a3da3679ddc0e2,Does the pumpkin puree fill the bowl,fills,"yes, the pumpkin puree fills the bowl"
3a3da3679ddc0e2,Is the pumpkin puree thick,thick,"the pumpkin puree appears to be fairly thick, though there is some liquid present at the edges"
3a3da3679ddc0e2,Where is the pumpkin puree mounded,in the center,the pumpkin puree is mounded in the bowl
15ce12b2011c706,What color is the bowl,white,the bowl is white
15ce12b2011c706,What is the first container,bowl,the first container is the white bowl with feet
15ce12b2011c706,What color is the liquid in the white bowl,beige,white
15ce12b2011c706,Where is the transparent bathtub-shaped glass located,at the bottom,the transparent bathtub-shaped glass is located on the lower right of the image
a1f27fd1ff6d6de,What material are the glasses made of,glasses,the glasses appear to be made of glass
a1f27fd1ff6d6de,What is the board made of,wooden,the board is made of wood
a1f27fd1ff6d6de,What color are the lime slices,green,the lime slices are green and yellow
a1f27fd1ff6d6de,Where are the glasses placed,on a wooden board,the glasses are placed on orange napkins on a wooden cutting board
8b85ed897a11006,What is the punch served in on the lower left of the image,mug,the punch is served in a clear glass mug
8b85ed897a11006,What color is the punch in the clear glass mug,red,the punch in the clear glass mug is a shade of red
87ae3f463235ec8,What color are the Honduran Quesadillas on top,brown,the honduran quesadillas in the image are golden-brown on top
87ae3f463235ec8,What type of food is shown in the image,quesadillas,"the food shown in the image is a baked dessert, likely a cake or a bar. it appears to be cooked in a glass baking dish"
87ae3f463235ec8,What color is the top of the Honduran Quesadillas,golden,the top of the honduran quesadillas is golden brown
87ae3f463235ec8,Where are the Honduran Quesadillas located,on top,the honduran quesadillas are located in a glass baking pan
34a7280a47e87fe,What color is the parchment paper,brown,the parchment paper appears to be a light tan or brown color
34a7280a47e87fe,What type of food is shown in the image,quesadillas,the food shown in the image is quesadillas
34a7280a47e87fe,What color is the andouille sausage,red-orange,the andouille sausage in the image appears to be a reddish-brown color
34a7280a47e87fe,Where is the sour cream and parsley located,on top,the sour cream and parsley are on top of the quesadilla
34a7280a47e87fe,What color is the melted cheese,yellow,the melted cheese is orange and yellow
fd753b15d1d0a45,What type of cheese is the queso made with,queso,"based on the image, it looks like the queso is made with white cheese. it is difficult to tell the exact type from the photo, but it could possibly be white cheddar or monterey jack"
fd753b15d1d0a45,How does the queso appear on the chips,melted,the queso is drizzled on top of the chips
fd753b15d1d0a45,What is the texture of the queso,creamy,the queso appears to have a smooth and creamy texture
fd753b15d1d0a45,Where is the queso drizzled over,over a pile,the queso is drizzled over tortilla chips
fd753b15d1d0a45,What is the queso coating,chips,the coating is queso
797b3a03ee421d6,What color is the crust of the quiche,golden-brown,the crust of the quiche is a light golden color
797b3a03ee421d6,What color are the broccoli florets in the quiche,green,the broccoli florets in the quiche are green
797b3a03ee421d6,Where is the slice of quiche positioned,on a white plate,the slice of quiche is positioned on a white plate
4de000c2cae8ec6,How would you describe the ingredients in the soup,colorful,"the soup appears to contain zucchini, carrots, onions, tomatoes, some greens and what seems to be a type of bean or legume"
4de000c2cae8ec6,What type of soup is shown in the image,soup,"the soup in the image appears to be a vegetable soup. it contains visible vegetables like zucchini, tomatoes, carrots, and onions in a broth"
4de000c2cae8ec6,What color are the carrot pieces in the soup,orange,the carrot pieces in the soup are orange
4de000c2cae8ec6,Where are the red tomato chunks mainly located,on the right,the red tomato chunks are mainly located in the middle of the bowl of soup
4de000c2cae8ec6,What is sprinkled across the surface of the soup,sprinkled,chopped herbs are sprinkled across the surface of the soup
ea990353528fe56,What color is the quinoa besides brown,reddish-brown,red
ea990353528fe56,What is the main ingredient in the dish,quinoa,"based on the image, it appears that the main ingredients are likely couscous and black beans"
ea990353528fe56,What does the quinoa do in the bowl,fills,"the quinoa is mixed with other ingredients, likely to be eaten as a meal"
ea990353528fe56,What color is the garnish in the center,green,the garnish in the center appears to be green
ea990353528fe56,Where is the green garnish located,in the center,the green garnish is located in the middle of the bowl on top of the food
5392f467220fdbd,What gives the dish a creamy yellow hue,cheesy,"it's difficult to say definitively without knowing the ingredients and preparation, but the creamy yellow hue could be from a sauce or dressing containing ingredients like:

*   **butter or ghee:** these add richness and a pale yellow color.
*   **cheese:** some cheeses, when melted, can create a creamy yellow sauce.
*   **cream or milk:** dairy products can contribute to a creamy texture and color.
*   **turmeric or other spices:** turmeric is known for its vibrant yellow color and is sometimes used to add both color and flavor to dishes"
5392f467220fdbd,What is the main grain in the dish,quinoa,quinoa
5392f467220fdbd,What color is the quinoa,yellow,"the quinoa appears to be a mix of colors, including white, brown, and red"
5392f467220fdbd,What color are the broccoli pieces,green,the broccoli pieces are green
a84bf6988435e9d,What does the quinoa do in the image,fills,"the quinoa is mixed with vegetables, like kale, carrots, and onions. it appears to be part of a dish being prepared in a pan"
a84bf6988435e9d,What is the main grain in the dish,quinoa,quinoa
a84bf6988435e9d,What color is the quinoa,beige,the quinoa appears to be a mix of off-white and light brown colors
a84bf6988435e9d,What color are the pieces of kale,green,the pieces of kale are green
a84bf6988435e9d,Where are the pieces of kale located,within the quinoa,the kale pieces are mixed in throughout the entire dish
60ba3bf86baa0b8,What is the main grain in the dish,quinoa,the main grain in the dish is quinoa
60ba3bf86baa0b8,What color is the cabbage,red,the cabbage is purple
60ba3bf86baa0b8,Where is the quinoa mixture,in,"here are the bounding box detections:
```json
[
  {""box_2d"": [150, 31, 783, 892], ""label"": ""bowl""}
]
```
the quinoa mixture is in the bowl"
07c95622876fe96,What color are the radishes in the image,pink,the radishes in the image are pink and white. some of them are also a darker brown color where they have been cooked
07c95622876fe96,What type of vegetable is featured in the image,radishes,the image features radishes
07c95622876fe96,What is the radish pile placed in,bowl,the radish pile is placed in a bowl
07c95622876fe96,What color is the spoon in the image,silver,the spoon in the image appears to be silver
07c95622876fe96,Where is the concentration of radish slices located in the bowl,in the bottom center,the concentration of radish slices appears to be in the bottom center of the bowl
7f739d8ffdd41f3,What color are the sautéed radish greens,dark green,the sautéed radish greens are green
7f739d8ffdd41f3,What vegetable has a purple outer ring and a white center,radish,a turnip
7f739d8ffdd41f3,What color is the outer ring of the radish slices,purple,the outer ring of the radish slices is purple
7f739d8ffdd41f3,Where are the radish greens distributed,distributed throughout,the radish greens are distributed in the plate shown in the image
7f739d8ffdd41f3,What ingredient is scattered throughout the dish in crumbles,cheese,the ingredient scattered throughout the dish in crumbles appears to be cheese
33b96dcfe6d4d33,What color are the daikon radish pieces,white,the daikon radish pieces are white
33b96dcfe6d4d33,What type of vegetable are the white pieces,radish,daikon radish
33b96dcfe6d4d33,How are the daikon radish pieces arranged in the dish,dispersed,"the daikon radish pieces are arranged as long, thin strips or batons mixed with the orange carrots, creating a visually appealing color contrast. they appear to be scattered and overlapping, creating a slightly messy but appetizing arrangement"
33b96dcfe6d4d33,What color are the carrot pieces,orange,the carrot pieces are orange
33b96dcfe6d4d33,Where are most of the carrot pieces located,at the bottom,most of the carrot pieces are located on the left side of the dish
0bcda430641db62,What color is the pie crust,golden-brown,the pie crust appears to be a golden brown color
0bcda430641db62,What type of food is shown in the image,pie,the image shows a pie
0bcda430641db62,What material is the pie tin made of,silver,"based on the image, the pie tin appears to be made of aluminum"
0bcda430641db62,What ingredient is visible through the cutouts in the star crust,raisins,plums are visible through the cutouts in the star crust
133544b12f11fe8,What color is the pie crust,golden brown,the pie crust is brown
133544b12f11fe8,What type of dessert is shown in the image,pie,the dessert shown in the image is a meringue pie
133544b12f11fe8,What color is the meringue on top of the pie,white,the meringue on top of the pie is mostly white with some light yellow/brown areas
133544b12f11fe8,Where is the meringue located on the pie,on top,the meringue is located on top of the pie filling inside of the crust
133544b12f11fe8,What is the topping on the pie called,meringue,the topping on the pie is called meringue
9e015333bc6e4a5,What color are the chopped onions on top of the ramen,green,green
9e015333bc6e4a5,What is the ramen served in,bowl,the ramen is served in a bowl
9e015333bc6e4a5,What type of noodles are in the bowl,ramen,the noodles in the bowl appear to be ramen noodles
9e015333bc6e4a5,Where is the fried egg located in the bowl,on top,the fried egg is located on the top left of the bowl
ba3faccb0397e1d,What is the main flavor of the noodles,cheesy,chili and scallion
ba3faccb0397e1d,What type of food is shown in the bowl,noodles,the food in the bowl is noodles
ba3faccb0397e1d,What color are the noodles,yellow,the noodles are a light yellow color
ba3faccb0397e1d,Where is the chili oil mixture placed,on top,the chili oil mixture is placed on top of the noodles
ba3faccb0397e1d,What is scattered on top of the noodles,scallions,there is chili oil and scallions scattered on top of the noodles
f1bb196371ea8a6,What color is the bowl,white,the bowl is white
f1bb196371ea8a6,What is the ramen served in,bowl,the ramen is served in a white bowl
f1bb196371ea8a6,What color are the ramen noodles,yellow,the ramen noodles in the image are yellow
f1bb196371ea8a6,Where are the egg halves located,on top,the egg halves are located in the bottom left corner of the bowl
f1bb196371ea8a6,What color are the red pepper strips,red,the red pepper strips are red
9a226b3b99e85d3,What color are the noodles in the bowl,yellow,the noodles in the bowl appear to be a light yellow or off-white color
9a226b3b99e85d3,What is the Top Ramen served in,bowl,the top ramen is served in a bowl
9a226b3b99e85d3,What is scattered on top of the noodles,scallions,green onions are scattered on top of the noodles
9a226b3b99e85d3,What color are the scallions on top of the noodles,green,the scallions on top of the noodles are green
9a226b3b99e85d3,Where are the scallions located on the noodles,on top of,the scallions are located on top of the noodles
5688b99c7513d35,What is the condition of the turnovers,fresh,"the turnovers appear to be golden brown and flaky with a visible fruit filling. some of the filling has oozed out, suggesting they are freshly baked or have been recently cut"
5688b99c7513d35,What type of pastries are shown,turnovers,the pastries shown are fruit turnovers
5688b99c7513d35,What color is the plate,white,the plate is white
5688b99c7513d35,What color is the raspberry filling,red,the raspberry filling is red
5688b99c7513d35,Where are the turnovers located,on a plate,the turnovers are located on a white plate with a floral pattern around the edge
cd33f15258660af,What color is the raspberry coulis,red,the raspberry coulis is red
cd33f15258660af,What type of container holds the raspberry coulis,pitcher,the raspberry coulis is in a clear pitcher
cd33f15258660af,What material is the surface made of,wooden,the surface appears to be made of wood
cd33f15258660af,Where is the pitcher placed,on the wooden surface,the pitcher is placed on a wooden surface
b94f18f8c120bfb,What color is the ravioli pasta,yellow,the ravioli pasta appears to be a light yellow or beige color
b94f18f8c120bfb,What is happening to the edges of the ravioli,browning,the edges of the ravioli look slightly browned or crispy
b94f18f8c120bfb,What type of meat is included in the dish,chicken,the dish includes chicken
b94f18f8c120bfb,What is the texture of the alfredo sauce,creamy,the alfredo sauce looks creamy
b94f18f8c120bfb,Where is the ravioli located in the dish,at the bottom,the ravioli is located in the white dishes
c5f6a8461d681c2,Is the hot dog served hot,hot,it is highly likely that the hot dog served in the image is hot. hot dogs are typically cooked before being placed in a bun and served
c5f6a8461d681c2,Where are the onions placed on the hot dog,on top of,the onions are placed on top of the hotdog
c5f6a8461d681c2,What is on top of the hot dog,onions,relish and onions are on top of the hot dog
80447800af4a3dd,What is the predominant color of the relish,red,red
80447800af4a3dd,What color are the strands scattered on the top of the relish,orange,the strands scattered on the top of the relish are orange
3390dbed9e76535,What color is the bowl that contains the Indian Relish,white,the bowl that contains the indian relish is white
3390dbed9e76535,What is the Indian Relish made of,relish,"based on the image, the indian relish appears to be made of a mix of diced vegetables in a reddish sauce. some of the visible ingredients seem to include red bell peppers, onions, and possibly other vegetables like tomatoes. it's difficult to determine the exact ingredients and spices used in the relish without more information"
3390dbed9e76535,What color is the Indian Relish,red,the indian relish is red
3390dbed9e76535,Where is the Indian Relish placed on the tarts,on,the indian relish is placed on top of the tarts
3390dbed9e76535,What is the Indian Relish composed of,vegetables,"from the image, the indian relish is composed of chopped red peppers, onions, and other vegetables in a sauce"
d2fe88d169bdcb1,What color are the cranberries in the relish,red,the cranberries in the relish are a dark red color
d2fe88d169bdcb1,What fruit is used in the relish,cranberries,"based on the image, the fruit used in the relish appears to be cranberries"
d2fe88d169bdcb1,What nut is mixed into the relish,walnuts,"based on the image, the nut mixed into the relish appears to be walnuts"
d2fe88d169bdcb1,Where is the relish located in the image,in the center,the relish is located in a glass baking dish
71e7d4fcdaf03d1,What color is the zucchini in the relish,yellow,the zucchini in the relish is yellow-green
71e7d4fcdaf03d1,What vegetable is light yellow with darker specks in the relish,zucchini,"based on the image, the vegetable in the relish that is light yellow with darker specks could be **yellow squash** or **zucchini**. both can have a light yellow to yellow-green color and small speckles in their skin"
71e7d4fcdaf03d1,How are the ingredients arranged in the relish,mixed,"the ingredients in the relish are arranged in a mix of chopped ingredients. there is a visual blend of yellow squash, red onion, herbs (possibly basil), and small pieces of red bell pepper. the ingredients are combined and distributed fairly evenly throughout the relish"
71e7d4fcdaf03d1,What color are the onions in the relish,red,the onions in the relish are red/purple
71e7d4fcdaf03d1,Where are the red bell pepper pieces in the relish,in the mix,"here are the locations of the red bell pepper pieces in the relish:

*   slightly left of the image center.
*   near the upper right corner.
*   lower left of the image.
*   bottom center of the image"
d248c0b8836816e,What color is the plate,white,the plate is white
d248c0b8836816e,What type of dessert is shown,cake,cake
d248c0b8836816e,What color is the crust of the cake,golden-brown,the crust of the cake is a light brown color
d248c0b8836816e,Where is the cake placed,on a plate,"the cake is placed on a white plate, which is on top of a red and white checkered cloth"
d248c0b8836816e,What fruit is visible in the cake,rhubarb,apple
d77c9b1bcc7aa02,What color is the crust of the cake,golden-brown,the crust of the cake appears to be a golden-brown color
d77c9b1bcc7aa02,What is the dessert in the image,cake,"the dessert in the image appears to be a slice of cake, possibly a coffee cake or crumble cake, topped with a scoop of vanilla ice cream. there are what look like pieces of fruit (perhaps rhubarb or berries) baked into the cake"
d77c9b1bcc7aa02,What color are the rhubarb pieces in the cake,red,the rhubarb pieces are a shade of red/pink
d77c9b1bcc7aa02,Where is the cake located,on a plate,the cake is located on a plate
d77c9b1bcc7aa02,What color is the plate under the cake,pink,the plate under the cake is pink
1a530eb3a533848,What is the texture of the cookies,rough,the texture of the cookies appears to be slightly coarse and somewhat bumpy
1a530eb3a533848,What type of food is shown in the image,cookies,cookies
1a530eb3a533848,What color are the rhubarb pieces in the cookies,pinkish-red,the rhubarb pieces in the cookies are red
1a530eb3a533848,Where are the cookies placed,on a plate,the cookies are placed on a purple plate
1a530eb3a533848,What color is the plate,purple,the plate is a muted purple or mauve color
8eaeadde7ec90ed,What color is the Rhubarb Gelatin Salad primarily,red,the rhubarb gelatin salad is primarily red
8eaeadde7ec90ed,What type of dish is the Rhubarb Gelatin Salad,salad,salad
8eaeadde7ec90ed,What color is the plate under the Rhubarb Gelatin Salad,white,the plate is white
8eaeadde7ec90ed,Where is the white cream positioned,atop the salad,the white cream is positioned on top of the red dessert
eec4b08a5b31ea1,What is in the bowl,applesauce,applesauce
eec4b08a5b31ea1,What color is the bowl,bowl,the bowl is white
eec4b08a5b31ea1,What color are the apples,red,the apples are red
f8dd81fd986fe02,What color is the rhubarb relish,red,the rhubarb relish appears to be a reddish color
f8dd81fd986fe02,What color are the lids of the jars,silver,the lids of the jars are silver
ae9c9138f7052aa,What color is the barbecue sauce glaze on the ribs,reddish-brown,"the barbecue sauce glaze on the ribs appears to be a dark, reddish-brown color"
ae9c9138f7052aa,What type of meat is shown in the image,ribs,the meat shown in the image is ribs
ae9c9138f7052aa,Where are the ribs positioned in the image,foreground,"the ribs are located in the center of the image, towards the bottom. they are resting on a wooden board"
ae9c9138f7052aa,What color are the herb pieces on the ribs,green,the herb pieces on the ribs appear to be green
4bc967e8b59bff8,What color is the rice mostly,white,the rice is mostly white
4bc967e8b59bff8,Where are the grilled chicken pieces placed,on top,the grilled chicken pieces are placed on top of the rice
ce2e7668f8d030e,What color is the rice,reddish-orange,the rice in the image is reddish-orange
ce2e7668f8d030e,What is the main ingredient in the dish,rice,rice
ce2e7668f8d030e,What color are the bell peppers,green,the bell peppers appear to be green
ce2e7668f8d030e,What is mixed with the rice in the dish,sausage,"sausage, onions, and green peppers appear to be mixed with the rice"
52471d9f8adc68a,Is the Easy Mexican Rice easy to prepare,easy,"while i can see the ""easy mexican rice"" in the image, i can't tell you for sure if it's easy to prepare. you'd have to consult a recipe or someone who has made it before to know"
52471d9f8adc68a,What is the main ingredient in the Easy Mexican Rice,rice,rice
52471d9f8adc68a,What color is the rice in the Easy Mexican Rice,orange-red,the rice in the easy mexican rice appears to be red
52471d9f8adc68a,Where is the Easy Mexican Rice placed in the bowl,on the right side,the easy mexican rice is located in the lower-right portion of the bowl
52471d9f8adc68a,What color is the lettuce in the bowl,green,the lettuce in the bowl is green
aa787be93801e4f,What is the main food in the image,rice,the main food in the image is rice
aa787be93801e4f,What does the rice do in the frame,fills,"the rice is in a pot, and there is some rice on a wooden spoon"
aa787be93801e4f,What is the pot made of,silver,the pot appears to be made of stainless steel
aa787be93801e4f,What material is the spoon made of,wooden,the spoon is made of wood
aa787be93801e4f,Where are the green herbs located,throughout,the green herbs are located sprinkled throughout the yellow rice
6c4915e6e42b776,What color is the plate,white,the plate is white
6c4915e6e42b776,What type of pasta is used in the dish,rigatoni,the pasta used in the dish is rigatoni
6c4915e6e42b776,What color are the rigatoni pasta pieces,golden-yellow,the rigatoni pasta pieces are a light yellow or beige color
6c4915e6e42b776,Where is the vodka rigatoni placed,on a white plate,the vodka rigatoni is placed on a white plate
6c4915e6e42b776,What color are the peas in the dish,green,the peas are green
2b74d1e6dab2d28,What color is the pesto risotto,green,the pesto risotto is a light green color
2b74d1e6dab2d28,How are the cannellini beans distributed in the dish,scattered,the cannellini beans are distributed throughout the dish
2b74d1e6dab2d28,What color are the tomatoes in the dish,red,the tomatoes in the dish are red
2b74d1e6dab2d28,Where is the poached egg placed in the dish,on the egg,the poached egg is placed on top of the rice and other ingredients in the dish
d0af628ffb3bebe,What is the dish in the image,risotto,"based on the image, it appears to be a dish containing orzo pasta, chicken, sausage, and vegetables"
d0af628ffb3bebe,What color are the sausage slices,brown,the sausage slices are pink/red
d0af628ffb3bebe,How are the chicken pieces distributed in the dish,scattered,the chicken pieces appear to be evenly distributed throughout the dish
d0af628ffb3bebe,Where are the chicken pieces mostly located,on the left,"the chicken pieces are mostly located throughout the dish, mixed in with the orzo pasta, sausage, and vegetables"
f71ba10eff86632,What color is the plate,white,the plate is white with a gold trim
f71ba10eff86632,What is the main dish in the image,roast,the main dish in the image is pot roast
f71ba10eff86632,What color is the roast,brown,the roast is dark red-brown
f71ba10eff86632,Where are the diced carrots located in the dish,within,the diced carrots are located around and within the meat
f71ba10eff86632,What color are the parsley pieces,green,the parsley pieces are green
ff205d7130c410e,What color is the roast,pink,the roast is brown on the outside and pink on the inside
ff205d7130c410e,What cooking method was used for the roast,roast,"based on the image, the cooking method was roasting. the roast has a darkened exterior with a pink interior"
ff205d7130c410e,Where is the roast placed,on a wooden cutting board,the roast is placed on a wooden board
9a6ef55e58c8bfb,What color are the rolls on top,golden,the rolls on top are golden brown
9a6ef55e58c8bfb,What type of food is shown in the image,rolls,"the image shows bread rolls, specifically kaiser rolls. they appear to be topped with caraway seeds and salt"
9a6ef55e58c8bfb,What color are the rolls on their upper surfaces,brown,the rolls on their upper surfaces are light brown
9a6ef55e58c8bfb,Where are the coarse salt and brown caraway seeds sprinkled,on top,the coarse salt and brown caraway seeds are sprinkled on top of the bread rolls
9a6ef55e58c8bfb,How are the rolls in the top row positioned relative to each other,adjacent,"in the top row, the first roll is to the left and separated from the second roll. the second and third rolls are close together, and appear to be touching"
83cddb1a32acb9f,What color are the elevated surfaces of the rolls,golden-brown,the elevated surfaces of the rolls are golden brown
83cddb1a32acb9f,What are the items in the image called,rolls,the items in the image appear to be dinner rolls or bread rolls
83cddb1a32acb9f,How are the rolls arranged,stacked,the rolls are arranged in a pile
83cddb1a32acb9f,What is the color of the rolls at the bottom,lighter,the rolls at the bottom are golden-brown
83cddb1a32acb9f,Where are several rolls located,towards the top-left area,"based on the image, the rolls are located in a pile"
ae14c37e1da12cc,What color is the salami in the roll-up,light pink,the salami in the roll-up is a light pink color
ae14c37e1da12cc,What type of meat is the outermost layer of the roll-up,salami,salami
ae14c37e1da12cc,What color is the cream cheese in the roll-up,white,the cream cheese in the roll-up is white
ae14c37e1da12cc,What color is the pepperoncini in the roll-up,yellow-orange,the pepperoncini in the roll-up is yellow
ae14c37e1da12cc,Where is the pepperoncini located in the roll-up,in the center,the pepperoncini is located in the center of the roll-up
b04183d45e40ff2,What type of seasoning is in the jar,bbq,"based on the reddish-brown color and texture, it appears to be a spice blend such as chili powder or a similar southwest-style seasoning"
b04183d45e40ff2,What is the BBQ Spice Rub contained in,jar,the bbq spice rub is contained in a glass jar
b04183d45e40ff2,Where is the spoon in relation to the BBQ Spice Rub,submerged,the spoon is inside the jar of bbq spice rub
b04183d45e40ff2,What color is the spoon,silver,the spoon is silver
b04183d45e40ff2,Where is the jar positioned in the image,in the center,the jar is positioned in the center of the image
ef26b197bbe2006,What color is the dry rub on the fish,brownish,the dry rub on the fish appears to be a brownish color
ef26b197bbe2006,What type of protein is being cooked in the image,fish,"based on the image, the cooked protein appears to be fish"
ef26b197bbe2006,What color is the lettuce in the salad,green,the lettuce in the salad is green
ef26b197bbe2006,Where are the fish pieces placed in the image,on top of,the fish pieces are placed on top of the salad
ef26b197bbe2006,What is the base of the dish in the image,salad,the base of the dish is salad
583b571a74b7ca3,What type of container is used for the rib rub,jar,mason jar
583b571a74b7ca3,What color is the bottom layer of the rib rub,brown,the bottom layer of the rib rub appears to be light brown
583b571a74b7ca3,Where is the jar placed,on the wooden surface,the jar is placed on a wooden surface
583b571a74b7ca3,What has happened to some of the reddish-brown seasoning,spilled,some of the reddish-brown seasoning has spilled out of the jar and onto the wooden surface
22c208ba7aeaf55,How does the dry rub appear on the bottom-right of the frame,scattered,"the dry rub appears as a scattered pile, with a mixture of brown, white, and reddish-brown granules"
22c208ba7aeaf55,What is the primary color of the dry rub,reddish-brown,the primary color of the dry rub appears to be brown
22c208ba7aeaf55,What utensil is used to hold a smaller portion of the dry rub,spoon,spoon
22c208ba7aeaf55,What color is the spoon that holds the dry rub,silver,the spoon is silver
22c208ba7aeaf55,Where is the silver spoon positioned in relation to the larger pile of dry rub,on top of,"the silver spoon is positioned on top of the larger pile of dry rub, with some of the rub also inside the spoon"
3fc53a69cff0092,What type of food is featured in the image,bread,bread
3fc53a69cff0092,How is the large loaf presented in the image,halved,"the large loaf is presented cut in half, with one half lying on top of a smaller slice on a cutting board"
3fc53a69cff0092,Where does the larger loaf sit,sits on,the larger loaf sits on the smaller loaf
3fc53a69cff0092,What color is the interior crumb of the bread,yellow,the interior crumb of the bread is a light beige color
3fc53a69cff0092,What is the shape of the bread featured in the image,loaf,the bread appears to be a rounded loaf
91d1723a6aedd7b,What is the main dish in the image,chicken salad,chicken salad
91d1723a6aedd7b,What color is the bowl containing the chicken salad,green,the bowl containing the chicken salad is green
91d1723a6aedd7b,Where is the bowl placed in the image,in the center,the bowl is placed on a wooden board
91d1723a6aedd7b,What is stuck into the chicken salad near the upper-right edge of the bowl,cracker,a cracker
0e22cce15b99b8b,What color is the spinach in the salad,dark green,the spinach in the salad appears to be green
0e22cce15b99b8b,What type of dish is shown in the image,salad,"the dish shown in the image is a salad. it appears to contain leafy greens, grilled cheese, and sliced fruit"
0e22cce15b99b8b,Where is the spinach located in the salad,located throughout,the spinach is mixed in with the rest of the salad
0e22cce15b99b8b,What color is the nectarine in the salad,peach,the nectarine is peach and reddish
0e22cce15b99b8b,What type of cheese is in the salad,halloumi,the cheese in the salad appears to be halloumi
d5596c269b73398,What is the texture of the base of the salad,creamy,the texture of the base of the salad appears to be smooth
d5596c269b73398,What is the salad served in,bowl,the salad is served in a glass bowl
d5596c269b73398,What color are the cherries on the salad,red,the cherries on the salad are red
d5596c269b73398,What is being done to the salad with the cherries,adding,the cherries are being added to the salad
d5596c269b73398,Where are the cherries placed on the salad,on top,the cherries are placed on the top of the salad
3ff47bf6d70aa77,What color is the bowl,white,the bowl is white
3ff47bf6d70aa77,What color are the bok choy leaves,green,the bok choy leaves are green
3ff47bf6d70aa77,What is the salad served in,bowl,the salad is served in a white bowl
3ff47bf6d70aa77,Where are the bok choy leaves distributed,throughout,the bok choy leaves are distributed throughout the salad in the white bowl
324a37ae3e79125,What color is the salad,green,the salad is green
324a37ae3e79125,What type of dish is described,salad,green jell-o salad with grapes
324a37ae3e79125,How would you describe the size of the salad,large,"the salad appears to be medium-sized, roughly the size of a cantaloupe or small melon. it's also arranged in a dome shape"
324a37ae3e79125,How are the white and beige solids arranged in the salad,interspersed,the white and beige solids appear to be dispersed throughout the salad mixture
324a37ae3e79125,Where are the grapes placed in relation to the salad,against the base,the grapes are placed around the salad
3baad2f96caa8f2,What color is the plate,white,the plate is a light green color
3baad2f96caa8f2,How are the poppy seeds distributed in the salad,scattered,the poppy seeds are sprinkled evenly throughout the salad
3baad2f96caa8f2,What type of onions are in the salad,green onions,it looks like there are green onions in the salad
3baad2f96caa8f2,What color are the almond slivers,brown,the almond slivers appear to be light tan in color
3baad2f96caa8f2,Where is the salad placed,on a white plate,the salad is placed on a plate
272dbc456d817f5,What color are the tomato halves in the salad,red,the tomato halves in the salad are red
272dbc456d817f5,What is the base of the salad made of,salad,"the base of the salad is made of leafy greens. based on the shape of the leaves, it might be arugula or dandelion greens"
272dbc456d817f5,How are the green leaves arranged in the salad,spread,"the green leaves are arranged in a casual, slightly disheveled manner, creating a voluminous and textured salad. they appear to be mixed throughout the salad with the other ingredients"
272dbc456d817f5,What color are the onion slices in the salad,purple,the onion slices in the salad are red
272dbc456d817f5,Where are the tomato halves placed in the salad,among the leaves,the tomato halves are placed throughout the salad
b9b52c83506dad8,What color are the tomatoes in the salad,red,the tomatoes in the salad are red
b9b52c83506dad8,How are the tomatoes prepared in the salad,halved,the tomatoes are halved
b9b52c83506dad8,What vegetable is cubed and distributed evenly in the salad,cucumbers,cucumber
b9b52c83506dad8,What herb is placed on top of the salad,dill,dill is the herb that is placed on top of the salad
b9b52c83506dad8,Where is the dill placed on the salad,on top,the dill is scattered throughout the salad and also placed as a sprig in the center
1f2f9689135b1a9,What color are the watermelon chunks,red,the watermelon chunks are red
1f2f9689135b1a9,What is the salad served in,bowl,the salad is served in a metal bowl
1f2f9689135b1a9,What material is the bowl made of,silver,the bowl appears to be made of stainless steel
1f2f9689135b1a9,What color are the cucumber chunks,green,the cucumber chunks are light green
1f2f9689135b1a9,Where is the Cucumber-Watermelon Salad located,inside a silver bowl,the cucumber-watermelon salad is located in a silver bowl. the bowl is sitting on top of a stove counter
c7fddc777f16260,What color are the cucumber slices,light,the cucumber slices are green
c7fddc777f16260,What vegetable is light green with darker green skins,cucumbers,cucumber
c7fddc777f16260,What color are the tomato wedges,red,the tomato wedges are red
c7fddc777f16260,Where are the cucumber slices and tomato wedges placed,throughout the blue bowl,the cucumber slices and tomato wedges are placed in a blue bowl
925730a6770069d,What color are the spinach leaves in the salad,green,the spinach leaves in the salad are green
925730a6770069d,What type of dish is being described,salad,the dish being described is a salad
925730a6770069d,What color are the mango cubes in the salad,yellow,the mango cubes in the salad are yellow
925730a6770069d,Where are the red onion slices placed in the salad,across the top,the red onion slices are placed throughout the salad
925730a6770069d,What color is the dish containing the salad,white,the dish is white
4372fe51102230d,What color are the black beans in the salad,black,the black beans in the salad are black
4372fe51102230d,What type of salad is shown in the image,salad,"based on the ingredients visible in the image (corn, black beans, tomatoes, green bell pepper), it appears to be a **corn and black bean salad**"
4372fe51102230d,What color is the bowl containing the salad,white,"the bowl is mostly white, with a light pink and gray rim"
4372fe51102230d,What color are the corn kernels in the salad,yellow,the corn kernels in the salad are yellow
7b0210017aec1a1,What color is the rice,white,the rice is white
7b0210017aec1a1,What is the main grain in the dish,rice,rice
7b0210017aec1a1,What color are the collard greens,green,the collard greens are dark green
7b0210017aec1a1,What is the salmon served with,with,the salmon is served with rice and greens
7b0210017aec1a1,What color is the glaze on the salmon,orange,the glaze on the salmon is a shade of amber
f9daae725d65b39,What is the name of the dish in the bowl,salsa,the dish in the bowl appears to be salsa and guacamole
f9daae725d65b39,What color is the bowl,white,the main bowl is blue with a white pattern. the smaller bowl with the salsa is white with blue trim
f9daae725d65b39,What are the primary red ingredients in the salsa,tomatoes,"based on the image, the primary red ingredient in the salsa is tomatoes"
f9daae725d65b39,Where is the salsa placed in relation to the chips,in a bowl,the salsa is placed in the center of the chips
8cfaa3facf82d38,What colors are present in the bowl,colorful,"the colors present in the bowl are yellow, green, red, white, and purple"
8cfaa3facf82d38,What is the apricot salsa served in,bowl,the apricot salsa is served in a white bowl
8cfaa3facf82d38,What fruit is diced and mixed throughout the salsa,apricot,pineapple and mango
8cfaa3facf82d38,What color are the diced green bell peppers,green,the diced green bell peppers are green
8cfaa3facf82d38,Where are the bright red halved cherry tomatoes scattered,within the mixture,the bright red halved cherry tomatoes are scattered throughout the bowl of the dish
3da567ab3ca2f6e,What is the color of the salsa described as,murky,the salsa is green
3da567ab3ca2f6e,What color is the bowl,white,the bowl is white
3da567ab3ca2f6e,Where is the bowl located,atop,the bowl is located on a colorful plate
17d95c9ed8191a1,What color are the mango pieces,yellow,the mango pieces are yellow/orange
17d95c9ed8191a1,How are the mango pieces arranged in the bowl,distributed,the mango pieces appear to be diced and mixed randomly with other ingredients in the bowl
17d95c9ed8191a1,What color are the cucumber pieces,green,the cucumber pieces are green
17d95c9ed8191a1,What color are the pieces of onion,white,the pieces of onion appear to be white
17d95c9ed8191a1,Where is the jalapeno slice placed,on top of,the jalapeno slice is placed next to the lime
ddbfac8734f1e43,What color is the bowl containing the salsa,black,the bowl containing the salsa is black
ddbfac8734f1e43,Where is the salsa located,bowl,the salsa is in a black bowl
ddbfac8734f1e43,What is the predominant color of the salsa,reddish-orange,the predominant color of the salsa is red
ddbfac8734f1e43,What are the green flecks in the salsa,herbs,the green flecks in the salsa are most likely cilantro
ddbfac8734f1e43,Where is the bowl positioned in the image,in the center,top-left of the image
75de0d790f2d1f1,What color are the black beans,black,the black beans are black
75de0d790f2d1f1,What is the name of the dish in the image,salsa,black bean salsa
75de0d790f2d1f1,What color are the corn kernels in the salsa,yellow,the corn kernels in the salsa are yellow
75de0d790f2d1f1,What color are the scallions in the salsa,green,the scallions in the salsa are green
e6791edfa8447f6,What color is the salsa,red,the salsa appears to be red
e6791edfa8447f6,What is the name of the dish,salsa,"tacos, salsa, and chips"
e6791edfa8447f6,What utensil is inside the salsa bowl,spoon,a spoon
e6791edfa8447f6,What color is the bowl,white,white
e6791edfa8447f6,Where is the bowl located in the image,in the lower left,the bowl is located in the bottom left corner of the image
71b2ca0ab4b6918,What color is the salsa in the white cup,reddish-orange,the salsa in the white cup is orange-red
71b2ca0ab4b6918,What is the salsa served in at the top center,cup,the salsa at the top center is served in a white styrofoam cup
71b2ca0ab4b6918,What does the salsa do in the white cup,fills,the salsa sits in the white cup
71b2ca0ab4b6918,Where is the glass jar located,on the right,the glass jar is located on the top right of the image
71b2ca0ab4b6918,What color is the salsa in the glass jar,brownish-red,the salsa in the glass jar appears to be a brownish-reddish color
7a66a68a347449c,What color is the poblano salsa primarily,red,the poblano salsa is primarily red
7a66a68a347449c,What type of salsa is shown in the image,salsa,"based on the image, the salsa appears to be a tomato-based salsa with visible cilantro and what might be onions or peppers. it is likely either a *pico de gallo*, or a basic tomato salsa. without additional information, i cannot determine the type with greater precision"
7a66a68a347449c,What does the salsa do to the clear glass jar,fills,the salsa fills the clear glass jar
7a66a68a347449c,What is the glass jar described as,clear,the glass jar is described as containing salsa
42c33972e71f72b,What type of salt is shown in the image,homemade,"based on the image, the salt appears to be **flake salt**, possibly seasoned with some spices"
42c33972e71f72b,What is the main ingredient in the jar,salt,"based on the image, the main ingredient in the jar appears to be salt"
42c33972e71f72b,What color are some of the specks in the salt,red,some of the specks are red and brown
42c33972e71f72b,How is the salt near the wooden spoon described,scattered,the salt near the wooden spoon appears to be a mixture of white crystals with reddish-brown specks
42c33972e71f72b,Where is the jar of salt located in the image,on the upper left,the jar of salt is located on the wooden cutting board
6b40081e4f024d6,What color is the seasoned salt described as,reddish-brown,the seasoned salt is a light brownish-red color
6b40081e4f024d6,What ingredient is the Copycat Lawry's Seasoned Salt primarily made of,salt,salt
6b40081e4f024d6,What does the seasoned salt do to the measuring spoon,fills,the seasoned salt fills the measuring spoon
6b40081e4f024d6,What is the overall appearance of the seasoned salt in terms of color intensity,light,the seasoned salt appears to be of medium color intensity. it is not a very pale or very dark color
6b40081e4f024d6,Where is the measuring spoon positioned,above a white bowl,the measuring spoon is positioned over a bowl
45174eed362036b,What color is the bread of the sandwiches,brown,the bread of the sandwiches is brown
45174eed362036b,What type of food is shown in the image,sandwiches,the image shows triangle-cut sandwiches with peanut butter and pickles
45174eed362036b,What color is the white filling in the sandwiches,white,the white filling in the sandwiches is white
45174eed362036b,What color are the pickle slices in the sandwiches,green,the pickle slices in the sandwiches are green
45174eed362036b,Where are the sandwiches placed,on a white surface,the sandwiches are placed on a white plate
3d98df155636be2,What color is the plate,blue,the plate is blue
3d98df155636be2,What color are the slices of steak,brown,the slices of steak are a dark brown color
3d98df155636be2,How are the green bell peppers and onions distributed,scattered,"the green bell peppers and onions are sauteed and distributed across the top of the meat in each sandwich, under the melted cheese"
3d98df155636be2,Where is the top Philly Cheesesteak Sandwich located,in the top left corner,the top philly cheesesteak sandwich is located at the top left of the image
1c0ce6903ed0925,What color is the plate,blue,the plate is blue
1c0ce6903ed0925,How are the marshmallows arranged around the sandwich,scattered,"there are several marshmallows arranged around the sandwich on the plate. some are to the left, and some are to the right"
1c0ce6903ed0925,What is the orange-brown layer in the sandwich,peanut butter,the orange-brown layer in the sandwich is peanut butter
1c0ce6903ed0925,What color are the bread slices,golden-brown,the bread slices are light tan or beige in color
1c0ce6903ed0925,Where is the sandwich placed,on a blue plate,the sandwich is placed on a blue plate
34403e80d88d12c,What type of food is the sauce on,pasta,pasta
34403e80d88d12c,What cuisine does the pasta belong to,italian,italian
34403e80d88d12c,What is the sauce doing on the sides of the pasta,dripping,the sauce is poured on the sides of the pasta
34403e80d88d12c,What is garnished on top of the sauce,herbs,the sauce is garnished with shredded cheese and herbs
84db1a26c1782bd,What color is the chile barbeque sauce,reddish-brown,the chile barbeque sauce is a dark reddish-brown color
84db1a26c1782bd,What is being coated by the chile barbeque sauce,food,chicken
84db1a26c1782bd,Where does the chile barbeque sauce trickle,down the sides,the chile barbeque sauce trickles on the meat
ca23b48dd5e6428,What color is the sugar sauce,brown,the sugar sauce is a light amber or caramel color
ca23b48dd5e6428,What is the main ingredient in the sauce,sugar,"based on the image, the main ingredient in the sauce appears to be caramel"
ca23b48dd5e6428,What color is the sauce described as,amber,the sauce is a light yellow to orange color
ca23b48dd5e6428,What type of glass is the dessert served in,in a clear glass,clear glass
ca23b48dd5e6428,Where is some of the sauce located in the dish,bottom,some of the sauce is located on top of the dish as well as inside the dish below the dessert
55181dc0db808c2,What color is the pasta,yellow,the pasta is a pale yellow or cream color
55181dc0db808c2,What type of food is the main dish,pasta,italian food
55181dc0db808c2,What color is the Nonna's Sweet Pasta Sauce,red,the nonna's sweet pasta sauce is red
55181dc0db808c2,Where is the meatball placed,on top of,the meatball is placed on top of the pasta and sauce
55181dc0db808c2,What color are the small specks on top of the sauce and meatball,white,the small specks are white
9ca38ea82e94789,What color is the vodka sauce,orange-red,the vodka sauce appears to be a shade of light orange-red
9ca38ea82e94789,What type of noodles are in the dish,spaghetti,spaghetti
9ca38ea82e94789,What color is the plate,white,the plate is white
9ca38ea82e94789,Where is the sauce distributed on the plate,from center to edges,the sauce is distributed throughout the pasta on the plate
bd7bd756ee18ffb,What color is the bowl in the image,reddish-brown,the bowl is pink
bd7bd756ee18ffb,What is the No Cook BBQ Sauce contained in,bowl,a bowl
bd7bd756ee18ffb,What color is the bowl that holds the No Cook BBQ Sauce,pink,the bowl is pink
bd7bd756ee18ffb,Where is the bowl located in the image,in the center,the bowl is located on a counter
fd8d018e2c7cb26,What color is the tomato sauce in the bowl,reddish-orange,the tomato sauce in the bowl is red
fd8d018e2c7cb26,What is the main component of the dish in the bowl,sauce,tomatoes appear to be the main component of the dish in the bowl
fd8d018e2c7cb26,What does the tomato sauce do to most of the bowl,fills,the tomato sauce fills it
fd8d018e2c7cb26,What color is the piece positioned slightly to the left of the center,green,green
fd8d018e2c7cb26,Where is the green piece positioned in the bowl,to the left,the green piece is located in the top left of the bowl
ddb3d77b8ca050e,What color is the pizza sauce,red,the pizza sauce is red
ddb3d77b8ca050e,What type of surface is the bowl placed on,wooden surface,the bowl is placed on a wooden surface
ddb3d77b8ca050e,What color are most of the strands of shredded cheese,white,most of the strands of shredded cheese are white
ddb3d77b8ca050e,Where are some strands of shredded cheese located,next to,"here are the bounding box detections:
```json
[
  {""box_2d"": [229, 246, 755, 735], ""label"": ""cup""},
  {""box_2d"": [115, 37, 682, 539], ""label"": ""cheese""},
  {""box_2d"": [112, 37, 668, 539], ""label"": ""shredded cheese""},
  {""box_2d"": [115, 515, 682, 962], ""label"": ""strands""}
]
```"
cb07a393ddb422a,What does the BBQ sauce do in the bowl,fills,the bbq sauce sits inside the bowl. a brush with bbq sauce on it is resting on the edge of the bowl
cb07a393ddb422a,What color is the BBQ sauce,brown,the bbq sauce is a dark brown color
cb07a393ddb422a,What is the BBQ sauce contained in,bowl,the bbq sauce is contained in a bowl
cb07a393ddb422a,Where is the paintbrush resting,on the rim,the paintbrush is resting on the edge of the black bowl
320f477ddba74f5,What color is the sauce on the wings,orange,the sauce on the wings is orange
320f477ddba74f5,How are the wings prepared,coated,the wings appear to be prepared with a buffalo sauce
320f477ddba74f5,What vegetable is orange and arranged around the wings,carrots,the orange vegetable arranged around the wings is a carrot
320f477ddba74f5,What color are the celery sticks,green,the celery sticks are green
320f477ddba74f5,Where are the food items placed,on a plate,the food items are placed on a white plate
641c68e581d733f,What color is the Homestead Barbecue Sauce,reddish-brown,"the homestead barbecue sauce is a dark, reddish-brown color"
69aee1d3ba018ff,What color are the tangerine segments,orange,the tangerine segments are orange
69aee1d3ba018ff,What is the container used to hold the cranberry sauce and tangerine segments,bowl,the container is a glass bowl
69aee1d3ba018ff,What color is the cranberry sauce,red,the cranberry sauce is a deep red color
69aee1d3ba018ff,Where are the whole cranberries placed,on top,they are placed on top of the cranberry sauce
1c00b85749755c0,What color is the beef in the image,brownish-red,the beef in the image is brown
1c00b85749755c0,What type of meat is featured in the dish,beef,beef
1c00b85749755c0,How is the beef prepared in the image,cooked,the beef in the image appears to be prepared as a pot roast. it is sliced and served with cooked carrots and onions
1c00b85749755c0,What color are the carrots in the image,orange,the carrots in the image are orange
1c00b85749755c0,Where is the cabbage located on the plate,in the top center,"the cabbage is located on the plate, mixed with the carrots and celery"
bd9bb1c1a13d688,What color is the stew-like liquid,dark brown,the stew-like liquid appears to be brown
bd9bb1c1a13d688,What type of dish is the dark brown liquid,stew,"based on the image, the dark brown liquid looks like a sauce or gravy being cooked in a pan"
bd9bb1c1a13d688,What color is the cooking pan,light brown,the cooking pan appears to be copper colored
bd9bb1c1a13d688,What color are the tiny pieces scattered throughout the liquid,golden,the tiny pieces scattered throughout the liquid appear to be a light brown or tan color
bd9bb1c1a13d688,Where are the bubbles and steam rising from,from the surface,the bubbles and steam are rising from the liquid in the pan
9ab4e1e0b9e3538,What color is the sauerkraut in the bowl,yellowish-white,the sauerkraut in the bowl is yellowish-white
9ab4e1e0b9e3538,What is the sauerkraut doing in the bowl,forming,the sauerkraut is being served with sausage and apple
9ab4e1e0b9e3538,What is the sauerkraut placed in,bowl,a bowl
9ab4e1e0b9e3538,What color are the smokies,brownish-red,the smokies appear to be brown
9ab4e1e0b9e3538,Where is the smokie located in the bowl,in the bottom-left,the smokies are mixed in with the sauerkraut in the bowl
f4c5c78433d6d23,What color is the wrapper of the sausage flowers,golden-brown,"based on the image, the ""wrapper"" of the sausage flowers appears to be a light tan or golden brown color. it looks like it could be made of wonton wrappers or something similar"
f4c5c78433d6d23,What are the edible items shaped like flowers in the image,sausage flowers,"the edible items shaped like flowers in the image appear to be wonton wrappers, filled with some kind of mixture, and topped with a dollop of cream and chives"
f4c5c78433d6d23,What color is the sausage mixture inside the flowers,brownish-orange,the sausage mixture inside the flowers appears to be a brownish orange color
f4c5c78433d6d23,Where are the green scallions placed,sprinkled over,the green scallions are placed on top of the white dollop of sauce in each wonton cup
f4c5c78433d6d23,What is the color of the tray holding the sausage flowers,silver tray,the tray appears to be silver
0f4169610c6b102,What type of meat is used in the dish,sausage,sausage
0f4169610c6b102,What color is the sausage,reddish-brown,the sausage is brown
0f4169610c6b102,What shape is the bowl,in a leaf-shaped bowl,leaf
0f4169610c6b102,How was the sausage cooked,grilled,"based on the image, the sausage appears to have been pan-fried, grilled, or roasted, as evidenced by the browning"
0f4169610c6b102,What fruit is mixed with the sausage,pineapple,pineapple is mixed with the sausage
b03fd7734dcd1f9,What is the color of the scallops,creamy,the scallops appear to be white
b03fd7734dcd1f9,What type of dish is served alongside the scallops,pasta,garlic bread is served alongside the scallops
b03fd7734dcd1f9,What color is the pasta,white,the pasta is a light yellow color
b03fd7734dcd1f9,Where is the toast located in the image,on the side,the toast is on the right side of the plate
0165a5347fc3006,What shape is the scone,triangular,the scone is triangle-shaped
0165a5347fc3006,What type of food is shown in the image,scone,"the image shows a scone, likely lemon flavored, served with tea"
0165a5347fc3006,What color is the lemon wedge,yellow,the lemon wedge is yellow
0165a5347fc3006,Where is the scone placed,on a plate,the scone is placed on a plate
0165a5347fc3006,What color is the plate,white,the plate is white with a black and gold border
06b69ab2d9fd200,What color is the plate the scones are on,white,the plate is white
06b69ab2d9fd200,What type of baked goods are shown in the image,scones,the image shows scones
06b69ab2d9fd200,What color is the scone in the foreground,golden brown,the scone in the foreground is a light golden brown color
06b69ab2d9fd200,Where is the golden brown scone located,in the foreground,the golden brown scone is at the bottom left of the frame. it has cream and jam on it
76051d98525aa3b,What color are the scrambled eggs,yellow,the scrambled eggs are yellow
76051d98525aa3b,What fruit is interspersed throughout the eggs,tomato,tomato
76051d98525aa3b,What color is the basil leaf,green,the basil leaf is green
76051d98525aa3b,Where is the basil leaf positioned,towards the center,the basil leaf is positioned at the top center of the image
5befd704424b15d,What is the primary color of the seasoning,reddish-brown,the primary color of the seasoning is red
ea86b8337adee6c,What color are the pumpkin seeds,brown,the pumpkin seeds in the image appear to be brown
ea86b8337adee6c,What type of seeds are shown in the image,pumpkin seeds,"based on the image, the seeds appear to be pumpkin seeds, likely roasted and coated with sugar and spices"
ea86b8337adee6c,What is the white coating on the pumpkin seeds,sugar,"based on the image, the white coating on the pumpkin seeds is likely **sugar**.  the texture and appearance resemble granulated sugar clinging to the seeds"
9bdab5eeae956d5,What color is the semifreddo,orange,the semifreddo is a light yellowish-orange color
9bdab5eeae956d5,What type of dessert is shown,semifreddo,"based on the image, it appears to be a mousse or pudding, possibly orange flavored, shaped like a christmas tree and decorated with orange slices"
9bdab5eeae956d5,What color is the tray,silver,the tray is silver
9bdab5eeae956d5,What color is the base of the semifreddo,off-white,the base of the semifreddo appears to be an off-white or light cream color
9bdab5eeae956d5,Where is the semifreddo placed,on a tray,the semifreddo is placed on a silver tray
6976d7e77ced1df,What color is the bowl,white,the bowl appears to be a shade of off-white or cream
6976d7e77ced1df,What color are the shrimp,pinkish-orange,the shrimp are pinkish-orange
6976d7e77ced1df,Where are the shrimp arranged,in the center,the shrimp are arranged on the plate
6976d7e77ced1df,What color are the vegetables in the sauce,green,the vegetables in the sauce appear to be green and red
8e0a5a668884897,What color is the plate,white,the plate is white
8e0a5a668884897,What type of seafood is shown,shrimp,shrimp
8e0a5a668884897,What color are the spots on the shrimp,reddish-orange,the spots on the shrimp are orange and red
8e0a5a668884897,Where are the shrimp located on the plate,in the center,the shrimp are located in the center of the plate
b37293b876e011e,What color is the plate,blue,the plate is blue
b37293b876e011e,What type of seafood is shown,shrimp,shrimp
b37293b876e011e,What ingredient is visible on the shrimp,garlic,garlic and parsley are visible on the shrimp
b37293b876e011e,What color are the shrimp,pink-orange,the shrimp are orange and white
b37293b876e011e,Where is the garlic shrimp placed,on a blue plate,the garlic shrimp is placed in a blue bowl
5bb240fd272bf4e,What is the base of the dish made of,hash brown,the dish appears to be made in a cast iron pan
5bb240fd272bf4e,What color are the bacon pieces,red,the bacon pieces are reddish-brown
5bb240fd272bf4e,What garnish is sprinkled atop the dish,scallions,green onions
acd98ebf33a8275,What color is the plate,white,the plate is white
acd98ebf33a8275,What fruit is on top of the slaw,pineapple,pineapple
acd98ebf33a8275,What color are the pineapple chunks,yellow,the pineapple chunks are yellow
acd98ebf33a8275,What color are the celery slices,green,the celery slices are green
acd98ebf33a8275,Where is the slaw placed,on a white plate,the slaw is placed on a white plate
abe4eca7b50eea2,What is the main ingredient in the slaw,corn,the main ingredient in the slaw is corn
abe4eca7b50eea2,What color are the corn kernels,yellow,the corn kernels are yellow
abe4eca7b50eea2,How are the corn kernels distributed in the slaw,scattered,the corn kernels are evenly distributed throughout the slaw
abe4eca7b50eea2,What color are the small cubes of bell pepper,red,the small cubes of bell pepper appear to be red
abe4eca7b50eea2,Where is the slaw located on the plate,on the left side,"the slaw is located on the plate, beside the meat. it has corn, carrots, and red peppers"
67cc22c854d166a,What color is the cabbage in the image,green,"the cabbage in the image is a mix of light green, white, and purple"
67cc22c854d166a,What is the main vegetable in the dish,cabbage,cabbage
67cc22c854d166a,How are the ingredients arranged in the image,mixed,"the ingredients appear to be mixed together in a somewhat random fashion. there is shredded cabbage (both green and white), pieces of red cabbage, and thin slices of carrot scattered throughout the image. they seem to be piled up"
67cc22c854d166a,What color are the carrots in the image,orange,the carrots in the image are orange
a8534ffc026fa1a,How are the ingredients arranged in the bowl,scattered,"the ingredients appear to be mixed together in the bowl. there are slices of cabbage, purple cabbage, and carrots. there is also a spoon in the bowl"
a8534ffc026fa1a,What type of salad is shown in the image,coleslaw,coleslaw
a8534ffc026fa1a,What color are the shreds of carrot in the coleslaw,orange,the shreds of carrot in the coleslaw are orange
a8534ffc026fa1a,Where is the coleslaw located in the image,in the bowl,the coleslaw is located in the bowl
ce59e2b561648cc,What color is the orange slice,orange,the orange slice is orange
ce59e2b561648cc,What is the orange slush served in,glass,the orange slush is served in a glass
ce59e2b561648cc,How would you describe the color of the orange slice,bright,"the orange slice is a vibrant, classic orange color"
ce59e2b561648cc,Where is the orange slice placed,on the rim,the orange slice is placed on the rim of the glass
8e0e736b1ed4313,What material is the tray made of,metal,the tray appears to be made of metal
8e0e736b1ed4313,What type of drink is shown in the image,slushies,"the image shows what appear to be frozen, slushy drinks served in pouches. they look like homemade ice pops or slushies"
8e0e736b1ed4313,What color is the slushie at the top of the image,red,the slushie at the top of the image is a dark red color
8e0e736b1ed4313,Where are the slushies placed,in a metal tray,the slushies are placed in a metal tray filled with ice
fdc7674729342a7,What flavor is the smoothie,chocolate,the smoothie looks like chocolate
fdc7674729342a7,What is the smoothie served in,cup,the smoothie is served in a plastic container
fdc7674729342a7,What color is the smoothie,brown,the smoothie is brown
1d68b70e9d2f4a0,What color are the specks in the smoothie,pink,the specks in the smoothie appear to be red/dark red
1d68b70e9d2f4a0,What type of drink is in the glass,smoothie,the drink in the glass is a smoothie
1d68b70e9d2f4a0,What color are the mint leaves,green,the mint leaves are green
1d68b70e9d2f4a0,Where is the sprig of mint leaves positioned,on top of,the sprig of mint leaves is positioned on top of the smoothie in the glass
150e8e2edb2a656,What is the main flavor of the smoothie,chocolate,chocolate
150e8e2edb2a656,What type of drink is shown in the image,smoothie,"based on the image, the drink appears to be a smoothie. it has a thick, blended texture and is served in a jar with a straw. given the color, it might be a chocolate or coffee-based smoothie"
150e8e2edb2a656,What color is the smoothie,brown,the smoothie appears to be brown
150e8e2edb2a656,What color are the swirling patterns on the plate,green,the swirling patterns on the plate are green
a462ea5e69d2845,What fruit is used to make the smoothie,pineapple,pineapple and coconut are used to make the smoothie
a462ea5e69d2845,What is the color of the glass mug,clear,the glass mug is clear
a462ea5e69d2845,What type of drink is in the glass,smoothie,"based on the presence of a pineapple, coconut milk, and the color/texture of the drink, it's likely a pineapple coconut smoothie"
a462ea5e69d2845,Where is the whole pineapple located,to the right,"the whole pineapple is located on the table, behind the glass"
be72e9b3eb9427e,What color are the mint specks in the smoothie,green,the mint specks in the smoothie are green
be72e9b3eb9427e,What type of drink is in the glass,smoothie,the drink in the glass is a smoothie
be72e9b3eb9427e,What fruit is on top of the smoothie,strawberry,the fruit on top of the smoothie is a strawberry
be72e9b3eb9427e,Where is the strawberry placed,on top of,the strawberry is placed on top of the smoothie
5abab4fc0138458,What is the consistency of the Pina Colada Sorbet,solid,the consistency of the pina colada sorbet appears to be thick and slightly coarse
5abab4fc0138458,What type of dessert is shown in the image,sorbet,the dessert in the image is likely ice cream. the texture and appearance suggest it could be a plain white flavor like vanilla or sweet cream
5abab4fc0138458,What is the color of the Pina Colada Sorbet,pale,the pina colada sorbet is white
5abab4fc0138458,What shade of white is the Pina Colada Sorbet,off-white,the pina colada sorbet appears to be a creamy off-white color
dc3896d8b1db274,What color is the blueberry sorbet described as,rich,the blueberry sorbet appears to be a deep reddish-purple color
dc3896d8b1db274,What type of dessert is the purple food,sorbet,the purple dessert appears to be a sorbet
dc3896d8b1db274,What color is the sorbet,purple,the sorbet is a dark purplish-red color
dc3896d8b1db274,Where is most of the sorbet contained,in the bowl,the sorbet is mostly contained in the white bowl
dc3896d8b1db274,What fruit is the sorbet made from,blueberry,"the sorbet appears to be made from a dark fruit, likely blackberries or blueberries. i can see at least one whole blueberry in the sorbet"
3caf51c2d92cd50,What is the bowl doing on the plate,resting,the bowl is resting on the plate
3caf51c2d92cd50,What color is the bowl and plate,pale green,the bowl and plate are light green
3caf51c2d92cd50,What color is the souffle,golden-brown,the souffle is a golden-brown color
3caf51c2d92cd50,What texture does the top of the souffle have,crispy,"the top of the souffle appears to have a bubbly, slightly crisp, and airy texture"
3caf51c2d92cd50,Where is the banana prop located in the image,in the upper-left corner,the banana prop is located in the top-left of the image
61fc5053796ebfe,What color is the bowl containing the soup,blue,the bowl is blue
61fc5053796ebfe,What type of vegetable is scattered on the surface of the soup,mushrooms,mushrooms and spinach appear to be scattered on the surface of the soup
61fc5053796ebfe,Where are the mushrooms located in the soup,scattered on the surface,the mushrooms are in the soup
61fc5053796ebfe,What type of green leaves are visible in the soup,spinach,spinach and green onion are visible in the soup
330898f48df1db1,What color is the bowl containing the soup,white,the bowl containing the soup is white
330898f48df1db1,What type of food is in the white bowl,soup,"the white bowl contains soup, specifically black bean soup"
330898f48df1db1,What color is the broth of the soup,brown,the broth of the soup appears to be a dark brown color
330898f48df1db1,What color are the cilantro leaves on the soup,green,green
18f853cc27fadce,What color is the bowl that holds the soup,white,the bowl that holds the soup is white
18f853cc27fadce,What color is the broth of the soup,reddish-brown,the broth of the soup appears to be reddish-brown
18f853cc27fadce,Where is the bowl of soup situated in the image,in the right half,the bowl of soup is situated on a blue plaid napkin
18f853cc27fadce,What are the visible chunks in the broth,vegetables,"the visible chunks in the broth appear to be potatoes, beans, carrots, peas, and what looks like tomatoes"
74a9a3f58309faa,What color is the soup,orange,the soup is a light orange or beige color
74a9a3f58309faa,What type of dish is shown in the image,soup,the image shows a bowl of soup
74a9a3f58309faa,What is placed to the left of the soup bowl,bread,to the left of the soup bowl is bread
74a9a3f58309faa,Where is the soup bowl placed,on top of,the soup bowl is placed on a plate with a napkin underneath
c5462855d00750c,What type of pasta is shown in the image,spaghetti,spaghetti
c5462855d00750c,What color is the tomato sauce,red,the tomato sauce is red
c5462855d00750c,What type of dairy product is scattered on top,cheese,mozzarella cheese is scattered on top
c5462855d00750c,Where is the spaghetti arranged in the dish,around the perimeter,the spaghetti is arranged around the edge of the dish
5eac54e4802fefe,What color is the spaghetti sauce,reddish-brown,the spaghetti sauce is red
5eac54e4802fefe,What is the sauce on top of,spaghetti,the sauce on top is meat sauce
5eac54e4802fefe,What is the texture of the sauce,chunky,the sauce appears to be thick and meaty
d3e4bdd012fe051,What color is the spaghetti,light,the spaghetti is a light beige color
d3e4bdd012fe051,What is the white topping on the spaghetti,cheese,the white topping on the spaghetti appears to be cheese
d3e4bdd012fe051,What color are the pepper pieces in the spaghetti,red,the pepper pieces in the spaghetti are red
d3e4bdd012fe051,Where is the spaghetti located,in a casserole dish,the spaghetti is located in the pan
f9048429e64a34c,What type of pasta is shown in the image,spaghetti,the pasta in the image appears to be spaghetti
f9048429e64a34c,How are the white shreds distributed over the dish,scattered,"the white shreds are sprinkled over the dish, with some on the spaghetti, meatballs, and sauce"
f9048429e64a34c,What are the deep red items on top of the spaghetti,meatballs,the deep red items on top of the spaghetti are meatballs covered in tomato sauce
f9048429e64a34c,Where are the meatballs placed,placed on top,the meatballs are placed on top of the spaghetti
6f68655695a3194,What color is the plate,blue,the plate is blue
6f68655695a3194,What is the name of the dish,musubi,spam musubi
6f68655695a3194,What color is the Spam,orange-red,the spam is a reddish-pink color
6f68655695a3194,Where is the nori wrapped,around,the nori is wrapped around the rice and spam
6f68655695a3194,What color is the rice,white rice,the rice is white
7477038f95780fb,What color is the barbecue sauce on the sandwich,reddish-brown,the barbecue sauce on the sandwich is red
7477038f95780fb,What is the main item in the image,sandwich,the main item in the image is a sandwich
7477038f95780fb,How does the barbecue sauce on the spam appear,glazed,the barbecue sauce appears dark red and shiny on top of the spam
7477038f95780fb,What color is the bowl in the image,blue,the bowl in the image is blue
2f21b09945b7362,What is the color of the bacon strips,light-brown,the bacon strips are primarily red with some light areas
2f21b09945b7362,What type of food is the main item in the image,burger,the main item is a burger
2f21b09945b7362,What is the color of the bacon strips,reddish-brown,the bacon strips are red
2f21b09945b7362,Where is the bun located,on top,the bun is on top of the sandwich
2f21b09945b7362,What is the main ingredient of the patty,spam,the main ingredient of the patty appears to be potatoes. it looks like a fried potato patty
3939b19ee46c259,What color is the spinach,green,the spinach is green
3939b19ee46c259,What is the main ingredient in the dish,spinach,spinach
3939b19ee46c259,What color is the plate,white,the plate appears to be primarily white with a design of green and blue leaves and swirls along the edge
3939b19ee46c259,What does the plate have around its edge,with a patterned rim,the plate has green and blue leaves around its edge
3939b19ee46c259,What is scattered throughout the spinach,onions,there are sliced onions and red pepper flakes scattered throughout the spinach
a07f90b218b678c,What is the condition of the spinach leaves,fresh,the spinach leaves appear to be fresh and green
a07f90b218b678c,What type of dish is shown in the image,salad,the dish shown in the image is a salad. it appears to be a spinach salad with some onions and raisins
a07f90b218b678c,What is the primary color of the spinach leaves,green,green
a07f90b218b678c,What color are the onion slices scattered in the salad,white,the onion slices appear to be both white and purple
a07f90b218b678c,Where is the spinach salad placed,in a bowl,the spinach salad is placed in a black bowl
0aa19bafe23c2b6,What color are the spinach leaves,green,the spinach leaves are green
0aa19bafe23c2b6,What type of vegetable is shown in the image,spinach,the image shows kale chips
0aa19bafe23c2b6,How is the spinach arranged in the image,haphazard,the spinach appears to be arranged in a pile or cluster
0aa19bafe23c2b6,What texture is suggested by the glossy sheen on the spinach leaves,oily texture,"the glossy sheen suggests that the spinach leaves might have a slightly oily or perhaps a crisp, glazed texture"
3ac1c74df484d2b,What type of leaves are in the bowl,spinach,the bowl contains spinach leaves
3ac1c74df484d2b,What color are the spinach leaves,green,the spinach leaves are green
3ac1c74df484d2b,What is the spinach served in,bowl,the spinach is served in a bowl
3ac1c74df484d2b,What is mixed with the spinach in the bowl,with shallots,onions and lemon are mixed with spinach
900103ca5bb4951,What color are the Brussels sprouts,green,the brussels sprouts are green
900103ca5bb4951,What type of vegetable is shown in the image,sprouts,the image shows brussels sprouts
900103ca5bb4951,What color is the baking dish,blue,the baking dish is light blue
900103ca5bb4951,What meat is scattered among the sprouts,bacon,bacon
900103ca5bb4951,Where is the baking dish placed,on a white surface,"the baking dish is placed on a striped towel, which is on a surface that appears to be marble"
9bdba56968b4d9b,What color are the Brussels sprouts,green,the brussels sprouts in the image appear to be green
9bdba56968b4d9b,What type of vegetable is shown in the image,sprouts,brussels sprouts
9bdba56968b4d9b,What type of sauce coats the sprouts,creamy,"based on the image, the sprouts appear to be coated in a creamy sauce. it is difficult to be more specific about the type of sauce without additional information"
9bdba56968b4d9b,How are the sprouts arranged in the image,overlapping,the sprouts are arranged randomly in a pan. they appear to be halved or quartered
e2f1b28722a3845,What color are most of the brussels sprouts,green,green
e2f1b28722a3845,What type of vegetable is primarily on the plate,sprouts,brussels sprouts
e2f1b28722a3845,What color are the roasted tips or edges of some sprouts,brown,the roasted tips or edges of some sprouts are brown
e2f1b28722a3845,How are the brussels sprouts arranged on the plate,scattered across,"the brussels sprouts appear to be piled together on the plate in a slightly haphazard manner, along with some halved pearl onions and lemon wedges"
e2f1b28722a3845,What color are the lemon wedges,yellow,the lemon wedges are yellow
cd4727b9541285f,What color are the brussels sprouts,green,the brussels sprouts are green
cd4727b9541285f,What type of vegetable is shown in the image,sprouts,brussels sprouts
cd4727b9541285f,What color is the breading on the brussels sprouts,brown,the breading on the brussels sprouts appears to be a light tan/off-white color in the photo
cd4727b9541285f,Where are the darker brown crumbs located,around the sprouts,the darker brown crumbs are located around the edges of the pan and scattered throughout the dish
ad4a650ab046c06,What color are the brussels sprouts,green,the brussels sprouts are green and brown
ad4a650ab046c06,What type of vegetable is shown in the image,brussels sprouts,brussels sprouts
ad4a650ab046c06,What color is the bowl,white,the bowl with brussel sprouts is white. the bowl with potato salad is white with multi-colored stripes
ad4a650ab046c06,What color are the charred spots on the brussels sprouts,brownish,the charred spots on the brussels sprouts are dark brown or black
ad4a650ab046c06,Where are the brussels sprouts located,in a bowl,the brussels sprouts are located in a white bowl in the center of the image
585df28df4130ee,How is the butternut squash distributed in the dish,dispersed,"the butternut squash appears to be mixed in with other ingredients like rice or grains and dispersed throughout the dish. it's not in large chunks, but rather seems to be integrated into the overall mixture"
585df28df4130ee,What color is the kale,green,the kale in the image is dark green
585df28df4130ee,Where are all the ingredients contained,bowl,all the ingredients are contained within the bowl
67b896c431bcb75,What color is the spaghetti squash in the dish,yellowish-white,"based on the image, the spaghetti squash in the dish appears to be a light yellow or cream color"
67b896c431bcb75,What is the cheese doing to the beans and onions,covering,the cheese is topping/covering the beans and onions
67b896c431bcb75,Where is the melted cheese located in the dish,on top,the melted cheese is located on top of the dish
67b896c431bcb75,What color are the beans in the dish,black,the beans in the dish are black
aa98211e256f592,What color are the squash skins,green,the squash skins are green
aa98211e256f592,What type of vegetable is used in this dish,squash,zucchini
aa98211e256f592,What color is the filling inside the squash,orange,"the filling appears to be a mix of colors, but the overall dominant color seems to be a light orange or reddish-orange. there are also red pieces, possibly from tomatoes or peppers, and darker brown bits, which could be meat or other ingredients"
aa98211e256f592,Where are the stuffed squash halves placed,on a white plate,the stuffed squash halves are placed on a plate
4343704aac2ef25,What color is the spaghetti squash,yellow,the spaghetti squash appears to be yellow
4343704aac2ef25,What type of vegetable is being described,squash,spaghetti squash
4343704aac2ef25,Where is the spaghetti squash mounded,on the concave part,the spaghetti squash is mounded on a spoon
4343704aac2ef25,What color is the parsley behind the spoon,green,the parsley is green
63a0d4e6b2fcc53,What color is the rind of the acorn squash,green,the rind of the acorn squash in the image is dark green
63a0d4e6b2fcc53,What color is the flesh of the squash,yellow,yellow
63a0d4e6b2fcc53,How are the squash halves positioned on the plate,overlapping,"the squash halves are positioned with their cut sides facing upwards, and are close to each other on the plate"
63a0d4e6b2fcc53,Where are the squash halves placed,on the plate,the squash halves are placed on a white plate
a0db3aca84f3043,What color is the flesh of the squash,orange-yellow,the flesh of the squash is orange
a0db3aca84f3043,What type of vegetable is shown in the image,squash,the image shows kabocha squash
a0db3aca84f3043,What color is the skin of the squash,green,the skin of the squash is green
a0db3aca84f3043,How do the tips of the squash appear,charred,the tips of the squash appear to be slightly burnt
a0db3aca84f3043,Where are the squash slices mainly clustered,in the center,the squash slices are mainly clustered on a tray
a4539523aa36409,What color are the diced cubes of squash,orange,the diced cubes of squash are orange
a4539523aa36409,What type of vegetable is shown in the image,squash,the vegetable shown in the image is sweet potato
a4539523aa36409,What color is the bowl containing the squash,blue,the bowl is blue
a4539523aa36409,Where is the bowl positioned in the image,in the center-left,the bowl is positioned in the center of the image
b3947b98f069ed9,What is the soup doing around the steak,surrounding,the soup is surrounding the steak
b3947b98f069ed9,What is the main protein in the dish,steak,pork
b3947b98f069ed9,What color is the soup,tan,the soup is a light yellowish tan
b3947b98f069ed9,What color are the steaks,brown,the steaks are a light beige color
34155128095ebcd,What color are the steak fingers,golden-brown,the steak fingers are a golden brown color
34155128095ebcd,How would you describe the surface of the steak fingers,crispy,"the surface of the steak fingers appears to be crispy, golden-brown, and slightly rough or uneven due to the breading or batter"
34155128095ebcd,How are the steak fingers positioned in the image,arranged,the steak fingers are arranged around a small bowl of white sauce. the steak fingers are oriented in different directions
34155128095ebcd,Where is the creamy white sauce placed,bowl,"the creamy white sauce is placed in a small, clear glass bowl"
34155128095ebcd,What is the color of the sauce in the bowl,white,the sauce in the bowl is white
577f563155789a4,What color is the exterior of the fish,golden-brown,the exterior of the fish is golden brown
577f563155789a4,What type of food is on the plate,fish,fish
577f563155789a4,What color is the interior of the fish,white,the interior of the fish is white
577f563155789a4,Where is the fish located,on the plate,the fish is on the plate
577f563155789a4,What color is the pattern around the edge of the plate,blue,the pattern around the edge of the plate is blue
05fd940d8cb03b7,What color are the mushroom steaks,golden-brown,the mushroom steaks are a golden-brown color
05fd940d8cb03b7,What color are the chives garnishing the steaks,green,the chives are green
05fd940d8cb03b7,Where is the dark purple-black rice located,beneath the steaks,the dark purple-black rice is located under the mushroom pieces on the plate
7584477e98cfefa,What color is the broth of the stew,reddish-brown,the broth of the stew is reddish-brown
7584477e98cfefa,What type of meat is visible in the stew,hamburger,the meat in the stew appears to be ground beef
7584477e98cfefa,What vegetable is distributed throughout the stew,potatoes,"there are several vegetables distributed throughout the stew in the image. from what can be seen:

*   **potatoes**
*   **corn**
*   **green beans**
*   **peas**
*   **carrots**
*   **tomatoes**"
7584477e98cfefa,Where are the green beans and green peas located,throughout the stew,the green beans and peas are throughout the image
7b52ddf044f5e3f,What color is the bowl,red,the bowl is reddish brown with a light yellow base
7b52ddf044f5e3f,What type of dish is being described,stew,"based on the image, the dish appears to be a cabbage and ham soup or stew"
7b52ddf044f5e3f,What type of meat is in the stew,ham,ham
7b52ddf044f5e3f,What color is the cabbage,green,the cabbage appears to be various shades of green and white
7b52ddf044f5e3f,Where do the chunks of ham appear,on the left,the chunks of ham appear in the bowl
9e25af6e0f1e9b3,What color are the beef chunks,brown,the beef chunks are brown
9e25af6e0f1e9b3,How are the beef chunks distributed in the stew,scattered,the beef chunks are spread throughout the stew
9e25af6e0f1e9b3,What color are the carrots,orange,the carrots are orange
9e25af6e0f1e9b3,What color is the bowl,white,the bowl is white
cff67dfc76f90d1,What color are the chicken pieces that are deeper in shade,brown,the chicken pieces that are deeper in shade are a darker tan color
cff67dfc76f90d1,What type of meat is featured in the stew,chicken,chicken
cff67dfc76f90d1,What color are the carrot slices in the dish,orange,the carrot slices in the dish are orange
cff67dfc76f90d1,Where is the slice of orange colored food located,on the left side,the orange colored food is located in the top left corner. there is also some more in the bottom right corner
db61a4da902bdd2,What color is the base broth of the stew,brown,"based on the image, the base broth of the stew appears to be a dark brown color"
db61a4da902bdd2,What red ingredient is visible in the broth,tomatoes,tomatoes
db61a4da902bdd2,What type of protein is found in small bits throughout the stew,meat,"based on the image, the protein in small bits throughout the stew is likely ground beef"
db61a4da902bdd2,Where is the bright yellow shredded cheese placed,on top,the bright yellow shredded cheese is placed on top of the chili
db61a4da902bdd2,What color is the shredded cheese on top of the stew,yellow,the shredded cheese on top of the stew is yellow
ffc1a5a062f3888,What color are the corn kernels in the stew,yellow,the corn kernels in the stew appear to be yellow
ffc1a5a062f3888,Where is the dollop of sour cream located,atop the center,the dollop of sour cream is located on top of the contents inside the bowl
c910f76bf4763c0,What is the overall color of the stew,orange-brown,the overall color of the stew is reddish-brown
c910f76bf4763c0,What color are the individual grains of rice in the stew,white,the individual grains of rice in the stew are mostly white with a slightly orange tint
c910f76bf4763c0,Where are some of the translucent yellow onions located,on the surface,the translucent yellow onions are mixed throughout the rice dish
c910f76bf4763c0,What is the appearance of the yellow onions in the stew,translucent,they appear to be cooked and scattered throughout the rice
0aa0330f3238b29,What is the flavor profile of the stir-fry,savory,"based on the ingredients visible in the image, the stir-fry has a flavor profile that is:

*   **vegetal:** dominated by the taste of fresh vegetables like broccoli, zucchini, yellow squash, green beans, and bell peppers.
*   **earthy/umami:** the mushrooms would contribute an earthy and savory umami note.
*   **slightly sweet:** bell peppers may provide a hint of sweetness.

without knowing the sauce or seasoning used, it's difficult to determine the exact flavor profile beyond these basic elements. it could be savory, sweet, spicy, tangy, or a combination of these depending on the added ingredients"
0aa0330f3238b29,What type of food is being cooked,vegetables,stir-fried vegetables
0aa0330f3238b29,What color are the broccoli pieces,green,the broccoli pieces are green
0aa0330f3238b29,Where are the green broccoli pieces mostly located,around the top,the green broccoli pieces are mostly located on the left side of the pan
0aa0330f3238b29,What color are the bell pepper segments,yellow,the bell pepper segments are red and yellow
b7b5f7fb4c23822,What color is the base of the strawberry whip,pink,the base of the strawberry whip is pink
b7b5f7fb4c23822,What fruit is arranged on top of the whip,strawberries,strawberries
b7b5f7fb4c23822,How are the sliced strawberries arranged on the whip,displaying,the strawberries are arranged randomly on the whip
b7b5f7fb4c23822,What color are the outer edges of the sliced strawberries,red,the outer edges of the sliced strawberries are red
b7b5f7fb4c23822,Where are the sliced strawberries placed on the whip,on top,the sliced strawberries are placed on top of the whip
28f3831cc0cf2c8,What color are the sugar crystals on the strawberries,red,the sugar crystals on the strawberries are red
28f3831cc0cf2c8,What type of fruit is shown in the image,strawberries,the fruit in the image is a strawberry
28f3831cc0cf2c8,How do the sugar crystals on the strawberries appear,bright,"the sugar crystals on the strawberries appear as a dense coating of small, red, sparkling grains"
28f3831cc0cf2c8,Where are the strawberries placed,on a white paper liner,the strawberries are placed in a glass container with white paper
7c7cf1bb8fede70,What color are the strawberries,red,the strawberries are red
7c7cf1bb8fede70,What fruit is shown in the image,strawberries,strawberry
7c7cf1bb8fede70,What color is the chocolate on the strawberries,brown,the chocolate on the strawberries is dark brown
7c7cf1bb8fede70,Where is the chocolate on the strawberries,on the bottom,the bottom part of the strawberries
27d0d3a6a8dbde3,What color are the strawberries,red,the strawberries are red
27d0d3a6a8dbde3,What type of fruit is in the salad,strawberries,the salad contains strawberries
27d0d3a6a8dbde3,Are the strawberries whole or sliced,sliced,the strawberries are sliced
27d0d3a6a8dbde3,Where are the whole strawberries located,on the upper side,there is a whole strawberry in the upper center of the image
27d0d3a6a8dbde3,What color is the cheese,white,the cheese in the image appears to be white
4679824a46cf2b8,What color are the strawberries in the image,red,the strawberries in the image are red
4679824a46cf2b8,What type of fruit is shown in the image,strawberries,the fruit shown in the image is strawberries
4679824a46cf2b8,How are the strawberry slices arranged in the bowl,clustered,the strawberry slices appear to be arranged somewhat randomly in the bowl. they are packed in tightly together
4679824a46cf2b8,How do the strawberry slices appear due to the sauce,juicy,"the strawberry slices appear to be coated in the sauce, giving them a glossy and wet look. the sauce also seems to be pooling around the bottom of the bowl"
c488e64add203b0,What color is the Fresh Strawberry Granita,red,the fresh strawberry granita is red
c488e64add203b0,What fruit is used in the Fresh Strawberry Granita,strawberry,the fruit used in the fresh strawberry granita is strawberries
c488e64add203b0,What type of container is the Fresh Strawberry Granita served in,glass,the fresh strawberry granita is served in a margarita glass
c488e64add203b0,How would you describe the color of the Fresh Strawberry Granita,bright,"the fresh strawberry granita is a vibrant, deep red color, similar to that of ripe strawberries. it has a bright and inviting hue"
c488e64add203b0,Where is the red strawberry placed,on the plate,the red strawberry is placed on the white plates
7b607810af9b476,What type of nut is in the stuffing,chestnut,there are no nuts in the stuffing. there are pieces of mushrooms and bread
7b607810af9b476,What color are the toasted bread cubes,brown,the toasted bread cubes are different shades of brown and yellow
7b607810af9b476,How do some of the bread cubes appear,toasted,"some of the bread cubes appear toasted, some are golden, and some have a lighter color"
7b607810af9b476,What color are the softer bread cubes,yellow,the softer bread cubes appear to be a light yellow color
3c68b3ad534c61b,What color are the darker pieces of the stuffing,brown,the darker pieces of the stuffing are brown
3c68b3ad534c61b,How are the darker brown pieces distributed in the dish,scattered,the darker brown pieces appear to be distributed randomly throughout the dish
3c68b3ad534c61b,What is the stuffing served in,dish,the stuffing is served in a white casserole dish
3c68b3ad534c61b,What color is the dish,white,the dish is white
3c68b3ad534c61b,Where are the darker brown pieces of the stuffing located,throughout the dish,"the darker brown pieces of the stuffing are located throughout the dish, but seem to be more prevalent towards the front and sides"
21b0cdcf0eacf35,What color are the darker bread cubes,brown,the darker bread cubes appear to be a shade of brown
21b0cdcf0eacf35,What are the green flecks in the stuffing,herbs,"based on the image, the green flecks in the stuffing are likely herbs, such as sage, thyme, or parsley. leeks may also be present"
280ee18dd93e4e5,What is the stuffing being prepared for,baking,"the stuffing is being prepared for a meal, such as thanksgiving or christmas"
280ee18dd93e4e5,What color is the baking dish,white,the baking dish is white
280ee18dd93e4e5,How are the green specks of herbs distributed in the stuffing,scattered,"the green specks of herbs appear to be distributed throughout the stuffing in an uneven manner, with some areas showing more concentration than others"
280ee18dd93e4e5,What color is the stuffing,brown,"the stuffing is a mix of brown, tan, and green"
280ee18dd93e4e5,Where is the stuffing located in the image,in the center,the stuffing is located in the white baking dish
bfbe4bfd83aca81,What is the texture of the sugar in the glass,powdered,"the sugar in the glass appears to have a fine, powdery texture"
bfbe4bfd83aca81,What material is the container made of,glass,the container appears to be made of glass
0457d45f6c3b8ad,Is the sushi vegetarian,vegetarian,"based on the image, the sushi appears to be vegetarian. it contains rice, vegetables (like carrots, avocado, and purple cabbage), and is coated with sesame seeds. there is no visible fish or other meat products"
0457d45f6c3b8ad,What type of food is shown in the image,sushi,the image shows sushi rolls
0457d45f6c3b8ad,What color is the plate,black,the plate is black
0457d45f6c3b8ad,Where are the sushi rolls placed,on the plate,the sushi rolls are placed on a black plate
0457d45f6c3b8ad,What color are the scallions in the dipping sauce,green,the scallions in the dipping sauce are green
f6ec970b5ce1712,What type of fish is used as the base of the dish,swordfish,the fish looks like cod
f6ec970b5ce1712,Where is the vibrant mixture located in the dish,atop,the vibrant mixture is located on top of the white piece of meat
f6ec970b5ce1712,What color are the diced tomatoes scattered throughout the dish,red,the diced tomatoes are red
8b0ae37343af5d4,What is the Strawberry-Rhubarb Syrup stored in,pitcher,the strawberry-rhubarb syrup is stored in a clear glass pitcher
8b0ae37343af5d4,Where is the pitcher placed,on a tablecloth,"the pitcher is placed on a saucer, which is on a floral-patterned surface"
5187f1afaf34eae,What color are the carrot matchsticks,orange,the carrot matchsticks are orange
5187f1afaf34eae,What is the base ingredient of the slaw,cabbage,cabbage
5187f1afaf34eae,What color are the cilantro sprigs,green,the cilantro sprigs are green
5187f1afaf34eae,What vegetable is scattered among the cabbage,carrot,carrots and red onion are scattered among the cabbage
5187f1afaf34eae,Where are the cilantro sprigs placed,on top,the cilantro sprigs are placed throughout the salad
b33b2265b8e3f87,What color is the plate,red,the plate is red
b33b2265b8e3f87,What type of food is shown,tacos,tacos
b33b2265b8e3f87,What color are the taco shells,golden-brown,the taco shells appear to be a golden-brown color
b33b2265b8e3f87,What is happening to the fillings,spilling,"the fillings are lettuce, tomato, and cheese"
b33b2265b8e3f87,Where are the tacos placed,on a red plate,the tacos are placed on a red tray
f1801f8847dee20,What color is the mahi mahi's crust,brown,the mahi mahi's crust is a dark brown color. it appears to have a lot of black pepper on it
f1801f8847dee20,What is the mahi mahi served on,plate,the mahi mahi is served on a cream-colored sauce
f1801f8847dee20,Where is the taco topping primarily placed,on top,on the white fish
f1801f8847dee20,What is on top of the mahi mahi,topping,"based on the image, it appears that the mahi mahi is topped with a mixture of avocado, mango, tomato and cilantro"
b5a3740d260a0cf,What type of food is being described,tacos,tacos
b5a3740d260a0cf,What color are the tomato slices,red,the tomato slices are red
b5a3740d260a0cf,Where are the tacos placed,on plate,the tacos are placed on a plate
b5a3740d260a0cf,What color are the avocado slices,green,the avocado slices are green
03945ba374db01c,What type of food is shown in the image,tacos,the image shows a taco
03945ba374db01c,What color are the taco shells,golden-brown,the taco shells are a toasted golden color
03945ba374db01c,What color are the tomatoes inside the tacos,red,the tomatoes inside the tacos are red
03945ba374db01c,Where are the other tacos located,behind,"based on the image, there are tacos in the background"
6318b209c5d8b65,What color are the taffy pieces,brown,the taffy pieces are brown
6318b209c5d8b65,What type of candy is shown in the image,taffy,butterscotch candies
6318b209c5d8b65,What color is the surface the taffy is on,white,white
6318b209c5d8b65,What other color tone do some taffy pieces have,orange,some of the taffy pieces have a darker brown tone
6318b209c5d8b65,Where are the taffy pieces placed,across a white surface,"the taffy pieces are placed on a white surface, possibly a plate or tray"
b0f66d2cb4c1f77,What type of food is displayed in the foreground,tamale,the food displayed in the foreground is a tamale
b0f66d2cb4c1f77,What color is the corn husk under the tamale,yellow,the corn husk under the tamale appears to be yellow or tan
b0f66d2cb4c1f77,Where are the tamales placed,on a white plate,the tamales are placed on a white plate
d28b39d99db3e0b,What color are the taquitos,golden-brown,the taquitos are beige
d28b39d99db3e0b,What type of food is shown in the image,taquitos,the food shown in the image is an empanada
d28b39d99db3e0b,What color variations are visible on the taquitos,brown,the taquitos show color variations including yellow and tan. there also appears to be a small brown spot on the taquito in the foreground
db022623a32e7ae,What color are the baked taquitos,tan,the baked taquitos appear to be a light golden-brown color. they are also topped with red and orange toppings
db022623a32e7ae,What type of food is shown in the image,taquitos,the image shows enchiladas
db022623a32e7ae,What color is the melted cheese on the taquitos,orange,the melted cheese on the taquitos is orange
db022623a32e7ae,Where are the fresh green cilantro leaves placed,scattered over,the fresh green cilantro leaves are placed on top of the food
db022623a32e7ae,What material is the board under the plate made of,wooden,the board under the plate appears to be made of wood
1aa5ae3b9f6e0db,What color is the base layer of the tart,yellow,the base layer of the tart is a light golden-yellow color
1aa5ae3b9f6e0db,Where are the Pineapple Meringue Tart pieces placed,plate,the pineapple meringue tart pieces are placed on a white paper plate with a purple and green leaf pattern
1aa5ae3b9f6e0db,What color is the meringue layer,white,"the meringue layer is mostly white with some slightly toasted, golden-brown areas"
1aa5ae3b9f6e0db,What is the texture of the top of the meringue,toasted,"the texture of the top of the meringue appears to be fluffy, slightly crisp, and possibly a bit toasted in places"
1aa5ae3b9f6e0db,Where are the tart pieces located,on a plate,the tart pieces are located on a plate
90ead502d026745,What color are the tater tots,golden brown,the tater tots in the image appear to be a mix of white and tan/golden-brown
90ead502d026745,What is the main ingredient in the dish,tater tots,cauliflower appears to be the main ingredient in the dish
90ead502d026745,What color is the plate,white,the plate is white
90ead502d026745,Where is the sauce drizzled,over the tater tots,the sauce is drizzled on the food
d1ad9c754aa697a,What color is the tea,orange,the tea is a light brown or tan color
d1ad9c754aa697a,What is the tea served in,glass,the tea is served in a glass
d1ad9c754aa697a,How are the ice cubes arranged in the tea,scattered,"the ice cubes appear to be loosely scattered throughout the tea, not arranged in any particular pattern. some are floating on top, while others are submerged"
d1ad9c754aa697a,What color is the cinnamon stick,brown,the cinnamon stick is brown
d1ad9c754aa697a,Where is the cinnamon stick placed,on top,the cinnamon stick is placed in the drink
b71b76cf8d104b4,What is the color of the tea in the glass teacup,amber,the tea in the glass teacup is a light brown or amber color
b71b76cf8d104b4,What type of beverage is in the glass teacup,tea,the beverage in the glass teacup is tea with a lemon slice
b71b76cf8d104b4,What is floating on the surface of the tea,lemon,a lemon slice is floating on the surface of the tea
b71b76cf8d104b4,What color is the decorative saucer,green,the decorative saucer is green
b71b76cf8d104b4,Where is the thin slice of lemon located,on the surface,the thin slice of lemon is located in the tea
34b57aacca7966a,What type of container is the tea in,mug,the tea is in a glass mug
34b57aacca7966a,What color is the tea,beige,the tea appears to be a light brown or beige color
34b57aacca7966a,Where is the mug placed,on a white tiled surface,the mug is placed on a white tiled surface
34b57aacca7966a,What type of beverage is in the mug,tea,"based on the image, it's difficult to say for certain. it appears to be a light-colored, possibly milky beverage, and the presence of ice suggests it might be:

*   **horchata**
*   **iced coffee with milk or creamer**
*   **a milky, fruity drink (e.g., a smoothie)**
*   **soy milk**"
0eb658c957d98c0,What is the tea served in,glass,the tea is served in a glass
0eb658c957d98c0,What color describes the tea,tan,the tea is a light tan color
0eb658c957d98c0,Where is the tea positioned in the image,in the center,the tea is inside a glass
ab815925487ce3b,What is the temperature of the tea,hot,i cannot determine the temperature of the tea from the image
ab815925487ce3b,What type of beverage is shown,tea,tea
ab815925487ce3b,What color is the tea,amber,the tea appears to be a dark amber or brown color
ab815925487ce3b,Where is the teacup resting,resting on a saucer,the teacup is resting on the saucer
ab815925487ce3b,What flavor is the tea,ginger,"i cannot determine the flavor of the tea from the picture. the tea appears to be a dark color, suggesting it could be black tea, but without more information, i can't say for sure"
b0fdc6af7f2645a,What is the color of the glass teapot,clear,the glass teapot is clear
b0fdc6af7f2645a,What color are the basil leaves,green,the basil leaves are green
b0fdc6af7f2645a,What is the hue of the tea,reddish-pink,the tea appears to have a reddish hue
b0fdc6af7f2645a,Where are the loose basil leaves and dried hibiscus flowers positioned,to the left,the loose basil leaves and dried hibiscus flowers are positioned to the left of the barry's tea box
dc7078acdfb1703,What color are the chicken tenders,brown,the chicken tenders appear to be a brownish color with a reddish sauce over them
dc7078acdfb1703,What type of meat is shown in the image,chicken,the meat shown in the image is chicken
dc7078acdfb1703,What color is the plate,white,the plate is white
d44ef12ebd2068c,What color is the plate,white,the plate is white
d44ef12ebd2068c,What type of meat is featured in the dish,tenderloins,pork
d44ef12ebd2068c,What color is the outside of the tenderloins,reddish-brown,the outside of the tenderloins appears to be a dark reddish-brown color
d44ef12ebd2068c,How is the brownish sauce applied to the tenderloins,drizzled,the brownish sauce is drizzled over the sliced tenderloins. there is also a gravy boat with the sauce in the background
d44ef12ebd2068c,Where is the sprig of green parsley placed,on top,the sprig of green parsley is placed on top of the sliced meat
22730038e750ba4,What color is the interior of the pork,pink,the interior of the pork is light pink
22730038e750ba4,What type of meat is shown in the image,pork,"the meat shown in the image is pork. specifically, it appears to be pork tenderloin"
22730038e750ba4,What color is the outer layer of the pork,dark brown,the outer layer of the pork is dark brown and reddish-brown in some areas
22730038e750ba4,How was the pork prepared to achieve its outer color,seared,"based on the image, the pork was likely seared or grilled to achieve the outer color. the dark areas suggest high heat and potential caramelization"
22730038e750ba4,Where is the largest slice of pork located in the image,from the bottom left,the largest slice of pork is located at the front of the image
1ab59eb690c3b5d,What color are the baked chicken thighs,golden,the baked chicken thighs are golden brown
1ab59eb690c3b5d,What type of meat is shown in the image,chicken,chicken
1ab59eb690c3b5d,What color are the mushrooms,brown,the mushrooms appear to be dark brown
1ab59eb690c3b5d,Where are the mushrooms placed,piled on top,the mushrooms are placed on top of the chicken
1ab59eb690c3b5d,What color is the parsley,green,the parsley is green
3f9831aeae8dd21,What color is the tilapia,white,"based on the image, the tilapia appears to be white in color. however, it also seems to be coated in some sort of breading that is yellowish brown"
3f9831aeae8dd21,What type of fish is shown in the image,tilapia,"it's difficult to determine the specific type of fish in the image because it is cooked and covered in breading. without seeing the texture and color of the fish underneath, it's hard to give a definitive answer"
3f9831aeae8dd21,What color are the crumbs on the tilapia,golden-brown,the crumbs on the tilapia are brown and yellow
3f9831aeae8dd21,Where is the purplish food item located relative to the fish,to the left,the purplish food item is located to the left of the fish
3f9831aeae8dd21,How would you describe the surface of the crumbs on the tilapia,textured,"the surface of the crumbs on the tilapia appears to be crispy, golden-brown, and irregularly textured. the crumbs vary in size and shape, creating a rough, uneven surface"
2eb69d1ad1c14be,What color is the burrata cheese,white,the burrata cheese in the image is white
2eb69d1ad1c14be,What color are the tomato slices,red,the tomato slices are red
2eb69d1ad1c14be,Where are the tomato slices and tomato sauce located,on top,the tomato slices and tomato sauce are both located on the toast
fd3101be707b71f,What type of dessert is located inside the small glass jar,ice cream,macha ice cream or pudding
fd3101be707b71f,Where is the green tea ice cream located,located inside,the green tea ice cream is located in the glass jars
fd3101be707b71f,What is the lighter green ice cream possibly made of,tofu,"based on the color, it could be made of pistachio, green tea (matcha), or avocado"
fd3101be707b71f,How does the tofu ice cream appear,creamy,the tofu ice cream appears light green in color. it is in a glass jar with a metal clasp and an orange rubber seal. there is a spoonful of the ice cream being taken out. there are a few jars of tofu ice cream with some pink flower petals on the table
fd3101be707b71f,How is the green tea ice cream served,scooped,"the green tea ice cream is served in small, glass jars. a spoon is placed in the jar in the foreground"
b3d4f40408a3449,What is the main protein in the dish,tofu,tofu
b3d4f40408a3449,What color are the bell peppers on the skewers,red,the bell peppers on the skewers are red
b3d4f40408a3449,What color is the tofu on the skewers,golden-brown,the tofu on the skewers is tan or brownish with grill marks
b3d4f40408a3449,What vegetable is dark and threaded onto the skewers,eggplant,zucchini and eggplant
cb9d2c39afa6e98,What is the name of the Japanese dish in the bowl,agedashi,"based on the image, the japanese dish in the bowl appears to be agedashi tofu"
cb9d2c39afa6e98,What color is the rim of the bowl,brown,the rim of the bowl is brown
cb9d2c39afa6e98,How are the tofu pieces arranged in the bowl,scattered,the tofu pieces are placed randomly and loosely in the bowl. some pieces appear to overlap. there are also sliced scallions sprinkled around the tofu
6ae90b789637671,What color are the tofu pieces,tan,the tofu pieces are a beige color
6ae90b789637671,Where are the tofu pieces located within the plate,shifted to the left,"the tofu pieces are distributed throughout the plate, mixed in with the vegetables"
6ae90b789637671,What color are the broccoli florets,green,the broccoli florets are green
6ae90b789637671,How are the red bell pepper chunks distributed,scattered,the red bell pepper chunks are distributed throughout the dish
328211d7fd13871,What color are the tofu pieces,orange,the tofu pieces appear to be a light brown color
328211d7fd13871,What type of protein is used in the dish,tofu,the protein used in this dish appears to be tofu
328211d7fd13871,Where is the snow pea resting,resting between,the snow pea is resting on the rice and the tofu
328211d7fd13871,What is the tofu resting on,rice,the tofu is resting on rice
328211d7fd13871,How are the carrots arranged around the tofu,scattered,the carrots are sliced into rounds and are arranged in a scattered manner around the tofu
817a2e78403865a,What color are the edges of the tofu,brown,the edges of the tofu appear to be golden brown
817a2e78403865a,How is the tofu arranged in the bowl,scattered,the tofu is cubed and mixed in with broccoli. the mixture is arranged next to the rice
817a2e78403865a,What vegetable is mixed with the tofu,broccoli,broccoli is mixed with the tofu
817a2e78403865a,What color is the broccoli,green,the broccoli is green
2fad435041d2dc8,What is the main ingredient of the dish,tofu,tofu
2fad435041d2dc8,What color is the plate,blue,the plate is blue
2fad435041d2dc8,Where are the tofu pieces located on the plate,on the left side,the tofu pieces are located on the left side of the plate
2fad435041d2dc8,What color are the fried tofu pieces,golden-brown,the fried tofu pieces are a golden-yellow color with some darker brown spots
97b516e3344fd79,What type of bowl is the dish served in,decorative,the dish is served in a patterned bowl
97b516e3344fd79,What is the main ingredient in the dish,tofu,tofu
97b516e3344fd79,What color is the decorative bowl,blue,the decorative bowl is white with dark blue and gray designs
97b516e3344fd79,Where is the small spoon located,on the upper left,the small spoon is located at the top left
97b516e3344fd79,What is scattered throughout the bowl alongside the tofu,mushrooms,"scattered throughout the bowl are mushrooms, chopped green onions, and crushed peanuts"
f4f9e7ee742b6e5,What color are the tomatoes,red,the tomatoes are red
f4f9e7ee742b6e5,What type of vegetable is shown in the image,tomatoes,tomatoes
f4f9e7ee742b6e5,What color is the plate,white,the plate is white
f4f9e7ee742b6e5,Where is the front tomato positioned relative to the viewer,closer to,the front tomato is positioned directly in front of the viewer
f4f9e7ee742b6e5,What color is the parsley,green,the parsley is green
e98a385db039315,What color are the tomatoes,red,the tomatoes are red
e98a385db039315,What type of vegetable is shown in the image,tomatoes,"the image shows tomatoes, peppers, and onions"
e98a385db039315,What color are the patches on some of the tomatoes,yellow,the patches on some of the tomatoes are dark brown or black
26c7b4853f446d6,What is the main ingredient in the casserole,tomato,"based on the image, it's difficult to definitively determine the main ingredient in the casserole. however, it seems to be covered in cheese. thus, i would say the main ingredient is likely cheese"
26c7b4853f446d6,What type of dish is the casserole in,transparent,glass
26c7b4853f446d6,What color is the melted cheese on top of the casserole,orange,the melted cheese on top of the casserole appears to be orange
ea0d52534352951,Is the onion topping gluten-free,gluten-free,"it is impossible to determine whether the onion topping is gluten-free from the image. while it looks like it may have a breaded or coated exterior, the ingredients used for that coating are not identifiable from the image alone. to ascertain if it is gluten-free, one would need to know the recipe or ingredients list"
ea0d52534352951,What color is the majority of the onion topping,yellow,the majority of the onion topping is light yellow
ea0d52534352951,Where is the onion topping placed,on the plate,the onion topping is placed on a black plate
ea0d52534352951,What color are the edges of some of the onion topping,brown,some of the edges are brown
39d55e56600d302,What color is the topmost layer of the dessert,white,the topmost layer of the dessert is white
39d55e56600d302,What is the topmost layer of the dessert made of,meringue,the topmost layer of the dessert appears to be made of meringue
39d55e56600d302,What describes the patches on the meringue,browned,the patches on the meringue appear to have sugar and nuts
39d55e56600d302,What color is the translucent filling,amber-colored,the translucent filling appears to be an amber color
39d55e56600d302,Where is the dessert resting,on a dark surface,the dessert is resting on a black surface
e3d1141db582a02,What color is the surface where the tortes are placed,white,white
e3d1141db582a02,What type of pastries are shown in the image,tortes,"the pastries in the image appear to be small, cylindrical cakes or muffins, topped with white icing and a dollop of jam"
e3d1141db582a02,What color is the wire tray holding the tortes,copper-colored,the wire tray holding the tortes is copper
e3d1141db582a02,Where are the three tortes placed,on a plate,three tortes are placed on a wire rack with a piece of parchment paper
817d0a6dd591446,What color is the mousse layer,green,the mousse layer appears to be a light green color
817d0a6dd591446,What is the pale green layer made of,mousse,"based on the image, the pale green layer is likely a lime-flavored frosting or glaze. the green color could come from lime juice or zest"
817d0a6dd591446,What color is the plate,white,the plate is white
817d0a6dd591446,What color is the base of the torte,brown,the base of the torte is brown
817d0a6dd591446,Where are the small white dollops of cream placed,on top of,"the small white dollops of cream are placed on top of the cake. some are along the outer edge, and others are in the center"
960127d6c89ac13,What type of fruit is used in the torte,plum,apricots
960127d6c89ac13,What shape is the torte,round,the torte is round
960127d6c89ac13,What color is the torte filling,yellow,"the filling is mostly amber, but there are also some that appear to be a darker brownish-orange"
960127d6c89ac13,What color is the powdered sugar,white,the powdered sugar is white
960127d6c89ac13,Where is the powdered sugar sprinkled,over the surface,the powdered sugar is sprinkled on the dough part of the dessert
72f70fbadf48fe7,What color are the tortellini,yellow,the tortellini are a light yellow/beige color
72f70fbadf48fe7,What type of pasta is shown in the image,tortellini,the pasta in the image appears to be tortelloni
eb4315397495532,What color is the plate,orange,the plate is orange
eb4315397495532,What type of pasta is in the dish,tortellini,the pasta in the dish appears to be tortellini and farfalle
eb4315397495532,What color are the diced bell peppers,yellow,yellow
eb4315397495532,What color are the cherry tomatoes,red,the cherry tomatoes are red
eb4315397495532,Where is the tortellini served,on an orange plate,the tortellini is served on a plate
195e9585a01590a,What color is the surface the tortellini are placed on,blue,the surface is a light blue
195e9585a01590a,What type of pasta is shown in the image,tortellini,the pasta in the image looks like tortelloni
195e9585a01590a,What color are the tortellini,green,the tortellini are green
195e9585a01590a,How does the surface of some tortellini appear,powdered,the surface of the tortellini appears slightly powdery
4911dd059ba7f62,What color are the tortellini,yellow,the tortellini in the image appear to be a pale yellow color
4911dd059ba7f62,What color are the sausage pieces,brown,the sausage pieces appear to be brown
4911dd059ba7f62,Where are the ingredients located in the image,in the center,the ingredients are located in the plate
c21bd7781469b7f,What color are the tortillas,yellow-tan,the tortillas are a light yellow color
c21bd7781469b7f,What type of food item is shown in the image,tortillas,corn tortillas
c21bd7781469b7f,How are the tortillas arranged,stacked,the tortillas are arranged in a stack inside of a cloth
c21bd7781469b7f,What shape are the tortillas,round,the tortillas are round
d3374dbac8ec3d1,What color are the tortillas,tan,the tortillas are a light tan color with some darker brown spots
d3374dbac8ec3d1,What type of food is shown in the image,tortillas,tortillas
d3374dbac8ec3d1,What color is the cloth under the tortillas,blue,"the cloth under the tortillas is a mix of colors including white, pink, blue, and yellow. it appears to be striped"
d3374dbac8ec3d1,Where are the tortillas placed,on top of,the tortillas are placed on a striped cloth
da1d6472e13aadf,What is the base of the tostada made of,tortilla,the base of the tostada appears to be a tortilla
da1d6472e13aadf,What color is the ground turkey,brown,the ground turkey appears to be brown
da1d6472e13aadf,What color is the diced avocado,green,the diced avocado appears to be green
da1d6472e13aadf,Where are the sliced red onions placed,on top,"the sliced red onions are placed on top of the tortilla, mixed in with the other toppings like shredded cheese, sour cream, meat, and green vegetables"
117a60f129fb597,What color is the plate,white,the plate is white
117a60f129fb597,What color are the tater tots,golden-brown,the tater tots are a light brown color
117a60f129fb597,What is the main ingredient in the dish,meat,tater tots
117a60f129fb597,Where is the sloppy joe meat placed,on top of,the sloppy joe meat is placed on top of the tater tots
dada488561e65c8,How are the treats arranged on the parchment paper,scattered,the treats are arranged loosely on the parchment paper
dada488561e65c8,What colorful items are embedded in the green clusters,marshmallows,the colorful items embedded in the green clusters are marshmallows
dada488561e65c8,What is the texture of the cereal clusters,congealed,"the cereal clusters appear to have a somewhat rough and lumpy texture due to the irregular shape of the cereal pieces and marshmallows. the clusters seem to be held together by a coating, giving them a slightly glossy and sticky appearance"
dada488561e65c8,Where are the treats placed,on wrinkled sheet,the treats are placed on a piece of white parchment paper
979f8486655d8c9,What is the texture of the white filling in the trifle,creamy,the white filling in the trifle looks smooth
979f8486655d8c9,What type of dessert is shown in the image,trifle,banana pudding trifle
979f8486655d8c9,What color is the custard layer in the trifle,yellow,the custard layer in the trifle is yellow
979f8486655d8c9,Where are the whole cookies placed on the trifle,on top,the whole cookies are placed around the top edge of the trifle
979f8486655d8c9,What color are the whole cookies on top of the trifle,brown,the whole cookies on top of the trifle are light brown/tan
82ad0c5889276b1,What color are the cake cubes in the base layer,golden-brown,the cake cubes in the base layer are light yellow/cream colored
82ad0c5889276b1,What is the base layer of the trifle made of,cake,the base layer of the trifle appears to be made of cubed cake
82ad0c5889276b1,What color are the strawberries in the trifle,red,the strawberries in the trifle are red
82ad0c5889276b1,What is the trifle topped with,with whipped topping,"the trifle is topped with whipped cream, raspberries, and blueberries"
82ad0c5889276b1,What type of dish is the berry trifle,dessert,the berry trifle is a dessert
f7bcbfa5d91a502,What is the primary color of the Oven-Roasted Tri-Tip,reddish-brown,brown
f7bcbfa5d91a502,What type of meat is shown in the image,tri-tip,"based on the image, the meat appears to be liver"
f7bcbfa5d91a502,What color is the plate the Tri-Tip is served on,white,the plate the tri-tip is served on is white
f7bcbfa5d91a502,Where is the Tri-Tip located in the image,on a plate,"here are the bounding box detections:
```json
[
  {""box_2d"": [170, 228, 254, 362], ""label"": ""onion""},
  {""box_2d"": [418, 242, 545, 381], ""label"": ""onion""},
  {""box_2d"": [556, 385, 747, 604], ""label"": ""onion""},
  {""box_2d"": [397, 439, 589, 606], ""label"": ""onion""},
  {""box_2d"": [341, 264, 429, 371], ""label"": ""onion""},
  {""box_2d"": [731, 420, 885, 517], ""label"": ""onion""},
  {""box_2d"": [485, 646, 633, 760], ""label"": ""onion""},
  {""box_2d"": [502, 123, 606, 237], ""label"": ""onion""},
  {""box_2d"": [379, 615, 472, 756], ""label"": ""onion""},
  {""box_2d"": [572, 190, 743, 318], ""label"": ""onion""},
  {""box_2d"": [664, 548, 858, 646], ""label"": ""onion""},
  {""box_2d"": [260, 350, 420, 482], ""label"": ""onion""},
  {""box_2d"": [152, 407, 352, 571], ""label"": ""onion""},
  {""box_2d"": [133, 481, 402, 648], ""label"": ""onion""}
]
```
the tri-tip is located on the plate, under the sauce, onions and green onion pieces"
f7bcbfa5d91a502,What color are the onions covering the Tri-Tip,yellow-brown,the onions covering the tri-tip are a light brown or golden brown color
1fab03e9b59ddee,How would you describe the size of the fish,large,"the fish fillet appears to be a moderate size, likely a single serving portion"
1fab03e9b59ddee,What type of protein is the main dish,fish,salmon
1fab03e9b59ddee,What color is the Steelhead Trout,orange,the steelhead trout is pink
1fab03e9b59ddee,Where is the fish located on the plate,on the right,the fish is located on the right side of the plate
8532d483872df44,What type of food is being served on the platter,fish,fish
8532d483872df44,What color are the lemon wedges placed around the fillets,yellow,the lemon wedges are yellow
8532d483872df44,Where are the Trout Meunière fillets placed,on the platter,the trout meunière fillets are placed on lemon slices on a decorated white plate
8532d483872df44,What are the main components of the dish on the platter,fillets,"the main components of the dish on the platter are:

*   fish fillets (possibly trout)
*   lemon slices
*   chopped herbs (likely parsley)
*   topping of some sort"
2663a5718fa18fe,What is the color of the truffles,dark,the truffles are brown
2663a5718fa18fe,What color are the truffles,brown,the truffles are brown
2663a5718fa18fe,Where are the truffles placed,in a box,"the truffles are placed in a box, inside paper liners"
2663a5718fa18fe,What color are the salt crystals on the truffles,white,the salt crystals on the truffles are white
0b5e5c68ea86508,What color is the plate,white,the plate is white
0b5e5c68ea86508,What is the main ingredient of the truffles,chocolate,chocolate is the main ingredient
0b5e5c68ea86508,What color are the truffles coated in cocoa powder,brown,the truffles coated in cocoa powder are brown
0b5e5c68ea86508,Where are the truffles located,on a plate,the truffles are located on a white plate
3aa0bced2f8335c,What type of dessert is shown in the image,truffles,cookie dough truffles
3aa0bced2f8335c,What color is the cookie dough center,brown,the cookie dough center is a light tan color
3aa0bced2f8335c,What is the appearance of the chocolate shell on the sliced truffle,studded,"the chocolate shell on the sliced truffle appears to be a smooth, dark brown coating. it looks even and slightly shiny"
3aa0bced2f8335c,Where are the sprinkles located on the truffles,at the top,the sprinkles are located on the top of the chocolate coating on the truffles
c1139da94258750,What is inside the chocolate truffles,strawberry-filled,the inside of the chocolate truffles appears to be a red filling
c1139da94258750,What type of dessert is shown in the image,truffles,chocolate candies or chocolate covered cookies
c1139da94258750,What color is the truffle in the center,brown,the truffle in the center is dark brown with a lighter brown heart design
c1139da94258750,What color is the heart-shaped decoration on the center truffle,with a darker brown,the heart-shaped decoration on the center truffle is a darker shade of brown than the truffle itself. it appears to be made of chocolate as well
c1139da94258750,What shape are all the truffles,circular,the truffles are round
7f0c8af27a6478f,What color are the noodles in the casserole,yellow,the noodles in the casserole are tan or beige colored
7f0c8af27a6478f,What type of fish is used in the casserole,tuna,"i cannot identify fish in the casserole from the given picture.  it appears to contain noodles, peas, and some kind of meat, possibly chicken or ham"
7f0c8af27a6478f,What is the texture of the sauce in the casserole,creamy,the sauce in the casserole appears to be creamy
7f0c8af27a6478f,Where are the crushed potato chips located,on the top of casserole,the crushed potato chips are located on the dish
7f0c8af27a6478f,What color is the creamy sauce in the casserole,white,the creamy sauce in the casserole is a light beige color
81f47512853201e,What color is the baking dish,white,the baking dish is blue and white
81f47512853201e,What color are the zucchini slices,green,the zucchini slices are green
81f47512853201e,What has happened to the cheese on top of the casserole,melted,the cheese on top of the casserole has melted and browned
81f47512853201e,Where is the casserole placed in the image,in a white baking dish,the casserole is placed in a blue and white baking dish
31fa025b78a3458,What is the texture of the sauce on top of the dish,creamy,"the sauce appears to have a bubbly, melted cheese texture on top"
31fa025b78a3458,What type of meat is used in the dish,turkey,"based on the image, it's impossible to tell what type of meat is used"
31fa025b78a3458,What color is the creamy sauce on top of the dish,yellow,"the creamy sauce appears to be a light yellow or beige color, possibly with some browning on top from baking"
31fa025b78a3458,What type of vegetable is visible on the top layer of the dish,mushrooms,the vegetable visible on the top layer of the dish is mushrooms
31fa025b78a3458,Where is the Turkey Tetrazzini located in the image,in a dish,the turkey tetrazzini is in the glass baking dish
342068e032bf8d6,What color is the rub on the turkey,brownish-orange,"the rub on the turkey appears to be a mix of colors including brown, red, and green"
342068e032bf8d6,What type of meat is shown in the image,turkey,the meat in the image appears to be turkey
342068e032bf8d6,How is the rub distributed on the turkey,scattered,the rub is distributed evenly over the entire turkey
342068e032bf8d6,What color are the specks and flakes on the turkey,green,the specks and flakes on the turkey appear to be primarily green and brown
342068e032bf8d6,Where is the rub located on the turkey,on the surface,the rub is located on the surface of the turkey
79b81189e77204a,What color is the plate,white,the plate is white
79b81189e77204a,What type of fruit is used in the turnover,blueberry,blueberry
79b81189e77204a,What color is the pastry,golden-brown,the pastry is a light brown color
79b81189e77204a,How are the blueberries arranged around the pastry,scattered,the blueberries are arranged to the left and right of the pastry
304ea6b80cd8e93,What color is the bowl,red,the bowl appears to be a combination of colors: red on the rim and black on the outside
304ea6b80cd8e93,What shape is the bowl,square,the bowl is square
304ea6b80cd8e93,What vegetable is scattered in the broth,carrots,carrot
304ea6b80cd8e93,Where are the cilantro and carrots located,on top,the cilantro and carrots are located in the soup
30265394037d14c,What is the color of the Veal Scaloppini,golden-brown,the veal scaloppini appears to be golden brown
30265394037d14c,What type of meat is used in the dish,veal,i am unable to determine the type of meat used in the dish
30265394037d14c,What color is the Lemon Cream Sauce,white,"the lemon cream sauce appears to be a light, creamy white or off-white color"
30265394037d14c,Where is the Veal Scaloppini placed,on the plate,"here are the bounding box detections:
```json
[
  {""box_2d"": [221, 0, 1000, 1000], ""label"": ""veal scaloppini""}
]
```"
30265394037d14c,How is the Lemon Cream Sauce applied to the veal,drizzled,the lemon cream sauce is drizzled over the veal
d1b61b8147cf662,What color is the plate,white,the plate is white
d1b61b8147cf662,What type of food is on the plate,vegetables,"the food on the plate appears to be roasted vegetables, including eggplant and red bell peppers. there also seems to be garlic and herbs"
d1b61b8147cf662,What color are the peppers,red,the peppers are red
d1b61b8147cf662,Where are the vegetables located,on a plate,the vegetables are located on the plate
950b1803631181d,What color are the decorative leaves on the Wellington,brown,the decorative leaves on the wellington are a golden brown color
950b1803631181d,What type of dish is shown in the image,wellington,beef wellington
950b1803631181d,What color is the plate the Wellington is served on,dark blue,the plate is dark blue or black
6e329e616c77aad,What color are the bell pepper chunks,green,the bell pepper chunks are green
6e329e616c77aad,What type of food is being prepared,vegetables,grilled vegetables are being prepared
6e329e616c77aad,How are the green bell pepper chunks arranged,scattered,"the green bell pepper chunks are scattered around the pan, generally close to the red onion chunks"
6e329e616c77aad,Where are the vegetables arranged,on a black grill pan,the vegetables are arranged in a grill pan
4ac1c59a0e69f40,What is the appearance of the sauce on the venison,glazed,"the sauce on the venison is a dark, glossy red"
4ac1c59a0e69f40,What color is the sauce around the base of the venison,reddish-brown,"the sauce around the base of the venison is a dark, reddish-purple color"
4ac1c59a0e69f40,Where are the blackberries located in relation to the venison,around the base,the blackberries are located around the venison
4ac1c59a0e69f40,What fruit is scattered around the venison,blackberries,the fruit scattered around the venison is blackberries
518f951a9a03867,What color is the venison,brown,the venison appears to be dark brown in color
518f951a9a03867,What type of meat is in the dish,venison,beef
518f951a9a03867,What is covering the venison,gravy,gravy is covering the venison
518f951a9a03867,What color is the plate,green,the plate is green
518f951a9a03867,Where is the dish presented,on the plate,the dish is presented on a plate
5bd2d4f17e38c6e,What color are the fried venison backstrap pieces,golden-brown,the fried venison backstrap pieces are golden brown in color
5bd2d4f17e38c6e,What type of meat is shown in the image,venison,the image shows fried chicken
5bd2d4f17e38c6e,Where are the fried venison backstrap pieces placed,on a plate,the fried venison backstrap pieces are placed on a plate
5bd2d4f17e38c6e,How are the fried venison backstrap pieces arranged,overlapping,the fried venison backstrap pieces are piled on top of each other in a somewhat messy or casual arrangement on the plate
b15c979347195d8,What type of dish is the blueberry vinaigrette dressing used on,salad,the blueberry vinaigrette dressing is used on a salad
b15c979347195d8,What color are the lettuce leaves in the salad,green,the lettuce leaves in the salad are green
b15c979347195d8,Where are the blueberries located,in the salad,the blueberries are mixed in the salad
b15c979347195d8,What fruit is included in the salad,blueberries,blueberries
bd3b4a1c7f9f373,What shade is the liquid in the pitcher,brown,the liquid in the pitcher is dark brown
bd3b4a1c7f9f373,What is the vinaigrette doing to the light,reflecting,the vinaigrette is refracting and reflecting the light
bd3b4a1c7f9f373,What is the vinaigrette contained in,pitcher,the vinaigrette is contained in a glass pitcher
bd3b4a1c7f9f373,What type of dressing is shown in the image,vinaigrette,the dressing in the image appears to be balsamic vinaigrette
bd3b4a1c7f9f373,Where is the pitcher positioned in the image,in the foreground,the pitcher is placed among a salad
b78d3c1f05149a8,What type of dressing is shown in the image,vinaigrette,"based on the image, it appears to be a vinaigrette dressing"
b78d3c1f05149a8,What material is the surface the jar is sitting on,wooden,the jar is sitting on a wooden surface
b78d3c1f05149a8,What color is the vinaigrette,yellow-brown,the vinaigrette is a yellowish-brown color
678de4c539aadec,What is the Mama's Balsamic Vinaigrette contained in,jar,the mama's balsamic vinaigrette is contained in a small glass jar with a hinged lid
678de4c539aadec,What material is the surface that the jar is placed on,wooden,the jar is placed on a wooden surface
678de4c539aadec,Where is the jar positioned,on a wooden surface,the jar is positioned on a wooden cutting board
da7ef8b9b9c353a,What color is the lettuce in the salad,green,the lettuce in the salad is green
da7ef8b9b9c353a,How are the pomegranate seeds distributed in the salad,scattered,the pomegranate seeds are scattered throughout the salad
da7ef8b9b9c353a,What color are the pomegranate seeds,red,the pomegranate seeds are red
da7ef8b9b9c353a,What type of vegetable is red and present in the salad,tomato,tomato
da7ef8b9b9c353a,Where is the clear glass bowl containing pomegranate vinaigrette dressing located,above the middle,the clear glass bowl containing pomegranate vinaigrette dressing is located in the center of the salad
8388d987f7f6275,What color are the waffles,golden-brown,the waffles are tan and brown
8388d987f7f6275,What food item is shown in the image,waffles,the food item shown in the image is waffles
8388d987f7f6275,What color is the plate,white,the plate is white
8388d987f7f6275,What describes the color variation of the waffles,darker,the waffles vary from a golden brown to a light tan color
8388d987f7f6275,Where are the waffles placed,on a white plate,the waffles are placed on a white plate. the plate is resting on a wooden surface
0cd49eee53547b6,What color are the waffle fries,golden,the waffle fries are golden brown
0cd49eee53547b6,What color is the ground beef in the bowl,brown,the ground beef in the bowl is brown
0cd49eee53547b6,Where are the waffle fries located in the bowl,on the left,the waffle fries are located inside the bowl
0cd49eee53547b6,What color are the diced tomatoes,red,the diced tomatoes are red
57c2735d6cec16a,What is the main food item in the image,waffle,waffle
57c2735d6cec16a,What color are the tomatoes on the waffle,red,the tomatoes on the waffle are red
57c2735d6cec16a,Where are the tomatoes located,on the waffle,the tomatoes are located on top of the waffle
57c2735d6cec16a,What color are the cilantro pieces,green,the cilantro pieces are green
4ff6dd8fefab333,How would you describe the walleye pieces,awesome,"the walleye pieces appear to be cooked, possibly baked or steamed in foil, as they are flaky and have a light, off-white color. they are seasoned with pepper and possibly other spices, and they are sitting in a pool of liquid that appears to be melted butter or oil. they look tender and moist"
4ff6dd8fefab333,What type of fish is shown in the image,walleye,"based on the appearance, it's difficult to say for sure without more information. however, it looks like a white fish fillet, possibly cod, haddock, or tilapia"
4ff6dd8fefab333,What color are the grilled walleye pieces,tan,"the grilled walleye pieces are a light, off-white color"
9518cfaa471cdac,What color are the watermelon slices,red,the watermelon slices are red
9518cfaa471cdac,What fruit is used in the carpaccio,watermelon,watermelon
9518cfaa471cdac,What color is the plate,white,the plate is white
9518cfaa471cdac,Where are the feta cheese crumbles placed,on top,the feta cheese crumbles are placed on top of the watermelon slices and around the basil leaves in the center of the plate
9518cfaa471cdac,What color are the pumpkin seeds,green,the pumpkin seeds are green/yellow
ef4405d0a3ebb18,What is the color of the My Rosy Watermelon Milk Shake,pink,the color of the my rosy watermelon milk shake is pink
ef4405d0a3ebb18,What fruit is attached to the rim of the glass,watermelon,watermelon
ef4405d0a3ebb18,What color is the interior of the watermelon wedge,red,the interior of the watermelon wedge is red
ef4405d0a3ebb18,What is the color of the glass containing the My Rosy Watermelon Milk Shake,clear,the color of the glass is blue
5eb218e918c79aa,What color is the plate,orange,the plate is orange
5eb218e918c79aa,What shape are the potato pieces,wedges,the potato pieces are shaped like wedges
5eb218e918c79aa,What color are the potato wedges,golden-brown,the potato wedges are golden brown
5eb218e918c79aa,Where are the potato wedges placed,on plate,the potato wedges are placed on an orange plate
5eb218e918c79aa,What are the green flecks on the potato wedges,herbs,"the green flecks on the potato wedges are likely herbs, possibly parsley or oregano"
92fa4c525eb49da,What color is the sausage in the hot dogs,brown,the sausage in the hot dogs is a reddish-brown color
92fa4c525eb49da,What color is the bun of the hot dogs,white,the buns of the hot dogs appear to be a light tan or pale yellow color
92fa4c525eb49da,What food item is in the bowl next to the hot dogs,fries,the food item in the bowl next to the hot dogs is french fries
d6ecf0c1e85cc2a,What fruit is used to garnish the drinks,orange,the drinks are garnished with orange peels
d6ecf0c1e85cc2a,What are the drinks served in,glasses,the drinks are served in footed glasses with gold rims
d6ecf0c1e85cc2a,What color is the mulled orange wine,amber,the mulled orange wine appears to be a light amber color
d6ecf0c1e85cc2a,Where are the glasses placed,on the tray,the glasses are placed on a golden tray
5c6270288c1f68c,What material is the bowl made of,metallic,the bowl appears to be made of stainless steel
5c6270288c1f68c,What part of the chicken are the buffalo wings made from,wings,buffalo wings are made from the wings of a chicken
5c6270288c1f68c,What color are the buffalo wings,orange,the buffalo wings are orange/red
5c6270288c1f68c,Where are most of the wings located in the image,in the center,the wings are located in the bowl
5c6270288c1f68c,What is the texture of the wings' coating,saucy,the wings' coating appears to be somewhat crispy and textured
807ba3fcd1dc8e1,What vegetable is the main ingredient in this dish,cauliflower,cauliflower
807ba3fcd1dc8e1,What color are the cauliflower wings,golden brown,the cauliflower wings appear to be a golden brown color
807ba3fcd1dc8e1,How are the cauliflower wings arranged on the plate,scattered across,the cauliflower wings are scattered randomly across the plate
807ba3fcd1dc8e1,What is the cauliflower served on,plate,the cauliflower is served on a blue plate
6a04e8ccad17554,What color are the wontons,golden-brown,the wontons are various shades of tan and brown
6a04e8ccad17554,What food is in the bowl,wontons,"the food in the bowl appears to be fried or baked wontons. they have a crispy, golden-brown exterior and are filled with a white filling"
6a04e8ccad17554,How do the wontons appear,crispy,"the wontons appear to be golden brown and crispy. some are shaped like squares or triangles, while others are rolled up. they are filled with a light-colored filling and sprinkled with herbs"
6a04e8ccad17554,What contains the wontons,bowl,the wontons are contained in a bowl
6a04e8ccad17554,Where are the wontons,in the bowl,the wontons are in the bowl
49f5905aa2f4a48,What color are the cabbage leaves,green,the cabbage leaves are light green
49f5905aa2f4a48,What color is the ground beef filling inside the wraps,brownish,the ground beef filling inside the wraps appears to be brown
49f5905aa2f4a48,Where is the small bowl of sesame seeds located in the image,on the lower right,the small bowl of sesame seeds is located in the bottom right corner of the image
49f5905aa2f4a48,What herb is scattered throughout the wraps,cilantro,cilantro
262601b88efcd8d,What color are the wraps,tan,the wraps appear to be a tan or light brown color
262601b88efcd8d,What are the two halves of food called,wraps,halves
262601b88efcd8d,What type of vegetable is visible in the filling,corn,"corn, tomatoes, and green bell peppers are visible in the filling"
262601b88efcd8d,What color is the meat in the filling,pink,the meat in the filling appears to be pinkish-brown
262601b88efcd8d,Where is some corn located,on the plate,the corn is located inside the burrito and to the side of the burrito on the plate
d7cd03469abbcd0,What type of green vegetable is in the filling,spinach,"based on the image, it appears that the green vegetable in the filling is spinach"
d7cd03469abbcd0,What color are the scrambled eggs,yellow,the scrambled eggs are yellow
a3aedc3e6df1f95,What color are the yams,orange,the yams are orange
a3aedc3e6df1f95,What type of vegetable is being served,yams,sweet potatoes
a3aedc3e6df1f95,What is the appearance of the yams' coating,glistening,the yams' coating appears to be shiny and glazed
a3aedc3e6df1f95,Where are the pistachios placed,on top of,the pistachios are placed on top of the sweet potatoes in the bowl
a3aedc3e6df1f95,What color are the pistachios,green,the pistachios are green
e687d60cc671e96,What color are the yams,orange,the yams are orange
e687d60cc671e96,What type of vegetable is shown in the image,yams,sweet potatoes
e687d60cc671e96,How are the yam slices arranged on the surface,scattered,"the yam slices are arranged in a single layer, spaced apart from each other on the baking surface"
e687d60cc671e96,What color is the surface the yams are on,white,the surface the yams are on is white
e687d60cc671e96,Where are the yams positioned,on a white surface,"the yams are positioned on a white surface, likely a baking sheet or parchment paper"
c7c9a7e27e680e6,What color is the yogurt,white,the yogurt is white
c7c9a7e27e680e6,What color are the pancakes,brown,the pancakes are golden-brown
c7c9a7e27e680e6,What fruit is mixed with the yogurt,blueberries,blueberries
69795dbeec9b2ce,What is the texture of the yogurt,creamy,the yogurt appears to have a smooth and creamy texture
69795dbeec9b2ce,What is the main ingredient in the bowl,yogurt,yogurt
69795dbeec9b2ce,What color are the raspberries on top of the yogurt,red,the raspberries on top of the yogurt are red
69795dbeec9b2ce,Where are the raspberries located,on top,the raspberries are on top of the white yogurt
d3abfd664deac6e,What color is the bowl in the image,blue,the bowl in the image is teal
d3abfd664deac6e,What fruit is on top of the yogurt in the image,raspberries,the fruit on top of the yogurt in the image is raspberries
2c056c7914aa530,What color is the baking dish,blue,the baking dish is blue
2c056c7914aa530,What type of pasta is in the dish,ziti,the pasta in the dish is rigatoni
2c056c7914aa530,What color is the tomato sauce,reddish-orange,the tomato sauce appears to be red
e95d2afc654400d,What color is the turkey,reddish-brown,the turkey appears to be a brownish-red color
e95d2afc654400d,What is the pale yellow food mixed with the turkey,spaghetti,"zucchini noodles, also known as zoodles"
e95d2afc654400d,"Where are the turkey, spaghetti, and zoodles scattered",throughout the entire pan,"the turkey, spaghetti, and zoodles are scattered in the skillet"
73c6313f570a1cd,What color are the grilled zucchini sticks,yellow,the grilled zucchini sticks are green and yellowish with dark brown stripes
73c6313f570a1cd,What vegetable is shown on the platter,zucchini,zucchini
73c6313f570a1cd,What color is the pepper sprinkled on the zucchini,black,the pepper sprinkled on the zucchini is black
73c6313f570a1cd,Where are the zucchini piled on the plate,in the center,the zucchini are piled in the center of the plate
