Image,Question,Answer,Predict
ff557f4ea977d3a,What color is the top of the enchiladas,golden-brown,"the top of the enchiladas appears to be golden brown, indicating that they have been baked or fried until crispy and slightly browned"
ff557f4ea977d3a,What type of dish is positioned on the left side of the plate,enchiladas,"the dish on the left side of the plate appears to be a baked or fried item, possibly a type of enchilada or a similar rolled dish. it has a golden-brown exterior and seems to have been baked or fried until crispy. the filling inside looks creamy and could contain ingredients like cheese, meat, or vegetables. the dish is served alongside a small portion of fresh salad with lettuce and diced tomatoes"
ff557f4ea977d3a,What color is the filling of the enchiladas,white,"the filling of the enchiladas appears to be a light, creamy white color. this suggests that it could be a cheese or cream-based filling, possibly with some herbs or spices mixed in"
ff557f4ea977d3a,Where are the enchiladas located on the plate,on the left side,"the enchiladas are located on the left side of the plate, taking up most of the space. on that side. they appear to be two pieces of enchilada, possibly cut in half, and are placed diagonally across the plate. the right side of the plate contains a small portion of salad with lettuce and diced tomatoes"
ff557f4ea977d3a,What vegetable is scattered on top of the lettuce,tomatoes,the vegetables scattered on top of the lettuce appear to be diced tomatoes
5c89583c7d79eac,What color is the baking dish,white,the baking dish in the picture appears to be white
5c89583c7d79eac,What has happened to the vegan cheese on top of the bake,melted,"the dish in the picture appears to be a baked casserole or lasagna, topped with what looks like vegan cheese. the cheese seems to have melted and slightly browned, which is typical for baked dishes where the cheese is heated until it becomes soft and slightly crispy on top"
5c89583c7d79eac,What is the vegan cheese doing to the bake,covering,"the ""vegan cheese"" in the image appears to be a plant-based cheese substitute, likely used as a topping or ingredient in the dish. it is melting and blending into the other components of the dish, which looks like a casserole or baked dish. the melted vegan cheese adds a creamy texture and a golden-brown color that suggests it has been baked, contributing to the overall flavor and appearance of the dish"
5c89583c7d79eac,What color are the avocado slices,green,the avocado slices in the picture are green
5c89583c7d79eac,Where are the sliced olives placed on the bake,across the bake,"the sliced olives are placed on top of the baked dish, scattered across the surface of the melted cheese. they are not arranged in any particular pattern but are distributed evenly over the dish"
ec8d556e427215f,What color is the chicken,golden-brown,"the chicken in the image appears to be a light golden-brown color, which is typical for cooked chicken that has been grilled or sauted"
ec8d556e427215f,What type of meat is used in the fajitas,chicken,"the image shows fajitas, which typically use slices of meat as the main ingredient. common types of meat used in fajitas include:

1. **chicken**: this is one of the most popular choices for fajitas.
2. **beef**: often marinated and grilled to add flavor.
3. **pork**: typically used in the ""flank"" cut, which is tender when cooked properly.
4. **tofu or vegetarian options**: for those who prefer vegetarian options.

in this particular image, it appears that chicken is being used as the meat in the fajitas, given its color and"
ec8d556e427215f,What color is the shredded cheese,yellow,"the the shredded cheese in the image appears to be yellow, which is typical for cheddar or similar types of cheese often used in tacos"
ec8d556e427215f,Where is the sour cream located,on a plate,"the sour cream is located on the left side of the plate, next to the guacamole"
4540be4f1b7483a,What color is the cilantro,green,the cilantro in the image appears to be green
4540be4f1b7483a,What herb is shown at the top left of the image,cilantro,the herb shown at the top left of the image appears to be cilantro
4540be4f1b7483a,What color is the bowl filled with pico de gallo,yellow,"the the bowl filled with pico de gallo in the image, it appears to be yellow"
4540be4f1b7483a,What type of meat is included in the fajita mix,chicken,"the image shows a sheet pan with fajita ingredients, which typically include sliced chicken or beef. however, it's not possible to definitively identify the specific type of meat (chicken or beef) from the image alone as the meat pieces appear to be uniformly cut and cooked, making it difficult to discern the specific type based on visual cues alone"
4540be4f1b7483a,Where is the fajita mix arranged,on a sheet pan,"the fajita mix, which includes sliced bell peppers and onions, appears to be arranged on a baking sheet or a similar flat cooking surface. this setup suggests it might be prepared for baking or roasting as part of the cooking process. the presence of tortillas and salsa in the image indicates that this is likely a preparation step for making fajitas, where the cooked ingredients would be served with tortillas and salsa"
5466136e2c0ad7d,What type of meat is used in the fajitas,chicken,"the image shows fajitas, which typically use strips of grilled meat. common types of meat used for fajitas include:

1. **beef**: often the most popular choice, especially in tex-mex cuisine.
2. **chicken**: a also a common option, particularly in lighter or vegetarian-friendly versions.
3. **pork**: such as pork tenderloin or carnitas, which are often marinated and slow-cooked to make them tender.
4. **lamb**: less common but can be used, especially in some regional cuisines.

the tacos shown in the image appear to have beef as the main ingredient"
5466136e2c0ad7d,What color are the bell peppers,green,the the bell peppers in the image are red and yellow
5466136e2c0ad7d,Where is the guacamole located,atop the fajita filling,"the guacamole is located on the plate, to the right of the tacos. it appears to be served in a small portion, likely as a side or condiment for the tacos"
04bc6b3e8a8aea0,What color are the Mahi Mahi pieces,golden-brown,"the mahi mahi pieces in the image appear to be golden brown, which is typical for baked or grilled fish"
04bc6b3e8a8aea0,What type of fish is used in the fajitas,mahi mahi,"the image shows fajitas with what appears to be grilled or sautéed fish fillets, likely tilapia or cod, as they are commonly choices for fish fajitas due to their mild flavor and texture that can hold up well to grilling or sautéing. the presence of bell peppers and onions suggests a traditional preparation method for fish fajitas"
04bc6b3e8a8aea0,What color are the sliced bell peppers,red,the the sliced bell peppers in the image are red and yellow
04bc6b3e8a8aea0,Where are the Mahi Mahi pieces placed,throughout the center,"the mahi mahi pieces appear to be placed on a baking sheet lined with parchment paper. they are arranged in a single layer, with slices of red bell peppers and onions scattered around them. the dish seems to be be prepared for baking or roasting, as suggested by the parchment paper and the arrangement of the ingredients"
04bc6b3e8a8aea0,What color are the sliced onions,white,"the the sliced onions in the image appear to be white or light yellow, which is typical for raw onions"
706203205f79559,What is the main protein in the fajitas,steak,"the main protein in the fajitas appears to be steak, which is a cut of of beef"
706203205f79559,What color is the sliced steak,brownish-red,"the sliced steak in the image appears to be brown, which is typical for cooked meat"
706203205f79559,Where are the fajitas placed,on the plate,the fajitas appear to be placed on a green plate
0fd4b82e0e33a45,What type of vegetables are mixed with the red peppers,mushrooms,"the tortilla in the picture appears to have a mix of vegetables, including red bell peppers and mushrooms. it also seems to include some shredded cheese and possibly some green peppers or onions, though it's not entirely clear from the image"
0fd4b82e0e33a45,What color is the tortilla used for the fajitas,beige,"the tortilla used for the fajitas appears to be white or light-colored, which is typical for corn tortillas. however, it's also possible that it could be a flour tortilla, which can sometimes appear similar in natural light"
a1db7c4c3f6057d,What color are the falafels,golden-brown,"the falafel in the picture appears to be golden brown, which is typical for fried falafel"
a1db7c4c3f6057d,What type of food is shown in the image,falafels,"the image shows a plate of fish cakes or fish patties, which appear to be breaded and fried. they are topped with a dollop of tartar sauce (a creamy sauce often served with fish dishes) and garnished with fresh dill and possibly some chopped red onions. the lemon wedge on the side suggests it's meant to be be squeezed over the dish for added flavor"
a1db7c4c3f6057d,What color is the lemon,yellow,"the lemon in the picture appears to be yellow, which is its natural color when ripe and unpeeled"
a1b92188972141f,What color are the farro grains,brown,"the farro grains in the image appear to be a mix of brown and beige colors, which is typical for cooked farro"
a1b92188972141f,What type of ingredient is dark brown and interspersed with the farro,mushrooms,"the the dish in the picture, the dark brown ingredients interspersed with the farro appear to be mushrooms"
a1b92188972141f,What color is the cilantro sprig,green,the cilantro sprig in the image appears to be green
a1b92188972141f,Where is the cilantro sprig positioned,on top of,"the cilantro sprig is positioned on top of the dish, adding a fresh green garnish to the meal"
649f26370757a85,Is the dish suitable for vegetarians,yes,"the dish in the picture appears to be a vegetable-based meal, which could potentially be suitable for vegetarians depending on the specific ingredients and preparation method. however, without knowing the exact ingredients, it's is not possible to definitively say if this dish is vegetarian-friendly. the visible ingredients include what looks like zucchini, corn, and possibly beans or lentils, but there may be other ingredients that are not visible in the image. it would be best to check the recipe or ask the person who prepared the dish for more information"
649f26370757a85,What is the main grain used in the skillet,farro,"the skillet appears to contain a dish that includes quinoa, which is a common grain used in such"
649f26370757a85,What color is the bowl used to serve the dish,orange,the bowl used to serve the dish is orange or terracotta in color
649f26370757a85,Where are the black beans located in the dish,throughout,"the black beans appear to be mixed throughout the dish, interspersed with other ingredients such as corn and zucchini"
649f26370757a85,What vegetable with green skin is mixed within the farro,zucchini,the vegetable with green skin that appears to be mixed within the farro in the image is zucchini
1182fb165965c24,What material are the jars made of,glass,"the jars in the picture appear to be made of glass. this is indicated by their transparent nature and the way they reflect light, which is characteristic of glass containers. the lids on top of the jars seem to be made of plastic or metal, as they are not transparent like the glass body of the jars"
1182fb165965c24,What color is the fennel,yellow,the fennel in the image appears to be green
1182fb165965c24,Where is the fennel contained,contained within,"the fennel is contained in glass jars with red and white checkered lids. these jars appear to be homemade pickles or preserves, as suggested by the presence of dill and other herbs on the cutting board next to them"
1182fb165965c24,How are the jars sealed,sealed,"the jars in the picture are sealed with red and white checkered lids that have a metal clasp on top. this type of lid is commonly used for preserving food, as it allows air to escape while keeping the contents fresh and preventing contamination. the clasp helps to secure the lid tightly onto the jar, ensuring an airtight seal"
1182fb165965c24,What color is the cloth on the jars,red,the cloth on the jars is red and white checkered
dc82292cc9b95bb,What are the rectangular golden-brown items on the plate,feta fingers,"the rectangular golden-brown items on the plate appear to be some kind of baked or fried snack, possibly coated in a crunchy topping like sesame seeds or coconut flakes. they could also be a type of breaded and fried pastry or a dessert item such as a honeycomb bar or a similar sweet treat. the exact nature of these items would depend on the specific recipe used for their preparation"
dc82292cc9b95bb,What color are the feta fingers,golden,"the ""feta fingers"" in the image appear to be a light golden color, which suggests they they might be coated with a mixture that could include breadcrumbs or herbs, giving them a crispy texture"
dc82292cc9b95bb,What color is the dotted pattern on the plate,blue,the dotted pattern on the plate is white
c21c69d14faa792,What type of dish is shown in the image,salad,"the image shows a bowl of tuna salad. tuna salad is a popular dish made primarily from canned tuna fish, mixed with mayonnaise, celery, and other ingredients such as onions, hard-boiled eggs, and sometimes diced tomatoes or other vegetables. it's often served on lettuce leaves or as a filling for sandwiches. the dish in the image appears to be garnished with lettuce leaves around the bowl"
c21c69d14faa792,What color is the bowl holding the salad,yellow,the bowl holding the salad appears to be yellow with a green rim
c21c69d14faa792,What color are the chicken pieces in the salad,white,"the chicken pieces in the salad appear to be pinkish-white, which is typical for cooked chicken"
c0975f297eda584,What does the fettuccine do in the frame,fills,"the fettuccine in the image is the main subject and takes up most of the frame. it appears to be a dish with a vibrant red sauce, possibly beetroot or tomato-based, and is garnished with finely green herbs, likely microgreens. the fettuccine is presented in a bowl, which is the primary container for the dish. the pasta itself is flat and wide, resembling a ribbon-like shape, which is characteristic of fettuccine. the red color of the sauce contrasts with the white of of the pasta and the green of the garnish, making it visually appealing"
c0975f297eda584,What type of pasta is shown,fettuccine,"the pasta shown in the image appears to be fettuccine. fettuccine is a flat, wide noodle typically made from egg and flour, and it is often used in italian dishes like pasta with tomato sauce or pesto"
c0975f297eda584,What is the texture of the sauce,creamy,"the sauce in the image appears to be smooth and creamy, with a rich, vibrant red color that suggests it might be a tomato-based sauce or a beetroot-based sauce. the texture looks thick enough to coat the pasta strands evenly, which is typical for a sauce that is meant to be be spread over the pasta rather than being runny"
c0975f297eda584,What is scattered on top of the pasta,cheese,"the pasta in the image appears to be topped with finely sprouts, which are a type of edible sprout that is often used as a garnish or ingredient in various dishes"
c0975f297eda584,Where are the thin strands of cheese located,on top of,"the thin strands of cheese appear to be sprinkled on top of the pasta in the image. they are likely used as a garnish or flavor enhancer, adding a touch of texture and a hint of sharpness to the dish"
4a760002afb43b8,What is the color of the base of the dish,white,"the base of the dish appears to be white, which suggests it might be a creamy sauce or a rice-based dish"
4a760002afb43b8,Where is the fettuccine located in the dish,located throughout,"the fettuccine is located at the bottom of the dish, forming the base layer"
4a760002afb43b8,What type of meat is scattered on top of the pasta,chicken,"the meat scattered on top of the pasta appears to be chicken. it looks like it has been cooked and possibly sliced or diced, and it is mixed in with the pasta and asparagus"
4a760002afb43b8,What color are the slightly browned areas on the chicken,asparagus,"the slightly browned areas on the chicken appear to be a light golden-brown color, which is typical for chicken that has been cooked at a moderate temperature until it develops a slight crust"
614c5dee532b78e,What color are the figs,purple,"the figs in the image appear to be dark purple or black, which is typical for dried figs"
614c5dee532b78e,What type of fruit is shown in the image,figs,"the image shows dried fruits, specifically prunes (also known as dried plums). prunes are a common ingredient in various dishes and desserts due to their sweet flavor and chewy texture"
614c5dee532b78e,Where is the goat cheese placed,on top of,"the goat cheese appears to be placed on top of dried fruits, likely prunes or dates, in this image. the cheese is spread over the fruit, and there are nuts, possibly almonds, scattered around as well. this combination suggests it could be part of a snack or appetizer"
614c5dee532b78e,What is the texture of the goat cheese,creamy,"the texture of the goat cheese in the image appears to be soft and creamy. it has a smooth, slightly crumbly texture with a hint of cragginess, which is typical for fresh goat cheese. the cheese seems to have been spread or mashed, giving it a slightly chunky appearance, but still maintaining a soft consistency"
614c5dee532b78e,How is the goat cheese distributed,scattered,the goat cheese appears to be distributed unevenlyly kcabw
a31ea68b260d0c2,What color is the interior of the cut filet,pinkish-red,"the interior of the cut filet appears to be a dark red or brownish-red color, which is typical for cooked beef"
a31ea68b260d0c2,What type of meat is shown in the image,filet,"the image shows a dish that appears to feature a piece of steak as the main protein. the steak is accompanied by a side of vegetables, which include what looks like tomatoes and possibly some leafy greens or herbs. the presentation suggests it could be a dish served with a sauce, potentially a reduction or a puree, which is common in many steak dishes"
a31ea68b260d0c2,What color is the seared exterior of the filets,brown,"the sear exterior of the filets appears to be a dark brown color, which is typical for a well-seared steak"
a31ea68b260d0c2,Where are the filets placed,on a plate,"the filets appear to be placed on a white plate. the filets are garnished with what looks like a salsa or sauce, possibly containing tomatoes and herbs, which is typically served alongside the meat"
a31ea68b260d0c2,How is the exterior of the filets described,seared,"the exterior of the filets appears to be cooked to a medium-rare don, as indicated by the pinkish hue in the center when visible through the cut"
260ac1e7d31775e,What color is the plate,blue,the plate in the image appears to be black
260ac1e7d31775e,What type of food is being served,fish,"the image shows what appears to be a dish that includes slices of fish, possibly cod or haddock, topped with herbs and possibly some kind of sauce or garnish. the fish looks to be be baked or poached, as it has a soft texture and the edges are not crispy. it's also possible that there there is a creamy sauce underneath the fish, which could be a butter sauce or a cream-based sauce. the herbs on top suggest that it might be a herb-infused dish"
260ac1e7d31775e,What herb is scattered on the fish,dill,the herb scattered on the fish appears to be dill
260ac1e7d31775e,What color is the fish generally,white,"the fish in the picture appears to be white or pale in color, which is typical for many types of fish such as cod, haddock, or tilapia"
395a4e305e40a37,What flavor is the fish,lemony,"the fish in the picture appears to be seasoned with herbs and spices, which could suggest flavors such as garlic, parsley, thyme, or possibly paprika or cumin. the exact flavor profile would depend on the specific blend of seasoningsings used. if you're looking for a more specific answer, it's best to ask the person who prepared the dish or check the recipe they used"
395a4e305e40a37,What type of food is shown in the image,fish,"the image shows a piece of salmon that appears to be baked or grilled and seasoned with herbs, possibly including dill or parsley. it is served on a plate with a sauce underneath it, which could be a tomato-based sauce or a similar type of sauce commonly used with salmon dishes"
395a4e305e40a37,What color is the plate,orange,the plate in the image appears to be orange or yellowish-orange
395a4e305e40a37,Where is the fish placed,on plate,"the fish appears to be placed on a plate with a sauce or gravy underneath it. it looks like it might be a baked or grilled piece of fish, possibly salmon, given its color and texture. the fish is seasoned with herbs and spices, which are commonly in salmon dishes"
395a4e305e40a37,What color are the herbs on the fish,green,"the herbs on the fish appear to be green, likely parsley or a similar herb"
a5b87a311528eb8,What color is the plate,yellow,the plate in the image appears to be white
a5b87a311528eb8,What type of food is in the center of the plate,fish,"the food in the center of the plate appears to be a whole fish, likely a type of freshwater fish such as tilapia or perch, that has been prepared with a sauce and garnished with chopped green onions and possibly some red chili peppers for added flavor and color"
a5b87a311528eb8,What color is the fish,golden-brown,"the fish in the picture appears to be a golden-orange color, which is typical for many types of fish, such as salmon or trout"
a5b87a311528eb8,Where is the fish located,on a plate,"the fish is located in the center of the image, placed on top of a bed of what appears to be steamed cabbage or a similar leafy vegetable"
a5b87a311528eb8,What color are the scallions on the fish,green,the scallions on the fish appears to be green
ce3a724e27e8f9f,What color is the fish,white,"the fish in the picture appears to be white, which is typical for many types of fish such as cod or tilapia"
ce3a724e27e8f9f,What is the main ingredient in the dish,fish,"the main ingredient in the dish appears to be rice, which forms the base of the meal. it is topped with what looks like a stir-fried or sauted mixture that includes vegetables and possibly some protein, such as tofu or chicken. the dish also seems to have some garnishes, including chopped green onions and possibly sesame seeds for added flavor and texture"
ce3a724e27e8f9f,What color is the sauce on top of the fish,brown,"the sauce on top of the fish appears to be a light brown or beige color, which could suggest it might be a soy-based sauce or a similar type of sauce commonly used in asian cuisine"
ce3a724e27e8f9f,Where is the ginger placed,on top of,the ginger is placed on top of the rice in the bowl
ce3a724e27e8f9f,What color are the scallions on top of the fish,green,the scallions on top of the fish appears to be green in color
27bc4f71b275ae7,What is in the clear glass,drink,"the clear glass appears to contain a creamy beverage, possibly a latte or a similar coffee drink. the frothy top suggests it might be topped with milk foam, which is often seen in lattes or cappuccinos. the orange swirl on top could be a decorative element, such as a sprinkle of cinnamon or a drizzle of syrup. however, without tasting or having more context, it's not possible to determine the exact type of drink with certainty"
27bc4f71b275ae7,What color is the foam on the drink,white,the foam on the drink appears to be a light orange or peach color
27bc4f71b275ae7,What color are the patterns on top of the foam,reddish-orange,"the patterns on top of the foam in the glass appear to be orange or a similar warm color, possibly resembling a design or swirls"
27bc4f71b275ae7,Where are the reddish-orange patterns located,on top of,"the reddish-orange patterns are located on the surface of the drink in the glass. they appear to be a decorative swirl or design, possibly made from a different ingredient like a spice or a food coloring that was added to the drink"
c3720ab16e601cc,What is the texture of the flan's top surface,shiny,"the top surface of the flan in the picture appears to be smooth and slightly glossy, which is typical for a well-cooked flan. it does not seem to have any visible cracks or unevenness on its surface"
c3720ab16e601cc,What type of dessert is shown in the image,flan,"the image shows a flan, which is a custard-like dessert that is typically baked and served with a caramel sauce on top"
c3720ab16e601cc,What color is the plate,white,the plate in the image is white
c3720ab16e601cc,What color is the surface on top of the flan,caramel-colored,"the surface on top of the flan appears to be a light brown or caramel color, which is typical for a flan that has been cooked and set"
8988bdd592b7b2b,What type of meat is scattered on the flatbread,chicken,"the flatbread in the picture appears to have pieces of chicken scattered on it. the pieces look like they could be grilled or roasted chicken, given their color and texture. there are also some red onions and possibly some herbs, which add to the toppings"
8988bdd592b7b2b,How is the teriyaki sauce applied over the toppings,drizzled,"the teriyaki sauce appears to be drizzled over the pizza in a generous manner, covering most of the toppings. it is not evenly spread but rather applied in a more concentrated and artistic fashion, likely to enhance the flavor and visual appeal of the dish. the sauce seems to be used in a way that it pools slightly on the pizza, allowing some of the toppings to be coated while others remain less so. this technique can add a burst of flavor where the sauce is applied, making it a focal point of the dish"
8988bdd592b7b2b,What is the color of the onions on the flatbread,purple,the onions on the flatbread appear to be red in color
a04609d90ed6c41,What color is the pineapple in the dish,yellow,"the pineapple in the dish appears to be yellow, which is the typical color of fresh pineapple"
a04609d90ed6c41,How is the pineapple prepared in the dish,diced,"the pineapple in the dish appears to be cut into chunks and mixed with other ingredients, likely as part of a casserole or baked dish. the chunks seem to have been cooked down, possibly caramelizedzed or softened, which is common when baking or cooking pineapple. it's not clear if it has been pureed or then added back in, but it looks like it has been cooked and mixed with other components of the dish"
a04609d90ed6c41,What fruit is used in the dish,pineapple,"the dish appears to be a type of bread pudding or casserole, which often includes fruits as an ingredient. the visible chunks suggest that pineapple is one of the fruits components. however, without tasting or having more context, it's not possible to definitively identify all the fruits used in this dish"
a04609d90ed6c41,What is the texture of the overall mixture,moist,"the texture of the mixture in the image appears to be moist and dense, with a slightly chunky consistency. the chunks seem to be a combination of what could be bread crumbs or croutons, and possibly some fruit, such as pineapple, given its yellow color and shape. it looks like it might be a type of casserole or baked dish, potentially a dessert like a bread pudding or a fruit-based cobbler"
a04609d90ed6c41,How are the bread and pineapple pieces distributed in the dish,throughout the dish,"the bread and pineapple pieces appear to be evenly distributed throughout the dish. the bread pieces seem to be be of a golden-brown color, indicating they they have been baked or toasted. the pineapple pieces are scattered among the bread, creating a mix that suggests a combination of sweet and savory flavors. it looks like the dish is a type of casserole or bread pudding with pineapple, which is a common dessert or side dish"
df836fe70475d5d,What type of container is the Cranberry Fluff served in,glass,"the cranberry fluff is served in a glass bowl or dish, which appears to be a small, elegant serving dish often used for desserts or salads. it's not a traditional cranberry fluff container but rather a presentation choice that enhances its visual appeal"
df836fe70475d5d,How full is the bowl with the Cranberry Fluff,filling,"the bowl in the image appears to be about three-quarters full of cranberry fluff. the fluff fills most of the bowl, leaving only a small amount of space at the top"
df836fe70475d5d,What fruit pieces are visible in the Cranberry Fluff,cranberries,"the cranberry fluff appears to contain pieces of cranberries, which are the primary fruit visible in the dessert. the texture and color suggest that it is a mixture of crushed or diced cranberries with other ingredients like jello, whipped cream, and possibly some sugar or other sweeteners. it's a popular holiday dish often served during thanksgiving or christmas"
df836fe70475d5d,What fruit halves are prominently visible on the right side of the mound,grapes,"the fruit halves that are prominently visible on the right side of the mound appear to be cranberries, given their deep red color and size"
df836fe70475d5d,Where is the Cranberry Fluff mounded to,to the brim,"the cranberry fluff appears to be mounded in a glass bowl or dish, which is placed on a surface with a pink and white striped background"
93caec07215ba61,What color is the interior of the focaccia,yellow,"the interior of the focaccia appears to be a light golden color, which is typical for freshly baked focaccia"
93caec07215ba61,What type of bread is shown in the image,focaccia,"the image shows slices of what appears to be a type of artisanal bread, possibly sourdough or a similar type of bread that has a rustic appearance. the texture looks dense and slightly uneven, which is characteristic of many types of sourdough breads. it could also be a type of ciabatta or a similar italian-style bread. the presence of what seems to be herbs sprinkled on top suggests it might be a flavored variety, such as rosemary or garlic bread. however, without more specific information, it's hard to pinpoint the exact type with certainty"
93caec07215ba61,What color is the basil on top of the focaccia,green,the basil on top of the focaccia appears to be green
93caec07215ba61,What material is the surface the focaccia is resting on,wooden,the focaccia appears to be resting on a wooden cutting board or board
82927363da2288b,What color is the fondue in the bowl,yellow,"the fondue in the bowl appears to be a light yellow or creamy white color, which is typical for cheese-based fondue"
82927363da2288b,What is the fondue contained in,bowl,the fondue in in the picture appears to be contained in a white bowl
82927363da2288b,What is the state of the bread's crust,toasted,"the image shows a piece of bread being dipped into a bowl of melted cheese. the bread appears to be soft and slightly melted, indicating that it has been cooked or toasted before being dipped. it does not appear to have a crispy crust, but rather a softer texture"
82927363da2288b,What color is the crust of the bread,golden-brown,"the crust of the bread in the image appears to be a light golden brown color, which is typical for freshly baked bread"
82927363da2288b,Where is the fondue dripping from,down from,"the fondue in is dripping from a piece of bread or a similar food item that has been dipped into the melted cheese fondue. the bread or food item is being lifted out of the bowl, causing the cheese to stretch and drip down. this is a common sight when eating fondue, as the cheese is typically served in a pot or pan on a heat source, and the bread or food items is dipped into it to melt the cheese onto them"
2d2938a660f6b1d,What color are the pretzel rings,brown,"the pretzel rings in the image appear to be a light brown color, which is typical for pretzels"
2d2938a660f6b1d,What type of food item is drizzled with white chocolate,pretzel,"the image shows a bowl of cereal that appears to be drizzled with white chocolate. the cereal pieces have a glossy appearance, which suggests the presence of the white chocolate coating"
82c11793c3b8518,What color is the dessert,brown,"the dessert appears to be a golden brown color, which suggests it might be a type of cake or bread, possibly with a hint of sweetness given its texture and appearance"
82c11793c3b8518,What type of food is shown in the image,dessert,"the image shows a piece of baked good, likely a cake or a muffin, with a golden-brown exterior and what appears to be chocolate chips or chunks embedded within it. it looks like a homemade dessert"
82c11793c3b8518,What shape are the desserts,rectangular,the desserts in the picture appear to be square-shaped
f189044f1aaf168,What color are the slivered almonds on the candies,brown,"the slivered almonds on the candies appear to be a light brown or tan color, which is typical for roasted almonds"
f189044f1aaf168,What type of nuts are scattered on the candies,almonds,"the candies in the picture appear to be chocolate-covered, and they have chopped nuts scattered on top. based on their look, it seems like they could be almonds or possibly hazelnuts. however, without a closer inspection or more specific details, it's difficult to definitively identify the exact type of nuts used"
f189044f1aaf168,How are the almonds positioned on the candies,scattered,"the almonds appear to be scattered and partially embedded in the chocolate coating of the candies. some almonds seem to be be more prominently visible on top, while others are are partially covered by the chocolate, giving them a textured appearance"
ff63f9d9e982d84,What color is the baking dish,white,the baking dish in the picture is white
ff63f9d9e982d84,What type of dish is the Frito Pie Casserole in,casserole,"the frito pie casserole is a baked dish that combines fritos corn chips, ground beef, cheese, and various toppings such as diced tomatoes, green onions, and possibly sour cream or salsa. it's often served as a hearty, comforting meal, similar to a taco casserole but with a unique twist due to the use of fritos instead of traditional taco shells. the dish is typically baked until the cheese is melted and bubbly, creating a crispy, cheesy top layer over the soft, seasoned ground beef mixture"
ff63f9d9e982d84,How are the chopped green onions arranged on top of the chips,scattered,the chopped green onions are sprinkled evenly over the top of the chips in the dish
ff63f9d9e982d84,What color is the mixture underneath the chips,reddish-brown,"the mixture underneath the chips appears to be a creamy, light yellow or beige color. it looks like it could be a type of cheese sauce or a similar base for the dish"
ff63f9d9e982d84,Where is the layer of Frito chips located,on top,"the layer of frito chips is located at the bottom of the casserole dish, forming the base layer before the other ingredients are added on top"
c1995791b9f2571,What color is the pan,black,the pan in the picture is black
c1995791b9f2571,What color is the base of the frittata,yellow,"the base of the frittata appears to be a light green color, which suggests it might contain ingredients like spinach or herbs"
c1995791b9f2571,How are the green herbs distributed in the frittata,scattered,"the green herbs, which appear to be chopped parsley or similar, are distributed throughout the frittata. they are not concentrated in any particular area but are spread evenly across the surface of the dish"
c1995791b9f2571,What are the bright red slices arranged in the center,tomatoes,the bright red slices arranged in the center of the dish appear to be sliced tomatoes
c1995791b9f2571,Where are the slices of tomatoes located,in a black pan,"the slices of tomatoes are located on top of the frittata in the image. they are arranged in a circular pattern, with each slice overlapping slightly to create a decorative and appetizing presentation"
76f8eb55a8ddb4a,What color is the frittata primarily,yellow,"the frittata in the picture appears to be primarily yellow, which is typical for a frittata made with eggs and cheese. (such as a cheese and herb frittata). the green herbs on top suggest that it might also include some vegetables or herbs, but the base color of the frittata itself is yellow"
76f8eb55a8ddb4a,What vegetable is visible in the frittata,broccoli,the vegetable visible in the frittata appears to be broccoli
76f8eb55a8ddb4a,What is the overall tone of the frittata's color,light,"the frittata in the picture has a vibrant and colorful appearance. the base of of the frittata appears to be a creamy white, which is typical for many frittatas. however, it is garnished with green herbs, likely parsley, and there are a slice of tomato on top, adding a bright red color. the overall tone of the frittata, considering the garnishes, is fresh and appetizing, with a mix of cool greens and warm reds against the neutral white background of the frittata itself"
76f8eb55a8ddb4a,What type of cheese is visible in the frittata,cheddar,"the image shows a frittata with visible ingredients such as herbs, possibly spinach or arugula, and what appears to be cherry tomatoes. the cheese is not clearly identifiable from the image alone due to its blending into the other ingredients. however, it looks like a white cheese, which could be mozzarella, ricotta, or a similar type of cheese commonly used in frittatas"
3fd383827ec0643,What color are the crab fritters,brown,"the crab fritters in the picture appear to be golden brown, which is typical for fried foods like crab fritters"
3fd383827ec0643,How are the crab fritters arranged on the plate,clustered,"the crab fritters are arranged neatly on the plate, with each one placed close to the others but not overlapping. they are slightly overlapping each other in a circular pattern, creating an appealing and appetizing presentation. the lemon wedge is placed on the side of the plate, adding a pop of of color and suggesting that it can be used as a garnish or for squeezing over the fritters for added flavor"
3fd383827ec0643,What is the food served on,plate,"the food in the picture appears to be fried items, possibly croquettes or similar, served on a decorative plate with a blue and white pattern"
3fd383827ec0643,What color are the lemon wedges,yellow,the lemon wedges in the picture are yellow
3fd383827ec0643,Where are the lemon wedges located,on the left,"the lemon wedges are located on the plate, placed next to the fried items"
8fb828778ec290d,What color is the larger fritter,golden-brown,"the larger fritter in in the picture appears to be golden brown, which is typical for fried or baked items like fritters"
8fb828778ec290d,What type of food is on the plate,fritter,"the food on the plate appears to be a type of fried or baked dish, possibly a latke (a traditional jewish dish made from grated potatoes) or a similar potato-based fritter. the golden-brown color and texture suggest it has been fried or baked until crispy on the outside. without more context or a closer look at the ingredients, it's difficult to determine the exact type with certainty"
8fb828778ec290d,How does the texture of the fritter appear around the edges,crispy,the texture of the fritter appears golden-brown and crispy around the edges
8fb828778ec290d,What color is the plate,white,the plate in the image is white
90566bb352454ee,What is the flavor of the frosting on the stack,chocolate,"the image shows a stack of chocolate cakes with a dark, rich frosting in between each layer. it appears to be chocolate frosting as well. however, without tasting it or having more specific information, it's not possible to definitively determine the exact flavor of the frosting. it could be chocolate, but it might also be another type of chocolate-based frosting like peanut butter, caramel, or even a different flavor altogether"
90566bb352454ee,What is the arrangement of the chocolate-frosted items,stack,"the image shows a stack of chocolate-frosted items, which appear to be layered cakes or pastries. they are arranged in a single column on a plate, with each item stacked directly on top of the other"
90566bb352454ee,What color is the chocolate frosting,brown,"the chocolate frosting in the image appears to be a rich, dark brown color"
90566bb352454ee,Where is the stack of chocolate-frosted items placed,on a plate,"the stack of chocolate-frosted items appears to be placed on a white plate, which is resting on a light-colored surface, possibly a table or countertop"
a238a1570e7fe42,What is the shape of the frosting,swirled,"the frosting on the cupcake appears to be piped in a swirl or spiral shape, which is a common technique used in baking and pastry making to create an aesthetically pleasing decoration"
a238a1570e7fe42,What color is the frosting,pink,the frosting on the cupcake is pink
a238a1570e7fe42,What is the dessert in the image,cupcake,"the dessert in the image is a cupcake topped with pink frosting, which appears to be strawberry-flavored based on its color and texture"
a238a1570e7fe42,What fruit is in the frosting,cherry,"the frosting on the cupcake appears to be a light pink color, which could suggest it contains strawberry or raspberry. flavors. however, without tasting or having more information, it's not possible to definitively determine the exact fruit used in just the visual appearance of the frosting"
a238a1570e7fe42,Where is the frosting located,on top of,"the frosting is located on top of the cupcake. it appears to be a light pink color, possibly strawberry or raspberry flavored, and it is piped in a swirl pattern on the cupcake"
d5e6b885904e072,What are the containers holding the frosting,bowls,"the containers in the image appear to be small, round bowls or ramekins. they are typically used for serving or storing small amounts of food items, such as the frostings shown here. the frosting is being mixed with different colors, suggesting that these containers might be used for mixing and storing different flavors or colors of frosting"
0de51666d9bbd9c,What does the frosting evenly do to the cake,coats,"the frosting in the image appears to be evenly spread across the top and sides of the cake, creating a smooth and uniform layer. it covers the entire surface, which suggests that it is designed to enhance the visual appeal of the cake while also potentially adding flavor or texture. the even application of of the frosting ensures that the cake has a consistent look and can be easily sliced without any visible gaps or unevenness"
0de51666d9bbd9c,What is the dessert in the image,cake,"the dessert in the image appears to be a chocolate cake. it has a rich, dark color and a moist texture, which is typical of chocolate cakes. the cake looks dense and has a smooth, glossy surface, suggesting it might have a chocolate frosting or ganache on top"
0de51666d9bbd9c,What color is the frosting,brown,"the frosting on the cake appears to be a rich, dark brown or chocolate color"
0de51666d9bbd9c,Where is the cake placed,on the plate,"the cake appears to be placed on a white plate. the plate is positioned on what looks like a wooden surface, possibly a table or countertop"
97145150b1c3a0a,What color is the plate,blue,the plate in the image is light blue
97145150b1c3a0a,What type of dish are shown in the image,fries,"the image shows a plate of pasta, specifically what appears to be penne pasta. the pasta is topped with a creamy sauce and garnished with small pieces of what looks like bacon or pancetta, along with some green peas scattered on top. it seems to be be a hearty and flavorful dish, possibly a variation of a carbonara or a similar pasta dish"
97145150b1c3a0a,What color is the melted cheese,orange,"the melted cheese in the image appears to be a light yellow or pale orange color, which is typical for many types of cheese when it has been melted and spread over the dish"
97145150b1c3a0a,Where is the melted cheese located,on top of,"the melted cheese appears to be located on top of the pasta in the image. it looks like it has been sprinkled over the dish, possibly mixed with other ingredients such as peas and what seems to be bacon bits or another type of crumbled topping"
a88c7dd881219e4,What color are the French fries in the casserole,yellow,"the image you've provided does not show any french fries; it appears to be a casserole dish with what looks like macaroni and cheese, possibly topped with breadcrumbs or a similar topping. it's not possible to determine the color of french fries from this image as there no french fries are present"
a88c7dd881219e4,What type of dish is the food in the image,casserole,"the food in the image appears to be a baked pasta dish, likely macaroni and cheese with a topping that looks like breadcrumbs or a crumbly mixture, possibly with some bacon bits mixed in for added flavor. it's common to see such this type of dish served as a side dish or a main course in many cuisines styles"
17b989adaf9150e,What color is the plate,white,the plate in the image appears to be white
17b989adaf9150e,What type of food is described as golden-brown,fries,"the image shows what appears to be golden-brown baked or fried food items, possibly some type of pastry or savory snack. the pieces have a crispy texture and are garnished with herbs, which suggests they could be something like herb-seasoned crackers, pizza rolls, or a similar baked snack"
17b989adaf9150e,What color are some of the fillings,golden-brown,"the image you provided does not show any visible filling in the food items. the food appears to be a type of pastry or breaded item, possibly a type of pizza or calzone, but there is no clear indication of what the filling might be. if you have more details about the food, i can help you better"
17b989adaf9150e,What color are some of the other fillings,orange,"the image you provided does not show any other fillings. the image appears to be of a plate with what looks like baked pastry or crackers topped with herbs and possibly some seasoning. there is no visible filling in this image. if you have another image or more context, feel free to share!"
17b989adaf9150e,Where are the green spices sprinkled,on top of,"the green spices appear to be sprinkled on top of the pastry pieces in the image. they are likely herbs such as oregano, parsley, or basil, which are commonly used for seasoning and garnishing dishes like these"
a9c7fa28ed37744,What is the primary color of the fries,yellow,"the primary color of the fries in the picture is golden brown, which is typical for fried potatoes that have been cooked to achieve a crispy texture and a rich, appetizing color"
a9c7fa28ed37744,What vegetable are the fries made from,potato,"the fries in the picture appear to be made from sweet potatoes, not regular potatoes. this can be inferred from their distinctive orange color and the way they are are cut and cooked"
a9c7fa28ed37744,What color is the skin on some of the fries,reddish-brown,"the skin on some of the fries appears to be a reddish-brown color, which is typical for sweet potatoes when they are roasted or baked"
a9c7fa28ed37744,Where are the fries placed,on a plate,"the fries appear to be placed on a plate, which is resting on a surface that looks like a wooden table or countertop"
892b050aed75a1b,What is the primary color of the sweet potato fries,yellow,"the primary color of the sweet potato fries in the picture is orange, which is characteristic of sweet potatoes"
892b050aed75a1b,What type of food is shown in the image,fries,"the image shows a plate of sweet potato fries, which are a popular alternative to traditional potato fries. they are typically made by cutting sweet potatoes into long, thin strips and then frying or baking them until crispy and golden brown. the fries are served with a side of ketchup, which is a common accompaniment for fries"
892b050aed75a1b,What is the appearance of the edges of some fries,charred,"the edges of some of the fries in the image appear to be slightly charred or browned, indicating that they they may have been cooked at a high temperature, possibly in an oven or on a grill, which can give them a crispy texture and a slightly smoky flavor"
892b050aed75a1b,Where are the fries arranged on the plate,in the center,"the fries in the picture are arranged in a somewhat scattered manner on the plate. they are not neatly lined up but rather spread out, creating a casual and appetizing presentation. this arrangement allows each fry to be be visible and adds to the overall appeal of the dish"
892b050aed75a1b,What color is the napkin under the plate,blue,the napkin under the plate appears to be blue
07cf1edcce84e68,What is the base color of the fudge,white,"the base color of the fudge appears to be white, which suggests it might be a white chocolate or vanilla-based fudge"
07cf1edcce84e68,What type of food is shown in the image,fudge,"the image shows pieces of what appears to be a type of fudge or candy. the white base with bits of red and possibly nuts suggests it could be a cranberry or nut-based fudge, which is a common type of homemade or store-boughted confectionery"
07cf1edcce84e68,What color are the cranberries in the fudge,red,"the cranberries in the fudge appear to be a deep red color, which is typical for dried cranberries used in baking or as an ingredient in desserts like fudge"
07cf1edcce84e68,What type of nuts are in the fudge,walnuts,"the image shows fudge with visible chunks of what appear to be cranberries and possibly some nuts, such as walnuts or pecans. the exact type of nuts cannot be definitively identified from the image alone without a closer look or additional information. however, the presence of these types of nuts is common in fudge recipes that include dried fruits and nuts for added texture and flavor"
bf0ab2726eb40b3,What color is the fudge,brown,the fudge in the picture appears to be a light brown or tan color
bf0ab2726eb40b3,What type of dessert is shown,fudge,"the image shows a dessert that appears to be a type of fudge or caramel-based treat. it is cut into small, square pieces and has a smooth, glossy texture, which is characteristic of fudge or similar confections. the knife next to it suggests that the dessert was freshly cut"
bf0ab2726eb40b3,Where is the fudge located in the image,on the left,"the fudge is located on the left side of the image, arranged in a grid pattern on what appears to be a white surface, possibly parchment paper or wax paper"
bf0ab2726eb40b3,What does the surface of the fudge have,sheen,"the surface of the fudge appears to be smooth and even, with a uniform texture that suggests it has been cut into squares. the edges of the squares are clean and straight, indicating that the fudge was likely cut using a sharp knife or a similar tool. there is no visible sign of any irregularitiesities or unevenness on the surface of the fudge"
34f562a43a24940,What color is the crust of the galette,golden-brown,"the crust of the galette appears to be golden brown, indicating it has been baked to a crisp and flaky texture"
34f562a43a24940,What color are the cherry tomatoes,red,"the cherry tomatoes in the image appear to be red, which is their typical color when ripe"
34f562a43a24940,Where are the basil leaves located on the galette,atop the galette,"the basil leaves are located in the upper left corner of the galette, just above and to the right of the center"
34f562a43a24940,What color are the basil leaves,green,the the basil leaves in the picture are green
599a7d7530ff76b,What color is the surface of the Galette des Rois,golden-brown,"the surface of the galette des rois appears to be golden brown, which is typical for this type of baked good"
599a7d7530ff76b,What type of food is the Galette des Rois,pastry,"the image you've provided appears to be a galette des rois, which is a traditional french pastry. it's a sweet, round-shaped cake that is traditionally eaten on epiphany day (january 6th) in the french-speaking world. the name ""galette des rois"" translates to ""king cake"" in english. it's often decorated with a lattice pattern and sometimes sprinkled with powdered sugar. the cake is typically filled with fruits preserves or cream and is often used as part of a festive tradition where one piece is hidden; whoever finds the piece with the small figurine inside becomes the ""king"" for the"
599a7d7530ff76b,What color is the powdered sugar on the Galette des Rois,white,the powdered sugar on the galette des rois appears to be white
599a7d7530ff76b,How is the powdered sugar distributed on the Galette des Rois,sprinkled,"the powdered sugar, also known as icing sugar or confectioners' sugar, appears to be lightly dusted over the surface of the galette des rois in this image. it is not heavily applied but rather sparinglyly, creating a delicate, fine layer across the top of the pastry. the distribution seems even and consistent, with no thick clumps or uneven patches visible. this light dusting is often used for decoration and to add a subtle sweetness to the galette des rois's"
5b46052cbc1ded8,What fruit is red and placed towards the top and center,strawberry,the fruit that is red and placed towards the top and center of the image appears to be strawberries
5b46052cbc1ded8,What color is the crust of the galette,golden-brown,"the crust of the galette appears to be a golden brown color, which is typical for baked pastry crusts"
5b46052cbc1ded8,What fruit is dark blue and nestled among the strawberry slices,blueberries,the dark blue fruit nestled among the strawberry slices appears to be blueberries
5b46052cbc1ded8,Where are the strawberry slices placed,towards the top,"the strawberry slices is placed on top of the fruit galette, which appears to be a dessert made with a pastry crust filled with a mix of berries and possibly some fruit compote or sauce. the strawberry slice is positioned in the center of the galette, adding a vibrant red color that contrasts nicely with the other fruits and the golden-brown crust"
fb707f2c874780c,What is the color of the outer layers of the garlic,tan,"the outer layers of the garlic in the picture appear to be a light brown or golden color, which is typical for roasted garlic"
fb707f2c874780c,What is the main ingredient in the image,garlic,"the main ingredient in the image appears to be garlic, which is being roasted or baked in foil"
fb707f2c874780c,What is the color of the exposed cloves of garlic,yellow,"the cloves of garlic in the image appear to be a light golden-brown color, which is typical for roasted garlic"
fb707f2c874780c,What is the color of the foil surrounding the garlic,silver,the foil surrounding the garlic appears to be silver or metallic in color
014f5ece7199f30,What color is the lemon-lime soda gelatin salad,green,"the lemon-lime soda gelatin salad in the picture appears to be green, which is likely due to the presence of lime flavoring or coloring"
014f5ece7199f30,What type of dish is the lemon-lime soda gelatin salad,dessert,"the dish in the picture appears to be a dessert, specifically a gelatin salad with a green color and a creamy texture. it looks like it could be a lemon-lime flavored gelatin dessert, often referred to as a ""jello"" or ""gelatin"" salad. the green color suggests that it might have been colored with food coloring or possibly a natural ingredient like spirulina or matcha for a vibrant hue. the presence of what seems to be a garnish on top, possibly chopped nuts or seeds, adds a decorative touch to the dish. this type of dessert is popular during summer due to its refreshing and light nature"
014f5ece7199f30,What is the texture of the lemon-lime soda gelatin salad like,gelatin,"the image shows a bowl of a green-colored gelatin dessert, which appears to be a lemon-lime soda flavor based on its color and texture. the texture of the gelatin seems to be a firm semi-solid, slightly jigglyy consistency typical of gelatin desserts. it's not as thick or dense as a jelly, but it's firm enough to hold its shape when you cut into it with a spoon"
014f5ece7199f30,What is the overall impression of the lemon-lime soda gelatin salad,creamy,"the image shows a bowl of what appears to be a green-colored gelatin dessert, possibly a lemon-lime soda gelatin salad. the green color suggests it might have been flavored with lime or food coloring to mimic the appearance of a lemon-lime soda. the texture looks smooth and creamy, which is typical for gelatin desserts. the small specks on top could be garnished with finely sugar or edible glitter, adding a decorative touch. the presentation in a black bowl with a spoon indicates it's ready to be served. overall, it looks refreshing and visually appealing"
3920c6be53a6f6c,What color is the chicken,golden-brown,"the chicken in the picture appears to be white, which is typical for cooked chicken breast"
3920c6be53a6f6c,What is the chicken served in,bowl,"the chicken is served on a bed of of white rice, which is typically referred to as ""chicken and rice."" the dish appears to be garnished with some green herbs, possibly parsley or cilantro, and there is a sauce drizzled over the chicken and rice"
3920c6be53a6f6c,How is the chicken arranged,sliced,"the chicken in the image appears to be sliced and placed on top of a bed of white rice. the slices seems to have some sauce or seasoning on it, possibly a teriyaki or similar type of sauce, which is drizzled over the chicken and rice. the chicken is garnished with what looks like chopped green onions for added flavor and presentation"
3920c6be53a6f6c,What color are the garnishes on the chicken,green,"the garnishes on the chicken appear to be green, likely chopped herbs such as parsley or cilantro"
3920c6be53a6f6c,Where is the chicken placed in relation to the rice,on top of,the chicken is placed on top of the rice in the bowl
a3729bd13d1a3ce,"What ingredient adds a warm, spicy flavor to the dish",ginger,"the dish in the picture appears to be a stir-fry with vegetables and possibly chicken or another protein. the red peppers visible in the dish could add a warm, spicy flavor if they they are red bell peppers, which can have a mild to medium heat level depending on their ripeness. however, if they are red chili peppers, they would contribute a more pronounced spicy flavor. the exact spice level would depend on the specific variety of chili pepper used and how they are cooked"
a3729bd13d1a3ce,What is the main protein in the dish,chicken,"the main protein in the dish appears to be chicken. it looks like it has been stir-fried with vegetables such as bell peppers and onions, which are are common ingredients in stir-fry dishes"
a3729bd13d1a3ce,What color is the plate,white,the plate in the image is white
a3729bd13d1a3ce,Where is the stir-fry placed,on a plate,"the stir-fry in appears to be placed on a rectangular white plate, which is resting on a woven placemat or tablecloth. the dish contains a variety of ingredients including what looks like chicken, bell peppers, and possibly mushrooms, all stir-fried together with some green onions and other seasoningsings"
a3729bd13d1a3ce,What color are the bell pepper slices primarily located on the left side of the plate,red,the bell pepper slice primarily located on the left side of the plate is red
00e593048406ff1,What is the color of the ginger syrup,translucent,"the ginger syrup in the image appears to be a light yellow or pale golden color. this suggests it might contain lemon juice, which can give it a lighter hue compared to pure ginger syrup"
00e593048406ff1,What is the syrup contained in,jar,"the syrup appears to be contained in a glass jar with a metal clasp lid, which is commonly used for preserving or storing liquids like syrups, jams, and other preservesable foods. the liquid inside the jar looks clear and yellowish, suggesting it could be a lemon ginger syrup, given the presence of lemon slices and ginger root in the background"
00e593048406ff1,What color is the ginger syrup,amber,"the ginger syrup in the image appears to be a light yellow or pale golden color. this suggests it might have a natural, slightly translucent appearance due to the ginger and lemon ingredients"
00e593048406ff1,Where is the jar positioned in the image,in the center,"the jar is positioned centrally in the image, placed on a wooden surface"
fea12437470c358,What color is the crust of the treats,yellow,"the crust of the treats appears to be golden brown, indicating that they they have been baked until they reached this color"
fea12437470c358,What type of treats are shown in the image,gingerbread,"the image shows puff pastry squares with a chocolate filling, which appear to be a type of dessert or snack. they resemble chocolate-filled pastries, possibly similar to chocolate croissants or chocolate danishes, but made with puff pastry instead of croissant dough"
fea12437470c358,What is on top of the gingerbread treats,chocolate,"the the gingerbread treats appear to have a chocolate filling or topping on them. it looks like there they might be filled with a chocolate spread, possibly a nutella-like substance, and then topped with a small piece of chocolate or a similar ingredient"
fea12437470c358,What color is the plate,beige,the plate in the image appears to be white with a light brown or beige rim
e54f96ac6dd17b3,What color is the gingerbread house,brown,"the gingerbread house in the picture appears to be primarily brown, which is typical for gingerbread houses made from gingerbread dough. it is decorated with white icing, colorful candies, and gummy candies. the colors of the candies include red, green, yellow, blue, and purple, adding vibrancy to the overall appearance"
e54f96ac6dd17b3,Is the gingerbread house shaped like a house,yes,"yes, the gingerbread house in the picture is shaped like a house. it has a roof, walls, and windows, which are are typical features of a house-shaped gingerbread house. the decorations, such as the icing, candies, and other embellishments, do not change the fundamental shape of the structure"
e54f96ac6dd17b3,What color is the icing on the roof,white,the icing on the roof of the gingerbread house appears to be white
e54f96ac6dd17b3,What shape is formed by the light blue and pink candies,flower,the light blue and pink candies in the image form a flower-like shape on the gingerbread house
a39e3415ded2a21,What color are the dots on the tan gingerbread figure in the left center,green,the dots on the tan gingerbread figure in the left center are red and green
a39e3415ded2a21,Where is the dark brown gingerbread man with green icing located,on top,the dark brown gingerbread man with green icing is located in the upper left corner of the image
59f3fdd700719ff,What type of cookies are on the plate,gingerbread cookies,"the cookies on the plate appear to be gingerbread cookies. they have a characteristic that is consistent with gingerbread, which typically includes spices like cinnamon, nutmeg, and ginger, along with molasses and brown sugar. the color and texture also suggest they could be a traditional gingerbread cookie"
59f3fdd700719ff,What color are the gingerbread cookies,brown,"the gingerbread cookies in the picture appear to be a light brown color, which is typical for gingerbread cookies"
59f3fdd700719ff,Where is the glass situated,on a plate,"the glass is situated on a white plate, which is placed on a green surface. the background includes festive decorations, suggesting that this might be a holiday setting"
40731821312df84,What is the color of the vanilla glaze,beige,"the vanilla glaze in the image appears to be a light, creamy white color"
40731821312df84,What type of baked goods are shown in the image,cookies,"the image shows a stack of cookies with a white frosting or icing on top. the cookies appear to be a type of sugar cookie, possibly with a soft texture and a light brown color, which is typical for sugar cookies"
40731821312df84,How are the cookies arranged,stacked,"the cookies in the image are stacked vertically on top of each other. there are six cookies in total, with each cookie placed directly on top of the one below it. the arrangement is neat and orderly, creating a tower-like structure"
40731821312df84,Where is the glaze spread on the cookies,on top of,the glaze appears to be spread evenly across the top surface of of each cookie in the stack
e2f346240095e65,What color is the bowl the soup is served in,white,the bowl the soup is served in is white
e2f346240095e65,What color is the soup base,yellow,"the soup appears to have a creamy, light yellowish-white base, which suggests it could be a potato or cream-based soup"
e2f346240095e65,What meat is scattered throughout the soup,bacon,the soup appears to contain pieces of bacon scattered throughout it
e2f346240095e65,Where are the chopped green onions placed,on top,the chopped green onions are sprinkled on top of the soup in the bowl
bb9b1c1288afbc7,What type of pasta is pale yellow and scattered on the plate,gnocchi,"the pale yellow pasta scattered on the plate appears to be gnocchi. gnocchi are a type of italian dumpling pasta that is typically made from flour, potatoes, and eggs, giving it a soft, slightly dense texture and a pale yellow color when it's cooked"
bb9b1c1288afbc7,What seafood is distributed around the center and left side of the plate,shrimp,the seafood distributed around the center and left side of the plate appears to be shrimp
bb9b1c1288afbc7,What color are the asparagus spears,green,the asparagus spears in the picture appear to be green
f72def05a510d0d,What color is the chicken sausage,brownish-red,"the chicken sausage in the image appears to be a light brown or beige color, which is typical for cooked chicken sausages"
f72def05a510d0d,What type of dumplings are in the dish,gnocchi,"the dish appears to contain gnocchi, which are italian potato dumplings. gnocchi are typically made from mashed potatoes mixed with eggs and flour, then shaped into small, round pieces. they are often served with a sauce, such as butter, sage, or tomato, and can be garnished with cheese like parmesan. the dish in the image seems to have gnocchi mixed with what looks like roasted vegetables, possibly brussels sprouts, and possibly some meat, giving it a hearty and comforting appearance"
f72def05a510d0d,What color are the broccoli florets,green,the broccoli florets in the image appear to be green
f72def05a510d0d,Where are the food items located,on a plate,"the food items, which appear to be gnocchi with vegetables and possibly some meat, are located on a white plate. the plate is placed on a bamboo mat, suggesting it might be part of a dining setup"
0596db289a95c00,What color is the rotini pasta,yellow,"the rotini pasta in the image appears to be a light yellow or beige color, which is typical for uncooked rotini pasta"
0596db289a95c00,What type of food is the rotini,pasta,"the rotini in the picture appears to be a pasta dish, likely served with a tomato-based sauce that includes ground meat and possibly vegetables. the presence of a garnish of fresh parsley on top suggests it might be a bolognese or a similar type of pasta dish"
0596db289a95c00,What color is the tomato-based sauce,red,"the tomato-based sauce in the image appears to be a rich, deep red color, which is typical for a tomato sauce"
0596db289a95c00,Where is the sprig of parsley placed,on top of,"the sprig of parsley is placed on top of the pasta dish, adding a fresh and decorative touch to the presentation"
0596db289a95c00,What color is the sprig of parsley,green,the sprig of parsley in the image is green
24e93d74ec63682,What color is the macaroni in the Goulash Supreme,orange-brown,"the macaroni in the goulash supreme appears to be a light yellowish-orange color, which is typical for cooked pasta"
24e93d74ec63682,What type of pasta is used in the Goulash Supreme,macaroni,"the pasta used in goulash supreme, also known as ""goulash"" or ""goulash soup,"" typically includes elbow macaroni (also known as elbow noodles). this type of pasta is commonly because it holds its shape well and absorbs the rich flavors of the goulash sauce. the sauce usually consists of ground beef, tomatoes, onions, and other seasoningsings, which complement the pasta nicely"
24e93d74ec63682,How are the macaroni pieces arranged in the bowl,scattered,"the macaroni pieces in the bowl appear to be mixed together with the other ingredients, such as beans and what looks like ground meat or sausage. they are not neatly arranged but rather seem to be distributed throughout the dish, creating a homogenous mix. the arrangement suggests that the dish has been stirred or tossed to ensure even distribution of flavors and textures"
24e93d74ec63682,What color are the diced tomatoes in the Goulash Supreme,red,"the diced tomatoes in the goulash supreme appear to be red, which is typical for tomatoes used in this dish"
24e93d74ec63682,Where is the green sprig of parsley located,at the top,"the green sprig of parsley is located on the right side of the bowl, just above and to the right of the pasta dish"
4fe57bd9df72e3f,How is the ground beef arranged in the bowl,scattered,"the ground beef appears to be evenly distributed throughout the bowl, mixed with other ingredients such as diced potatoes and carrots. it seems to be be cooked and possibly seasoned, as it has a browned appearance which suggests it has been sautéed or simmered. the beef is not layered but rather integrated into the dish, creating a hearty and homestyle meal"
4fe57bd9df72e3f,What type of meat is used in the dish,beef,"the dish appears to be a beef stew, as indicated by the presence of ground beef and chunks of what looks like potatoes and carrots. which are are common ingredients in beef stews"
4fe57bd9df72e3f,What color are the potatoes,yellow,"the potatoes in the image appear to be a light yellow or white color, which is typical for many varieties of potatoes"
4fe57bd9df72e3f,What color are the carrots,orange,the carrots in the image appear to be orange
ba01bc8f6481ce0,What color are the specks of lemon zest in the granita,yellow,"the the specks of lemon zest in the granita appear to be yellow, which is consistent with the natural color of lemon zest"
ba01bc8f6481ce0,What fruit is used to flavor the granita,lemon,"the fruit used to flavor the granita in the picture appears to be lemon. this is indicated by the presence of lemon slices and zest on top of the granita, as well as the bright yellow color of the granita itself, which is characteristic of lemon-flavored desserts"
ba01bc8f6481ce0,What material is the granita served in,glass,the granita in the picture appears to be served in a glass
e26db2540b79be7,What fruit is used to make the granita,watermelon,"the fruit used to make the granita in the picture appears to be watermelon. the red color and texture of the granita are consistent with watermelon granita, which is a popular dessert made by freezing watermelon juice or puree until it becomes a slushy consistency"
e26db2540b79be7,What is placed on top of the granita,mint,the granita in the picture appears to be topped with a sprig of mint
56f2be6ebb5a498,What color is the granola,brown,"the granola in the picture appears to be a mix of brown and golden hues, with some red cranberries mixed in"
56f2be6ebb5a498,What type of food is shown in the image,granola,"the image shows a serving of granola. granola is a mixture of rolled oats, nuts, seeds, and often dried fruits, baked until crispy. this particular granola appears to have dried cranberries mixed into it. it's commonly used as a breakfast cereal or snack"
56f2be6ebb5a498,What color are the cranberries in the granola,red,the cranberries in the granola appear to be a deep red color
1de8bda867af12d,What is the primary color of the granola,brown,"the primary color of the granola in the picture appears to be a mix of white and brown, with some red and green accents from the dried fruits and nuts"
1de8bda867af12d,What type of food is being described,granola,"the image shows a mixture of granola, which typically consists of rolled oats, nuts, seeds, and dried fruits. in this particular image, the granola appears to include rolled oats, shredded coconut, almonds, and dried cranberries. it looks like a healthy breakfast or snack option"
1de8bda867af12d,What color are the cranberries in the granola,red,the cranberries in the granola appear to be red
1de8bda867af12d,How are the coconut flakes distributed in the granola,scattered,"the coconut flakes appear to be evenly distributed throughout the granola mixture. they are scattered among the other ingredients, which include oats, nuts (likely almonds), and dried cranberries. the coconut flakes add a light, creamy texture and a subtle coconut flavor to the granola"
1de8bda867af12d,Where are the almonds located in the granola,in the mixture,"the almonds in the granola appear to be scattered throughout the mixture, interspersed with other ingredients such as oats and dried cranberries"
c8325a55672f711,What is the color of the creamy sauce,yellow,"the creamy sauce in the image appears to be a light yellow or offang color, which is typical for a cheese-based sauce often used in dishes like scallo potatoes"
c8325a55672f711,What is the main ingredient in the dish,potatoes,"the main ingredient in the dish appears to be sliced potatoes, which have been layered and baked with a creamy sauce, likely cheese or butter, giving it a golden-brown, crispy top layer"
c8325a55672f711,What color are the potato slices,yellow,"the potato slices in the image appears to be a light golden brown color, which is typical for baked or roasted potatoes"
c8325a55672f711,Where are the potatoes placed,in a baking dish,"the potatoes in the image appear to be part of a dish that looks like scalloé de pommes de terre, which is a french dish where thinly sliced potatoes are layered and baked with a creamy sauce. the potatoes are arranged in a single layer on top of each other, creating a patterned appearance. the dish seems to have been baked until the top layer of potatoes has browned slightly, indicating it was cooked in an oven"
6469a613547241c,What color is the dish,yellow,the dish in the picture is blue
6469a613547241c,What type of container holds the scallops,dish,"the scallops in the picture are served in a blue ceramic dish, which appears to be a bowl or a casserole dish. it is not a traditional scallop shell but rather a serving dish that is often used for cooking and serving seafood dishes like scallops"
6469a613547241c,What color are the scallops,white,"the scallops in the image appear to be white, which is typical for cooked scallops. the dish also includes some green herbs and possibly some browned bits on top, which could be breadcrumbs or other seasoningsings"
6469a613547241c,What is the color of the sauce surrounding the scallops,yellow,"the sauce surrounding the scallops appears to be a creamy white or light yellow color, which suggests it could be a butter sauce or a cream-based sauce, possibly with herbs and spices added for flavor"
6469a613547241c,Where is the dish positioned in the frame,in the lower center,"the dish is positioned centrally in the lower part of the frame, taking up a significant portion of the image"
8659c8bf322c959,What is the size of the ham pieces,diced,"the ham pieces in the image appear to be small, roughly cube-shaped pieces. they are not uniform in size but generally seem to be bite-sized portions. the exact dimensions would depend on how they were cut and prepared, but they look to be be about 1-2 centimeters per side"
8659c8bf322c959,What type of seafood is in the bowl,shrimp,"the bowl contains shrimp. the dish appears to be a seafood stew or soup, with the shrimp being one of the main ingredients"
f8f3ab847fbd98e,What color are the carrot pieces,orange,the the carrot pieces in the image appear to be orange
f8f3ab847fbd98e,What is the main liquid in the pot,broth,"the main liquid in the pot appears to be a broth or stock, which is commonly used in cooking for its flavor and as a base for soups, stews, and other dishes. the presence of vegetables like carrots and celery suggests that this might be a vegetable broth or a chicken broth being prepared for a dish such as a soup or a stew"
f8f3ab847fbd98e,Where are the carrots and celery positioned,on the left,"in the image, the carrots and celery are positioned among the other ingredients in the pot. they appear to be floating or submerged in the liquid, which is likely a broth or soup base. the carrots are orange and cylindrical, while the celery is green and has a more elongated shape with a slightly thicker stalk"
37efc4acb95a4cc,What is the food served in,bowl,"the food appears to be served in a ceramic bowl. the bowl has a rustic, earthy tone and seems to be be made of clay or a similar material"
37efc4acb95a4cc,What color is the lemon wedge,lemon,"the lemon wedge in the image appears to be yellow, which is the typical color of a lemon"
37efc4acb95a4cc,What color is the lemon wedge,yellow,"the lemon wedge in the image appears to be yellow, which is the typical color of a lemon"
37efc4acb95a4cc,Where is the lemon wedge placed in the bowl,on the left side,"the lemon wedge is placed on top of the leafy greens in the bowl, likely to add a fresh and tangy flavor to the dish"
768d83ac0f75f2c,How are the chicken pieces arranged in the dish,scattered,"the chicken pieces in the dish appear to be scattered throughout the plate, mixed with the other ingredients such as rice and vegetables. the chicken is not neatly arranged but rather seems to be be part of a more casual, homestyle preparation where the ingredients are combined together"
768d83ac0f75f2c,What color is the sauce in the gumbo,brown,"the sauce in the gumbo appears to be a dark brown or reddish-brown color, which is typical for a gumbo made with andouille sausage and other ingredients like tomatoes, okra, and onions"
768d83ac0f75f2c,What type of meat is included in the gumbo besides sausage,chicken,"the gumbo in the picture appears to include chicken as one of its main ingredients, along with sausage"
768d83ac0f75f2c,What type of meat is included in the gumbo besides chicken,sausage,"the gumbo in the picture appears to include sausage, which is a common ingredient in many types of gumbo, especially those that are more heavily seasoned or spiced"
57fcd575d52b6f1,What color is the pita bread,beige,"the pita bread in the picture appears to be white or light-colored, which is typical for pita bread. it's often served with fillingsings like meat, vegetables, and sauces"
57fcd575d52b6f1,What type of food is shown in the image,gyros,"the image shows a plate of gyros, which are a type of greek sandwich typically made with a pita bread filled with seasoned ground meat (often lamb or beef), topped with various ingredients such as lettuce, tomato, red onion, feta cheese, and tzatziki sauce. a

"
57fcd575d52b6f1,What color is the gyro meat,brown,"the the gyro meat appears to be brown, which is typical for grilled or roasted meat used in gyros dishes"
57fcd575d52b6f1,Where are the gyros mostly arranged in the image,on the left side,the gyros are mostly arranged on a plate in the foreground of the image
57fcd575d52b6f1,What color are the lettuce leaves,green,the the lettuce leaves in the picture appear to be green
501fae196787866,What is the texture of the panko crust,crispy,"the panko crust in the image appears to have a crispy and slightly crunchy texture. this is typical for panko, which is a type of japanese breadcrumbs that are larger and flakier than regular breadcrumbs, resulting in a more pronounced crunch when it's baked or fried"
501fae196787866,What type of fish is shown in the image,halibut,"the image shows a piece of baked or broiled fish, likely cod or haddock, based on its appearance. the fish is topped with a golden-brown crust, which could be breadcrumbs or a similar topping, and it is served alongside a side of couscous and green beans. the exact type of fish cannot be definitively determined from the image alone without more specific details such as the texture, color, and shape of the fish itself"
501fae196787866,What color is the halibut,white,"the halibut in the picture appears to be a light golden color, which suggests it has been baked or broiled and topped with a crumblycrust. the exact shade can vary depending on the cooking method and seasoning used"
501fae196787866,What color are the beans,green,the beans in the picture appear to be green
501fae196787866,Where is the crispy panko crust located,on top,"the crispy panko crust is located on top of the baked fish in the image. it appears golden brown and is likely a key component of the dish, providing both flavor and texture contrast to the soft fish beneath it"
ef1a71508ed5873,What color is the crust of the halibut,beige,"the crust of the halibut appears to be golden brown, indicating it has been baked or fried until crispy and golden"
ef1a71508ed5873,What type of fish is being served,halibut,"the image shows a piece of baked or breaded fish, likely cod or haddock, based on the texture and color. it's served with a side of broccoli and cauliflower. the fish appears to be coated in a batter or breadcrumbs, which is common for baked fish dishes. however, without more specific information or a closer look at the fish itself, it's hard to determine the exact type of fish with certainty"
ef1a71508ed5873,What color is the broccoli,green,the broccoli in the picture appears to be green
ef1a71508ed5873,What is the broccoli located on,on the right,"the broccoli is located on a plate, which appears to be a serving dish for a meal"
8a148819c0cb4f0,What color are the halloumi pieces after frying,golden-brown,the halloumi pieces in the picture appear to be golden brown after frying
8a148819c0cb4f0,What type of cheese is being fried,halloumi,"the image shows what appears to be slicesable cheese, likely halloumi or paneer, being fried. halloumi is a traditional greek cheese that is often fried and served with lemon as a side dish. paneer is an indian cheese that is also commonly fried and served in similar dishes. the golden-brown color and the way it's sliced suggest it could be either of these types of cheese"
8a148819c0cb4f0,What color is the plate,gray,the plate in the image appears to be white
8a148819c0cb4f0,Where is the lemon slice positioned on the plate,on the left,"the lemon slice is positioned on the left side of the plate, next to the food items"
8a148819c0cb4f0,What color is the lemon slice,yellow,the lemon slice in the image is yellow
d0a17cef7c0faf3,What fruit is visible on the surface of the ham,apricot,"the image shows a ham that appears to be glazed or coated with a sauce, but there is no visible fruit on the surface of the ham"
d0a17cef7c0faf3,What color is the exterior of the ham,reddish-brown,"the exterior of the ham appears to be a reddish-brown color, which is typical for a ham that has been cured and smoked, often referred to as a ""glazed"" or ""candied"" ham. in which a sugar glaze is applied before cooking"
d0a17cef7c0faf3,What is next to the ham in the upper right quadrant of the plate,bowl,"next to the ham in the upper right quadrant of the plate, there appears to be a small bowl containing a sauce or glaze, likely used for serving with the ham"
d0a17cef7c0faf3,Where is the bowl of brown sugar sauce located,in the upper right,"the bowl of brown sugar sauce is located in the upper right corner of the image, placed on the plate alongside the meat dish"
5d818c429496351,What color is the ham,pink,"the ham in the picture appears to be a light brown or pinkish color, which is typical for cooked ham"
5d818c429496351,What type of meat is shown in the image,ham,"the image shows slices of cooked meat, which appears to be roast beef or a similar type of cured meat"
cc1e04c85b3b6fb,What color is the ham inside the sandwich,pink,"the ham inside the sandwich appears to be pinkish in color, which is typical for cooked ham"
cc1e04c85b3b6fb,What is the main food item in the image,sandwich,"the main food item in the image appears to be a sandwich, specifically a reuben sandwich. it consists of layers of corned beef, sauerkra (pickled cabbage), and russian dressing, all served between slices(s) of rye bread. there is also a pickle on the side"
cc1e04c85b3b6fb,What color are the pickle slices,green,the pickle slice in the image is green
cc1e04c85b3b6fb,Where are the food items placed,on a plate,"the food item in the picture is a sandwich, which appears to be a reuben sandwich, given the visible ingredients such as corned beef and sauerkra (pickled cabbage). the sandwich is placed on a white plate, accompanied by a pickle spear on the side"
cc1e04c85b3b6fb,What color are the edges of the pickle slices,green,"the edges of the pickle slices in the picture appear to be green, which is typical for the outer layer of a pickle slice"
1c1452434772ef5,What is the primary color of the ham slices,pink,the primary color of the ham slice in the picture is pink
1c1452434772ef5,What type of meat is shown in the image,ham,"the image shows slices of ham, which appears to be a type of cured pork meat. the ham is served on a bed of fresh greens and garnished with cherry tomatoes, suggesting it might be part of a salad or a light meal"
1c1452434772ef5,What is the appearance of the edges of some ham slices,caramelized,"the edges of some ham slices in the image appear to be slightly charred or darkened, which suggests they may have been pan-fried or grilled rather than simply boiled or baked. this charring can add a smoky flavor and a more robust texture to the ham"
1c1452434772ef5,Where are the ham slices layered,layered on,"the ham slice is layered on top of a bed of fresh greens, which appear to be mixed lettuce and possibly some leafy vegetables like spinach or arugula. the greens are garnished with small cherry tomatoes halves, adding a pop of of color and freshness to the dish"
1c1452434772ef5,What is the ham layered on top of,lettuce,"the ham in the picture appears to be layered on top of a bed of mixed greens, which includes lettuce and possibly some other leafy vegetables. it also seems to have some cherry tomatoes slices scattered around for garnish"
b397bd5d4937bfb,What is the main vegetable in the hash,potato,"the main vegetable in the hash appears to be potatoes, which have been diced and cooked until they have a crispy texture. this is typical of a potato hash. the dish also includes other vegetables such as onions and possibly bell peppers or other colorful vegetables that add to the texture and flavor of the hash"
b397bd5d4937bfb,What color are the cubed sweet potatoes,orange,"the cubed sweet potatoes in the image appear to be a golden brown color, indicating they they have been roasted or baked until crispy and slightly caramelized"
b397bd5d4937bfb,Where are the sprigs of dill located,throughout,the sprigs of dill are located on top of the fried egg in the image
b397bd5d4937bfb,What color is the yolk of the fried egg,yellow,"the yolk of the fried egg appears to be a bright yellow color, which is typical for a properly cooked sunny-side-up egg"
8ba0dca8f0c3725,What color is the Texas Hash,brownish,"the texas hash in the picture appears to be a mix of colors, primarily consisting of brown from the ground beef, white from the potatoes or hash browns, and yellow from the shredded cheese. it is garnished with green onions on top"
8ba0dca8f0c3725,What is the food served on,plate,"the food in the picture appears to be a casserole or a baked dish, and it is served on a white plate"
8ba0dca8f0c3725,What color is the melted cheese,yellow,"the melted cheese in the image appears to be a combination of white and yellow, which is typical for cheddar or a similar type of cheese that has been melted"
8ba0dca8f0c3725,Where are the scallions placed,sprinkled on top,"the scallions, also known as green onion or spring onion, is placed on top of the dish in the image"
8ba0dca8f0c3725,What color is the plate,white,the plate in the image appears to be white
7e60dd9c05f81e5,What color are the sweet potato cubes,orange,"the sweet potato cubes in the image appear to be a golden-brown color, which is typical for roasted or baked sweet potatoes"
7e60dd9c05f81e5,What type of vegetable is used in the hash,potato,"the vegetable used in the hash appears to be sweet potato, which is identifiable by its orange color and the characteristic shape and texture that is typical of roasted sweet potatoes"
7e60dd9c05f81e5,How is the egg prepared,fried,the egg in the picture appears to be over easy. this is indicated by the runny yolk that is visible beneath the cooked white part of the egg
7e60dd9c05f81e5,Where is the fried egg placed,on top of,"the fried egg is placed on top of the other ingredients in the dish, which appear to include roasted sweet potatoes and possibly some cooked bacon or another type of meat. it is positioned centrally on the plate, with the yolk intact and slightly runny, suggesting it was cooked sunny-side up"
7e60dd9c05f81e5,What is the red-colored item in front of the potatoes,bacon,"the red-colored item in front of the potatoes appears to be bacon. it has a distinct reddish-brown color and a crispy texture, which are are characteristic features of cooked bacon"
bae167eccbe36fa,What food item is shown in the image,hash browns,"the image shows what appears to be cornmeal patties or fritters. these are are typically made from a mixture of cornmeal, eggs, and sometimes other ingredients like cheese or vegetables, and then fried until golden brown. they are often served as a side dish or appetizer"
bae167eccbe36fa,What color is the top of the top left hash brown,golden-brown,"the top of the top left hash brown appears to be golden-brown in color, which is typical for cooked hash browns"
bae167eccbe36fa,Are the hash browns touching each other,yes,"yes, the hash browns appear to be touching each other on the plate"
bae167eccbe36fa,Where are the hash browns placed,on a plate,the hash browns are placed on a white plate with a decorative black and gray pattern in the background
9b5b05482f16491,What color are the hash browns,golden-brown,"the hash browns in the picture appear to be golden brown, which is typical for fried or baked potato dishes"
9b5b05482f16491,What are the hash browns served on,plate,the hash browns are served on a wooden plate with a dark orange rim
9b5b05482f16491,What color is the rim of the plate,orange,the rim of the plate is orange
9b5b05482f16491,What is sprinkled on the white creamy sauce,chives,"the white creamy sauce in the small bowl appears to be garnished with finely chopped green herbs, likely chives or scallions greens"
71f29ccc1bb79d2,What color are the chicken hearts and mushrooms,brown,"the image shows pieces of cooked chicken hearts and mushrooms. the chicken hearts appear to be light brown in color, which is typical for cooked chicken hearts. the mushrooms have a mix of colors, including shades of brown and white, indicating they might be sautéed or roasted, giving them a slightly caramelized appearance"
71f29ccc1bb79d2,What type of meat is visible in the image,chicken,"the image shows a dish that appears to contain sliced mushrooms and possibly some type of meat, such as chicken or beef, which has been cooked and possibly seasoned. however, it's not possible to definitively identify the specific type of meat from the image alone without additional context or a clearer view of the ingredients"
71f29ccc1bb79d2,What color are the round objects in the upper right corner,yellow,the round objects in the upper right corner of the image appear to be light yellow or beige in color
71f29ccc1bb79d2,"Where are the pale yellow, round objects located in the image",in the upper right,"the pale yellow, round objects appear to be potatoes in the upper right corner of the image"
6af6a4433e4a0c7,What color is the top of the Cornish Game Hen,golden-brown,"the top of the cornish game hen appears to be a golden-brown color, which is typical for roasted poultry"
6af6a4433e4a0c7,What type of bird is shown in the image,hen,"the image shows a roasted chicken. the bird appears to be whole and has been cooked, as indicated by the golden-brown skin and the way it is presented on a plate with a side dish that looks like a grain or rice mixture"
6af6a4433e4a0c7,What color are the darker grains in the rice stuffing,brown,"the darker grains in the rice stuffing appear to be a mix of brown and possibly some red or purple hues, which could indicate the presence of ingredients like saffron, spices, or even small pieces of vegetables or herbs"
6af6a4433e4a0c7,Where is the Cornish Game Hen positioned in the image,at the top left,"the cornish game hen is positioned on the left side of the plate, taking up a significant portion of the image"
4e8597ee35c2dfd,What type of food is in the bowl,salad,"the bowl contains a salad. the ingredients visible include leafy greens, cherry tomatoes halves, and what appears to be a creamy dressing or sauce spread over the top. it could be a variation of a caesar salad or a similar type of green salad with a creamy dressing"
4e8597ee35c2dfd,What colors are present in the salad dressing,green-white,"the salad dressing appears to have a greenish hue, suggesting it might be a pesto or avocado-based dressing"
4e8597ee35c2dfd,Where is the dressing drizzled,over the salad leaves,"the dressing appears to be drizzled over the salad in the bowl. it looks like it's a creamy, green dressing, possibly a type of avocado or herb-based dressing, which is commonly used with salads that include ingredients like tomatoes and greens"
4e8597ee35c2dfd,What vegetable pieces are in the salad,tomatoes,"the salad appears to contain slices tomatoes, which are red and yellow in color, and what looks like avocado, which is green. there might also be some purple cabbage or red onion, but it's not entirely clear due to the angle and the presence of the dressing"
00bf2bb6e5a159a,What type of beans are clustered on top of the hummus,edamame,"the beans clustered on top of the hummus appear to be green soybeans, also known as edamame. they are often used as a garnish for hummus and other dishes due to their vibrant color and nutty flavor"
00bf2bb6e5a159a,What is the base of the dish made of,hummus,"the dish in the picture appears to be a type of dip or spread, likely made from green soybeans, which gives it its's vibrant green color. the base could be a paste or puree of cooked and mashed green soybeans, possibly seasoned with other ingredients like sesame seeds, which are visible sprinkled on top. this type of dish is often associated with japanese cuisine, where it can be served as a side dish or used as an ingredient in other dishes. it's also possible that the dish includes other ingredients such as garlic, ginger, or vinegar, which are common in japanese cuisine"
00bf2bb6e5a159a,What color are the small seeds scattered on the hummus,black,"the small seeds scattered on the hummus appear to be black, likely sesame seeds"
00bf2bb6e5a159a,Where are the edamame beans located,on top of,"the edamame beans are located on top of the bowl, sprinkled over the green dip or spread"
b3642208c36c1c0,What is the color of the hummus,yellow,"the hummus in the picture appears to be a light greenish-yellow color, which is typical for hummus made with chickpeas and tahini, often seasoned with garlic, lemon juice, and sometimes herbs like parsley or cilantro"
b3642208c36c1c0,What is the dip in the bowl,hummus,"the dip in the bowl appears to be hummus, which is a popular middle eastern dip made from mashed chickpeas, tahini (sesame seed paste), lemon juice, garlic, and olive oil. often seasoned with salt and other spices. it's commonly served with pita bread, crackers, or vegetables. the golden-brown piece on the side looks like it could be a piece of pita bread or a cracker that has been dipped into the hummus"
b3642208c36c1c0,Where are the crackers placed in relation to the hummus,submerged,"the crackers are placed on the rim of the bowl containing the hummus, positioned to the right side of the bowl"
b3642208c36c1c0,What is served alongside the hummus,crackers,the image shows a bowl of hummus with a piece of pita bread served alongside it
b3642208c36c1c0,Where are the crackers positioned in the bowl,on the right,"the crackers are positioned on the rim of of the bowl, leaning against the side"
1d926823e55a19f,What is the hummus served in,bowl,the hummus is served in a white bowl with a decorative handle on the side
1d926823e55a19f,What color is the hummus,brownish-green,"the hummus in the picture appears to be a light greenish-yellow color, which is typical for hummus made with chickpeas and tahini"
1d926823e55a19f,Where is the bowl situated in the image,towards the top left,"the bowl is situated on the left side of the image, containing what appears to be a green dip or spread, possibly hummus or guacamole, garnished with a sprig of cilantro"
3c4a5088c3151a4,What color is the hummus,beige,"the hummus in the picture appears to be a light beige or off-white color, which is typical for hummus made from chickpeas and tahini"
3c4a5088c3151a4,What is the name of the food in the bowl,hummus,"the dish in the bowl appears to be hummus, a middle eastern dip made from mashed chickpeas, tahini, lemon juice, garlic, and olive oil. and often garnished with ingredients like paprika, parsley, or olive oil. the tomatoes slices around it are likely there for decoration and to add a fresh, tangy flavor when dipped into the hummus"
3c4a5088c3151a4,What color is the oil in the center of the hummus,yellow,"the oil in the center of the hummus appears to be yellowish-green, which is typical for olive oil"
3c4a5088c3151a4,What is arranged around the rim of the bowl,tomatoes,the tomatoes are arranged around the rim of the bowl
3c4a5088c3151a4,What is dusted on the hummus,spices,"the hummus in the picture appears to be dusted with paprika or a similar red spice, which is commonly used as a garnish for hummus"
8ee85aedb5b644e,What color is the hummus,yellow-beige,"the hummus in the picture appears to be a light brown or tan color, which is typical for many types of hummus"
8ee85aedb5b644e,What is the hummus served in,bowl,the hummus is served in a black bowl
8ee85aedb5b644e,What color are the carrots,orange,the carrots in the picture are orange
8ee85aedb5b644e,What is the hummus served with,carrots,the hummus in the picture is served with baby carrots
8ee85aedb5b644e,Where are the carrots placed,on the plate,the carrots are placed on a plate next to a bowl of hummus
3d48f6b7482aba6,What color is the jam in the jars,reddish-brown,"the jam in the jars appears to be a deep red color, suggesting it could be strawberry or raspberry jam"
3d48f6b7482aba6,What containers are used to hold the jam,jars,"the jam in the picture is stored in glass jars with metal lids. these jars are commonly used for preserving and storing jams, jellies, and other preserves due to their durability, ease of sterilization, and the ability to seal tightly to prevent spoilage"
3d48f6b7482aba6,Where are the jars positioned in the frame,in the center,"the jars are positioned horizontally across the bottom of the frame, with their lids facing forward and the contents visible through the glass"
bbf959f60d3b884,What color is the nectarine jam,orange,"the nectarine jam in the image appears to be a light orange or peach color, which is typical for nectarine jam due to the natural color of of the fruit"
bbf959f60d3b884,What are the jars made of,jars,"the jars in the picture appear to be made of glass. this is suggested by their transparent appearance and the way they they reflect light, which is characteristic of glass containers. the lids on top of the jars seem to be made of metal, likely stainless steel or aluminum, which is commonly for preserving jars as it provides a tight seal and prevents them from rusting"
bbf959f60d3b884,What material are the lids made of,glass,"the lids on the jars in the picture appear to be made of metal, likely stainless steel or aluminum. they are commonly materials for preserving jars as they provide a tight seal and protect the contents from contamination"
bbf959f60d3b884,Where are the jars primarily located,in the center,"the jars in the image are primarily located on a surface, which appears to be a countertop or a shelf. in a kitchen setting. the background includes a tiled wall, suggesting that this is likely a kitchen area where food preparation and storage take place"
bbf959f60d3b884,What color is the background,pinkish-white,"the background in the image appears to be a light beige or off a similar neutral tone, possibly a tiled wall"
f065b6f63d2d4a8,Where is the apricot jam located in the image,in the center,"the apricot jam is located inside a glass jar with a metal lid, which is placed on a surface that appears to be a countertop or table"
f065b6f63d2d4a8,Which part of the image contains the jam,bottom half,"the jam is contained within the jar, which is the central object in the image"
f065b6f63d2d4a8,What color is the apricot jam,orange,"the apricot jam in the image appears to be a light orange or yellowish-orange color, which is typical for apricot jam"
f065b6f63d2d4a8,How would you describe the color of the jam,vibrant,"the jam in the image appears to be a vibrant orange or yellow-orange color, suggesting it could be a variety of fruit jams such as peach, apricot, or possibly a mixed berry jam with a hint of citrus"
38ebbd7b792ff0d,What are the jars made of,glass,"the jars in the picture appear to be made of glass. they have metal lids, which are commonly used for preserving food items like jams and jellies. the glass is clear, allowing the contents (which look like a type of jam or jelly) to be visible. the design on the glass suggests it might be a type of canning jar, often used for home canning and preserving"
38ebbd7b792ff0d,What fruit is used to make the jam,papaya,"the jam in the picture appears to be made from orange or tangerine fruit, given its color and texture. the bright orange hue suggests it could be made from oranges, tangerines, or a combination of both. however, without more specific information or a closer look at the contents, it's not possible to determine the exact type of fruit with certainty"
38ebbd7b792ff0d,How would you describe the papaya used in the jam,fresh,"the image shows jars of papaya jam, but it does not provide information about the specific characteristics of the papaya used to make the jam. typically, papaya used for making jam is ripe and has a soft texture, which allows it to break down into a smooth consistency when cooked. the color of the papaya in the image suggests that it was likely ripe, as the jam appears to have a vibrant orange hue, which is characteristic of ripe papaya. however, without additional context or information, it's not possible to definitively describe the papaya based solely on this image"
38ebbd7b792ff0d,Where are the jars placed,on a white cloth,"the jars are placed on a red and white striped cloth, which is laid out on a countertop. the jars appear to be filled with a red-orange substance, possibly jam or jelly, and they are sealed with metal lids. the background includes some kitchen items, such as a pineapple and what looks like a colander, suggesting that this is a kitchen setting"
252b508f8033600,What color is the coffee jelly,dark brown,the coffee jelly in the image appears to be black
252b508f8033600,What shape are the coffee jelly pieces,cubes,the coffee jelly pieces in the image are triangular
252b508f8033600,What color is the liquid surrounding the coffee jelly,beige,"the liquid surrounding the coffee jelly appears to be white, which suggests it could be milk or cream"
252b508f8033600,How are the coffee jelly cubes distributed in the mugs,scattered,"the coffee jelly cubes are distributed throughout the mugs, with some larger pieces floating on top and smaller pieces dispersed throughout the liquid"
465a36d85d1bf6d,What color is the jerky,black,"the jerky in the picture appears to be dark brown with some lighter, almost blackened areas, which suggests it might be seasoned or possibly smoked"
465a36d85d1bf6d,What color is the jerky described as,dark,"the jerky in the picture appears to be dark brown or black, which is typical for dried meat products like jerky"
465a36d85d1bf6d,How is the jerky arranged in the dish,stacked,"the jerky pieces are arranged in a somewhat overlapping manner within the dish. they are not neatly stacked but rather placed side by side, creating a slightly layered effect. this arrangement allows for some of the jerky to be be visible while others are partially covered, giving a sense of depth and texture to the presentation"
465a36d85d1bf6d,What is the jerky placed in,dish,the jerky appears to be placed on a white rectangular plate
465a36d85d1bf6d,Where is the jerky pile located in the frame,in the center,"the jerky pile is located in the upper left portion of the frame, extending towards the center and slightly to the right"
02649a5833f44cd,What is the primary color of the beef jerky,brown,"the primary color of the beef jerky in the image appears to be a dark brown or reddish-brown, which is typical for dried and cured meat products like jerky"
02649a5833f44cd,What type of food is shown in the image,beef jerky,"the image appears to show a close-up of what looks like dried or preserved seafood, possibly squid or octopus. it's often used in asian cuisine and can be found in markets or specialty stores sections. the dark color and texture suggest it might be a type of dried seafood product, possibly marinated or seasoned"
02649a5833f44cd,How are the beef jerky pieces arranged in the image,scattered,"the beef jerky pieces in the image appear to be scattered and overlapping each other. they are not neatly aligned or organized in any specific pattern. the arrangement seems random, with some pieces lying on top of others, creating a somewhat chaotic appearance"
02649a5833f44cd,What color variation is seen in some of the beef jerky pieces,reddish-brown,"the beef jerky pieces in the image show a variation in color, with some pieces appearing darker and more charred than others. this color difference can be due to variations in cooking time, temperature, or the presence of spices or seasonings that may have been applied during the drying process"
02649a5833f44cd,Where are the darkest pieces of beef jerky located,around the edges,the darkest pieces of beef jerky appear to be in the upper left and lower right corners of the image
f4559d130566a05,What color are the beef jerky pieces,brown,"the beef jerky piece in the image appears to be a dark brown color, which is typical for dried and cured meat products like jerky"
f4559d130566a05,What type of food is shown in the image,beef jerky,"the image shows a close-up of what appears to be dried meat, possibly jerky or a similar type of preserved meat snack. the texture and color suggest it could be beef jerky, but without more context, it's difficult to determine the exact type of meat or the specific of preparation method"
f4559d130566a05,How are the beef jerky pieces arranged,overlapping,"the beef jerky pieces in the image appear to be scattered and overlapping, creating a somewhat random and clustered arrangement. they seem to be have been placed on a surface that is not entirely flat, as there are some slight variations in height and depth where the pieces rest. this gives the impression of a natural, unorganized pile rather than a neatly stacked or arranged display"
580723682f5811f,What color is the beef jerky,dark brown,"the beef jerky in the image appears to be a dark brown color, which is typical for dried and cured meat products like jerky"
580723682f5811f,Where is the beef jerky located,located inside,"the beef jerky is located inside a glass jar, which is placed on a wooden surface. the jar is decorated with a red and black checkered cloth underneath it, and it is tied with a string that has a decorative white tag attached to it"
580723682f5811f,What is the beef jerky stored in,jar,"the beef jerky is stored in a glass jar. the jar appears to be tied with a piece of twine and has a decorative element, possibly a small tag or ornament, attached to it"
580723682f5811f,What is the jar doing on the table,sitting,"the jar in the picture appears to be holding dried meat, possibly jerky or bacon strips, which are often used as a snack or ingredient for cooking. it's placed on a wooden table with a decorative red and black checkered cloth underneath it. the jar is tied with a string and has a small tag attached, suggesting it might be part of a gift set or a homemade product being displayed for sale or sharing"
580723682f5811f,What is the table made of,wooden,"the table appears to be made of wood, as indicated by its texture and color"
fa7d133f1e16b4d,What color is the filling of the pie,yellow-tan,"the image shows a slice of pie on a plate, but the filling is not clearly visible due to the angle and lighting. it appears to be a light color, possibly white or pale yellow, which could suggest a custard or cream-based filling. however, without a clearer view or more context, it's difficult to determine the exact color and type of filling with certainty"
fa7d133f1e16b4d,Where is the pie slice placed,plate,"the pie slice is placed on a white plate with a blue rim, which is sitting on a wooden surface. likely a table or countertop"
fa7d133f1e16b4d,What color is the plate,white,the plate in the picture is white with a blue rim
fa7d133f1e16b4d,How does the surface of the pie filling appear,glazed,"the surface of the pie filling appears to be smooth and slightly glossy, which suggests it might have been baked or cooked at a high temperature. this could indicate that the filling has a custard-like texture, possibly with a touch of sugar or other sweeteners that contribute to its sheenen"
331b51dc156ef8d,What is the name of the sandwich in the image,sloppy joe,"the sandwich in the image appears to be a sloppy joe sandwich. it consists of ground meat (likely beef or pork) mixed with a tomato-based sauce, served between two slices of bread"
331b51dc156ef8d,What color is the meat filling in the Sloppy Joe,reddish-brown,"the meat filling in the sloppy joe appears to be a reddish-brown color, which is typical for sloppy joe fillingsings made with ground beef or pork, often seasoned with tomato-based sauce and spices"
331b51dc156ef8d,What color are the corn tortilla chips,yellow,"the corn tortilla chips in the image appear to be yellowish-brown, which is typical for corn tortilla chips"
331b51dc156ef8d,Where is the bottom bun located,on the bottom,the bottom bun is located at the bottom of the sandwich in the image
a82943b9e36974d,What color is the top of the bun,golden-brown,"the top of the bun appears to be a light brown color, which is typical for a toasted or grilled bun"
a82943b9e36974d,What type of meat is in the filling,chicken,"the filling appears to be a type of pulled meat, likely chicken or pork, given its texture and color. it seems to have been cooked with a sauce that gives it a reddish-brown hue, which could suggest it's a barbecue sauce or a similar type of sauce. the presence of jalapeños suggests it might be a spicy version of this dish"
a82943b9e36974d,What color is the chicken filling,orange,"the the chicken filling in the sandwich appears to be a light brown or beige color, which suggests it might be seasoned or cooked in a sauce that gives it this hue"
a82943b9e36974d,Where are the jalapeño slices placed,on top,"the jalapeño slice is placed on top of the sandwich, adding a touch of spice and visual appeal to the dish"
a82943b9e36974d,What is clustered to the right of the Sloppy Joes,chips,"to the right of the sloppy joe, there appears to be a cluster of potato chips"
eb3061e9a1207ac,What color is the top bun,golden-brown,"the top bun in the image appears to be a light brown color, which is typical for a hamburger bun"
eb3061e9a1207ac,What is covering the Sloppy Joe filling,bun,"the the sloppy joe filling appears to be covered with a layer of green peppers and possibly some onions, which are common toppings for sloppy joes"
eb3061e9a1207ac,What color is the plate,gray,the plate in the image is white
eb3061e9a1207ac,Where is the filling spilling onto,on a plate,"the filling from the sandwich appears to be spilling slightly onto the plate, particularly towards the bottom left corner of the plate"
df79f56de740b5c,What color is the bun,tan,"the bun in the picture appears to be a light brown color, which is typical for a hamburger bun"
df79f56de740b5c,Is the food served on a bun,bun,"yes, the food in the picture appears to be served on a bun"
df79f56de740b5c,What color are the kidney beans,red,"the kidney beans in the chili appear to be dark red or almost black, which is typical for cooked kidney beans"
df79f56de740b5c,Where are the sesame seeds located,on top,the sesame seeds are located on the top bun of the sandwich
df79f56de740b5c,Are there diced carrots in the filling,diced,"yes, there appear to be diced carrots in the filling of the sandwich. along with other ingredients like ground meat and possibly onions"
1b262ba9f1f16d2,What color is the sesame seed juice,beige,"the sesame seed juice in the image appears to be a light, creamy white color. this suggests that it might be a milk-based beverage with sesame seeds added for flavor and texture"
1b262ba9f1f16d2,What type of drink is shown in the image,juice,"the image shows a glass of what appears to be a creamy beverage, possibly a latte or a similar coffee-based drink. it has a frothy top and is garnished with a sprinkle of what looks like cinnamon or a similar spice. the drink is served in a clear glass with a straw, suggesting it might be a cold or iced version of the beverage. the background includes a jar that could contain the ingredients used to make the drink, such as coffee beans or spices"
1b262ba9f1f16d2,Where is the sesame seed juice present,on the table,"the sesame seed juice, also known as tahini, is not a traditional juice but rather a paste made from ground sesame seeds. it's often used in beverages like this one shown in the image, which appears to be a glass of milk or a similar beverage topped with a layer that resembles the texture and color of tahini. the presence of sesame seeds around the glass suggests that it might be a drink that incorporates tahini as an ingredient, possibly for flavoring or nutritional purposes"
1b262ba9f1f16d2,What is the sesame seed juice served in,glass,"the sesame seed juice is typically served in a glass, as shown in the image. the glass appears to be a clear glass with a black straw, which is commonly used for beverages like smoothies or juices"
1b262ba9f1f16d2,Where is the sesame seed juice located,in a glass,"the image shows a glass of sesame seed juice in the foreground, with a spoon inside it. in the background, there appears to be another glass of a similar drink and a jar that likely contains sesame seeds. the setting seems to be a table with a textured surface, possibly a wooden or fabric material. the sesame seeds are also scattered on the table near.
 addcriterion
"
199c11f14158f8f,How would you describe the color of the ginger juice at the bottom,vibrant,"the ginger juice at the bottom appears to have a bright, vibrant orange color"
199c11f14158f8f,What is the ginger juice served in,glass,"the ginger juice appears to be served in a stemmed glass, which is commonly used for cocktails and other beverages that are typically garnished and presented in a more elegant manner"
199c11f14158f8f,What color is the lemon twist,yellow,"the lemon twist in the image appears to be yellow, which is the natural color of a lemon"
27446535c25c7fc,What fruit is used to make the stars,watermelon,the stars in the picture appear to be made from watermelon slices. the red color and the shape of the stars are characteristic of watermelon
27446535c25c7fc,What color are the watermelon stars,pink,"the watermelon stars in the picture appear to be a deep red color, which is characteristic of watermelon flesh"
27446535c25c7fc,What fruit is strung together on the skewers,blueberries,"the fruit strung together on the skewers appears to be watermelon slices stars. the red color and star shape are characteristic of watermelon, and the black beads suggest they they might be part of a decorative or craft project rather than a typical food presentation"
27446535c25c7fc,What color is the surface the kabobs are placed on,green surface,the kabob is placed on a green surface
27446535c25c7fc,What holiday do these kabobs represent,4th of july,"the star-shaped kabobs in the image resemble the shape of stars often associated with the fourth of july, also known as independence day in the united states. the red and white colors are reminiscent of the american flag, which is commonly used to celebrate this holiday. the blue beads could be interpreted as a nod to the blue of of the flag, though they are not traditional for the fourth of july. however, the overall presentation and colors strongly suggest that these kabobs are meant to represent the fourth of july"
8046eb3f2ad1d80,What color is the soup broth,golden-brown,"the soup broth in the image appears to be a light, creamy color, suggesting it might be a white or light-colored broth, possibly a potato or vegetable-based soup"
8046eb3f2ad1d80,How is the kale distributed in the soup,dispersed,"the kale appears to be distributed throughout the soup, with some larger pieces visible on top and mixed in with the other ingredients"
8046eb3f2ad1d80,What type of vegetable is deep green and present in the soup,kale,the deep green vegetable in the soup appears to be spinach. it is commonly used in soups for its rich flavor and nutritional value
8046eb3f2ad1d80,What is the soup served in,bowl,the soup is served in a white bowl with a wooden spoon resting inside it
72d522544722a3f,What color are most of the kale chips,green,"the majority of the kale chips in the image appear to be a dark green color, which is typical for kale chips that have been cooked and possibly seasoned with spices or oil"
72d522544722a3f,What type of food is shown in the image,chips,the image shows a bowl of kale chips. kale chips are a popular snack made by baking or roasting fresh kale leaves until they become crispy and flavorful
72d522544722a3f,What is holding the kale chips,bowl,the kale chips are being held in a white ceramic bowl with a speckled pattern
72d522544722a3f,Where is the bowl placed,on a wooden surface,"the bowl is placed on a wooden surface, likely a table or countertop"
72d522544722a3f,What color are the edges of some of the kale chips,brownish,"the edges of some of the kale chips in the image appear to be slightly browned, indicating they they have been cooked or baked"
c92064eed9436af,What color is the kale in the dish,dark green,"the kale in the dish appears to be a dark green color, which is typical for kale when it is cooked and mixed with other ingredients"
c92064eed9436af,What type of vegetable is dark green and cooked in the dish,kale,the dark green vegetable in the dish appears to be spinach. spinach is commonly used in stir-fries and is known for its vibrant green color and slightly bitter taste when cooked
c92064eed9436af,What color are the peppers in the dish,red,the peppers in the dish appear to be red
c92064eed9436af,Where is the wooden spoon located in the pan,on top of,"the wooden spoon is located on the right side of the pan, resting on the edge"
7a5730a599a537b,What is the overall appearance of the kebabs,colorful,"the kebabs in the image appear to be colorful and appetizing. they are skewered with a variety of ingredients, including chunks of meat (likely beef or lamb), pineapple slices, bell peppers (in red, yellow, and green colors), and possibly onions. the skewers seem to be have been grilled, as indicated by the slight charring on some pieces, which adds to their visual appeal. the arrangement on the plate suggests they they are ready to be served and enjoyed"
7a5730a599a537b,What type of dish is shown in the image,kebabs,"the image shows skewers of grilled meat and vegetables, which appears to be a type of kebab or shish kebab. the skewers include pieces of meat (likely beef or lamb), bell peppers, onions, and pineapple chunks, all cooked on a grill. this dish is popular in many cuisines cultures, particularly middle eastern, mediterranean, and south asian"
7a5730a599a537b,What color are the beef pieces,red,"the beef pieces in the skewers appear to be brown, which is typical for cooked meat. the exact shade can vary depending on the cooking method and seasoning used"
7a5730a599a537b,Where are the kebabs placed,on a plate,"the kebabs are placed on a white rectangular plate. the plate appears to be on a flat surface, likely a table or countertop"
7a5730a599a537b,What fruit is included in the kebabs,pineapple,the kebabs in the picture include pineapple chunks as part of the fruit component
7c708793b814120,What color is the plate,white,the plate in the image is white
7c708793b814120,What vegetable is shown in the image,kohlrabi,"the image shows slices of eggplant that have been cooked and possibly seasoned, as they appear to be grilled or pan-fried. the slices have a golden-brown color, indicating they might have been sautéed or roasted"
7c708793b814120,How are the kohlrabi pieces placed on the plate,arranged,"the kohlrabi pieces in the image appear to be arranged in a somewhat overlapping manner on the plate. they are not neatly stacked but rather spread out, creating a more casual and rustic presentation. this arrangement allows each piece to be visible and highlights their texture and color"
7c708793b814120,What color are the roasted edges of the kohlrabi,brown,"the roasted edges of the kohlrabi in the picture appear to be a golden brown color, indicating they they have been cooked to a crisp texture"
7c708793b814120,Where are the kohlrabi pieces arranged,on a plate,"the kohlrabi pieces in the image appear to be arranged on a white plate, which is placed on a surface that looks like a tablecloth or a napkin. with a striped pattern. the kohlrabi pieces are are cooked and have a golden-brown color, suggesting they may have been pan-fried or roasted. they are spread out across the plate, with some overlapping each other, creating an appealing presentation"
dfaa2fddbcc3ce6,What color is the serving dish,yellow,the serving dish appears to be black or dark gray in the image provided
dfaa2fddbcc3ce6,What type of food is the kugel made of,noodles,"the dish in the picture appears to be a type of kugel, which is a traditional jewish dish often served during passover. it looks like it could be a noodle kugel, also known as kugel or kugelach. this dish typically consists of egg noodles, matzo meal (a flour substitute used during passover), and is often topped with grated cheese and bacon bits. the dish is baked until golden brown and is often garnished with chopped parsley. the specific appearance suggests it has been baked and is ready to serve"
dfaa2fddbcc3ce6,What color are the noodles in the kugel,yellow,"the noodles in the kugel appear to be a light yellow or offzo color, which is typical for cooked pasta like egg noodles"
dfaa2fddbcc3ce6,Where are the flecks of green parsley scattered,on the top,"the flecks of green parsley are scattered on top of the pasta dish in the image. they appear to be garnishing the dish, adding a touch of color and freshness to the overall presentation"
0d03349d96e42ba,What is the dominant color of the Kugel,golden-yellow,"the dominant color of the kugel in the image appears to be a golden brown, which is typical for baked dishes that have been cooked and possibly topped with breadcrumbs or cheese that have been toasted"
0d03349d96e42ba,What process is the Kugel undergoing in the dish,baking,"the dish appears to be a baked kugel, which is a traditional jewish dish made with noodles, eggs, and often includes other ingredients such as cheese, vegetables, or meat. depending on the recipe. the golden-brown top suggests that it has been baked, likely in an oven, until the top is crispy and the dish is fully cooked through. the process of baking helps the noodles to soften and absorb the flavors of the other ingredients, while also creating a crispy crust on top. the dish looks well-cooked and ready to serve"
0d03349d96e42ba,What is sprinkled on the surface of the Kugel,sprinkling,"the surface of the kugel (a type of jewish noodle casserole) appears to be sprinkled with breadcrumbs that have been toasted or browned, likely through baking. this is a common topping for kugel to add texture and flavor"
0d03349d96e42ba,What is the main ingredient visible throughout the Kugel,noodles,"the image shows a dish that appears to be kugl, which is a traditional jewish dish often made with noodles and eggs, baked in a casserole dish. the main ingredients visible in this kugl include noodles (likely egg noodles) and what seems to be a creamy or cheesy filling, possibly with some vegetables mixed in. the golden-brown top suggests it has been baked until crispy"
0d03349d96e42ba,What color are the darker elements interspersed throughout the Kugel,brown,"the darker elements interspersed throughout the kugel appear to be browned bits, likely from the cheese or breadcrumbs on top that have been baked until crispy and golden"
e2f49a9c9cea5ea,What color is the lamb,brown,"the lamb in the picture appears to be a golden-brown color, which is typical for roasted meat that has been cooked to a medium-rare or medium level"
e2f49a9c9cea5ea,What type of meat is centrally located in the image,lamb,"the meat in the image appears to be a roasted leg of lamb or possibly a whole roasted lamb, given its shape and the way it's presented with potatoes around it. it could also be a pork shoulder or a similar cut of meat, but based on the context and typical presentation, a leg of of lamb is more likely"
e2f49a9c9cea5ea,Where is the lamb nestled,in the center,"the lamb in the picture appears to be nestled among roasted potatoes and possibly other vegetables, all cooked together in a large, round, cast-iron skillet. this type of cooking method is often referred to as ""roasting"" or ""braising,"" where the meat and vegetables are cooked in a small amount of liquid, usually oil or broth, in a covered pan. the skillet provides an even distribution of heat, which helps to create a crispy exterior on the lamb while keeping it moist inside"
ef59e3403eff7c8,What is the color of the broth in the stew,reddish-brown,"the broth in the stew appears to be a rich, dark red color, which suggests it might be a tomato-based broth or possibly a beef broth with tomatoes added for flavor and color"
ef59e3403eff7c8,What type of dish is the lamb being cooked in,stew,"the dish appears to be a stew, specifically a lamb stew. the presence of chunks of meat, vegetables like carrots and peas, and a rich, tomato-based sauce are characteristic of this type of dish. stews are typically slow-cooked to allow the flavors to meld together, and they often include a variety of ingredients that are simmered in a liquid until tender. in this case, the liquid seems to be a tomato-based broth which is common for lamb stews"
ef59e3403eff7c8,What does the broth do to the spaces between the solid ingredients,fills,"the broth in the image appears to be filling the gaps and spaces between the solid ingredients, such as the carrots, peas, and chunks of what looks like potatoes or possibly meat. this is typical for a stew or soup where the liquid (broth) helps acts as a medium that holds the ingredients together and allows them to cook evenly. the broth also adds flavor to the dish by infusing it with the flavors of the ingredients and any seasonings used in its preparation"
ef59e3403eff7c8,What is the color of the bowl containing the stew,white,the bowl containing the stew is white
ef59e3403eff7c8,Where are the lamb pieces located in the stew,throughout the stew,"the lamb pieces are located throughout the stew, mixed with the other ingredients such as carrots, peas, and potatoes"
cba8c4178e2f10e,What color is the plate the lamb shanks are served on,white,the plate the lamb shanks are served on is white
cba8c4178e2f10e,What type of meat is featured in the dish,lamb,"the dish appears to feature a piece of braised or stewed meat, likely a cut such as a short rib or a knuckle bone, which is common in dishes like osso buco (a traditional italian dish) or similar braised meats. the presence of vegetables and the sauce suggest it could be a rich, flavorful dish often associated with comfort food or hearty meals"
cba8c4178e2f10e,What color is the lamb shank,brown,"the lamb shank in the picture appears to be brown, which is typical for cooked lamb shanks that have been braised or roasted"
cba8c4178e2f10e,Where are the diced carrots located,scattered around,"the diced carrots appear to be located on the side of the plate, next to the main dish, which looks like a braised or stewed meat with vegetables. (possibly including some green herbs). they are are not directly on top of the meat but rather on the side, likely as part of the garnish or accompaniment to the meal"
d1f69026ce3c901,What type of meat is shown in the image,lamb,"the image shows a piece of meat that appears to be braised or stewed, possibly a type of pork or beef. the dark color and the presence of onions and other vegetables suggest it could be a dish like osso buco, a traditional italian dish made with veal shanks, or a similar braised meat dish. the dark color might also indicate the use of a dark sauce, such as red wine or soy sauce, which is common in braising recipes. however, without more context or a clearer view of the ingredients, it's difficult to determine the exact type of meat with certainty"
d1f69026ce3c901,What does the color of the lamb shank exhibit,gradient,"the color of the lamb shank in the image appears to be dark brown, which suggests that it has been cooked for an extended period, possibly braised or stewed. this cooking method often results in a rich, deep color due to the maillard reaction, where amino acids and sugars in the meat react at high temperatures to form complex compounds that give the meat its characteristic brown hue. the presence of what looks like onions and other vegetables in the dish further supports the idea that this is a braised or stewed preparation, as these ingredients are commonly used to enhance flavor and texture"
d1f69026ce3c901,What color is the sauce surrounding the lamb shanks,brown,"the sauce surrounding the lamb shanks appears to be a dark brown color, which suggests it might be a rich, savory sauce, possibly a reduction of red wine or a similar ingredient, combined with other seasonings and possibly some vegetables. the exact color can vary depending on the specific ingredients used in the recipe"
d1f69026ce3c901,What are the translucent pieces in the sauce,onions,"the translucent pieces in the sauce appear to be onions that have been cooked until they are soft and slightly caramelized. this is a common ingredient in many stews and sauces, especially those with a rich, savory flavor profile. the onions contribute to the depth of flavor and help to thicken the sauce as they cook down"
d1f69026ce3c901,How are the onions described in the image,cooked,"the onions in the image appear to be caramelized, as indicated by their dark brown color and the way they are cooked down into a thick, glossy sauce. they seem to be well-integrated with other ingredients, possibly including meat, which suggests they have been cooked for an extended period to develop flavor and texture. the sauce looks rich and flavorful, likely having been reduced and thickened during the cooking process"
cbd2b9ac8a823d3,What color is the bowl holding the lasagna,orange,the bowl holding the lasagna appears to be brown in color
cbd2b9ac8a823d3,What type of dish is being served in the bowl,lasagna,"the dish appears to be a baked pasta, likely a type of casserole or gratin. it looks like it could be a baked macaroni and cheese or a similar pasta dish topped with melted cheese and possibly some herbs for garnish. the golden-brown color suggests it has been baked until the cheese is bubbly and slightly browned"
cbd2b9ac8a823d3,What is the texture of the sauce on the lasagna,creamy,"the sauce on the lasagna appears to be creamy and smooth, with a slight sheen that suggests it might be a béchamel or a similar type of white sauce. it's not overly thick but has a rich consistency that clingshes to the pasta underneath. the presence of herbs sprinkled on top adds a fresh touch, which could add a bit of texture contrast to the smooth sauce"
cbd2b9ac8a823d3,What color is the sauce covering the pasta,white,"the sauce covering the pasta appears to be white, which suggests it could be a creamy or alfredo-style sauce"
cbd2b9ac8a823d3,Where are the specks of black pepper located,on the surface,"the specks of black pepper are located on top of the dish, sprinkled over the melted cheese and garnished with herbs"
f5fb0df40b092f8,What color is the top layer of the lasagna,golden-brown,"the top layer of the lasagna appears to be a golden brown color, which suggests it has been baked and is likely crispy and slightly caramelized from the cheese or other toppings that have melted on top during the baking process"
f5fb0df40b092f8,What type of dish is shown in the image,lasagna,"the image shows a baked dish that appears to be lasagna. lasagna is a traditional italian pasta dish consisting of layers of pasta, tomato sauce, cheese, and meat (such as ground beef or sausage). the top layer looks golden brown, indicating it has been baked until crispy. the presence of two glasses of red wine in the background suggests that this might be a meal setting where the lasagna is being served with wine"
f5fb0df40b092f8,What color is the stovetop,black,the stovetop in in the image appears to be black
f5fb0df40b092f8,Where is the lasagna placed,on a black stovetop,"the lasagna is placed on a stovetop, specifically on a baking tray or pan that appears to be hot, as indicated by the glowing light underneath it"
f5fb0df40b092f8,What color are the visible interior layers of the lasagna,green,"the visible interior layers of the lasagna appear to be a light, creamy white or pale yellow color. this is typical for the cheese and pasta layers in a classic lasagna recipe"
e3a012097af2a98,What color is the lettuce,green,the lettuce in the picture appears to be green
e3a012097af2a98,What type of dish is being described,lasagna,"the image depicts a plate of food that appears to be a variation of a taco salad or a loaded taco bowl. the dish includes layers of ingredients such as lettuce, ground beef, cheese (likely melted), rice, diced tomatoes, and slices avocado. it's served on a bed of shredded lettuce, which is typical for taco salads. the presentation suggests it could be a homemade version of a taco salad or a similar dish where the ingredients are layered in a bowl or plate"
e3a012097af2a98,What color are the diced tomatoes,red,the the diced tomatoes in the image are red
e3a012097af2a98,What color is the melted cheddar cheese,yellow,the melted cheddar cheese in the image appears to be a light yellow or golden color
e3a012097af2a98,Where is the lasagna resting,on top of,"the lasagna appears to be resting on a bed of of shredded lettuce, which is typically used as a base for salads or as a way to add texture and freshness to the dish. it's not a traditional lasagna setting, but rather a creative presentation where the lasagna is placed directly on the lettuce. this could be a unique twist on a salad or a way to serve lasagna in a lighter, more fresh manner"
114e30b0121f8ac,What fruit is used to make the lassi,banana,"the image shows a glass of lassi, which appears to be a creamy beverage garnished with a sprig of mint and possibly a slice of lemon or lime. the color and consistency suggest it could be made from mango, as the yellow hue is characteristic of mango-based drinks. however, without tasting or having more information, it's not possible to definitively identify the fruit used in this particular lassi. it can also be made using other fruits like banana, apple, or even a combination of fruits"
114e30b0121f8ac,What color is the straw,yellow,the straw in the image is yellow
114e30b0121f8ac,Where is the straw placed in the glass,on the left,"the straw is placed on the left side of the glass, extending into the smoothie"
114e30b0121f8ac,What color is the mint garnish,green,the mint garnish in the image is green
2836bea848092dc,What is the color of the glass,clear,"the glass in the image appears to be clear or transparent, as it allows the contents inside to be be seen clearly"
2836bea848092dc,What color is the spiced mango lassi,yellow,"the spiced mango lassi in the image appears to be a light orange or beige color, which is typical for a spiced mango lassi due to the combination of mango and spices like cardamom, saffron, or cinnamon"
2836bea848092dc,Where is the straw inserted,into the lassi,"the straw in the image is inserted into the top of the glass, which appears to contain a smoothie or similar beverage"
2836bea848092dc,What color are the leaves in the backdrop,green,the leaves in the backdrop appear to be green
44bbcb71225e21a,What is the color of the glass mugs,transparent,"the glass mugs in the picture are clear, allowing you to see through them and view the contents inside"
44bbcb71225e21a,What color is the tray,white,the tray in the image is white
44bbcb71225e21a,What is the primary color of the Eggnog Lattes,tan,"the primary color of the eggnog lattes in the image appears to be a light brown or beige, which is typical for eggnog-flavored beverages"
44bbcb71225e21a,Where are the mugs situated,on a plate,"the two mugs are placed on a white plate, which is resting on a light-colored surface, likely a table"
9eef702c19b23dd,What color is the foam on the latte,white,"the foam on the latte appears to be a light brown or tan color, which is typical for a latte made with milk and coffee"
9eef702c19b23dd,What color is the latte,tan,"the latte appears to be a light brown color, which is typical for a latte made with espresso and steamed milk"
9eef702c19b23dd,Where is the shaved white chocolate placed,on top of,the shaved white chocolate is placed on top of the frothy beverage in the glass
9eef702c19b23dd,What fruit is placed to the left of the plate,strawberry,the fruit placed to the left of the plate is a strawberry
c5cc39a0e3818c9,What color is the cup,white,the cup in the picture is primarily white with red floral patterns on it
c5cc39a0e3818c9,What type of drink is in the cup,latte,"the drink in the cup appears to be a latte or cappuccino, given its creamy texture and the presence of what looks like cinnamon sprinkled on top"
c5cc39a0e3818c9,What does the latte have on top of the foam,shaved chocolate,the latte has a sprinkle of of cinnamon on top of the foam
c5cc39a0e3818c9,What color is the bottom layer of the latte,brown,"the bottom layer of the latte appears to be a rich, dark brown color, which is typical for a latte made with espresso"
c5cc39a0e3818c9,Where is the dusting of brown spice located,on top of,the dusting of brown spice is located on top of the frothy surface of the beverage in the cup
266ba9144fa1bca,What color is the pie filling,yellow,"the the pie filling appears to be a creamy yellow color, which is typical for lemon pie"
266ba9144fa1bca,Where does the pie filling sit,in the center,"the pie filling sits on top of a graham cracker crust, which forms the base of the pie"
266ba9144fa1bca,What is the dessert described in the image,pie,"the dessert in the image appears to be a slice of lemon pie. it features a creamy, light-colored filling topped with whipped cream and garnished with a lemon wedge on the side. the crust looks like it could be made from graham crackers or a similar base"
266ba9144fa1bca,What shape is the pie slice,triangular,"the pie slice in the picture appears to be triangular in shape. this is a common shape for pie slices presentations, as it allows for easy serving and consumption while maintaining a good portion size"
266ba9144fa1bca,Where is the whipped cream located,on the top,"the whipped cream is located on top of the slice of pie, which appears to be a lemon pie based on the visible lemon slice garnish"
aacd533122666f9,What fruit is the cream made from,lemon,"the cream in the image appears to be mango cream, as indicated by its bright yellow color. mangoes are known for their vibrant yellow-orange hue and are often used in desserts like this"
aacd533122666f9,What color is the lemon cream,yellow,the lemon cream in the image appears to be a bright yellow color
aacd533122666f9,What utensil is partially submerged in the cream,spoon,"the utensil that is partially submerged in the cream appears to be a spoon. it has a metallic handle and a rounded, flat end, which is typical for a spoon used for stirring or serving"
db621f115a77b33,What color is the lemon curd in the jar closer to the viewer,yellow,"the lemon curd in the jar closer to the viewer appears to be a bright, golden yellow color"
db621f115a77b33,What containers are used to hold the lemon curd,jars,"the lemon curd is typically held in glass jars, as shown in the image. these jars are commonly for preserving and storing homemade or store-boughted lemon curd due to their transparency, which allows you to see the contents, and their durability, which helps them withstand the heat of canning"
db621f115a77b33,What is the name of the food in the jars,lemon curd,"the food in the jars appears to be lemon curd. it has a bright yellow color and a smooth, thick consistency, which are characteristic of lemon curd"
db621f115a77b33,Where is the spoon placed,on the tray,"the spoon is placed on the surface next to the jars of yellow substance, likely honey or jam. it appears to be ready for use, perhaps for spreading or serving the contents of the jars"
87435fc8c3e3be1,What color are the cookies,tan,"the cookies in the picture appear to be a light brown color, which is typical for many types of cookies, such as oatmeal raisin or peanut butter cookies"
87435fc8c3e3be1,What type of food is shown in the image,cookies,"the image shows cookies. they appear to be freshly baked, with a golden-brown color and a slightly cracked surface, which suggests they might be oatmeal or peanut butter cookies"
87435fc8c3e3be1,Where are the cookies placed,on a sheet,"the cookies appear to be placed on a piece of aluminum foil. this is often used for baking or serving cookies, as it can help in easy cleanup and provides a non-stick surface"
c52015fe496e29e,What color is the strawberry lemonade,pink,"the strawberry lemonade in the picture appears to be a vibrant red color, indicating that it likely contains strawberry flavoring or juice"
c52015fe496e29e,What fruit is used in the drink,strawberry,"the drink appears to be a strawberry lemonade, as indicated by the lemon slice garnish and the red color of the drink, which is characteristic of strawberry-flavored beverages"
c52015fe496e29e,What color is the lemon slice,yellow,the lemon slice in the picture is yellow
c52015fe496e29e,Where is the lemon slice placed,on the rim,"the lemon slice is placed on the rim of of the glass, just above the straw"
8db7653c1d3620f,What is the drink in the glass mug,lemonade,"the drink in the glass mug appears to be iced tea, as indicated by its color and the lemon slice garnish, which is commonly used with iced tea to add flavor and a refreshing touch"
8db7653c1d3620f,What is the glass mug filled with,lemonade,"the glass mug appears to be filled with iced tea or lemonade, as indicated by the color of the liquid and the lemon slice garnish on the rim"
8db7653c1d3620f,What color is the lemonade,yellow,"the lemonade in the picture appears to be a light yellow color, which is typical for lemonade made with lemons and sugar"
8db7653c1d3620f,What color is the wooden board,brown,the wooden board in the image appears to be a light brown or tan color
45f6c70dda5c055,What color are the Colombian lentils,brown,"the colombian lentils in the image appear to be a reddish-brown color, which is typical for cooked lentils"
45f6c70dda5c055,What type of food is mostly brown in color,lentils,"the dish in the picture appears to be a stew or curry, which often has a brownish color due to the presence of ingredients like lentils, vegetables, and possibly spices such as turmeric or curry powder. the brown color can also come from the cooking process itself, where the flavors meld together and the liquid reduces, concentrating the colors. it's difficult to determine the exact type without more context, but it looks like a hearty, flavorful dish"
45f6c70dda5c055,Are the lentils clearly seen in the broth,visible,"the image shows a bowl of soup or stew with visible chunks of vegetables, which appear to be potatoes and possibly onions, along with what looks like lentils. the lentils are not clearly distinguishable due to their being partially submerged in the broth and mixed with other ingredients. however, they are likely present given the context of the dish"
45f6c70dda5c055,What is the color of the broth-like liquid,light brown,"the broth-like liquid in the bowl appears to be a reddish-brown color, suggesting it might be a tomato-based soup or stew"
45f6c70dda5c055,Where are the lentils located in the image,dispersed,the lentils are located in the bowl on the left side of the image
3667b2d7425ac3b,What color are the lentils in the bowl,yellowish-orange,"the lentils in the bowl appear to be a mix of orange and yellow, which is typical for cooked red lentils"
3667b2d7425ac3b,What is the base ingredient in the bowl,lentils,"the base ingredient in the bowl appears to be a type of porridge or soup, likely made from grains such as oats, quinoa, or rice. it has a yellowish-orange color, which suggests it might contain ingredients like sweet potatoes, carrots, or turmeric for flavor and color. the presence of green herbs on top indicates that it could also include some form of garnish, possibly parsley or cilantro"
3667b2d7425ac3b,How are the lentils distributed in the bowl,dispersed,"the lentils appear to be evenly distributed throughout the bowl. the lentil mixture is spread out, covering most of the surface area of the bowl. there doesn't seem to be any clumps or uneven distribution"
3667b2d7425ac3b,What color is the kale in the bowl,green,the kale in the bowl appears to be green
3667b2d7425ac3b,Where is the kale primarily concentrated in the bowl,dispersed,"the kale appears to be primarily concentrated on the right side of the bowl, with some pieces scattered throughout the rest of the dish"
7dcecb69aa246fa,What color are the diced tomatoes in the salad,red,the diced tomatoes in the salad appear to be red
7dcecb69aa246fa,What color are the fresh herbs in the salad,green,"the fresh herbs in the salad appear to be green, likely parsley or cilantro, which are common ingredients in salads like tabbouleh or similar dishes"
7dcecb69aa246fa,What color are the lentils in the salad,orange-brown,the lentils in the salad appear to be a light brown or tan color
7dcecb69aa246fa,Where is the dense cluster of curly parsley located,on the left,"the dense cluster of curly parsley is located on the left side of the image, adjacent to the plate"
ec6d2fcde874a93,Where are the pale yellow chips located in relation to the lentil salad,to the right,"the pale yellow chips are located on the right side of the image, separate from the lentil salad which is on the left side"
ec6d2fcde874a93,What is the light-colored mixture below the salad likely to be,grain,"the light-colored mixture below the salad appears to be a type of rice or quinoa dish, possibly seasoned with herbs and spices. it could also be a type of grain salad mixed with vegetables. the exact ingredients would depend on the specific recipe used for this dish"
513dc1eda01a289,What color is the limeade,translucent,"the limeade in the picture appears to be a light yellowish-green color, which is typical for limeade made with lime juice and water"
513dc1eda01a289,What material is the glass made of,glass,"the glass in the picture appears to be made of clear glass, which is commonly used for drinking glasses. it has a smooth surface and a standard shape that is typical for drinking glasses, often used for beverages like water, juice, or cocktails"
513dc1eda01a289,What color is the limeade described as,whitish-yellow,"the limeade in the picture appears to be a light yellow-green color, which is typical for limeade when it's made with lime juice and water"
513dc1eda01a289,Where is the slice of lime placed,on the rim,"the slice of lime is placed on the rim of the glass, which is typically done to add a fresh citrus flavor to the drink and to garnish it for presentation"
513dc1eda01a289,What fruit is on the rim of the glass,lime,the fruit on the rim of the glass appears to be a slice of lime
5a3a373e75ebdb8,What color is the linguine,yellow,"the linguine in the picture appears to be white, which is typical for uncooked pasta. however, it's possible that the pasta has been cooked and mixed with a sauce or garnished with ingredients that give it a slightly different appearance. in this case, the pasta seems to have a light yellowish tint due to the sauce and the clams, which often have a creamy, light color when they they are cooked"
5a3a373e75ebdb8,What type of pasta is shown in the image,linguine,"the image shows linguine, which is a long, flat noodle typically used in seafood dishes like the one depicted here"
5a3a373e75ebdb8,What color are the chives,green,the chives in the image appear to be green
5a3a373e75ebdb8,How are the clams distributed throughout the dish,scattered,"the clams are distributed throughout the dish in a way that they are interspersed among the pasta and garnished with herbs. some clams are closer to the top of the image, while others are more towards the bottom. the clams appear to be cooked and are likely seasoned, as suggested by the lemon wedges and herbs on top"
0f47aba2c1035e4,What color is the linguine pasta,beige,"the linguine pasta in the picture appears to be a light yellow or offzo color, which is typical for uncooked pasta made from wheat flour and water"
0f47aba2c1035e4,What type of food is the main ingredient in the dish,pasta,"the main ingredient in the dish appears to be pasta, specifically spaghetti. the dish also includes what looks like mushrooms and herbs, possibly thyme, as garnish or flavoring"
0f47aba2c1035e4,What color are the portobello mushrooms,brown,"the portobello mushrooms in the image appear to be dark brown or black, which is typical for this variety of mushroom when they are cooked"
0f47aba2c1035e4,What color are the fresh herbs,green,"the fresh herbs in the image appear to be green, likely thyme, which is commonly used as a garnish for pasta dishes"
0f47aba2c1035e4,Where are the sprigs of fresh green herbs placed,on top of,"the sprigs of fresh green herbs, likely thyme, are placed on top of the pasta dish in the image"
4a74a640bbcbdae,What color is the plate,white,the plate in the image is white
4a74a640bbcbdae,What color is the top of the loaf,golden-brown,"the top of the loaf appears to be a golden brown color, which is typical for baked goods like bread or cakes that have been baked in an oven"
4a74a640bbcbdae,Where is the loaf placed,on a plate,"the loaf of bread with blueberries is placed on a white plate, which is set on a wooden surface. there appears to be a bowl of blueberries in the background, suggesting that the bread might have been freshly baked and served with its ingredients"
4a74a640bbcbdae,What fruit is visible in the loaf,blueberries,the loaf contains blueberries
6f5968958d46e1b,What material is the cutting board made of,wooden,"the cutting board in the picture appears to be made of wood. this can be inferred from its texture and color, which are characteristic of wooden boards commonly used for food preparation"
6f5968958d46e1b,What type of food is on the cutting board,cheese,"the image shows slices of bread on a wooden cutting board. the bread appears to be a type of savory bread, possibly a cheese or herb bread, given its golden-brown color and visible chunks that could be cheese or herbs"
6f5968958d46e1b,What color is the larger piece of cheese loaf,yellow,"the larger piece of cheese loaf appears to be a light golden-brown color, which is typical for baked cheese loaves that have been toasted or baked until they achieve a crusty exterior"
6f5968958d46e1b,Where is the larger piece of cheese loaf located,on the left,the larger piece of cheese loaf is on the left side of the cutting board in the image
a9a427f82097900,Are the rolls vegan,yes,"the image shows two open-faced sandwiches that appear to be filled with a mixture of ingredients, which could include various types of meat or other fillingsings. without specific information about the ingredients used in these sandwiches, it's not possible to definitively determine if they are vegan. 

if you're looking for vegan options, it would be best to check the ingredients list provided by the manufacturer or ask the person who prepared them. if you they are made with plant-based ingredients and no animal products, then they can be considered vegan"
a9a427f82097900,What color is the plate,white,"the plate in the image appears to be white with a decorative, possibly floral or embossed, pattern around its edges"
a9a427f82097900,Where are the rolls positioned in the image,in the center,"the rolls are positioned on a white plate, which is placed on a dark countertop"
29b645b9d151199,What color are the lumpia rolls,golden,"the lumpia rolls in the picture appear to be golden brown, indicating they have been fried or baked until they reached that color"
29b645b9d151199,How do the lumpia rolls appear in relation to each other,overlapping,"the image shows several lumpia rolls placed side by side. they appear to be of similar size and shape, with a golden-brown color indicating they have been fried or baked. the rolls seem to be neatly arranged, possibly on a plate or a serving tray"
29b645b9d151199,What is the predominant color of the lumpia rolls,reddish-brown,"the lumpia rolls in the image appear to be predominantly golden brown, indicating they they have been fried or baked until they achieved that color"
0595fdb82f39b0f,What color is the sauce,reddish-brown,"the sauce in the image appears to be a dark brown or reddish-brown color, which could suggest it might be a soy-based sauce or a similar type of dipping sauce commonly served with dishes like spring rolls and rice"
0595fdb82f39b0f,Where is the small white bowl located,on the right side,"the small white bowl is located on the right side of the plate, containing a dark sauce"
0595fdb82f39b0f,What is the sauce served in,bowl,the sauce is served in a small white bowl
91fdbd8bb0a8e0e,What color is the mac and cheese,yellow,"the mac and cheese in the image appears to be a bright yellow color, which is typical for macaroni and cheese that has been cooked with cheese sauce"
91fdbd8bb0a8e0e,What is the cheese doing to the macaroni,covering,"the cheese in the image appears to be melted and covering the macaroni, which suggests that it has been baked or cooked with the macaroni. this process is commonly known as ""mac and cheese,"" where elbow macaroni is combined with a cheese sauce, often made from cheddar, mozzarella, or a blend of both, and then baked until the cheese is melted and bubbly. the cheese gives the dish its characteristic creamy texture and rich flavor"
e1fafe420d478f3,What describes the overall look of the dish,vibrant,"the dish appears to be a hearty and colorful meal, likely a type of hash or skillet dish. it features a base that looks like a mix of cooked potatoes or rice, topped with what seems to be ground meat (possibly sausage or chorizo), diced tomatoes, and eggs. the eggs are over-easy style, with the yolks still runnying slightly. the dish is garnished with chopped green herbs, possibly parsley or chives, adding a fresh touch to the rich and savory components. the red ceramic skillet adds a rustic and warm aesthetic to the presentation. overall, it looks like a comforting and flavorful meal, perfect for"
e1fafe420d478f3,What is the dish cooked in,skillet,"the dish appears to be cooked in a red ceramic or enameled cast iron skillet. this type of cookware is commonly used for dishes like shakshuka, a middle eastern dish that typically includes eggs poached in a spiced tomato sauce. the skillet provides even heat distribution and helps to create a crispy bottom layer known as the ""crust"" which is characteristic of this dish"
e1fafe420d478f3,What color are the chunks of sausage,browned,"the the chunks of sausage in the image appear to be brown, which is typical for cooked sausage"
e1fafe420d478f3,What color is the macaroni and cheese,yellow,"the macaroni and cheese in the image appears to be a golden yellow color, which is typical for macaroni and cheese that has been cooked and possibly baked or broiled until it achieves a slightly crispy top layer"
e1fafe420d478f3,Where are the drizzles of hot sauce located,on top of,"the drizzles of hot sauce appear to be on top of the eggs in the dish. they are visible as small, red streaks on the surface of the eggs, adding a pop of color and likely a spicy kick to the dish"
60ec1726e9600fa,What is the color of the lettuce,green,"the lettuce in the burger appears to be green, which is typical for lettuce used in burgers toppings"
60ec1726e9600fa,Where is the burger located,in the center,"the burger is located in the foreground of the image, placed on a piece of parchment paper"
25898d35cdcbac8,What type of pasta is used in the dish,macaroni,"the dish appears to be macaroni and cheese, which typically uses elbow macaroni as the pasta"
25898d35cdcbac8,What color is the macaroni in the dish,yellow,"the macaroni in the dish appears to be a light yellow color, which is typical for cooked pasta that has been mixed with cheese and other ingredients to make macaroni and cheese"
25898d35cdcbac8,Where is the toasted breadcrumb layer located,on the top,"the toasted breadcrumb layer is located on top of the macaroni and cheese in the image. it appears golden brown, indicating it has been baked or broiled to achieve a crispy texture"
632362f78909a06,What color is the macaroni and cheese,yellow,"the macaroni and cheese in the picture appears to be a creamy yellow color, which is typical for macaroni and cheese made with a cheese sauce"
632362f78909a06,What type of pasta is on the plate,macaroni,"the pasta on the plate appears to be macaroni, which is a type of short, cylindrical pasta"
632362f78909a06,How is the macaroni and cheese arranged on the plate,clustered,"the macaroni and cheese appears to be arranged in a somewhat scattered manner on the plate. the pasta seems to be have been spooned or piled onto the plate, creating a slightly uneven and textured appearance. it's not neatly stacked but rather spread out, with some pieces overlapping each other. the cheese sauce has a creamy texture and covers the pasta, giving it a rich and indulgent look"
632362f78909a06,On which side of the plate is the macaroni and cheese,on the left side,the macaroni and cheese is on the left side of the plate
b1e01e4a3f3359e,What flavor is the glaze on the Mahi Mahi,ginger,"the glaze on the mahi mahi appears to be a sweet and savory sauce, likely containing ingredients such as soy sauce, honey, or a similar sweetener, along with possibly some spices like garlic or ginger. this type of glaze is often used in asian-inspired dishes and can give the fish a rich, glossy appearance. the specific exact flavor cannot be determined without tasting it, but based on its appearance, it could be a teriyaki or a similar sweet and savory sauce"
b1e01e4a3f3359e,What type of fish is shown in the image,mahi mahi,"the image shows a dish that appears to include a type of fish, likely salmon or trout, based on its color and texture. it seems to be be cooked with a sauce, possibly a soy-based glaze or marinade, which is common for these types of fish. the presence of rice and an orange slice suggests it might be a part of a meal served in a restaurant or at home. however, without more specific information, it's hard to determine the exact type of fish with certainty"
b1e01e4a3f3359e,What color is the glaze on the Mahi Mahi,brown,"the glaze on the mahi mahi appears to be a dark brown color, which suggests it might be a soy-based or teriyaki-style glaze"
b1e01e4a3f3359e,Where are the pieces of Mahi Mahi located in the image,in the bottom center,"the two pieces of mahi mahi are located on the right side of the plate, covered with a sauce and garnished with what appears to be chopped nuts or seeds"
d3305955d0cfa7b,What color is the Mahi Mahi,golden-brown,"the mahi mahi in the picture appears to be a light yellowish-orange color, which is typical for cooked mahi mahi"
d3305955d0cfa7b,What type of fish is shown in the image,mahi mahi,"the image shows a plate of food that includes what appears to be grilled or pan-fried fish, accompanied by a side of white rice and vegetables such as green beans, carrots, and possibly diced mangoes. the specific type of fish cannot be determined with certainty from the image alone without additional context or labeling. it could be any type of fish that is commonly grilled or pan-fried, such as salmon, tilapia, cod, or others"
d3305955d0cfa7b,What color are the mango cubes,yellow,the the mango cubes in the picture are yellow
d3305955d0cfa7b,What vegetable is on the bottom right of the image,beans,the vegetable on the bottom right of the image appears to be green beans
579368f6acb85bb,What is the color of the filets,white,"the filet in the picture appears to be a light golden-brown color, which suggests it has been grilled or pan-seareded. the grill marks on the surface indicate that it was cooked on a grill"
579368f6acb85bb,What color are the grill marks on the filets,reddish-brown,"the grill marks on the filets appear to be a dark brown or black color, indicating they have been cooked on a grill"
579368f6acb85bb,What color are the beans,green,the beans in the picture appear to be green
29300b2106fa5c0,What color is the creamy sauce in the Rockefeller topping,orange,"the creamy sauce in the rockefeller topping appears to be white or off a very light yellowish color, which is typical for a cheese-based sauce"
29300b2106fa5c0,What vegetable is included in the Rockefeller topping,spinach,"the rockefeller topping typically includes spinach, which is visible in the image you provided"
29300b2106fa5c0,What is the state of the mozzarella cheese on top,melted,"the mozzarella cheese on top appears to be melted and slightly browned, indicating that it has been baked or broiled. the edges and some parts of the cheese have a golden-brown color, which suggests it has been exposed to heat, likely in an oven or under a broiler"
c7590e962a199ce,What is the texture of the rice,sticky,"the rice in the image appears to have a sticky or glutinous texture, which is characteristic of certain rice (also known as glutinous rice). this type of rice is often used in desserts and sweet dishes due to its ability to hold together and form a cohesive mass when cooked with sugar or syrup. in this case, it seems to be be topped with what looks like shredded coconut and possibly some other ingredients, suggesting that it could be a dessert dish"
c7590e962a199ce,What color are the mango slices,yellow,"the mango slice in the picture appears to be a bright yellow color, which is typical for ripe mangoes"
c7590e962a199ce,How are the mango slices arranged on the rice,arranged,"the mango slices are arranged in a circular pattern on top of the rice. the slices appear to be cut into wedges and placed around the edge, creating a decorative border"
c7590e962a199ce,Where are the mango slices placed on the rice,on top of,the mango slices are placed on top of the rice in the image
1d14ca8f5e015c6,What color is the Cadillac Margarita,pink,"the cadillac margarita in the picture appears to be a light pinkish-orange color. this suggests that it might contain ingredients like orange liqueur, which could be grand marnier or another similar orange-flavored spirit, along with other typical margarita ingredients such as tequila and lime juice"
1d14ca8f5e015c6,What is the name of the drink,cadillac,"the drink in the picture appears to be a margararet, which is a variation of the classic margarita cocktail. it combines the flavors of a margarita with a twist of another popular cocktail, the margarita itself. the ingredients typically include tequila, triple sec, lime juice, and grenadine, garnished with a lime wedge or a salted rim"
1d14ca8f5e015c6,What color are the sugar crystals on the rim of the glass,white,the sugar crystals on the rim of the glass appear to be white
1d14ca8f5e015c6,Where is the lime slice attached,on the surface,the lime slice is attached to the rim of of the glass containing the cocktail
1d14ca8f5e015c6,What is the color of the lime slice,green,the lime slice in the image appears to be green
a3a640a49817695,What is the color of the margaritas,yellowish-green,"the margaritas in the picture appear to be a light yellow or pale green color, which is typical for a classic margarita made with tequila, lime juice, and triple sec"
a3a640a49817695,What is the drink in the image,margaritas,"the drink in the image appears to be a margarita, which is a cocktail made with tequila, lime juice, and triple sec"
a3a640a49817695,What color is the cocktail shaker,silver,the the cocktail shaker in the background of the image appears to be silver or metallic in color
c6a5b6d09133e4e,What is the color of the Margarita On The Rocks,yellow-green,"the margarita on the rocks in the picture appears to be a light yellow or pale green color, which is typical for a margarita made with tequila, lime juice, and triple sec"
c6a5b6d09133e4e,What color are the salt crystals on the rim of the glass,white,the salt crystals on the rim of the glass appear to be white
57ae10df5a5ef66,What color is the liquid in the glass,yellow,"the liquid in the glass appears to be a pale yellow or light green color, which is characteristic of a margarita with lime juice and possibly pineapple juice or other tropical flavors"
57ae10df5a5ef66,What color is the salt on the rim of the glass,white,the salt on the rim of the glass appears to be white
57ae10df5a5ef66,Where are the pineapple leaves positioned,from the top,"the pineapple leaves are positioned on top of the glass containing the drink, adding a decorative touch to the presentation"
0c5a0aacfe0bef7,What type of drink is being served,margaritas,"the drink in the picture appears to be a margarita. this can be inferred from several characteristics:

1. **glassware**: the drinks are served in margarita glasses, which are typically short and wide with a flared at the top.
2. **ingredients**: there are lime wedges and orange slices garnishes, which are common in margararitas. margaritas often include tequila, triple sec, lime juice, and orange liqueur (like grand marnier or cointreau).
3. **presentation**: the use of salt on the rim of the glass is also a traditional way to serve marg"
0c5a0aacfe0bef7,What color is the plate,blue,the plate in the image is blue with a green rim
0c5a0aacfe0bef7,Where are the margaritas placed,on the plate,"the margaritas are placed on a decorative plate with a blue and green color scheme. the plate is adorned with slices limes, which are likely used as garnishes for the margaritas. there are also some whole limes and an orange visible in the background, suggesting that these fruits might be used to make the margaritas or to add flavor to them. the setting appears to be casual and possibly outdoors, given the natural light and the outdoor table surface"
0c5a0aacfe0bef7,What color are the lime slices,green,the lime slice in the image is green
28c13c705876e33,What color is the liquid in the glass,red,the liquid in the glass appears to be a vibrant pinkish-red color
28c13c705876e33,What fruit is skewered on the stick,blackberries,the fruit skewered on the stick appears to be blackberries
28c13c705876e33,Where are the blackberries and mint leaves placed,on the wooden surface,"the blackberries and mint leaves are placed on a wooden cutting board next to a glass of a pinkish-red drink, which appears to be a cocktail or mocktail. the blackberries are whole and fresh, while the mint leaves are partially crushed, suggesting they have been used to garnish the drink. a the right side of the image, there is also a jigger, which is a small measuring cup often used in mixology for measuring spirits or other ingredients. the background includes a colorful napkin with a lemon print and a fork, suggesting this might be part of a table setting for a meal or a cocktail party"
28c13c705876e33,What color are the mint leaves,green,the the mint leaves in the picture are green
0a840a459597f90,What is surrounding the chicken pieces,marinade,"the chicken pieces appear to be surrounded by a sauce or gravy. the sauce has a rich, dark color and seems to be beaks or drizzled over the chicken, which suggests it might be a savory sauce, possibly a soy-based or a brown sauce, often used in asian or western cuisine"
0a840a459597f90,Where is the marinade mostly located,surrounding,"the marinade in the image appears to be mostly located at the bottom of the pan or dish where the fish fillets are resting. it seems to have been absorbed into the fish and spread around, but there's a noticeable amount pooling at the bottom"
0a840a459597f90,What type of meat is shown in the image,chicken,"the image shows pieces of fish, likely cooked and served with a sauce or seasoning. the visible texture and color suggest it could be a type of white fish, such as cod, haddock, or tilapia. however, without more specific details or context, it's not possible to determine the exact type of fish with certainty"
0a840a459597f90,How does the marinade appear,glossy,"the marinade in the image appears to be a dark, glossy liquid that is likely rich and flavorful. it seems to have a thick consistency, as it clings to the surface of the fish and pools around it. the color suggests it might contain ingredients like soy sauce, which is common in many marinades, giving it a dark brown hue. there could also be other ingredients such as spices or herbs oils, which contribute to its appearance. the overall look indicates that it has been applied generously and is ready for cooking"
0a840a459597f90,Where is the marinade located in relation to the chicken pieces,in the background,"the marinade appears to be surrounding the chicken pieces, likely seeping into the gaps between them and coating their surfaces. it seems to be be a liquid mixture that has been applied to the chicken before cooking, which could include ingredients like herbs, spices, and possibly acidic components like vinegar or citrus juice, to enhance flavor"
9628adf77ad491d,What is the consistency of the marinade,viscous,"the marinade in the image appears to have a smooth and slightly thick consistency, which is typical for many types of marinades. it looks like it could be a pesto or herb-based sauce, given its green color and texture. the presence of visible herbs and possibly lemon zest suggests it might be a fresh and flavorful mixture designed to infuse flavor into food"
9628adf77ad491d,What is the purpose of the green mixture in the bowl,marinade,"the green mixture in the bowl appears to be pesto, which is a traditional italian sauce made from fresh basil leaves, garlic, pine nuts, parmesan cheese, and olive oil. sometimes with additional ingredients like lemon juice or parmesan cheese. it is commonly used as a spread for pasta dishes, sandwiches, or as a dip for vegetables. the presence of a lemon half in the background suggests that it might also be used as a dressing for salads or other dishes where a citrusy flavor is desired"
9628adf77ad491d,Where is the marinade contained,in the bowl,"the marinade appears to be contained in a small white bowl, which is placed on a wooden surface"
9628adf77ad491d,Where is the small white bowl located in the image,in the center,"the small white bowl is located on the right side of the image, containing a greenish-yellow sauce or dressing. it appears to be placed on a wooden surface"
9628adf77ad491d,What fruit is placed to the right of the bowl,lemon,the fruit placed to the right of the bowl appears to be a lemon
ff4e68b58369ade,What color is the marinade on the meat skewers,reddish-brown,"the image does not provide enough detail to determine the exact color of the marinade on the meat skewers. it appears that the meat has been grilled or cooked, and the color of the meat itself is a dark brown, which could be from the cooking process rather than the marinade. if there you can see to see the marinade, it would likely be a darker color, possibly a reddish-brown or a dark brown, depending on the ingredients used in the marinade"
ff4e68b58369ade,What does the marinade do to the surface of the meat skewers,coats,"the marinade enhances the flavor and texture of the meat on the skewers in several ways:

1. **flavor enhancement**: the marinade typically contains ingredients like herbs, spices, and acids (like vinegar or citrus juices) that penetrate the meat, addinging layers of flavor.

2. **moisture retention**: the marinade helps to keep the meat moist during cooking, preventing it from drying out.

3. **color and appearance**: the marinade can also give the meat a richer color, making it more visually appealing.

4. **tender
 addcriterion
"
ff4e68b58369ade,What are the pieces of meat placed on,skewers,"the pieces of meat in the picture appear to be skewers-style, which suggests they they are placed on skewers. these skewers are typically made of metal or wood and are used for grilling or cooking food over an open"
ff4e68b58369ade,What color is the plate,white,the plate in the image is white
1a05e7b22b78c56,What color is the marinade,reddish-brown,"the image shows grilled chicken with a dark, charredred marinade. the marinade appears to be a mixture of spices and possibly some type of oil or sauce that has been cooked on the grill, giving it a rich, dark color"
1a05e7b22b78c56,What type of meat is the marinade on,chicken,"the image shows grilled chicken with a dark, charredred marinade. the marinade appears to be a barbecue or grill sauce, which is commonly used for chicken. the charredred marks indicate that it has been grilled, and the garnish of parsley adds it a fresh and appetizing look"
1a05e7b22b78c56,Where is the marinade primarily located,on the upper chicken,"the marinade in the image appears to be primarily located on the surface of the grilled chicken. it is visible as a dark, glossy layer that has been applied to the chicken before grilling. this type of marinade is often used to add flavor and moisture to the meat during cooking. the marinade seems to have been absorbed into the chicken, but it is still noticeable on the surface, especially around the edges where the chicken has been grilled"
fa17a9ec083ec53,What is the color of the marmalade described as,amber,"the marmalade in the image appears to be a deep, rich orange or amber color"
fa17a9ec083ec53,What type of preserve is shown in the image,marmalade,"the image shows a jar filled with what appears to be a thick, amber-colored preserve. based on its appearance and consistency, it could be a type of jam or marmalade. jam typically contains fruit pieces, while marmalade usually has smaller fruit pieces or is more finely-like. the specific color suggests it might be made from fruits like apricots, peach, or plum. however, without tasting or having more information about the ingredients, it's not possible to definitively identify the exact type of preserve"
fa17a9ec083ec53,What color is the marmalade,amber,the marmalade in the image appears to be a light brown or amber color
fa17a9ec083ec53,What is the jar made of,glass,"the jar in the picture appears to be made of glass. this can be inferred from its transparency and the way it reflects light, which is characteristic of glass containers. additionally, the lid seems to be have a metal clasp, which is commonly on glass jars used for storing food items like jams or preserves"
820eb7fa401d2f5,What color is the marmalade,orange,"the marmalade in the jar appears to be a reddish-brown color, which is typical for many types of jam or marmalade made from fruits like strawberries, raspberries, or plums"
820eb7fa401d2f5,What is the shade of the marmalade's color,amber,"the marmalade in the jar appears to be a reddish-brown color, which is typical for many types of marmalade, such as strawberry or rhubarb"
820eb7fa401d2f5,What is the name of the food item in the jar,marmalade,"the image shows a jar with a label that appears to be ""kiteseed."" however, without more context or a clearer view of the label, it's not possible to definitively identify the contents of the jar. it could be a variety of food items such as seeds, chutney, or some other preserved food product. the exact nature of the contents would require further information or a closer look at the label"
820eb7fa401d2f5,What pattern is on the surface where the marmalade is placed,striped,the marmalade is placed on a surface with a yellow and white striped pattern
820eb7fa401d2f5,Where is the kitchen towel in relation to the marmalade,to its left,"the the kitchen towel is placed underneath the jar of marmalade, partially covering it"
ee15c597bfb8798,What color is the first marshmallow log,brown,"the marshmallow log in the picture appears to be white with some red and green accents, likely from the sprinkles or decorations on top"
ee15c597bfb8798,What is the coating on the marshmallow logs,coated,"the marshmallow logs in the picture appear to be coated with shredded coconut. this is a common topping for such marshmallow treats, adding both texture and flavor"
ee15c597bfb8798,How many marshmallow logs are there,three,there are three marshmallow logs in the picture
ee15c597bfb8798,Where is the first marshmallow log located,on the left,"the image shows a dessert that appears to be a marshmallow log, which is typically a type of cake or pastry made with layers of cake, marshmallows, and often topped with coconut flakes. it is placed on a piece of parchment paper, which is resting on what looks like a wooden surface. the exact location cannot be determined from the image alone as it does not provide any external context or background information"
ee15c597bfb8798,What is the white coating on the marshmallow logs made of,coconut,"the white coating on the marshmallow logs appears to be shredded coconut. this is a common topping for such marshmallow treats, adding both flavor and texture. the coconut provides a sweet, slightly salty taste that complements the sweetness of the marshmallows"
b7538c474cb8e0d,What type of candy is shown in the image,marshmallows,"the image shows turkish delight, which is a type of confectionery that is typically made from sugar, water, and fruit pectin or gelatin. it often has a soft, chewy texture and comes in various flavors and colors. the pink color suggests it might be flavored with rosewater or other floral essences, which is common for turkish delight"
b7538c474cb8e0d,What color are the marshmallows,light pink,the marshmallows in the picture appear to be pink
b7538c474cb8e0d,Where are the marshmallows placed,on a small plate,the marshmallows is placed on a white plate with a decorative lace doily underneath it. the doily has a circular pattern and is likely used to protect the surface beneath from moisture or to add an aesthetic touch to the presentation
b7538c474cb8e0d,Where are three of the marshmallows located,bottom,"the image shows four pink marshmallows on a plate, but only three of them are fully visible. the fourth one is partially obscured by the other three. they appear to be sitting on a decorative doily and a plate"
d5a84d4b2f83ff9,How would you describe the appearance of the watermelon martini,vibrant,"the image shows a vibrant pink watermelon martini garnished with a slice of lime and a watermelon cube. the rim of the glass appears to be salted, which is a common garnish for margararitas or similar cocktails. the drink looks refreshing and colorful, suggesting it's likely a summery or tropical-themed beverage"
d5a84d4b2f83ff9,What fruit is used to garnish the drink,watermelon,the drink in the picture is garnished with a slice of lime
d5a84d4b2f83ff9,What color is the watermelon cube on the glass,pink,the watermelon cube on the glass is red
d5a84d4b2f83ff9,Where is the watermelon cube placed,on the top,"the watermelon cube is placed on the rim of of the glass, next to the lime wedge"
d5a84d4b2f83ff9,What color is the lime wedge,green,the lime wedge in the image is green
66ae1600ebb7f91,What color is the liquid in the glasses,red,the liquid in the glasses appears to be a deep red or burgundy color
66ae1600ebb7f91,What type of glasses are the drinks served in,stemmed,"the drinks in the picture are served in coupe glasses, which are short and wide with a flared at the top. they are often used for cocktails and other mixed drinks. the specific glasses have a decorative rim, which is common for certain types of cocktails or special occasions"
66ae1600ebb7f91,What color is the granular substance on the rim of the glasses,brown,"the granular substance on the rim of the glasses appears to be a light-colored granular material, possibly sugar or salt, which is commonly used as a garnish for cocktails like the one shown in the image"
66ae1600ebb7f91,Where is the lemon slice positioned in each glass,on top of,"in each of the three glasses, the lemon slice is positioned on the rim of the glass"
faeaf31da2804f9,What color is the liquid in the martini glass,reddish-purple,"the liquid in the martini glass appears to be a deep red color, which is characteristic of a cocktail that includes cherry juice or grenadine syrup"
faeaf31da2804f9,What type of drink is in the glass,martini,"the drink in the glass appears to be a cocktail, specifically a cherry martini. this is suggested by the deep red color of the drink, which is characteristic of a cherry-flavored cocktail, and the presence of a cherry garnish on the rim of the glass"
faeaf31da2804f9,What color are the cherries in the martini,red,the cherries in the martini are red
faeaf31da2804f9,What is on the toothpick in the martini,with two bright red cherries,the toothpick in the martini glass appears to have a cherry on it
faeaf31da2804f9,What is the bottle to the left of the martini glass,agave,"the bottle to the left of the martini glass appears to be a bottle of grenadine syrup. it is commonly used in cocktails like the cosmopolitan, which often include a cherry garnish and grenadine for its red color. the bottle has a distinctive shape typical of grenadine bottles, with a narrow neck and a wider base"
f03641343949289,What nut is used in the marzipan,pistachio,"the image shows a round, green-colored marzipan cake with a slice cut out of it. the marzipan appears to be made from pistachios. this is suggested by its green color and texture, which is characteristic of pistachio marzipan. however, without tasting or having more information, it's not possible to definitively confirm the exact nut used in the marzipan"
f03641343949289,What color is the pistachio marzipan,green,"the pistachio marzipan in the picture appears to be a light green color, which is typical for pistachio-flavored marzipan due to the inclusion of pistachio paste or powder"
f03641343949289,What shape is the large block of marzipan,cylindrical,"the large block of of marzipan in the picture appears to be cylindrical in shape. it has a rounded top and bottom, with a flat side that looks like it could be cut into slices"
f03641343949289,What shape is the other piece of marzipan,rectangular bar,"the other piece of marzipan appears to be rectangular in shape. it looks like it has been cut from the larger circular piece, possibly for easier handling or to create a different form for decoration or use"
f03641343949289,Where is the cylindrical block positioned,on the left side,"the cylindrical block appears to be positioned on a green cutting board, which is placed on a wooden surface"
b18e700533e57c7,What color is the bowl,white,the bowl in the picture is white with a decorative pattern around its rim
b18e700533e57c7,What color are the diced carrots,orange,the the diced carrots in the image appear to be orange
b18e700533e57c7,What vegetable is scattered in the soup,carrots,"the soup appears to contain diced carrots and possibly some leafy greens, which could be spinach or kale. the exact type of greens is not entirely clear from the image alone"
b18e700533e57c7,Where is the soup served,in a bowl,"the soup appears to be served in a white bowl with a decorative pattern around the rim, placed on a matching tablecloth with a blue and white pattern"
6e5a18f2e850105,How does the chicken skin appear,crispy,"the chicken skin in the picture appears to be golden brown and crispy. this suggests that it has been roasted or baked, which typically results in a crunchy texture on the outside while keeping the meat juicy inside. the color indicates that the chicken has been cooked at a high temperature, which helps to create a flavorful crust. additionally, the presence of herbs and lemon slices around the chicken suggests that it might have been seasoned with these ingredients for added flavor"
6e5a18f2e850105,What type of meat is shown in the image,chicken,"the image shows a roasted chicken. the golden-brown skin and the way it is presented on a plate with lemon slices and herbs suggest that it is a whole roasted chicken, likely prepared for serving as a main course"
6e5a18f2e850105,What color is the plate,white,the plate in the picture is white
6e5a18f2e850105,What color are the lemon slices,yellow,the lemon slices in the picture are yellow
6e5a18f2e850105,Where is the chicken placed,on a plate,"the chicken is placed on a white plate, which is situated on a metallic surface, likely a countertop or table in a kitchen or dining area. the plate is garnished with lemon slices and sprigs of thyme, adding to the presentation of the dish"
d7c036841cefce5,What is the name of the condiment in the image,mayo,the condiment in the image appears to be butter
d7c036841cefce5,What texture does the 'Thick 'n Tangy Mayo' have,smooth,"the image you've provided appears to show a close-up of a creamy, smooth substance that resembles mayonnaise. the texture looks thick and spreadable, which is characteristic of mayonnaise. it has a glossy sheen and a uniform consistency, suggesting it's well-mixed and not watery or lumpy"
d7c036841cefce5,What color is the pan in the image,gray,"the image shows a close-up of what appears to be melted butter or a similar substance, but there is no visible pan in the image"
d7c036841cefce5,Where is some of the 'Thick 'n Tangy Mayo' located,in the upper left corner,"the image you provided does not contain any text or labels that identify it as ""thick 'n tangy mayo."" it appears to be a close-up of a creamy substance, possibly butter or a similar spread, but without additional context or labels, it's not possible to definitively identify what the substance is. 'thick 'n tangy mayo' is a specific brand name and product, which is not visible in this image"
7e886250c1c8bd7,What is the condiment served in,bowl,"the condiment appears to be served in a small, white, ceramic bowl. it looks like it could be a type of sauce or dip, possibly a creamy tomato-based sauce given its color and consistency"
7e886250c1c8bd7,What color is the condiment,orange,the condiment in the image appears to be a light orange or peach color
7e886250c1c8bd7,What herb is used to top the condiment,basil,"the herb used to top the condiment appears to be basil. the green, leafy garnish on top of the orange-colored sauce resembles basil leaves"
7e886250c1c8bd7,Where is the bowl placed,on a light-colored surface,"the bowl appears to be placed on a table with a patterned tablecloth. the tablecloth has a design that includes small red and white dots, possibly resembling a polka dot pattern"
e4a5cb24b16dcbf,What color is the ramp mayonnaise,light green,"the ramp mayonnaise in the image appears to be a light green color, which is likely due to the presence of ramps, a type of wild garlic that has a mild onion and garlic flavor. and a slightly greenish hue when when blended into a creamy base like mayonnaise"
e4a5cb24b16dcbf,What does the ramp mayonnaise do to the bowl,fills,"the image shows a bowl of ramp mayonnaise garnished with ramp leaves and flowers. the ramp mayonnaise itself is a creamy, green-colored sauce made from ramps, which are wild garlic plants. the ramp leaves and flowers add a decorative touch and likely contribute to the flavor profile of the dish. the ramp leaves might impart a mild garlic-like flavor, while the flowers could add a subtle sweetness or floral notes.

the ramp mayonnaise does not directly ""do"" anything to the bowl; rather, it is served in the bowl as part of the presentation. the bowl serves as a container for the ramp mayonnaise, allowing"
e4a5cb24b16dcbf,What type of container is the ramp mayonnaise in,bowl,"the ramp mayonnaise appears to be in a clear glass or plastic container, which is commonly used for serving and storing dips or spreads like mayonnaise"
e4a5cb24b16dcbf,What is positioned to the right of the bowl,leaves,"to the right of the bowl, there appears to be a sprig of wild garlic (allium ursinum), which is often used as a garnish for its fresh, mild garlic flavor and aromatic leaves"
e4a5cb24b16dcbf,Where are the leaves and flowers positioned relative to the bowl,to the right of,the leaves and flowers are positioned to the right of the bowl
dd053255e37ce87,What color are the egg noodles,yellow,"the egg noodles in the picture appear to be yellow, which is typical for uncooked egg noodles"
dd053255e37ce87,What is the main protein in the dish,meatballs,"the main protein in the dish appears to be ground meat, likely beef or pork, which is commonly used in dishes like swedish meatballs. the meat is coated in a creamy sauce and garnished with herbs, possibly parsley. the pasta looks like fettuccine, which is a flat, wide noodle. this combination suggests a dish similar to swedish meatballs with fettuccine"
dd053255e37ce87,Where are the meatballs located,on top,"the meatballs are located on top of the pasta, which is covered in a creamy sauce. they appear to be garnished with some green herbs, possibly parsley or chives"
dd053255e37ce87,What color are the herbs sprinkled on top,green,"the herbs sprinkled on top of the pasta appear to be green, likely parsley or a similar herb"
61be719816b9597,What color are the meatballs primarily,orange-brown,"the meatballs in the image appear to be primarily brown, which is typical for meatballs that have been cooked and possibly coated with a sauce"
61be719816b9597,What type of sauce is used in the dish,tomato sauce,"the dish appears to be a tomato-based sauce, which is commonly used in many types of meatballs, such as italian or indian-style meatballs. the rich red color and the visible chunks suggest it could be a tomato sauce with some spices added, possibly including ingredients like garlic, onions, and herbs. which are are common in many meatball dishes. however, without tasting or having more information, it's hard to pinpoint the exact type of sauce"
61be719816b9597,What does the tomato sauce do to the meatballs,covers,"the tomato sauce in the image appears to coat and adhere to the surface of the meatballs, giving them a glossy appearance. it likely addss flavor and moisture to the meatballs, enhancing their with its rich, savory taste. the sauce also seems to have been simmered or cooked with the meatballs, allowing it to penetrate into the meatballs, making them tender and flavorful. additionally, the sauce may have been seasoned with herbs and spices, adding extra depth of flavor to the dish"
61be719816b9597,What color are the parsley flakes on top of the dish,green,the parsley flakes on top of the dish appear to be green in color
99b06fe64858e3f,What is the flavor of the meatballs,sweet,"the image shows meatballs covered in a sauce, which could be a variety of flavors depending on the recipe and ingredients used. however, based on the appearance, it looks like the meatballs might have a savory or slightly sweet flavor due to the dark sauce that appears to be a barbecue or soy-based sauce. it's also possible that the meatballs are seasoned with herbs and spices such as garlic, onion, pepper, and possibly some kind of seasoning blend. to get an exact flavor, you would need to know the specific recipe or ingredients used"
99b06fe64858e3f,What type of food is in the bowl,meatballs,"the bowl contains meatballs covered in a glossy sauce, which appears to be a type of barbecue or sweet and sour sauce. this dish could be a variation of a classic barbecue sauce or a sweet and sour sauce commonly in chinese cuisine"
99b06fe64858e3f,What color are the meatballs,brownish-red,"the meatballs in the picture appear to be a light brown or reddish-brown color, which is typical for meatballs that have been cooked and possibly glazed with a sauce"
99b06fe64858e3f,Where are the meatballs placed in the image,in the center,"the meatballs are placed in a white bowl, which is situated on a surface that appears to be a table or countertop"
99b06fe64858e3f,What is the meatballs served in,bowl,the meatballs are served in a white bowl
3bcec40caadd96c,What is the texture of the sauce on the meatballs,creamy,"the sauce on the meatballs appears to have a smooth and creamy texture, which is typical for many types of sauces used in meatballs, such as tomato-based sauces or creamy sauces like alfredo or béchamel. the sauce looks thick enough to coat the meatballs well but not overly runny"
3bcec40caadd96c,What is the main protein in the dish,meatballs,"the main protein in the dish appears to be meatballs, which are covered in a sauce and served over rice"
3bcec40caadd96c,What color is the sauce on the meatballs,orange,"the sauce on the meatballs appears to be a light orange or yellowish color, suggesting it could be a tomato-based sauce or a similar type of sauce"
3bcec40caadd96c,Where is the rice located in relation to the meatballs,underneath,"the rice is located underneath the meatballs in the image. the meatballs appear to be placed on top of a bed of rice, which is spread across the plate"
3bcec40caadd96c,What color are the beans in the image,green,the beans in the image appear to be green
48ff5489da60b8a,What color is the outer layer of the meatloaf,brown,"the outer layer of the meatloaf appears to be brown, which is typical for baked meatloaf"
48ff5489da60b8a,What is served alongside the meatloaf,salad,"the image shows a plate of food that includes a serving of meatloast, which appears to be a type of meatloast or meatloast loaf, accompanied by a side salad. the salad consists of fresh lettuce, sliced red onions, and possibly some tomatoes or other vegetables. there also seems to be a roll or bread roll on the plate as well"
48ff5489da60b8a,How is the red onion prepared in the salad,sliced,"the red onion in the salad appears to be sliced into thin, translucent pieces. this preparation method allows for the onion to maintain its crisp texture while also adding a fresh and slightly sharp flavor to the salad. the slices size is consistent with how red onions are typically used in salads to provide a nice contrast of texture and flavor against other ingredients like lettuce and possibly some other vegetables or proteins that might be present in the dish"
48ff5489da60b8a,Where is the All-American Meatloaf located in the image,is in,the all-american meatloaf is located on the left side of the plate in the image
48ff5489da60b8a,What color is the bread roll,golden,"the bread roll in the image appears to be a light golden brown color, which is typical for many types of bread rolls"
7c05dc76a8b9bbd,What type of dish is shown in the image,meatloaf,"the image shows a plate with a meatloast, which appears to be glazed or coated with a sauce, possibly barbecue sauce. it is served alongside roasted potatoes and garnished with fresh cilantro and lime slices. this dish seems to have a fusion of flavors, combining elements of american-style meatloast with mexican-inspired ingredients like cilantro and lime"
7c05dc76a8b9bbd,What is the primary color of the meatloaf,light-brown,"the primary color of the meatloaf in the picture appears to be a brownish-red, which is typical for meatloaf that has been cooked and glazed with a sauce, likely a barbecue or similar type of sauce"
7c05dc76a8b9bbd,What color is the sauce on the meatloaf,reddish-brown,"the sauce on the meatloaf appears to be a dark brown or reddish-brown color, which suggests it could be a barbecue sauce or a similar type of glaze"
7c05dc76a8b9bbd,Where on the plate is the meatloaf positioned,towards the right side,"the meatloaf is positioned towards the right side of the plate, taking up a significant portion of the space. on that side. it appears to be the main dish on the plate"
5f4fe775f4c81eb,What color is the outer edge of the meatloaf,dark,"the outer edge of the meatloaf appears to be a golden brown color, indicating it has been baked or roasted until crispy on the outside"
5f4fe775f4c81eb,What is the main dish in the image,meatloaf,"the main dish in the image appears to be meatloast, which is a type of baked meatloast that has been sliced and garnished with herbs"
5f4fe775f4c81eb,What color is the plate,white,the plate in the image is white
5f4fe775f4c81eb,What is garnished on the meatloaf,with sprigs,"the meatloaf in the picture appears to be garnished with fresh herbs, likely thyme, which is visible sprinkled on top of the slices"
6a7b52c652f8f68,What color are the broccoli florets in the image,bright,the broccoli florets in the image appear to be green
6a7b52c652f8f68,What vegetable is bright green and scattered in the image,broccoli,the bright green vegetable scattered throughout the image appears to be broccoli
6a7b52c652f8f68,What color is the diced ham in the image,red,"the diced ham in the image appears to be pinkish-white, which is typical for cooked ham"
6a7b52c652f8f68,How do the potato cubes appear in the image,browned,"the potato cubes in the image appear to be golden brown and crispy, indicating they they have been baked or fried until they achieved a crunchy texture. they are are interspersed throughout the dish, which also includes other ingredients such as broccoli florets, chunks of of what appears to be ham or bacon, and melted cheese that has been spread over the top. the overall appearance suggests a hearty and savory casserole or baked dish"
6a7b52c652f8f68,Where are the ingredients distributed across the image,across the image,"the ingredients in the dish appear to be distributed fairly evenly across the image. the broccoli florets, pieces of what looks like ham or bacon, and melted cheese are spread out throughout the baking dish. there is no significant clustering of any particular ingredient in one area over another"
aa903bd2778d89d,What is the color of the top melon ball,yellow,"the top melon ball appears to be a light orange or peach color, which is characteristic of cantaleloupe or honeydew melon"
aa903bd2778d89d,What type of drink is in the glass,smoothie,"the drink in the glass appears to be a smoothie or a frozen fruit beverage. it has a creamy, light yellow color and is garnished with what looks like a slice of melon and possibly some mint leaves. the presence of the melon slice suggests it might be a melon-based smoothie or a similar frozen fruit drink"
aa903bd2778d89d,What is the glass made of,glass,"the glass in the image appears to be made of clear glass, which is commonly used for serving beverages like smoothies or cocktails. it has a stem and a wide bowl shape, which is typical for glasses designed to hold frozen drinks or smoothies"
aa903bd2778d89d,What is the color of the middle melon ball,white,"the middle melon ball in the image appears to be a light yellow or pale orange color, which is characteristic of cantaleloupe melons"
aa903bd2778d89d,Where are the orange and green melon balls positioned,near to,"the orange and green melon balls are positioned on top of the glass containing the smoothie or juice. they appear to be garnishing the drink, adding both visual appeal and likely a hint of flavor"
fe9f0ffd89fa623,What is the color of the glass pitcher,clear,"the glass pitcher in the image appears to be clear or transparent, as it allows the contents inside to be be seen clearly"
fe9f0ffd89fa623,What type of container is the flax seed milk in,pitcher,the flax seed milk is in a glass pitcher
fe9f0ffd89fa623,What is the color of the flax seed milk,beige,the color of the flax seed milk in the image appears to be a light beige or creamy white
fe9f0ffd89fa623,Where is the pitcher sitting,in the center-left,"the pitcher appears to be sitting on a surface that looks like a wooden table or countertop. it's positioned in front of a glass jar, which seems to contain some kind of granules or seeds. the background suggests an indoor setting, possibly a kitchen or dining area"
84e269f9d9b168c,What color is the tiled surface,pink,the the tiled surface in the image appears to be pink
84e269f9d9b168c,What type of drink is shown in the image,milkshakes,"the image shows two milkshakes glasses topped with whipped cream, a cherry, and colorful sprinkles. this is typically a dessert drink often enjoyed for its creamy texture and sweet flavor"
84e269f9d9b168c,Where is the whipped cream located,topped,"the whipped cream is located on top of both milkshakes glasses in the image. it appears to be generously topped with a cherry and sprinkles, adding to the decorative presentation of the milkshakes"
84e269f9d9b168c,What color is the cherry on each milkshake,red,the cherry on each milkshake is red
84e269f9d9b168c,Where is the cherry positioned,on each milkshake,"the cherry is positioned on top of each milkshake in the image. it is placed on a small, decorative stick or skewer that protrudes from the whipped cream on the rim of the glass"
97bf53a3c9e3567,What is the top layer of the cheesecake made of,chocolate,"the top layer of the cheesecake appears to be a chocolate ganache or a similar chocolate topping. this is suggested by its smooth, glossy texture and the presence of what looks like chocolate shavings on top, which are commonly decorative elements for such toppings"
97bf53a3c9e3567,What color is the cheesecake itself,brown,"the cheesecake appears to be primarily light brown, which is typical for a classic cheesecake. the top of the cheesecake has a layer of chocolate frosting or ganache, which adds a darker brown color to that part of the cake"
97bf53a3c9e3567,Where are the chocolate chunks located,on top,"the chocolate chunks are located on top of the cake, specifically in the center of the cake's frosting"
067bfdc6a1b4452,What is the appearance of the water in the pitcher,clear,"the water in the pitcher appears to be clear and refreshing, with visible slices of lemon and sprigs of fresh mint floating on top. the pitcher itself is transparent, allowing you to see the contents clearly. the background suggests that it's placed outdoors, possibly on a wooden surface, with some greenery around, giving an impression of a sunny day"
067bfdc6a1b4452,What type of container is the citrus water in,pitcher,the citrus water is in a glass pitcher
067bfdc6a1b4452,What color are the lemon slices in the pitcher,yellow,the lemon slices in the pitcher are yellow
067bfdc6a1b4452,Where is the pitcher placed,on a wooden board,"the pitcher is placed on a wooden surface, likely a table or a cutting board"
39267ddba7b95b5,What color is the broth in the soup,yellowish,"the broth in the soup appears to be a light, clear color, which is typical for miso soup or other types of clear soups"
39267ddba7b95b5,What ingredient in the soup is white and rectangular,tofu,the white and rectangular ingredients in the soup appear to be tofu
39267ddba7b95b5,How are the sliced green scallions arranged in the soup,scattered across,the sliced green scallions is garnished on top of the tofu in the soup
39267ddba7b95b5,What color is the geometric pattern on the bowl's rim,blue,the geometric pattern on the bowl's rim appears to be blue and white
48462df2eb117b1,What color is the Miso Honey Dressing,reddish-brown,"the miso honey dressing in the image appears to be a dark brown color, which is typical for miso-based dressingsings that often include honey or other sweet ingredients"
48462df2eb117b1,What type of container is the Miso Honey Dressing in,jar,the the miso honey dressing is contained in a small glass bottle with a narrow neck and a screw-on cap
48462df2eb117b1,What is the texture of the Miso Honey Dressing,viscous,"the miso honey dressing in the image appears to have a smooth and thick consistency, which is typical for dressingsings that combine miso paste (a fermented soybean paste) with honey. the dressing looks glossy, suggesting it has a slightly viscous texture, which is characteristic for dressingsings that contain both sweet and savory elements. it's likely creamy and spreadable, making it suitable for coating salads or vegetables"
48462df2eb117b1,Where are the green onion and sesame seeds located,on the top,"the green onions and sesame seeds appear to be sprinkled on top of the dish in the background, which is partially visible behind the bottle of sauce"
48462df2eb117b1,What is placed beside the jar of Miso Honey Dressing,tomatoes,"beside the jar of miso honey dressing, there are a small bowl containing what appears to be a dish that includes rice and possibly some vegetables or garnishes. there are also two cherry tomatoes placed on the surface near the jar"
0bfd3b543549aa0,What is the Chex Mix served in,bowl,the chex mix is served in a clear glass bowl with a textured pattern on the inside
0bfd3b543549aa0,How are the ingredients in the bowl arranged,mixed,"the ingredients in the bowl appear to be mixed together, creating a variety of shapes and colors. the arrangement is not uniform, suggesting that they were likely tossed or stirred together before being placed in the bowl. this gives the impression of a casual, mixed snack mix rather than a neatly organized presentation"
0bfd3b543549aa0,What color are the Chex cereal pieces,brown,the chex cereal piece in the image appears to be orange
0bfd3b543549aa0,What color are the Goldfish crackers,orange,"the goldfish crackers in the picture appear to be a mix of orange and yellow colors, which is typical for their"
0bfd3b543549aa0,Where is the Spicy Buffalo Chex Mix placed,in a clear glass bowl,"the image shows a bowl of spicy buffalo chex mix, which is a snack mix that typically includes chex cereal pieces, pretzels, and other ingredients seasoned with a spicy buffalo flavor. it appears to be in a clear glass bowl on a surface, possibly a table or countertop"
b7cc7018ab8a658,What color is the wooden bowl,brown,"the wooden bowl in the picture appears to be a natural wood color, which typically means it has a light brown hue with some variations due to the wood grain and finish"
b7cc7018ab8a658,What is the snack mix served in,bowl,the snack mix is served in a wooden bowl
b7cc7018ab8a658,What type of sweet treats are included in the snack mix,candies,"the snack mix appears to include several types of sweet treats:

1. **popcorn** - the light-colored, puffed pieces are likely popcorn.
2. **candy coateders pieces** - there are small, round candies with colorful coatings, which could be reese's's pieces or similar types of candy.
3. **pretzels sticks** - the darker, twisted pieces resemble pretzel sticks.
4. **eyeball candies** - these are the small, round candies with eyes, which add a playful and spooky touch to the mix.

these



 !***"
b7cc7018ab8a658,What color are the Bugles in the snack mix,golden-brown,"the bugles in the snack mix appear to be white, which is their typical color"
dc76426a240bd72,What color is the checkered cloth,blue,the the checkered cloth in the image is blue and white
dc76426a240bd72,What material is the surface the bowls are sitting on,wooden,"the bowls appear to be sitting on a wooden surface, likely a table or countertop"
dc76426a240bd72,What type of snack is golden brown in the bowls,pretzels,"the snacks in the bowls appear to be a mix of pretzels, nuts, and possibly some cheese puffs or similar types of snacks. they have a golden-brown color which suggests they might be baked or toasted. this type of snack mix is often referred to as ""chex mix"" or a similar variety of trail mix or party mix"
dc76426a240bd72,What color are the cheese-flavored sticks,orange,"the cheese-flavored sticks in the image appear to be a light yellowish-orange color, which is typical for cheese-flavored snacks like puffs or puffs with cheese flavoring"
dc76426a240bd72,Where is the bowl with the blue and white checkered cloth located,on the left,"the bowl with the blue and white checkered cloth is located on the left side of the image, partially underneath the larger bowl that contains the snack mix"
ffed70feaf2c3d8,What color is the caramel corn,beige,"the caramel corn in the image appears to be a light golden brown color, which is typical for caramel-coated popcorn"
ffed70feaf2c3d8,What color are the pretzels,brown,"the pretzels in the image appear to be a light brown color, which is typical for pretzels that have been baked and coated with a sugar or salt mixture"
ffed70feaf2c3d8,Where are the pretzels scattered mostly,towards the bottom,"the pretzels appear to be scattered throughout the mix, but they are more concentrated towards the bottom left corner of the image"
869d6b1bdc93aba,What color is the Mocha au Lait Mix,brown,"the mocha au lait mix appears to be a light brown color, which is typical for a mix that contains coffee and milk powder"
869d6b1bdc93aba,What is the container for the Mocha au Lait Mix,jar,"the container in the picture appears to be a glass jar with a metal lid, commonly used for storing dry goods like mixes, grains, or other ingredients. it seems to be be labeled ""mocha au lait mix,"" suggesting it's a container for a coffee mix that includes milk and chocolate flavors"
869d6b1bdc93aba,What is the state of the Mocha au Lait Mix in the jar,filled,"the image shows a jar containing a powdered substance, which appears to be a mix for making mocha au l latte. it looks like the contents are still in the jar and have not been opened or used yet"
869d6b1bdc93aba,What color are the pieces in the Mocha au Lait Mix,white,"the image shows jars of mocha au lait mix, but the specific color of the pieces within the mix is not clearly visible due to the lighting and the transparency of the jar. it appears to be a light brown or beige color, which is typical for coffee-related products like mocha au lait"
869d6b1bdc93aba,Where is the jar filled with white powder located,to the left of,"the jar filled with white powder is located on the left side of the image, in front of another jar that appears to be filled with a different substance, possibly a darker powder or granules"
958fef1593cd2eb,What is the primary color of the mocha drink,brown,the primary color of the mocha drink in the picture is brown
958fef1593cd2eb,What is the texture of the top layer of the drink,foamy,"the top layer of the drink appears to have a creamy, smooth texture with visible chocolate chips embedded in it. it looks like a whipped cream or similar topping that has been lightly sprinkled with chocolate chips for added texture and flavor"
958fef1593cd2eb,What is on top of the mocha drink,with whipped cream,the drink appears to be topped with whipped cream and chocolate chips
958fef1593cd2eb,Where are the chocolate chips located,scattered,the chocolate chips are located on top of the whipped cream in the glass mug
638bf82e40fbb3d,What is the hue of the mojito,yellow-green,"the mojito in the picture appears to have a vibrant green hue, which is typical for a mojito made with fresh mint leaves and lime juice"
638bf82e40fbb3d,What type of drink is shown in the image,mojito,"the image shows a pitcher and glasses filled with a green-colored beverage, which appears to be iced tea or lemonade. the presence of mint leaves suggests that it might be a mint-flavored iced tea or lemonade. the green color could also indicate the use of matcha or another green tea powder, but without more information, it's difficult to determine the exact type of drink"
638bf82e40fbb3d,What color are the mint leaves in the mojito,green,the mint leaves in the mojito are green
638bf82e40fbb3d,How is the mojito served in the image,by the pitcher,"the mojito in the image is served in a clear glass pitcher, which is filled with a green-colored drink that appears to be a mojito. it is garnished with fresh mint leaves and ice cubes. there are also a smaller glass of the same drink placed next to the pitcher, similarly garnished with mint leaves and ice cubes. the setting suggests a casual and refreshing presentation, likely for sharing or serving multiple people"
638bf82e40fbb3d,What describes the appearance of the mint leaves,fresh,"the mint leaves in the image appear fresh and vibrant, with a bright green color. they are are whole and not wilted, indicating they have been recently picked or stored properly. the leaves are also slightly curled at the edges, which is typical for mint leaves. they are also visible floating on top of the liquid in the pitcher, suggesting they they have been added to the drink as a garnish"
bc20ea826ad34ab,What color is the mojito located at the top left,green,"the mojito located at the top left appears to be a light green color, which is typical for a mojito made with mint and lime"
bc20ea826ad34ab,What type of drink is shown in the image,mojito,"the image shows a variety of cocktails and beverages, likely served for a social gathering or event. here's a breakdown:

1. **top left**: a clear glass with a green liquid, possibly a gin or vodka-based cocktail.
2. **top center**: a glass with a yellowish-orange liquid and a slice of peach, suggesting to be be a peach-based cocktail like a peach gimlet or a peach margararita.
3. **top right**: a glass with a green garnish (possibly mint) and a yellowish-orange liquid, suggesting to be be a mojito or a similar cocktail.
4. **middle"
bc20ea826ad34ab,What color is the mojito with mint leaves and a gold straw,yellow,"the image shows a variety of drinks, but the specific mojito with mint leaves and a gold straw appears to be a light green color"
bc20ea826ad34ab,What fruit is in the light pink mojito,strawberry,"the light pink mojito appears to have a slice of grapefruit garnishing it. the pink color is likely due to the grapefruit, which can impart a pink hue when it's squeezed into the drink"
f54d9b4f31ab88c,What is the color of the glasses holding the mousse,transparent,"the glasses holding the mousse are clear or transparent, allowing the white mousse to be clearly visible"
f54d9b4f31ab88c,What type of dessert is shown in the image,mousse,"the image shows small glasses filled with a creamy, white dessert that appears to be a type of mifle or mousse. the top is garnished with whipped cream and a sprinkle of what looks like cocoa powder or cinnamon for added flavor and presentation. this dessert is often served as a light, refreshing treat, especially during warmer weather"
f54d9b4f31ab88c,What color is the coffee powder on top of the mousse,brown,"the coffee powder on top of the mousse appears to be a light brown or tan color, which is typical for cocoa or coffee powder used as a garnish"
f54d9b4f31ab88c,How would you describe the texture of the mousse,creamy,"the mousse in the image appears to have a smooth and creamy texture, which is typical for mousse desserts. the surface looks slightly glossy, suggesting it might be lightly whipped or frothed, possibly with a touch of cream or egg whites, giving it a light and airy feel. the presence of cocoa powder sprinkled on top adds a fine, crunchy contrast to the softness of the mousse"
f54d9b4f31ab88c,Where are the mousses placed,on a silver tray,"the mousses are placed in small, clear glass cups on a decorative silver tray. the tray appears to be ornate, with intricate designs and possibly some etched patterns, suggesting it might be used for serving desserts or other elegant dishes. the cups are filled with a creamy white mousse topped with a sprinkle of what looks like cocoa powder or a similar garnish"
42a76678c4704ca,What color is the top of the muffins,golden-yellow,"the top of the muffins appears to be a light yellow color, which is typical for muffins made with ingredients like cornmeal or flour, and it has small black specks that could be poppy seeds"
42a76678c4704ca,What type of baked goods are shown in the image,muffins,"the image shows two muffins with visible poppy seeds on top, suggesting they are poppy seed muffins"
42a76678c4704ca,What is the front muffin doing to the muffin behind it,obscuring,"the image shows two muffins on a plate. the muffin in the foreground appears to be slightly overlapping or leaning against the muffin in the background. this is a common occurrence when muffins are placed on a plate, especially if they are not perfectly aligned or if one is placed closer to the edge of the plate than the other. it does not appear to be doing anything harmful to the muffin behind it"
42a76678c4704ca,What color is the serving dish,blue,the serving dish in the picture is blue
b65addd2e59de92,What type of drink is the Limoncello Mule,beverage,"the limoncello mule is a cocktail that combines the refreshing flavors of a moscow mule with the citrusy taste of limoncello, an italian liqueur made from lemons. the drink typically consists of ginger beer, lime juice, and limoncello, served over ice in a highball glass garnished with a sprig of mint or a lemon wedge. the image you provided shows a drink that appears to be a variation of this cocktail, garnished with a sprig of mint, which is a common garnish for limoncello mules"
b65addd2e59de92,What do the ice cubes fill in the glass,fill,"the ice cubes in the glass appear to be filling it with a light-colored beverage, possibly a lemonade or a similar drink. the presence of a mint leaf suggests that the drink might have a mint flavor or garnish"
b65addd2e59de92,What color are the ice cubes,white,"the ice cubes in the glass appear to be clear or transparent, as is typical for ice cubes"
b65addd2e59de92,Where is the sprig of mint leaves located,on top of,"the sprig of mint leaves is located on top of the drink in the glass. it appears to be garnishing the beverage, which looks like it could be a lemonade or similar type of drink"
5a2032b309c2f30,What material is the mug made of,copper,"the mug in the picture appears to be made of copper. this can be inferred from its characteristic color and the way it reflects light, which is characteristic of polished copper"
5a2032b309c2f30,What type of drink container is used,mug,"the drink containers in the picture appear to be copper mugs, which are commonly used for serving moscow mules. these mugs are known for their distinctive copper color and their ability to keep drinks cold while also adding a unique flavor to the cocktail due to the copper's interaction with the lime juice. the copper mugs are often used with a straw or a stirrer, as seen in the image, to mix the ingredients together before drinking"
5a2032b309c2f30,What color is the lime twist on the mug,green,the lime twist on the mug is green
5a2032b309c2f30,What color is the candied ginger,yellow,"the candied ginger in the image appears to be green, which is typical for candied ginger that has been dyed with food coloring, often used to give it a more appealing and recognizable appearance"
5a2032b309c2f30,Where is the slice of lime placed,on the wooden surface,"the slice of lime is placed on the rim of the copper mug, next to the straw"
ea5af326b0c0ae0,What color are the mushrooms,brown,"the mushrooms in the picture appear to be brown, which is typical for many types of mushrooms, such as button mushrooms or cremini mushrooms"
ea5af326b0c0ae0,What type of food is shown in the image,mushrooms,"the image shows a dish that appears to be roasted or sautéed mushrooms, garnished with chopped herbs, likely parsley. the mushrooms seem to be have been cooked in a sauce, possibly with butter and seasoningsings, giving them a rich and savory appearance"
ea5af326b0c0ae0,How does the sauce on the mushrooms appear,glossy,"the sauce on the mushrooms appears to be glossy and rich, suggesting it might be a savory sauce such as a mushroom sauce, a balsamic reduction, or perhaps a soy-based sauce. with a hint of sweetness due to the presence of what looks like caramelized onions. the sauce is evenly distributed over the mushrooms, giving them a shiny appearance. it also seems to have some herbs sprinkled on top, which could be parsley or chives, adding a fresh touch to the dish"
ea5af326b0c0ae0,What color are the leaves scattered throughout the mushrooms,green,"the leaves scattered throughout the mushrooms appear to be green, likely parsley or a similar herb, which is commonly used as a garnish for dishes like this"
ea5af326b0c0ae0,How are the mushrooms arranged,in a pile,"the mushrooms in the image appear to be arranged in a single layer on a plate or dish. they seem to be have been sauted or cooked together, as they are slightly overlapping each other and are not neatly stacked. the arrangement is somewhat casual, suggesting that they were likely placed directly onto the plate after cooking rather than being carefully arranged before serving"
49867bb4f0e8a8e,What color are the scrambled eggs,yellow,"the scrambled eggs in the picture appear to be yellow with some green specks, which could indicate the presence of herbs or vegetables like chives or spinach"
49867bb4f0e8a8e,What is the main ingredient mixed with the mushrooms,eggs,"the main ingredient mixed with the mushrooms in the image appears to be scrambled eggs. the dish looks like scrambled eggs with mushrooms, which is a common breakfast or brunch item"
49867bb4f0e8a8e,What type of vegetable is mixed with the eggs,mushroom,"the vegetables that appear to be mixed with the scrambled eggs in the image include mushrooms and possibly some green onions or chives. the exact types can vary, but these are the most noticeable ones based on the visible parts of the dish"
49867bb4f0e8a8e,What color are the mushrooms,brown,"the mushrooms in the scrambled eggs appear to be brown, which is typical for sautéed or cooked mushrooms"
2f23310ae0cd1ac,What is the main protein in the dish,chicken,"the main protein in the dish appears to be chicken, which is covered in a creamy sauce and garnished with herbs. likely parsley. the sauce looks like it could be a type of curry or a creamy chicken sauce, but without more specific information, it's hard to determine the exact type"
2f23310ae0cd1ac,What color is the creamy dijon sauce,brown,"the creamy dijon sauce in the image appears to be a light yellow or off-yellow color, which is typical for a dijon mustard-based sauce"
2f23310ae0cd1ac,Where is the chicken located in the bowl,on the right,"the chicken is located on top of the mashed potatoes in the bowl. it appears to be covered with a creamy sauce and garnished with chopped herbs, likely parsley"
2f23310ae0cd1ac,What are the small green specks on the sauce,herbs,"the small green specks on the sauce appear to be finely herbs, which are a type of dried herb that is often used in sauces and stews for added flavor and visual appeal"
003a0414a7b4b4d,What is the texture of the mushrooms,creamy,"the mushrooms in the image appear to have a slightly glossy and moist texture, which suggests they might be sautéed or cooked with some liquid, such as oil or broth. the moisture on their surface indicates that they are not completely dry, but rather tender and soft. the exact texture can vary depending on how long they were cooked and what ingredients were used in the cooking process"
003a0414a7b4b4d,What type of food is being cooked,mushrooms,"the image shows mushrooms being cooked in a pan, likely sautéed or stir-fried. the presence of oil and the way the mushrooms are being cooked suggest they might be part of a dish that includes other ingredients like vegetables, proteins, or seasoningsings"
003a0414a7b4b4d,What color is the pan,black,the pan in the picture appears to be black
003a0414a7b4b4d,Where are the mushrooms being cooked,from the pan,the mushrooms appear to be being cooked in a frying pan on a stovetop
003a0414a7b4b4d,What color are the darker parts of the mushrooms,brown,"the darker parts of the mushrooms in the image appear to be a deep brown or almost black color, which is typical for cooked mushrooms that have been sauted or fried"
6b9c89697a4e683,What color are the enoki mushrooms in the image,yellow,"the enoki mushrooms in the image appear to be a light yellowish-white color, which is typical for fresh enoki mushrooms"
6b9c89697a4e683,What type of mushrooms are shown in the image,enoki mushrooms,"the image shows golden needle mushrooms, also known as enoki mushrooms. these mushrooms are characterized by their long, thin, and white stems with small caps at the top. they are often used in asian cuisine and are commonly in stir-fries, soups, and salads"
6b9c89697a4e683,How do the strands of enoki mushrooms appear in the image,tangled,"the strands of enoki mushrooms in the image appear to be cooked and slightly curled, indicating they have been sauted or stir-fried. they are light yellow in color, which is typical for enoki mushrooms when they are cooked. the texture looks tender and slightly glistening, suggesting they may have been coated with oil or sauce during cooking"
6b9c89697a4e683,What is the shape of the enoki mushrooms in the image,strands,"the enoki mushrooms in the image appear to be long, thin, and slightly curved. resembling small, delicate, and elongated stems-like structures with fine, thread-like filaments extending from the top. they are are typically white or pale yellow in color"
ae3d0682c44e12e,What is the state of the mussels in the broth,immersed,"the mussels in the broth appear to be cooked and open for serving. the shells are partially open, which is typical when mussels are cooked in a broth. the broth itself looks rich and flavorful, with visible ingredients such as tomatoes and possibly other vegetables or herbs that contribute to the overall dish. the bread on the side suggests it's ready to be served and enjoyed"
ae3d0682c44e12e,What type of seafood is primarily black and in the center of the image,mussels,"the seafood that appears to be primarily black and is centered in the image is mussels. the dark color is characteristic of cooked mussels, which often retain their dark shell color even after being cooked"
ae3d0682c44e12e,What color is the broth surrounding the mussels,orange-red,"the broth surrounding the mussels appears to be a rich, dark red color, which suggests it might be a tomato-based broth"
ae3d0682c44e12e,What color is the chorizo in the broth,brownish-red,"the chorizo in the broth appears to be a reddish-brown color, which is typical for cooked chorizo"
ae3d0682c44e12e,Where is the piece of bread located in the image,on the left,"the piece of bread is located on the left side of the image, partially visible and placed outside the main dish which appears to be a bowl of mussels or mysteria stew"
ced462fa8f5ce2e,What is the color of the mustard sauce,yellow-orange,"the mustard sauce in the image appears to be a light yellow or golden color, which is typical for many types of mustard sauces"
ced462fa8f5ce2e,What is happening to the mustard sauce above the jar,pouring,the mustard sauce appears to be being poured or drizzled from a spoon into the jar
ced462fa8f5ce2e,What is the mustard sauce stored in,jar,the mustard sauce appears to be stored in a small glass jar
ced462fa8f5ce2e,What is the cutting board made of,wooden,"the cutting board in the picture appears to be made of wood. it has a natural, warm tone and a smooth surface that is typical of wooden cutting boards"
ced462fa8f5ce2e,Where is the spoonful of mustard sauce held,above the jar,"the spoonful of mustard sauce is being held over a jar of mustard sauce, which is placed on a wooden cutting board. the spoon appears to be in the process of either serving or adding more sauce from the jar"
4fde47f85a2d62f,What material is the jar made of,glass,"the jar in the picture appears to be made of glass. this can be inferred from its transparency and the way it reflects light, which is characteristic of glass containers. additionally, the lid seems to be be made of metal, likely stainless steel or aluminum, given its reflective surface and the clasp mechanism that secures it"
4fde47f85a2d62f,What type of surface is the jar on,wooden,"the jar is placed on a wooden surface, likely a table or countertop"
4fde47f85a2d62f,What condiment is in the jar,mustard,"the jar appears to contain a yellowish-orange spread, which could be a type of mustard or a similar condiment. however, without tasting it or having more context, it's not possible to definitively identify the exact type of condiment. it could also be a homemade spread like honey mustard or a similar product"
4fde47f85a2d62f,Where is the jar located relative to the silver spreader,to the right,the jar is positioned to the right of the silver spreader in the image
832f0e5e873a85a,What type of mustard is in the jars,dijon,"the image shows jars containing a yellowish substance, which appears to be mustard. the texture and color suggest it could be a type of whole-grain mustard or a similar variety that is often sold in small jars for home use. however, without more specific information or a label on the jars, it's not possible to definitively identify the exact type of mustard (e

 addcriterion
the the image, it seems like the jars contain a yellowish substance, which can be identified as mustard. the texture and color suggest it could be a type of whole-grain mustard or a similar variety that is often sold in small jars for"
832f0e5e873a85a,What color is the mustard in the jars,tan,"the mustard in the jars appears to be a light brown or beige color, which is typical for many types of mustard"
832f0e5e873a85a,How are the jars arranged in the image,lined up,"the jars in the image are arranged in a triangular formation on a flat surface, likely a table or countertop"
832f0e5e873a85a,What containers hold the mustard,jars,"the mustard is held in glass jars with metal lids. these jars appear to be mason-style jars, which are commonly for preserving and storing various types of food items, including mustard"
87b272a4cbacfdb,What is the texture of the vegan nacho cheese,creamy,"the image shows a dish that appears to be vegan nachos with a creamy, yellowish topping that looks like it could be a vegan nacho cheese sauce. the texture of this topping seems smooth and slightly thick, which is typical for many vegan cheese sauces. it's likely made from ingredients such as cashews, nutritional yeast, and other plant-based components that are blended together to create a creamy consistency. however, without tasting or having more information about the specific ingredients used in its preparation, i can't provide a precise description of its texture"
87b272a4cbacfdb,What food is the vegan nacho cheese poured over,nachos,"the vegan nacho cheese is poured over tortilla chips, which are commonly used as a base for nachos"
87b272a4cbacfdb,What color is the vegan nacho cheese,light-orange,"the vegan nacho cheese in the picture appears to be a light yellow or beige color, similar to traditional nacho cheese dip"
87b272a4cbacfdb,Where is the chopped green onions scattered,on top of,the chopped green onions are scattered on top of the nacho chips in the image
87b272a4cbacfdb,What is the vegan nacho cheese held in,bowl,"the vegan nacho cheese is held in a white bowl with a textured surface, which appears to be made of ceramic or a similar material"
af8cb9fe3adcc14,What is the base of the dish made of,potato,"the dish in the picture appears to be a type of nacho, which is a mexican-inspired snack or appetizer. the base of this particular nacho dish seems to be made of tortilla chips. these chips are typically fried or baked and serve as the foundation for the toppings. the toppings include melted cheese, black beans, diced tomatoes, sliced olives, and possibly some green onions or other garnishes. this combination creates a flavorful and colorful dish that is popular in mexican restaurants and at home"
af8cb9fe3adcc14,What color is the plate,white,the plate in the image is white
af8cb9fe3adcc14,What color are the potato wedges,golden-brown,"the potato wedges in the image appear to be golden brown, which is typical for baked or fried potato wedges"
af8cb9fe3adcc14,What is melted over the potatoes,cheese,the melted cheese is spread over the potatoes in this dish
af8cb9fe3adcc14,Where are the quick potato nachos placed,on a plate,"the image shows a plate of nachos, which appear to be a variation of traditional nachos with a twist.—the base is made from potatoes instead of tortilla chips. the nachos are topped with melted cheese, black olives, diced tomatoes, and what looks like beans or possibly pinto beans. they are served on a white rectangular plate, suggesting they are ready to be eaten"
a87e8139eb5bf66,What is drizzled on top of the nachos,chocolate,the nachos in the picture appear to be topped with a drizzle of chocolate sauce and possibly some whipped cream or a similar white topping
a87e8139eb5bf66,What type of chips are used for the nachos,nachos,"the image shows nachos, which are a type of nacho dish where the nachos (a type of flatbread) are topped with various ingredients such as cheese, sour cream, and chocolate sauce. the nachos in the picture appear to be made from a thin, crispy flatbread that is often used for nachos. it's not possible to definitively identify the exact type of chips used without more specific information or a closer look at the texture and appearance of the chips. however, it could be a variety of thin, crispy flatbreads such as tortilla chips, pita chips, or even a homemade version"
a87e8139eb5bf66,What color are the tortilla chips,brown,"the tortilla chips in the picture appear to be a light brown or tan color, which is typical for corn tortilla chips"
a87e8139eb5bf66,What color is the paper plate,white,the paper plate in the image has a green and white floral pattern
a87e8139eb5bf66,Where is the ice cream and chocolate sauce primarily concentrated,on top of,"the ice cream and chocolate sauce are primarily concentrated in the center of the plate, on top of what appears to be a crispy, flat food item, possibly a tortilla or a similar base"
7745d02f7aac9ca,What is the texture of the nectarine refresher,smooth,"the image shows a glass of nectarine refresher with a smooth and slightly translucent texture, indicating that it is likely blended or pureed to achieve a smooth consistency"
7745d02f7aac9ca,What is the nectarine refresher served in,glass,the nectarine refresher is served in a clear glass with a blue straw
7745d02f7aac9ca,What color is the nectarine refresher,pink,"the nectarine refresher in the picture appears to be a light pinkish-orange color, which is characteristic of nectarine juice"
7745d02f7aac9ca,What type of drink is in the glass,refresher,"the drink in the glass appears to be a smoothie or juice, possibly made from fruits given its pinkish hue. it could be a strawberry, watermelon, or another fruit-based beverage. the presence of a straw suggests it's meant for drinking"
2bf4c23266f6f36,What type of dish is being described,soup,"the image depicts a bowl of soup or broth-based dish. the presence of what appears to be chicken pieces, green chili slices, and cilantro suggests it could be a type of asian-inspired soup, possibly a variation of a chicken noodle soup or a similar dish that includes these ingredients. the broth looks clear, which might indicate it's a light or clear soup rather than a thick or creamy one"
2bf4c23266f6f36,What color are the jalapeño slices,green,the jalapeño slices in the image is green
2bf4c23266f6f36,What type of meat is in the soup,chicken,"the soup appears to contain pieces of chicken. the white, flaky texture and the shape of the pieces are characteristic of cooked chicken. additionally, the presence of green herbs, which could be cilantro or parsley, and the lime wedge suggest that this might be a type of chicken soup, possibly with asian or latin american influences, given the use of these ingredients"
2bf4c23266f6f36,Where is the lime wedge located,on the lower-right,"the lime wedge is located on the right side of the bowl, partially submerged in the broth"
35fecfa515fed5b,What color is the bowl,light blue,the bowl in the picture is light blue with a white interior
35fecfa515fed5b,What is the food served in,bowl,the food in the picture is served in a bowl
35fecfa515fed5b,How much of the bowl do the noodles occupy,fill,the noodles in the bowl appear to occupy approximately 80-90% of the visible space in the bowl
35fecfa515fed5b,What color are the noodles,yellow,"the noodles in the picture appear to be a light yellow color, which is typical for pasta that has been cooked and possibly coated with a creamy sauce"
35fecfa515fed5b,Where are the noodles located in the image,in the center,the noodles are located in the bowl in the center of the image
2dcd9ac80de058d,What is the texture of the catfish nuggets,crunchy,"the catfish nuggets in the picture appear to have a crispy, golden-brown exterior, which suggests they were likely fried or baked until they achieved a crunchy texture"
2dcd9ac80de058d,What type of food is arranged on the plate,nuggets,"the plate contains what appears to be breaded and fried pieces, possibly chicken nuggets or similar fried snacks. accompanying the fried items is a small portion of red sauce, which could be ketchup, barbecue sauce, or another dipping sauce commonly served with such types of food"
2dcd9ac80de058d,What color is the plate,white,the plate in the image is white with black decorative lines around the edge
2dcd9ac80de058d,Where are the catfish nuggets located on the plate,on the right side,"the catfish nuggets are located on the right side of the plate, arranged in a cluster"
2dcd9ac80de058d,What color is the sauce on the plate,red,"the sauce on the plate appears to be red, likely ketchup or a similar type of sauce"
8f2c50a0a19996f,What type of nuts are covered in chocolate,corn nuts,"the image shows nuts that appear to be covered in chocolate. these could be various types of nuts, such as almonds, walnuts, or hazelnuts, which are commonly used in chocolate-covered nut products. the specific type cannot be determined with certainty from the image alone, but they look like they could be almonds or walnuts based on their shape and size"
8f2c50a0a19996f,What color is the chocolate coating,brown,"the chocolate coating in the picture appears to be dark brown, which is typical for milk or dark chocolate"
8f2c50a0a19996f,Where is one cluster of chocolate-covered corn nuts located,on the napkin,"the image shows a cluster of chocolate-covered corn nuts placed on a decorative christmas-themed napkin. the cluster appears to be in the center-right portion of the image, slightly towards the bottom"
4c2f9a94422a2e9,What color is the pie crust,golden-brown,"the pie crust in the picture appears to be golden brown, which is typical for baked pie crusts"
4c2f9a94422a2e9,What type of pie is shown,oatmeal,"the pie in the picture appears to be a coconut cream pie. this can be inferred from the visible coconut shavings on top and the creamy texture that is characteristic of coconut cream pies. the golden-brown crust suggests it might be a traditional coconut cream pie with a lattice or crimped edge, which is common for this type of dessert"
4c2f9a94422a2e9,What is inside the pie crust,filling,"the the pie crust appears to be filled with a mixture that looks like it could be a fruit-based filling, possibly a combination of apples and carrots, given the orange color and texture. it also seems to have a crumble topping on top"
4c2f9a94422a2e9,What color is the shredded coconut,white,the the shredded coconut in the image appears to be white
4c2f9a94422a2e9,Where is the slice of pie placed,on a white surface,"the slice of pie appears to be placed on a white plate, which is positioned in front of a window"
0bc89d050cedc1c,What color are the overnight buckwheat oats,beige,"the overnight buckwheat oats in the picture appear to be a light brown or beige color, which is typical for cooked oats"
0bc89d050cedc1c,What do the buckwheat oats do in the bowl,fill,"the buckwheat oats in the bowl appear to be served as a breakfast dish, likely topped with fresh berries and possibly some nuts or seeds for added texture and flavor. they provide a nutritious base for the meal, offering a good source of fiber, protein, and complex carbohydrates. the toppings add color, freshness, and additional nutrients, making it an appealing and healthy breakfast option"
0bc89d050cedc1c,What type of berries are dark blue and on top of the oats,blueberries,the dark blue berries on top of the oats appear to be blueberries
0bc89d050cedc1c,What color are the red berries,red,the red berries in the image appear to be red currants or possibly cherries
0bc89d050cedc1c,Where are the blueberries and red berries located,on top,"the blueberries and red berries are located on top of the oatmeal in the bowl. they appear to be scattered across the surface, adding a colorful contrast to the oatmeal"
d0530bab5c8a27e,What color is the cooking pot,black,the cooking pot in the picture is black
d0530bab5c8a27e,What is the main ingredient in the dish besides okra,rice,"the main ingredient in the dish, besides okra, appears to be rice"
d0530bab5c8a27e,What color are the okra pieces,green,the okra pieces in the image appear to be green
d0530bab5c8a27e,What vegetable is mixed with the rice,okra,the vegetable mixed with the rice appears to be green bell peppers
d0530bab5c8a27e,In what type of pot is the okra rice cooked,in a black cooking pot,"the okra rice appears to be cooked in a frying pan, which is a type of pot commonly used for cooking rice and vegetables on a stovetop"
63259c61ebc63e5,What color is the chicken breast,beige,"the chicken breast in the image appears to be a light brown or golden color, which is typical for cooked chicken that has been seasoned and possibly roasted or sautéed"
63259c61ebc63e5,What type of meat is at the center of the plate,chicken,"the dish appears to feature a roasted or baked meat, possibly a type of poultry such as chicken or turkey, given its size and shape. it is covered in a sauce that includes cherry tomatoes halves and green olives, which suggests it might be a mediterranean-inspired dish. the presence of asparagus on the side further supports this, as it is a common pairing with such dishes. however, without more specific information, it's difficult to determine the exact type of meat with certainty"
63259c61ebc63e5,What color are the olives,green,the olives in the picture appear to be green
63259c61ebc63e5,Where are the green olives placed,on top,"the green olives are placed on top of the meat dish, which appears to be a type of stuffed or roasted meat, possibly a chicken breast or a similar cut"
63259c61ebc63e5,What are the bright red halved fruits on the chicken,tomatoes,"the bright red halved fruits on the chicken appear to be cherry tomatoes halves. they are commonly used as a garnish or topping in many dishes, adding both color and flavor"
07fd6296d93bc13,What color are most of the olives,golden,the most of the olives in the picture appear to be green
07fd6296d93bc13,What type of food is shown in the image,olives,"the image shows a plate of fried stuffed olives. these are typically made by stuffing pitted green or black olives with a mixture that can include ingredients such as cheese, herbs, and spices, then coating them in breadcrumbs or flour before frying until golden brown. they are often served as an appetizer or snack"
07fd6296d93bc13,What has been done to three of the olives,cut,"the image shows a plate of fried olives, which appear to be stuffed with a green filling, likely pesto or a similar mixture. three of these olives have been hollowed out and filled with a creamy white substance, possibly a cheese or mayonnaise-based dip. this is a common preparation method for stuffed olives, where the center is removed and replaced with a flavorful filling"
07fd6296d93bc13,Where are the cut olives located,on the bottom,"the cut olives are located inside the fried balls on the plate. they appear to be stuffed into the center of each ball, which is a common preparation method for stuffed olives or similar appetizers"
07fd6296d93bc13,What color are the insides of the cut olives,green,"the insides of the cut olives appear to be green, which is typical for stuffed olives that have been pitted and filled with a mixture often including herbs and spices"
861fbbe85de778d,What material is the cutting board made of,wooden,"the cutting board in the picture appears to be made of wood. this can be inferred from its texture and color, which are characteristic of wooden cutting boards"
861fbbe85de778d,What type of bread is displayed,bread,"the bread in the picture appears to be a type of artisanal or rustic bread, possibly a sourdough or a similar type that is known for its crusty exterior and soft, airy interior. the presence of what looks like seeds or nuts embedded within the bread suggests it could be a seed bread or a nut bread. it's difficult to determine the exact type without more information, but it seems to be a homemade or artisanal style bread rather than a mass-produced one"
861fbbe85de778d,What color are the olive pieces in the bread,black,the olive pieces in the bread appear to be green
861fbbe85de778d,What color is the crust of the bread,golden-brown,the crust of the bread appears to be a golden-brown color
861fbbe85de778d,Where is the bread placed,on a wooden cutting board,the bread is placed on a wooden cutting board
6f5f740fb4a87c2,Are the olives visible in the jar,visible,"yes, the olives are visible in the jar. they appear to be pickled along with lemon slices and other ingredients such as capers and possibly garlic cloves. the jar is filled with a liquid that looks like brine, which is typical for pickling olives"
6f5f740fb4a87c2,What type of food is inside the jar,olives,"the jar appears to contain pickled olives and possibly other ingredients such as lemon slices, capers, and herbs. the presence of lemon slices suggests that it might be a type of olive tapenade or a similar preserved dish where olives are marinated in a mixture of oil, lemon juice, and various seasonings. the capers and herbs add flavor and texture to the mix. this type of preparation is common in mediterranean cuisine for preserving olives and adding a tangy, briny flavor to dishes"
6f5f740fb4a87c2,What material is the jar made of,glass,"the jar in the image appears to be made of glass. this can be inferred from its transparency and the way it reflects light, which is characteristic of glass containers. glass jars are commonly used for preserving food items like pickles, as shown in the image, due to their durability and ability to withstand the acidic environment of pickling"
425e9f115ea8100,What color is the plate,white,the plate in the image is white
425e9f115ea8100,What color is the omelet,yellow,"the omelet in the picture appears to be yellow, which is typical for a standard omelet made with eggs and butter"
425e9f115ea8100,What is the filling doing to the omelet,spilling out of,"the filling in the omelet appears to be being distributed evenly across the surface of the omelet. it looks like it's being mixed into the egg mixture before cooking, or it could have been added after the omelet was cooked but before serving. the filling seems to be be a type of meat, possibly ground beef or a similar ingredient, which has been cooked and then incorporated into the omelet. this results in a filling that is integrated into the omelet rather than just sitting on top of it"
425e9f115ea8100,What type of meat is in the filling,bacon,"the image shows an omelette with a filling that appears to be a mixture of ground meat and possibly some vegetables or herbs. however, without a closer look or more specific information, it's difficult to definitively identify the exact type of meat used in the filling. it could be beef, pork, chicken, or even a combination of these. if you you need a more precise identification, you may want to ask someone who knows the dish better or have more details about the ingredients"
425e9f115ea8100,How are the onions prepared in the filling,mixed,"the onions in the filling appear to be finely-cut or finely-fried, which is a technique where the onions are cut into very thin strips and then fried until they become translucent and slightly caramelized. this method is often used in asian cuisine, particularly in dishes like omelets, stir-fries, and some types of rice dishes. the onions are likely cooked with other ingredients such as meat (possibly ground beef or pork) and possibly some spices, giving the dish its rich flavor and texture"
1f5e476034d2636,Where is the spinach located,located on the left side,"the image you provided does not appear to contain any visible spinach. the dish seems to consist of a folded omelette or crepe with ingredients such as tomatoes, cheese, and possibly olives. spinach is not a common ingredient in this type of dish, so it's unlikely that spinach is present here"
1f5e476034d2636,What is the main ingredient of the top layer of the dish,omelette,the top layer of the dish appears to be a fried egg
1f5e476034d2636,How is the feta cheese distributed in the dish,scattered,"the feta cheese appears to be distributed throughout the omelette, with visible chunks and pieces scattered across the surface. it seems to be be mixed into the filling of the omelette, which also includes slices tomatoes and possibly other vegetables or herbs. the distribution looks fairly even, ensuring that each bite likely contains a piece of feta cheese"
1f5e476034d2636,What color are the tomato slices,red,the tomato slice in the image appears to be red
b78d925a20b5499,What color are the caramelized onions,caramelized,"the caramelized onions in the image appear to be a dark brown or almost black color, indicating they they have been cooked until they have reached a deep, rich flavor and texture"
b91602b9b0ce9ab,What has happened to the cheese,melted,"the cheese on the dish appears to be melted and slightly browned, indicating that it has been baked or broiled. this is a common technique used in dishes like lasagna, quiche, or other baked pasta or egg dishes to create a golden, crispy top layer while keeping the rest of the dish moist and flavorful"
b91602b9b0ce9ab,What ingredient appears as light brown to dark brown strands and chunks,onions,"the ingredient that appears as light brown to dark brown strands and chunks in the image is likely cheese, specifically melted cheese. the varying shades suggest different types of cheese or possibly a mix of cheeses, which is common in dishes like lasagna or baked pasta where cheese is melted over a layer of other ingredients"
b91602b9b0ce9ab,What color are the onions,brown,"the onions in the image appear to be white or light yellow, which is typical for cooked onions that have been sauted or baked"
b91602b9b0ce9ab,What ingredient covers the entire top surface of the dish,cheese,the top surface of the dish appears to be covered with melted cheese
b91602b9b0ce9ab,Where are the onions more concentrated,towards the bottom,"the onions in the dish appear to be more concentrated towards the bottom and edges of the slice, rather than being evenly distributed throughout the entire portion"
67117992b296d76,What color is the hot dog,reddish-brown,"the hot dog in the image appears to be a light brown or beige color, which is typical for a standard hot dog bun"
67117992b296d76,How is the hot dog positioned in the bun,nestled,"the hot dog appears to be partially inside the bun, with the rest of it extending outwards. it seems to be have been placed in the bun and then topped with a generous amount of sauted onions, which are have been cooked until they are translucent and slightly caramelized. the onions are piled on top of the hot dog, creating a thick layer that covers most of the hot dog itself"
67117992b296d76,What color are the onions,orange,"the onions in the picture appear to be a deep, rich brown color, which suggests they have been caramelizeded or cooked with a sauce that has given them this hue"
67117992b296d76,Where is the bowl of onions located in relation to the hot dog,to the left of,the the bowl of onions is located to the left of the hot dog in the image
1c3a4f30fe5d2a1,What color are the roasted oranges,orange,"the the roasted oranges in the picture appear to be a golden brown color, which is typical for roasted citrus fruits"
1c3a4f30fe5d2a1,What are the roasted oranges served on,plate,the roasted oranges are served on a round plate with a black rim
1c3a4f30fe5d2a1,How would you describe the color of the roasted oranges,vibrant,"the roasted oranges in the picture appear to have a golden-brown color, which is typical for oranges that have been roasted"
03ad6b911f92ca4,What is the texture of the white layer on top of the drink,thick,"the white layer on top of the drink appears to be foam or froth, which is typically created by carbonation or the addition of a foaming agent such as egg whites or cream. it has a smooth and slightly bubbly texture, which is common in drinks like milkshakes, smoothies, or certain beverages that are served with a creamy topping"
03ad6b911f92ca4,What type of beverage is the Orange Glorious II,drink,"the beverage in the picture appears to be a creamy, frothy drink with a garnish that looks like mint leaves and possibly a small flower or candy. it could be a type of milkshake or smoothie, possibly flavored with orange given the name ""orange glorious ii."" the texture and appearance suggest it might contain whipped cream or a similar topping. however, without more information, it's difficult to determine the exact ingredients or recipe"
03ad6b911f92ca4,What is the mint leaf used for on the drink,garnished,"the mint leaf in the drink appears to be used as a garnish. it adds not only enhances the visual appeal of the drink but also adds a fresh, aromatic flavor that complements the taste of the beverage. in this case, it could be adding a subtle menthol-like flavor to the drink, which can be refreshing and complement the overall taste profile"
03ad6b911f92ca4,What color is the mint leaf used as garnish,green,the mint leaf used as garnish in the image appears to be green
03ad6b911f92ca4,Where are the bright orange pieces from the drink located,at the bottom,"the bright orange pieces in the drink appear to be slices of orange or possibly a garnish like a slice of orange or a piece of citrus fruit. they are located on top of the drink, partially submerged in the liquid, and are likely used as a garnish to enhance the visual appeal of the drink"
8442a41c2de89de,What color is the light pink layer,pink,the light pink layer in the image appears to be a whipped cream topping with some chocolate chips mixed in. it is not a distinct layer but rather a decorative element on top of the dessert
8442a41c2de89de,Does the dessert contain Oreo,oreo,"the dessert in the picture appears to be a layered cake with various toppings, including what looks like chocolate chips and possibly some whipped cream or frosting. however, there is no clear indication that it contains oreo cookies. the oreo cookie is typically recognizable by its distinct white and dark blue (or black) sandwich cookie design, which is not visible in this dessert. therefore, based on the image provided, it's unlikely that the dessert contains oreo cookies"
8442a41c2de89de,Is the whipped topping sprinkled with chocolate chips,sprinkled,"yes, the whipped topping on the dessert appears to be sprinkled with chocolate chips. the dark specks scattered throughout the whipped cream are characteristic of chocolate chips"
8442a41c2de89de,Where are the chocolate chips scattered,on top surface,"the chocolate chips appear to be scattered on top of the dessert, which looks like a layered cake or pie with a creamy filling and possibly some fruit or berries. it is placed on a decorative plate that has a festive design, suggesting it might be for a holiday or special occasion. the chocolate chips add a decorative touch as well as a crunchy texture to the dessert"
9ffec9e57522152,What shape is the Cajun Oyster Pie,circular,"the cajun oyster pie in the picture appears to be round, which is a common shape for pies. it also features decorative cutouts on top that resemble a star and a bird, adding to its visual appeal"
9ffec9e57522152,What part of the pie is decorated with a star,crust,the star decoration on the pie is located in the upper left section of the pie
f58a02071aaec42,What shape is the plate,star-shaped,the plate in the image is shaped like a star
f58a02071aaec42,What type of seafood is featured in the image,oysters,"the image features oysters. the oysters appear to be baked or grilled, as they have a golden-brown crust on top, which suggests they may have been cooked with herbs and possibly cheese or breadcrumbs"
f58a02071aaec42,What color are the herbs on the oysters,green,"the herbs on the oysters appear to be green, likely parsley or cilantro, which are common garnishes for oysters"
f58a02071aaec42,Where are the oysters placed,on a star-shaped plate,"the oysters are placed on a decorative, star-shaped plate. the plate appears to be made of ceramic or porcelain and has a glossy finish with a light color, possibly white or cream. the oysters themselves are have been prepared and garnished, likely with herbs such as parsley and possibly some seasoning or sauce, which is visible on top of them"
421870f09cf9265,What color is the ice bed,white,"the the ice bed in the picture appears to be white, which is typical for serving oysters on the half shell"
421870f09cf9265,What type of seafood is shown,oysters,"the image shows oysters, which are a type of seafood. they appear to be served with a topping that includes bacon bits and possibly some herbs or spices, suggesting they might be prepared in a style like ""dirty"" oysters, which often include bacon as a topping"
421870f09cf9265,What color is the liquid inside the oyster shells,yellow,"the liquid inside the oyster shells appears to be a clear or slightly yellowish color, which is typical for oysters"
421870f09cf9265,What color are the cooked bacon pieces,reddish-brown,"the cooked bacon pieces in the image appear to be a light brown or golden color, which is typical for cooked bacon"
bb7bc9e1f7ec7b8,What color is the bowl,white,the bowl in the picture is white
bb7bc9e1f7ec7b8,What color is the rice in the paella,yellow,"the rice in the paella appears to be yellow, which is typical for paella made with saffron"
bb7bc9e1f7ec7b8,How are the mussels arranged in the bowl,scattered,"the mussels in the bowl appear to be scattered throughout the dish, interspersed with other ingredients such as shrimp and possibly some vegetables like tomatoes. and green herbs. they are not neatly lined up but rather distributed across the surface of the rice, creating a visually appealing and appetizing presentation"
bb7bc9e1f7ec7b8,What type of seafood is near the top and bottom of the bowl,shrimp,"the seafood at the top of the bowl appears to be shrimp, while the seafood at the bottom seems to include mussels and possibly some squid or calamari. the dish looks like a paella, which is a traditional spanish rice dish often served with seafood"
bb7bc9e1f7ec7b8,Where is the squid located in the dish,in a bowl,"the squid is located towards the center of the dish, nestled among the other seafood and rice"
246d3e9d0a52a4a,What type of meat is included in the paella besides shrimp,chicken,"the paella in the picture appears to include shrimp and chicken as the main types of meat. however, it's is also possible that there could be other meats like rabbit or sausage"
246d3e9d0a52a4a,How are the shrimp distributed in the paella,scattered,"the shrimp in the paella appear to be evenly distributed throughout the dish. they are interspersed among the other ingredients, which include rice and what looks like pieces of chicken or possibly sausage. the shrimp are not clustered together but are spread out, ensuring that each bite of the paella contains a piece of shrimp"
246d3e9d0a52a4a,What color are the pieces of chicken in the paella,orange-brown,"the pieces of chicken in the paella appear to be golden brown, indicating they they have been cooked and possibly fried or roasted until crispy on the outside"
246d3e9d0a52a4a,What seafood is included in the paella,shrimp,"the paella in the picture includes shrimp and possibly some type of fish, which could be cod or another white fish, given its appearance and the context of paella"
5964496678097b7,What color are the green onions in the pancake,green,"the green onions in the pancake appear to be a light green color, which is typical for fresh green onions"
5964496678097b7,What type of food is shown in the image,pancake,"the image shows a plate of pan-fried dumplings, also known as ""pan-fried biaozi"" or ""pan-fried potstickers."" these dumplings typically have a crispy bottom and a soft, steamed top, and they are often filled with ingredients such as meat (like pork), vegetables, or a combination of both. the visible green specks suggest that there may be scallionsions
"
5964496678097b7,What color is the plate,white,the plate in the image is white
5964496678097b7,What color is the pancake's surface,golden brown,"the pancake in the image appears to have a golden-brown surface, which is typical for cooked pancakes or similar dishes"
5964496678097b7,Where are the pancakes located on the plate,on the left side,"the pancakes are arranged in a row on the plate, with each pancake overlapping slightly onto the next"
ca56d40bbb8f833,What is the taste of the pancakes,salty,"the image shows a plate of pancakes, but it does not provide any information about their taste. the taste of pancakes can vary greatly depending on the ingredients used and how they are cooked. some common flavors include:

1. **original pancakes**: these are typically made with flour, eggs, milk, and butter or oil. they have a mild, slightly sweet flavor.
2. **buttermilk pancakes**: these are made with buttermmilk instead of regular milk, which gives them a richer, creamier texture and a slightly tangy flavor.
3. **blueberry pancake**: these are made with blueberries mixed into"
ca56d40bbb8f833,What type of food is shown in the image,pancakes,"the image shows a plate of crepes. crepes are thin, flat pancakes typically made from a mixture of flour, eggs, and milk. and are often served with various toppings such as fruit, whipped cream, or chocolate sauce"
ca56d40bbb8f833,How were the pancakes prepared,cooking,"the pancakes in the picture appear to be crepes, which are typically made by folding a thin, delicate pancake around a filling or topping. rather than being cut into slices as shown in the image. the process of making crepes involves:

1. **mixing ingredients**: aften, a mixture of flour, eggs, milk, and sometimes sugar is whisked together to create a smooth batter.
2. **cooking**: the batter is poured onto a hot pan (usually a crepe pan) and cooked until it forms a thin, delicate layer. the crepes are then folded over a filling such as jam, chocolate,"
ca56d40bbb8f833,What color is the base of the pancakes,yellow,"the base of of the pancakes appears to be a light brown color, which is typical for cooked pancakes made from flour and eggs"
dabd4bad6169994,What color are the paneer cubes,golden yellow,"the paneer cubes in the image appear to be a light yellow or beige color, which is typical for paneer when it's cooked and coated with spices"
dabd4bad6169994,What is the main ingredient in the dish,paneer,"the main ingredient in the dish appears to be paneer, which is a type of indian cheese. it is often used in indian cuisine and is typically cooked with spices and herbs. the dish also seems to have some green herbs sprinkled on top, possibly cilantro or parsley, which are common garnishes in indian cooking. the sauce looks like it could be a curry base, which is a common accompaniment for paneer dishes"
dabd4bad6169994,What color is the gravy,reddish-brown,"the gravy in the image appears to be a rich, golden-brown color, which is typical for many curry dishes, especially those that include spices like turmeric and garam masala"
dabd4bad6169994,Where are the cilantro leaves placed,on top,"the cilantro leaves are sprinkled on top of the dish in the image. they appear to be garnishing the curry, adding a fresh and vibrant touch to the presentation"
dabd4bad6169994,How would you describe the cilantro leaves,vibrant,"the cilantro leaves in the image appear to be finely-cut, which means they have been finely-cut into small, thin pieces. this is a common preparation method for cilantro in many cuisines styles, especially in indian and southeast asian dishes. the leaves are scattered throughout the dish, adding a fresh and vibrant green color that contrasts with the rich, warm tones of the curry"
16f44d88446908d,What color is the Palak Paneer,green,"the palak paneer in the picture appears to be a vibrant green color, which is typical for dishes made with spinach (palak). the green color comes from the spinach leaves that are used as the primary ingredient in this dish"
16f44d88446908d,What is the shape of the container holding the Palak Paneer,bowl,"the palak paneer is served in a bowl, which appears to be a round, shallow dish with a slightly raised rim"
16f44d88446908d,What color is the bowl,blue,"the bowl in the picture appears to be blue with a pattern that includes white and possibly other colors, but the primary color is blue"
16f44d88446908d,How are the cubes of Paneer distributed in the Palak Paneer,scattered,"the image shows a bowl of palak paneer, which is a popular indian dish made with spinach (palak) and paneer (a type of soft cheese). the cubes of paneer appear to be evenly distributed throughout the spinach sauce. they are are likely cooked together to ensure that the flavors of the spinach and the paneer are well combined. the creamy texture of the sauce suggests that it might have been cooked with butter or cream, which is typical for this dish. the cubes of paneer are not only distributed but also visible on the surface, indicating they they are well incorporated into the dish"
16f44d88446908d,"Where is the thin, white cream drizzled",on top,"the thin, white cream appears to be drizzled over the surface of the green dish in a decorative pattern"
72baeae4b31f87f,What fruit is used in the parfait,cranberry,"the image shows a parfait with layers of what appears to be cream or yogurt, and possibly some red berries, which could be strawberries or raspberries. however, without a closer look or more context, it's difficult to definitively identify the specific type of fruit used in the parfait"
72baeae4b31f87f,What is the bowl made of,glass,"the bowl in the picture appears to be made of glass. this can be inferred from its transparency, the way light passes through it, and the way it reflects light and surroundings. additionally, the intricate design on the surface suggests that it could be a decorative piece, which is often made of glass due to its ability to hold such designs without warping or breaking easily. as compared to other materials like plastic or metal"
72baeae4b31f87f,What color is the bottom layer of the parfait,red,"the bottom layer of of the parfait appears to be a light brown or beige color, which could suggest it might be a layer of crushed cookies or a similar base"
72baeae4b31f87f,Where is the bowl placed,on a table,"the bowl appears to be placed on a table, likely in a dining or living area. it is positioned near a set of coasters and what looks like a wooden cutting board or trivet. the setting suggests it might be part of a dining setup, possibly for serving dessert or other small items"
72baeae4b31f87f,What color is the cream layer in the parfait,white,"the cream layer in the parfait appears to be white or off a very light beige color, which is typical for vanilla or cream-based layers in parfaits"
9754b1ddb854f12,What type of dessert is shown in the image,parfaits,"the image shows a parfait, which is a layered dessert typically consisting of a base layer of yogurt or cream, followed by layers of fruit, and topped with granola or other toppings. in this case, the parfait includes layers of yogurt, fresh strawberries, blueberries, and granola"
9754b1ddb854f12,What color are the sliced strawberries,red,the the sliced strawberry in the picture is red
9754b1ddb854f12,Where are the granola pieces sprinkled,on top,"the granola pieces are sprinkled on top of the dessert in the image. they appear to be scattered over the yogurt, which is topped with fresh strawberries slices and blueberries"
9754b1ddb854f12,What fruit is peeking out from behind the strawberry fan,orange,the fruit peeking out from behind the strawberry fan appears to be blueberries
52fcd4430f4183a,What color is the soup,yellow,the soup in the picture appears to be a light yellow or pale orange color
52fcd4430f4183a,What does the soup do inside the bowl,fills,"the image shows a bowl of soup with a dollop of sour cream on top. the soup appears to be a creamy, yellowish color, which could suggest it is a type of potato or cream-based soup. the sour cream adds a contrasting white and creamy texture to the soup. the bowl itself seems to be made of ceramic or porcelain, with a light-colored interior and a slightly darker rim. the soup is contained within the bowl, and there is no indication that it is actively moving or being stirred in this image"
52fcd4430f4183a,What type of soup is it,vegetable,"the image shows a bowl of soup with a dollop of sour cream on top. based on the color and consistency, it appears to be a creamy soup, possibly a potato soup or a butternut squash soup. the exact type cannot be determined without more information, but these are common possibilities given the appearance"
52fcd4430f4183a,What color is the dollop in the center,white,"the dollop in the center appears to be white, which could suggest it is cream or sour cream"
52fcd4430f4183a,Where is the dollop located in the soup,in the center,"the dollop of what appears to be sour cream or yogurt is located on top of the soup, centered in the bowl"
79ced46151bbe7a,What shape is the bowl containing the mashed parsnips,round,the bowl containing the mashed parsnips appears to be round in shape
79ced46151bbe7a,What vegetable is mashed in the bowl,parsnips,"the vegetable that appears to be mashed in the bowl is likely potatoes, as it has a creamy texture and color that is characteristic of mashed potatoes"
79ced46151bbe7a,What color are the mashed parsnips,beige,"the mashed parsnips in the picture appear to be a creamy white color, which is typical for mashed parsnips as they have a similar starch content and texture to potatoes but with a slightly sweeter flavor"
79ced46151bbe7a,How would you describe the texture of the mashed parsnips,smooth,"the texture of the mashed parsnips in the image appears to be smooth and creamy. the surface is slightly glossy, which suggests that it has been well-mashed and possibly seasoned with butter or oil to achieve a rich, velvety consistency. there are also some small bits of herbs sprinkled on top, which might add a bit of texture contrast but do not seem to dominate the overall texture"
6092f585b9a1ca9,What type of meat is used in the dish,chicken,"the dish appears to contain shredded chicken. the texture and color of the meat are consistent with cooked chicken, which has been shredded or pulled apart"
6092f585b9a1ca9,What color is the tomato-based sauce,reddish-orange,"the tomato-based sauce in the image appears to be a rich, deep red color"
6092f585b9a1ca9,What type of pasta is used in the dish,pasta,"the pasta used in the dish appears to be fusilli, which is characterized by its spiral shape"
6092f585b9a1ca9,Where are the white beans located in the dish,scattered amidst,"the white beans are scattered throughout the dish, mixed with the pasta and other ingredients. they appear to be distributed

 自动生成的图片描述"
6092f585b9a1ca9,What is the size of the red tomatoes in the dish,diced,"the red tomatoes in the dish appear to be small, likely cherry or grape tomatoes, which are typically around 1-2 inches in diameter. when
styletype"
6fd53226d02f234,What color is the bright cheese on top of the pasta,orange,"the bright cheese on top of the pasta appears to be a combination of orange and white, which suggests it could be a blend of cheddar and mozzarella cheeses"
6fd53226d02f234,What type of food is the main component of the dish,pasta,"the main component of the dish appears to be pasta, specifically fusilli, which is a type of spiral-shaped pasta. the dish also includes melted cheese, likely cheddar and possibly mozzarella, as well as what looks like a creamy sauce or possibly a layer of sour cream on top"
6fd53226d02f234,What is the state of the white cheese on top of the pasta,melted,"the white cheese on top of the pasta appears to be melted and slightly browned, indicating that it has been baked or broiled"
6fd53226d02f234,What color is the base layer of the pasta,brownish-tan,"the base layer of of the pasta appears to be a light yellow or beige color, which is typical for cooked fusilli pasta"
7f8b5fc69d20db3,What color is the pasta in the image,beige,"the pasta in the image appears to be penne, which is typically a light yellow or offzo color"
7f8b5fc69d20db3,What type of pasta is in the image,pasta,"the pasta in the image appears to be penne. penne is characterized by its cylindrical shape with a slight curve, which is visible in the dish shown"
7f8b5fc69d20db3,What seafood is included in the dish,shrimp,the dish includes shrimp as the seafood component
7f8b5fc69d20db3,What color are the asparagus spears in the image,green,the asparagus spears in the image appear to be green
7f8b5fc69d20db3,Where are the capers mostly located in the image,over the shrimp,"the capers appear to be scattered throughout the dish, but they are more concentrated towards the top and center of the plate, mixed with the shrimp, asparagus, and cherry tomatoes pieces"
c16a6bf8525f695,How are the diced chicken pieces distributed in the dish,scattered,"the diced chicken pieces are distributed throughout the pasta dish, interspersed among the noodles and mixed with the sauce"
c16a6bf8525f695,What is the base of the dish made of,pasta,"the dish appears to be a pasta dish, likely a type of carbonara or a similar creamy pasta dish. the base of the dish seems to be a combination of pasta and a creamy sauce. the creamy sauce could be made from ingredients such as eggs, cheese (like parmesan), cream, butter, and possibly some form of meat or vegetables. the presence of what looks like pieces of chicken and peas suggests that these might be added as toppings rather than being part of the base"
c16a6bf8525f695,What color is the pasta in the dish,yellow,"the pasta in the dish appears to be white, which is typical for spaghetti or similar types of pasta"
c16a6bf8525f695,Where is the shredded cheese placed in the dish,on top,"the shredded cheese is sprinkled on top of the pasta dish, adding a finishing touch to the meal"
be20945d4d2f1af,What is the main component of the dish,dish,"the main component of the dish in the picture appears to be bow-tie pasta (farfalle). the pasta is garnished with what looks like chopped tomatoes, herbs, and possibly some oil or butter, giving it a fresh and appetizing appearance"
be20945d4d2f1af,What color are the tomatoes,red,the tomatoes in the image appear to be red
be20945d4d2f1af,How are the tomatoes arranged in the dish,scattered,"the tomatoes in the dish appear to be scattered throughout the pasta, mixed in with the bow-tie pasta and other ingredients like herbs and possibly some oil or sauce. they are not arranged in any particular pattern but rather distributed evenly across the dish"
0828e13422d34d9,What vegetable is included in the pasta,eggplant,"the pasta appears to include red bell peppers as a vegetable topping, along with other ingredients that might be part of the sauce or garnish, such as grated cheese and possibly some herbs"
0828e13422d34d9,What color are the pasta tubes,golden-yellow,"the the pasta tubes in the picture appear to be a light yellow or beige color, which is typical for uncooked rigatoni pasta"
0828e13422d34d9,Where is the larger portion of pasta served,bowls,the larger portion of pasta is served in the bowl on the left side of the image
0828e13422d34d9,What color is the handle of the fork,with a brown wooden handle,the handle of the fork in the image appears to be brown
0828e13422d34d9,What color is the parmesan cheese on top,white,"the parmesan cheese on top of the pasta appears to be a light yellow or offyx color, which is typical for freshly grated parmesan cheese"
b56fe91729ed59b,What color is the lemon curd,yellow,"the lemon curd in the image appears to be a light yellow color, which is typical for this type of dessert filling"
b56fe91729ed59b,What fruit is on top of the lemon curd,blueberries,the fruit on top of the lemon curd appears to be blueberries
b56fe91729ed59b,Where are the blueberries located,nestled among,"the blueberries are located on top of the pavlova, which is a mmallow-based dessert. they appear to be garnishing the pavlova and adding a pop of color and freshness to the dish"
b56fe91729ed59b,What dessert is being described,pavlova,"the image shows a pavlova, which is a mering
 addcriterion

 addcriterion

 addcriterion

 addcriterion

 addcriterion

 addcriterion

 addcriterion

 addcriterion

 addcriterion

 addcriterion

 addcriterion

 addcriterion

 addcriterion

 addcriterion

 addcriterion

 addcriterion

 addcriterion

 addcriterion

 addcriterion

 addcriterion

 addcriterion

 addcriterion

 addcriterion

 addcriterion

 addcriterion

 addcriterion

 addcriterion

 addcriterion

 addcriterion
"
97f31ab9cff2ce8,What is the color of the split pea soup,greenish-yellow,"the split pea soup in the image appears to be a light greenish-yellow color, which is typical for split pea soup"
97f31ab9cff2ce8,What type of dish is the greenish-yellow mixture,soup,"the greenish-yellow mixture in the image appears to be a soup, likely a vegetable or split pea soup. it contains visible chunks of vegetables such as carrots and possibly potatoes, along with what looks like pieces of ham or another type of meat. the presence of bread on the side suggests it's a hearty meal, often enjoyed with a side of crusty bread for dipping"
97f31ab9cff2ce8,What is the color of the bowls containing the soup,white,the bowls containing the soup are white
97f31ab9cff2ce8,Where is the silver spoon in relation to the soup,submerged,"the silver spoon is placed inside the bowl of soup, resting on the rim of the bowl"
080a08688d3f0e9,What type of food is in the bowl,peas,"the bowl contains green peas. the peas appear to be cooked and seasoned, as there are some small pieces that look like chopped onions or garlic mixed in with them"
080a08688d3f0e9,Where are the peas located,bowl,"the peas are located in a white bowl. the bowl appears to be placed on a surface, likely a table or countertop, though the background is not fully visible in the image"
080a08688d3f0e9,What cuisine do the peas belong to,italian,"the peas in the image appear to be green peas, which are a staple ingredient in many cuisines types. however, without additional context or information about the preparation and accompanying ingredients, it's difficult to pinpoint a specific cuisine type. green peas can be found in various dishes across different cultures, including:

1. **indian cuisine**: green peas are often used in curries, stews, and as a side dish.
2. **italian cuisine**: they can be used in risotto, soups, and as a side dish.
3. **chinese cuisine**: green peas are often used in stir-fries, soups, and as"
080a08688d3f0e9,Where are the peas positioned in the frame,on the right side,"the peas are positioned centrally in the frame, filling most of the image. from top to bottom and left to right. they appear to be in a bowl or container, which is not fully visible in the image"
bf93c4762564a50,How would you describe the color of the peaches,vibrant,"the peaches in the image appears to have a vibrant orange-pach color, which is typical for ripe peaches slices"
bf93c4762564a50,What is the spoon doing with the peach slices,holding,"the spoon appears to be scooping up a peach slice from one of the bowls. it looks like someone is serving or eating the peach slices, which are are likely part of a dessert or a meal that includes peaches as an ingredient"
bf93c4762564a50,What color is the skillet,white,the skillet in the image is white with a black rim
bf93c4762564a50,Where is the skillet located in the image,in the center,"the skillet is not visible in this image. the image shows three bowls of what appears to be a dessert, possibly peach cobbler or a similar dish, with whipped cream on top. it does not include a skillet"
af12c2c429e30b2,What color is the liquid in the glasses,yellow-orange,"the liquid in the glasses appears to be a light orange color, which is typical for peach juice or a similar beverage made with peaches flavoring"
af12c2c429e30b2,What type of container holds the Peach Bellinis,glasses,"the the peach bellinis in the picture are held in tall, slender glasses with a decorative design that includes the word ""peaches!"" on them"
af12c2c429e30b2,What material is the board that the glasses are placed on,wooden,the board that the glasses are placed on appears to be made of wood
af12c2c429e30b2,Where are the peach slices placed on the glasses,on the rim,"the peach slices is placed on top of each glass, resting on the rim"
af12c2c429e30b2,What color are the peach slices on the rim of the glasses,reddish-yellow,"the peach slices on the rim of the glasses is orange-yellow, which is the natural color of ripe peaches slices"
c37969d9f8d91ec,What type of drink is featured in the image,margaritas,"the image features a frozen orange drink, likely an orange margararita or a similar frozen cocktail. the drink appears to be served in a margarita glass with a salted rim, which is typical for serving margararitas. the bright orange color suggests it's made with orange juice or another orange-flavored ingredient"
c37969d9f8d91ec,How are the Peach Margaritas presented,served,"the peach margaritas in the picture appear to be served in a classic margarita glass, which is typically a short, wide glass with a flared at the top. this style of glass is designed to enhance the presentation and drinking experience of the cocktail by allowing the drinker to easily sip the margararita while enjoying its visual appeal.

the image also shows that the rim of the glass has been salted, which is a common practice for margaritas as it adds helps a salty contrast to the sweetness of the margararita. the color of the margarita itself appears to be a vibrant orange, suggesting"
c37969d9f8d91ec,How would you describe the color of the margaritas,bright,"the margaritas in the picture appear to be a vibrant, bright orange color. this suggests that they might be made with ingredients like orange juice or orange liqueur, which are common in classic orange-flavored margaritas. the color is consistent and vivid, indicating a well-mixed and possibly freshly prepared drink"
c37969d9f8d91ec,What are the drinks served in,glasses,"the drinks in the picture are served in margarita glasses, which are typically used for cocktails like margarititas or other frozen drinks. the glass has a wide base and a narrow top, which is characteristic of these types of glasses"
c37969d9f8d91ec,Where are the margaritas positioned in the frame,in the center,"the margarita is positioned centrally in the frame, taking up most of the space in the middle and slightly towards the bottom"
1f020898833f361,What type of beverage is shown in the image,tea,"the image shows two glasses filled with what appears to be a peach smoothie or juice, garnished with yellow and white striped straws. there are also whole peaches fruits placed next to the glasses on a decorative doily. the setting suggests a refreshing drink, likely made from fresh peaches ingredients"
1f020898833f361,What is the person in the image doing with the peach tea,drinking,"the image shows two glasses of peach tea placed on a decorative doily, accompanied by whole peaches halves. there is no person visible in this image, so it's not possible to describe any actions related to a person and the peach tea"
1f020898833f361,What flavor is the tea in the image,peach,"the tea in the image appears to be peach-flavored. this can be inferred from the presence of whole peaches slices next to the glasses, which suggests that the tea might have a peach flavoring or is served with fresh peach slices as garnish"
1f020898833f361,What color are the straws in the glasses,yellow,the straws in the glasses are yellow with black stripes
1f020898833f361,Where is the second glass of peach tea positioned,to the right,"the second glass of peach tea is positioned to the right of the first glass, slightly behind it on the same plate"
e58d9abdaf831a2,What color is the liquid in the pitcher,peachy-orange,"the liquid in the pitcher appears to be a vibrant orange color, suggesting it might be a fruit juice or a mixed drink with orange as one of its ingredients"
e58d9abdaf831a2,What is the sangria served in on the left,pitcher,"the sangria is served in a glass pitcher with a handle, which is commonly used for serving and pouring beverages like sangria"
e58d9abdaf831a2,What color are the strawberries in the sangria,red,"the strawberries in the sangria appear to be red, which is typical for fresh strawberries slices"
e58d9abdaf831a2,Where is the glass pitcher positioned,on the left,"the glass pitcher is positioned on the left side of the image, containing a red-colored beverage with slices of fruit floating in it"
2987d882d66a7e8,What color is the peanut butter in the cookie on the left,dark,"the peanut butter in the cookie on the left appears to be a rich, dark brown color, which is typical for peanut butter"
2987d882d66a7e8,What type of butter is used in the cookies,peanut butter,"the image shows cookies that appear to be peanut butter cups, which are not cookies but rather a type of candy. they contain a chocolate filling with a peanut butter center, encased in a cookie-like shell. the ""butter"" mentioned here refers to peanut butter, not butter used in baking cookies"
2987d882d66a7e8,What color is the cookie part of the Peanut Butter Temptations II,golden brown,"the cookie part of the peanut butter temptation ii appears to be a light brown or tan color, which is typical for a peanut butter cookie base"
2987d882d66a7e8,Where is the cookie with light brown peanut butter located,on the lower right,"the cookie with light brown peanut butter is located in the foreground of the image, on the right side"
2987d882d66a7e8,What type of dessert is shown in the image,cookie,"the image shows chocolate-covered peanut butter cups, which are a popular confectionery item. these are typically made by filling a small cookie or wafer cup with creamy peanut butter and then coating it with melted milk chocolate. they are often enjoyed as a sweet treat or can be used in various desserts like cakes, pies, or as a topping for ice cream"
a2f7338a23dae10,What color is the peanut butter ice cream topping,light brown,"the peanut butter ice cream topping in the picture appears to be a rich, golden brown color"
a2f7338a23dae10,What type of food is the topping made of,ice cream,"the image you provided appears to be a close-up of a sauce or spread, possibly a type of curry or a similar thick, yellowish-orange sauce. however, without more context or a wider view, it's difficult to definitively identify the exact type of food or its ingredients. it could be a variety of things such as a curry base, a mustard-based sauce, or even a sweet and sour sauce depending on the context in which it is used. if you you have any additional information about where this sauce is being served or what it is meant to accompany, that would help narrow down the possibilities"
a2f7338a23dae10,What is the consistency of the peanut butter ice cream topping,smooth,"the consistency of the peanut butter ice cream topping in the image appears to be smooth and creamy. it has a thick, spreadable texture that is typical for ice cream toppings. the surface looks glossy, which suggests it might have a slightly wet or liquidy component, possibly due to the ice cream base underneath. however, without tasting it, it's hard to determine the exact consistency"
a2f7338a23dae10,Where is the reflective surface particularly noticeable,near the top,"the reflective surface in the image is particularly noticeable at the top left corner, where there appears to be a bright spot reflecting light. this suggests that the surface has a glossy or polished finish, which enhances the reflection of of light"
d52439fae098204,What color is the plate,yellow,the plate in the image appears to be white
d52439fae098204,What type of food is shown in the image,muffins,"the image shows a plate of small, individual-sized pastries or tarts that appear to be freshly baked. they are likely filled with a custard-like filling and have a golden-brown crust. the pastries are wrapped in parchment paper, which is commonly used for baking to prevent sticking and to allow easy removal from the baking pan"
d52439fae098204,How would you describe the appearance of the muffins,perfect,"the muffins in the image appear to be freshly baked, with a golden-brown crust on top that suggests they they have been baked to a crisp. the paper liners are slightly crinkled, indicating they were likely just removed from the oven and placed on the plate. the muffins look moist and fluffy, with a light, airy texture visible through the paper liner. they seem to be have a slightly sweet glaze or topping, giving them a shiny, glossy appearance. overall, they look appetizing and ready to be served"
d52439fae098204,What color are the paper liners of the muffins,white,the paper liners of the muffins appear to be white
d52439fae098204,Where are most of the muffins placed,on the plate,most of the muffins are placed on a plate in the center of the image
3b04aeb0107acac,What color are the pears,red,"the pears in the image appear to be red, which is likely due to their being red-skinned pears or possibly pears that have been cooked or preserved in a way that gives them a reddish hue"
3b04aeb0107acac,Where are the pears located in the image,in the left side,"the pears appear to be in a white bowl, which is placed on a table with a green and white patterned placemat"
b076ebd5863251a,What color is the pecan filling,brown,"the the pecan filling in the jars appears to be a light brown color, which is typical for pecan pie or pecan-based desserts"
b076ebd5863251a,What type of nuts are used in the pie,pecan,"the pies in the image appear to be pecan pies, as indicated by the visible pecans scattered around the jars and the appearance of the filling in the pies"
b076ebd5863251a,What color is the whipped cream on one of the pies,white,the whipped cream on one of the pies appears to be white
b076ebd5863251a,Where is the pecan filling located,on top,"the pecan filling appears to be located in the middle jar, which has a visible layer of nuts on top of what looks like a custard or similar base. it's not clear from the image if there are other jars with pecan filling, but based on the visible one, it seems to be be a pecan pie or a similar dessert"
b076ebd5863251a,What color are the scattered pecans,reddish-brown,"the the scattered pecans in the image appear to be a light brown or tan color, which is typical for pecans"
3718baab129db6e,What color are the crackers,tan,the crackers in the picture appear to be a light golden brown color
3718baab129db6e,How are the two crackers in the foreground positioned,overlapping,"the two crackers in the foreground are positioned overlapping each other. the cracker on the bottom is slightly larger and appears to be supporting the smaller cracker on top, which is tilted at an angle"
3718baab129db6e,What color are the specks on the crackers,brown,"the specks on the crackers appear to be a mix of brown and possibly some red or orange hues, which could suggest they are made with ingredients like spices, herbs, or possibly some type of fruit or vegetable"
3718baab129db6e,Where is the pecan pepper appetizer located,on the cracker,"the pecan pepper appetizer, which appears to be a cracker topped with a mixture of chopped pecans and what looks like a red pepper relish or jam, is placed on a clear glass plate. it is set atop a tablecloth with a striped pattern in shades of orange and white. the setting suggests it could be part of a casual or festive meal"
3718baab129db6e,What type of dish is the pecan pepper mixture,appetizer,"the pecan pepper mixture appears to be a spread or topping, likely used for crackers or as part of a savory snack. it looks like it could be a type of relish or chutney, possibly with a sweet and spicy flavor profile due to the presence of pecans and what seems to be a red ingredient that might be a fruit or vegetable component"
e57b2feba7c0dd2,What type of pasta is in the bowl,penne,"the pasta in the bowl appears to be penne, which is a short, cylindrical pasta with a square cross-section"
e57b2feba7c0dd2,How is the penne pasta arranged in the bowl,distributed,"the penne pasta appears to be loosely piled in the bowl, with some pieces overlapping and others slightly separated. the pasta seems to be have been tossed with a sauce, likely a tomato-based sauce given the visible red color and chunks of that resemble tomatoes or other vegetables. the dish also includes garnished with fresh herbs, possibly parsley, and there black olives placed on top as a decorative element"
e57b2feba7c0dd2,What color is the mango chile sauce,red,"the mango chile sauce in the image appears to be a vibrant red color, which is typical for this type of sauce"
e57b2feba7c0dd2,What herb is scattered on top of the pasta,cilantro,the herb scattered on top of the pasta appears to be cilantro
e57b2feba7c0dd2,Where is the cilantro placed,on top of,the cilantro is placed on top of the pasta dish in the image
3f3ebc236374bd6,What type of pasta is visible in the image,penne,"the pasta in the image appears to be penne, which is a short, cylindrical pasta with a square cross-section"
3f3ebc236374bd6,What color are the peppers in the dish,red-orange,the peppers in the dish appear to be red and green
3f3ebc236374bd6,How are the peppers prepared in the dish,sauteed,"the peppers in the dish appear to be sliced into thin strips and are cooked until they have softened slightly, as indicated by their having a slightly translucent appearance. they are likely sauted or stir-fried along with the other ingredients, which suggests they were cooked at a high temperature to retain some of their crunch while also allowing them to absorb flavors from the other components of the dish"
3f3ebc236374bd6,What is distributed throughout the dish alongside the penne,peppers,"the dish appears to include penne pasta, which is a type of short, cylindrical pasta with a ridged surface. alongside the penne, there are pieces of what looks like sausage or possibly chicken, along with sliced red bell peppers and possibly some herbs for garnish. the dish seems to be have been cooked in a sauce that could be a tomato-based sauce, given the color and consistency visible in the image"
176aa7a0d1fac3f,What color are the Padron peppers,green,the padron peppers in the picture are green
176aa7a0d1fac3f,What type of vegetable is shown in the image,peppers,"the image shows a plate of pimientos de padron, which are a variety of green peppers native to galicia, spain. they are typically served as a tapa (tapas) dish and are known for their being slightly spicy when they are cooked"
176aa7a0d1fac3f,Where are the peppers scattered across,scattered across,"the peppers appear to be scattered across a white plate. the plate is likely placed on a table, but the image does not show the entire setting beyond the plate and the peppers"
176aa7a0d1fac3f,How do the peppers appear on the plate,glistening,"the peppers in the image appear to be whole, green, and possibly fresh. they are are arranged in a somewhat scattered manner on the plate, with some overlapping each other. the plate also contains a small amount of what appears to be a white sauce or dip in the top left corner, which might be intended for dipping the peppers"
c19a3ea29eeebad,What color is the container,white,the container in the picture appears to be white with a green lid
c19a3ea29eeebad,What type of sauce is in the container,pesto,"the image shows a container filled with what appears to be a green sauce, which could be pesto or a similar herb-based sauce. however, without more context or a clearer view, it's difficult to definitively identify the exact type of sauce"
c19a3ea29eeebad,What is the chive pesto stored in,container,"the chive pesto appears to be stored in a container with a green lid, which is likely made of plastic or another non-reactive material suitable for food storage"
c19a3ea29eeebad,How would you describe the green color of the pesto,vibrant,"the green color in the image appears to be a vibrant, fresh shade of green, which is characteristic of basil pesto. this color is typically achieved by using fresh basil leaves, which are rich in chlorophyll and other pigments compounds that give them their distinctive hue. the green color can also vary slightly depending on the type of basil used, the freshness of the ingredients, and the method of preparation. in this case, the pesto looks to have been made with fresh basil, as indicated by its bright and uniform green color"
e83d92fa9726ea1,How does the walnut pesto appear in terms of texture,textured,"the walnut pesto appears to have a chunky, textured appearance. the presence of visible pieces of walnut suggests that it is not finely-smooth but rather has a more rustic, homemade quality. this texture is typical for pestos made with nuts like walnuts, as they do not blend into a fine paste like traditional basil pesto made with just basil and olive oil"
e83d92fa9726ea1,What type of sauce is primarily green and textured,pesto,"the image shows a bowl of pesto, which is a green, textured sauce typically made from basil, garlic, pine nuts, parmesan cheese, and olive oil"
e83d92fa9726ea1,What does the walnut pesto fill in the image,fills,"the image shows a bowl filled with walnut pesto, garnished with fresh basil leaves"
e83d92fa9726ea1,What color is the ceramic bowl,white,the ceramic bowl in the image is white
e83d92fa9726ea1,Where are the fresh basil leaves placed,on top of,the fresh basil leaves are placed around the bowl of pesto in the image
ac6d8e898685baa,What is the main protein in the dish,chicken,"the main protein in the dish appears to be a piece of fish, possibly tilapia or another similar white fish, based on its texture and appearance. it is topped with capers and served with a side of mashed potatoes and a garnish of parsley and lemon"
ac6d8e898685baa,Where are some of the capers falling,falling onto,"in the image, some of the capers appear to be falling off the plate or onto the surface beneath it. the plate seems to have a slightly raised edge, and the capers are scattered around the plate's, suggesting they might be falling off the edge or onto the surface below the plate"
ac6d8e898685baa,What color are the capers,green,the the capers in the image are green
ac6d8e898685baa,How are the chicken pieces arranged in the image,scattered,"the chicken pieces in the image appear to be arranged on a plate with a decorative presentation. the chicken is garnished with capers and accompanied by a slice of lemon, which is placed on top of one of the chicken pieces. there is also a sprig of parsley as a garnish. the chicken seems to be be served over a bed of what looks like mashed potatoes or a similar side dish. the overall arrangement suggests an effort to make the dish visually appealing"
7f4a3652f38c3ca,What is the main ingredient in the jar,pickles,"the main ingredient in the jar appears to be sliced or cut pieces of fruit, possibly pineapple, given their yellow color and shape. they are preserved in a liquid, which could be water, syrup, or another type of preserving liquid. the jar also contains some green leaves or herbs, which might be used as a garnish or for flavoring"
7f4a3652f38c3ca,What material is the jar made of,glass,"the jar in the image appears to be made of glass. this can be inferred from its transparency and the way it reflects light, which is characteristic of glass containers. additionally, the lid seems to be be made of metal, likely stainless steel or aluminum, which is common for preserving jars"
7f4a3652f38c3ca,Is the jar full or empty,full,"the jar is not full; it appears to be partially filled with sliced yellow fruits, possibly pineapple, and some liquid at the bottom"
7f4a3652f38c3ca,What color are some of the zucchini slices,yellow,"the zucchini slices in the jar appear to be yellowish-green, which is typical for zucchini that has been pickled or preserved"
7f4a3652f38c3ca,How are the zucchini pickles cut,sliced,the zucchini pickles in the image appear to be sliced into rounds or discs. this is evident from the circular shape of the pickled pieces visible in the jar
23c54d8ee77e341,What color are the candied dill pickles,yellowish-green,"the candied dill pickles in the image appear to be a pale yellowish-green color, which is typical for pickled vegetables like dill pickles"
23c54d8ee77e341,What type of pickles are shown in the image,pickles,"the image shows a small white bowl containing sliced pickled vegetables, which appear to be pickled cucumbers or possibly pickled turnips. the larger jar in the background also contains what looks like pickled cucumbers, as they are typically preserved in a similar manner. the small red objects next to the bowl could be cherry tomatoes garnishes, which are are often used for decoration rather than being part of the pickle itself"
23c54d8ee77e341,Where is the jar filled with pickles located,on the left side,"the jar filled with pickles is located in the background of the image, to the left side. it appears to be on a white surface, possibly a cutting board or a plate"
23c54d8ee77e341,What color is the bowl on the right side,white,the bowl on the right side is white
80b4940c04976c6,What is the color of the glass jar,clear,"the glass jar in the picture appears to be clear or transparent, allowing the contents inside to be visible. the liquid and pickles inside the jar are greenish-yellow, which suggests that it might contain pickled vegetables like dill pickles"
80b4940c04976c6,What type of food is inside the jar,pickles,"the jar appears to contain pickled vegetables, likely pickles or a similar type of preserved vegetable. the green color and the shape of the items suggest they could be pickled cucumbers or another type of pickled vegetable. the liquid in the jar is likely a brine solution used for pickling"
80b4940c04976c6,What color are the pickles,green,"the pickles in the jar appear to be green, which is typical for dill pickles. the green color comes from the pickling brine and the dill used in the pickling process"
80b4940c04976c6,Where are the pickles stored,in a jar,"the pickles in the picture are stored in a glass jar, which is placed on a wooden cutting board. the jar appears to be sealed with a metal lid, suggesting that it is likely a mason jar or a similar type of preserving jar commonly used for canning and storing pickled vegetables"
f631b6ffa9f8e44,What is the state of the cheese layer on top of the pie,melted,"the cheese layer on top of the pie appears to be partially melted and slightly browned, indicating that it has been baked or heated. it looks like it's still in the process of being cooked as there some parts of the cheese are not fully melted yet"
f631b6ffa9f8e44,What type of food is primarily located on the right side of the image,pie,"the food primarily located on the right side of the image appears to be a baked dish, possibly a bread or pastry with a filling that includes cheese and possibly other ingredients like herbs or vegetables. it looks like it could be a savory bread or a quiche"
f631b6ffa9f8e44,What color is the crust of the pie,tan,the crust of the pie appears to be golden brown in the image provided
f631b6ffa9f8e44,What color is the baking tin the pie is sitting in,silver,the baking tin the pie is sitting in appears to be silver or metallic in color
d1323e9519e7ce3,What type of fruit is used in the pies,apricot,"the image shows what appear to be apple pies, as indicated by the shape and texture of the filling visible through the crust. however, without a closer look or additional context, it's not possible to definitively identify the exact type of fruit used in these pies. it could also be another type of fruit pie such as cherry, peach, or blueberry"
d1323e9519e7ce3,What color are the pies,golden-brown,"the pies in the picture appear to be golden brown in color, which is typical for fried or baked pastries that have been cooked until they achieve a crisp exterior and a light, flaky interior"
d1323e9519e7ce3,What type of dessert is shown in the image,pies,"the image shows what appears to be fried dough, often referred to as ""fritters"" or ""doughnuts."" these are typically made from a yeast-raised dough that is deep-fried until golden brown and then dusted with powdered sugar"
d1323e9519e7ce3,What is the texture of the pies,uneven,"the pies in the image appear to have a golden-brown, crispy texture on the outside, which suggests they they might be fried or baked until they achieve that level of crispiness. the powdered sugar on top indicates that they might be sweet and likely have a flaky or crumbly texture inside"
e8022d21e4305f3,What type of dessert is shown in the image,pie,the image shows a chocolate pie with a generous layer of whipped cream on top
e8022d21e4305f3,What color is the ceramic dish,white,the ceramic dish in the picture is white
e8022d21e4305f3,What color is the plate under the dish,green plate,the plate under the dish is green
d759993231e4ae6,What color are the pierogi,yellow,"the pierogi in the picture appear to be a light golden brown color, which is typical for pierogi that have been pan-fried or boiled and then fried"
d759993231e4ae6,What type of food is shown in the image,pierogi,"the image shows dumplings, which are a type of food that typically consists of a thin dough wrapper filled with various ingredients such as meat, vegetables, cheese, or fruits. and then sealed by pinching the edges together. they can be boiled, steamed, pan-fried, or deep-fried. the specific


 addcriterion
"
d759993231e4ae6,Where are the pierogi placed,on the plate,"the pierogi are placed on a plate with a checkered pattern, which is then sitting on a placemat that has a similar checkered design"
d759993231e4ae6,Where is the pierogi located in the middle of the plate,center,"the pierogi is located in the middle of the plate, but it appears to be slightly off of the center due to its placement on the plate"
9847bc5024dc67b,What color is the plate,white,the plate in the image is white
9847bc5024dc67b,What color is the hotdog,pinkish-red,"the hotdog in the picture appears to be a standard pinkish-red color, which is typical for cooked hotdogs"
9847bc5024dc67b,Where are the pigs in a blanket placed,on a plate,"the pigs in a blanket, which are hot dogs wrapped in crescent rolls and topped with melted cheese, are placed on a white rectangular plate. the plate is set on what appears to be a wooden surface"
def28ab9ad33050,What is the main ingredient in the Apricot Almond Pilaf,rice,"the image you've provided does not show an apricot almond pilaf, but rather what appears to be a dish of rice with vegetables and possibly some herbs garnish on top. it could be a type of rice pilaf or biryani, which often includes vegetables like carrots and peas, and sometimes herbs for flavoring. however, without more specific information or a clearer image, it's difficult to accurately identify the exact dish. if you you have any more details about the dish or its ingredients, i'd be happy to help further!"
def28ab9ad33050,Where are all the food items placed,inside the bowl,"the image shows a dish of of rice, garnished with what appears to be chopped vegetables and a sprig of fresh parsley on top. the rice is served in a ceramic bowl with a handle, which is placed on a surface that seems to be have a blue patterned cloth underneath it"
da6f20f25f32a9d,What color is the base of the rice,yellow,"the base of of the rice appears to be white, which is typical for cooked rice"
da6f20f25f32a9d,How are the slices of red bell peppers arranged,scattered,"the slice of red bell peppers in the image appear to be scattered throughout the dish, interspersed with other ingredients such as yellow bell pepper slices and what looks like shredded cabbage or a similar vegetable. they are not arranged in any particular pattern but rather seem to be distributed evenly across the dish, contributing to the overall mix of colors and textures"
da6f20f25f32a9d,What is the main ingredient in the pilaf,rice,"the image you provided appears to be a dish that includes bell peppers, which are a main ingredient. however, without more context or a clearer view of the entire dish, it's difficult to definitively identify the main ingredient. pilaf typically involves rice as its primary component, often mixed with vegetables and sometimes meat or other proteins. if this is indeed a pilaf, the bell peppers would likely be a secondary ingredient rather than the main one"
da6f20f25f32a9d,What color are the bell pepper slices partially visible beneath the yellow rings,red,the bell pepper slice partially visible beneath the yellow rings is green
da6f20f25f32a9d,Where are the green bell pepper slices mostly located,on the left,the green bell pepper slice is mostly located in the lower right portion of the image
a6d484ebeacc37e,What size is the glass punch bowl,large,"the image shows a large, clear glass punch bowl that appears to be designed for serving a significant amount of punch or other beverages. it looks like it could hold several liters, which would be suitable for a party or gathering. however, without specific measurements, it's difficult to give an exact size. typically, such a bowl might range from 5 to 10 liters in capacity"
a6d484ebeacc37e,Where is the coconut shell cup located,to the lower left,"the coconut shell cup is located in the foreground of the image, on the left side"
1c9c8473c25453f,What is the primary flavor of the pinwheels,chocolate,"the image shows chocolate-covered pinwheels, which typically have a chocolate flavor on the outside and a creamy filling inside. the filling appears to be a light-colored cream, possibly vanilla or another type of buttercream, which contrasts with the dark chocolate coating"
1c9c8473c25453f,What color is the dark chocolate component of the pinwheel,brown,"the dark chocolate component of the pinwheel appears to be a rich, dark brown color"
1c9c8473c25453f,Where is the larger pinwheel located,on the left,"the larger pinwheel in the image appears to be on the left side of the image. it has a dark, possibly chocolate-colored exterior with a lighter, cream or white interior that resembles the filling of a pinwheel cookie"
d16d3b9f8992526,What is the temperature of the pinwheels,hot,"the image shows a plate of pinwheels, which appear to be freshly baked and warm. however, as an ai, i cannot determine the exact temperature of the pinwheels from the image alone. the pinwheels look golden brown and have a slightly toasted appearance on top, suggesting they might still be warm or hot when just taken out of the oven"
d16d3b9f8992526,What color are the onion pieces on the pinwheels,brown,"the onion pieces on the pinwheels appear to be a light golden-brown color, indicating they they have been sauted or cooked until they have a slightly crispy texture"
d16d3b9f8992526,Where are the onion pieces located on the pinwheels,on top,"the onion pieces appear to be sprinkled on top of the pinwheels, likely as a garnish or flavoring. they are are distributed across the surface of each pinwheel, adding texture and visual appeal to the dish"
f18e99e9dcc91a3,What type of bread is shown in the image,bread,"the image shows a pita bread, which is a type of flatbread that is commonly used to wrap fillingsings such as vegetables, meats, and sauces"
f18e99e9dcc91a3,What color is the gluten-free pita flatbread,brown,"the gluten-free pita flatbread in the picture appears to be a light brown or beige color, which is typical for flatbreads made from gluten-free flours like almond flour, coconut flour, or other grain-free alternatives"
f18e99e9dcc91a3,Where is part of the bread located,on the plate,"the part of the bread, which appears to be a pita or flatbread, is located on the left side of the image. extending towards the center"
f18e99e9dcc91a3,What is scattered on the plate under the bread,crumbs,"the plate appears to have some small, light-colored specks scattered underneath the bread. these could be seeds or grains, possibly sesame seeds or poppy seeds, which are common toppings for flatbreads like pita"
c1b6d1ed9795a47,What color is the plate,white,the plate in the image is white
c1b6d1ed9795a47,What type of bread is shown in the image,bread,"the image shows a stack of flatbreads, which appear to be naan or a similar type of bread. these are typically characterized by their are soft, slightly chewy, and often have a slightly puffy appearance. the golden-brown color suggests they may have been baked or grilled, which is common for this type of bread"
c1b6d1ed9795a47,What color is the napkin,red,the napkin in the picture is orange
c1b6d1ed9795a47,What color is the pita bread,tan,"the pita bread in the picture appears to be a light golden brown color, which is typical for freshly baked pita bread"
c1b6d1ed9795a47,Where is the pita bread placed,on a white plate,"the pita bread is placed on a white plate, which is resting on an orange napkin. the plate and napkin are set on a light-colored surface, possibly a table or countertop"
025ee3dfc1e85c2,How are the pear slices arranged on the pizza,arranged,"the pear slices are arranged in a circular pattern around the center of the pizza, creating a decorative and visually appealing design"
025ee3dfc1e85c2,What fruit is placed on top of the cheese,pear,the fruit placed on top of the cheese appears to be sliced pears
025ee3dfc1e85c2,Where are the pear slices placed on the pizza,on top of,"the pear slices are placed on top of the pizza, arranged in a circular pattern around the center. which is likely garnished with herbs and nuts. this arrangement creates an aesthetically pleasing presentation and also allows for the flavors to be be evenly distributed across the pizza"
09ffcc95dea0190,What color is the pizza pan,silver,the pizza pan in the picture appears to be silver or metallic in color
09ffcc95dea0190,What type of food is shown in the image,pizza,"the image shows a flatbread or pizza base that has been spread with a red sauce, likely tomato-based, which could be a tomato sauce or a red pesto"
09ffcc95dea0190,What color is the tomato sauce,red,"the tomato sauce in the image appears to be a deep red color, which is typical for tomato-based sauces"
09ffcc95dea0190,What color is the crust,beige,"the crust in the picture appears to be white, which is typical for a pizza crust made from dough that has not been baked yet"
09ffcc95dea0190,What is the shape of the pizza pan,on a round,"the pizza pan in the image appears to be round. this can be inferred from the circular shape of the pan and the way the dough is spread out evenly across it, which is typical for a round pizza pan"
03c09164b78a5c8,What color is the crust of the cobbler,golden-brown,"the crust of the cobbler appears to be a golden brown color, which is typical for baked crumb or streusel topping"
03c09164b78a5c8,Where is the baking dish located,on the left,"the baking dish is located on the left side of the image, placed on a white wooden surface. it appears to be filled with a baked dessert that looks like a crumble or crisp, possibly made with fruit given the visible chunks and the topping's.styletype"
3a8a01d4826590d,What type of bread is shown in the image,plum bread,"the image shows muffins, not bread. muffins are small, individual-sized baked goods that are typically sweet and moist, often made with a batter similar to cake but baked in a muffin tin. the muffins in the image appear to be whole-grain or oat-based, given their texture and color"
3a8a01d4826590d,What color is the plate,white,the plate in the image is white
3a8a01d4826590d,What color is the base of the plum bread,tan,"the base of the plum bread appears to be a light brown or tan color, which is typical for baked goods made with whole wheat flour or other whole grain flours"
3a8a01d4826590d,What is the texture of the top of the plum bread,cracked,"the top of the plum bread appears to have a slightly rough and uneven texture, which is typical for muffins or breads made with whole grains flours or those that are baked in paper liners. the surface looks slightly cracked and has a rustic appearance, suggesting it might be a whole wheat or spelt flour-based bread"
3a8a01d4826590d,Where is the plate placed,on a plate,"the plate with the muffins is placed on a dark surface, which appears to be a countertop or table"
9925a351bf1ca8c,What is the color of the watermelon's interior,pink,"the interior of the watermelon in the picture appears to be a vibrant red, which is typical for ripe watermelons"
9925a351bf1ca8c,What is the food served on,plate,the food in the picture is served on a white paper plate
9925a351bf1ca8c,What is the color of the watermelon's flesh,red,"the flesh of the watermelon in the picture appears to be a vibrant red color, which is typical for ripe watermelons"
9925a351bf1ca8c,What green herb is beside the watermelon slice,parsley,the green herb beside the watermelon slice appears to be parsley
e5661bb8414166b,What type of dish is featured in the image,polenta,"the image features a plate with a serving of creamy polenta topped with grated cheese and garnished with fresh parsley. in the background, there appears to be a piece of grilled or roasted meat, possibly steak, accompanied by green beans. this combination suggests a hearty and comforting meal, often enjoyed in italian cuisine"
e5661bb8414166b,What color is the polenta,yellow,the polenta in the picture appears to be a light yellow or off yellowish-white color
e5661bb8414166b,What color is the parsley garnish,green,the parsley garnish in the picture is green
8d5dbc4a9462c53,What is the dish in the lower center of the image,polenta,"the dish in the lower center of the image appears to be a creamy corn-based dish, possibly a type of corn chowder or creamed corn"
8d5dbc4a9462c53,Where is the polenta located in the image,in the lower center,"the polenta is located in the foreground of the image, occupying the lower portion of the plate"
8d5dbc4a9462c53,How is the corn prepared in the polenta,roasted,"the corn in the polenta appears to be cooked and mixed into the polenta itself, rather than being a separate side dish. it looks like the corn kernels have been incorporated into the creamy, white polenta, giving it a slightly yellow hue from the corn"
4668800e907780a,What color are the chicken pieces,beige,"the chicken pieces in the image appear to be white, which is typical for cooked chicken that has been coated in a creamy sauce"
4668800e907780a,What type of meat is in the dish,chicken,"the image shows a dish that appears to be chicken in a creamy sauce, possibly a chicken alfredo or a similar dish. however, without more context or a clearer view, it's difficult to definitively identify the exact type of meat. it could also be another type of white meat like turkey or even a plant-based alternative"
4668800e907780a,What color is the cream sauce,yellow,"the cream sauce in the picture appears to be a light yellow or offang color, which is typical for a creamy sauce that might contain ingredients like butter, cream, and possibly cheese"
4668800e907780a,What color is the sauce covering the dish,cream,the sauce covering the dish appears to be a creamy white or light yellow color
953f6be44a13027,What color are many of the rice grains coated in,yellow,"the rice grains in the image appear to be coated with a yellowish-orange seasoning, which is likely turmeric or a similar spice commonly used in rice dishes"
953f6be44a13027,What is the main grain used in the dish,rice,"the dish appears to be a type of pilaf, which is a rice-based dish often cooked with various meats and vegetables. the main grain used in this dish seems to be rice, as it forms the base of the mixture. the presence of shredded ingredients suggests that it could also include potatoes or other root vegetables commonly in pilaf dishes. however, without more specific information, it's hard to determine the exact type of rice used"
953f6be44a13027,What color is the ground meat mixed with the cabbage,brown,"the ground meat in the image appears to be brown, which is typical for cooked ground beef or a similar type of meat"
953f6be44a13027,What color are the pieces of cabbage,in light yellow,"the pieces of cabbage in the image appear to be a mix of light yellow and white, which is typical for cooked cabbage that has been sauted or stir-fried"
6908c6556f00d12,How are the dark brown pieces of meat and green beans distributed in the rice,interspersed,"the image shows a dish that appears to be biryani, a popular rice dish from the indian subcontinent. the dark brown pieces of meat are distributed throughout the rice, interspersed among the grains. the green beans seem to be mixed in with the rice as well, adding a pop of of color and likely some texture contrast to the dish. the red and green vegetables on the side appear to be a separate garnish or topping, not part of the main rice mixture"
6908c6556f00d12,What is the main ingredient in the lower half of the image,rice,"the main ingredient in the lower half of the image appears to be biryani, which is a type of rice dish that is commonly in south asian cuisine. it typically consists of layers of rice and meat or vegetables, often seasoned with spices such as saffron, turmeric, and cinnamon. the dish is often served with a side of raitaas or salad"
6908c6556f00d12,What color are the diced tomatoes in the salad,red,the diced tomatoes in the salad appear to be red
6908c6556f00d12,What color are the diced cucumbers in the salad,green,the diced cucumbers in the salad appear to be green
6908c6556f00d12,Where is the salad located in relation to the rice,above the rice,"the salad is located on the top left corner of the plate, while the rice is spread across the bottom and middle of the plate"
c664b30dc984fe4,What color is the frosting on the cake pop,pink,the frosting on the cake pop appears to be pink
c664b30dc984fe4,What type of dessert is the food item,cake,"the image shows a dessert that appears to be a cake pop. it has a round, pink base that resembles a cake or a ball of dough, and it's decorated with colorful sprinkles on top. the stick inserted into the center suggests that it is meant to be be eaten by holding the stick"
c664b30dc984fe4,What are the sprinkles on the cake pop like,colorful,"the cake pop in the picture has colorful sprinkles on it. the sprinkles appear to be small, round, and come in various colors such as pink, yellow, white, and possibly some other pastel shades. they are are evenly distributed across the surface of the cake pop, giving it a festive and decorative appearance"
c664b30dc984fe4,Where is the cake pop placed,on a light brown surface,"the cake pop appears to be placed on a flat surface, likely a table or countertop. it is positioned upright with a stick inserted into its center, which is typical for cake pops as it allows them to stand and be eaten easily. the background is plain and does not provide any additional context about where exactly it is placed"
77f4c5b414b903a,What color are the ice pops,brown,"the ice pops in the picture appear to be a light brown or beige color, which suggests they might be chocolate-flavored"
77f4c5b414b903a,What type of food is shown in the image,ice pops,"the image shows a plate with two ice cream popsicles, which appear to be chocolate-flavored. next to the popsicles, there are a jar of nutella and a container of cool whip. these items suggest that the popsicles might have been dipped or coated with these toppings for added flavor"
77f4c5b414b903a,What color is the plate,white,the plate in the image is white
77f4c5b414b903a,Where are the ice pops placed,on a white plate,the ice pops are placed on a white plate in the foreground of the image
77f4c5b414b903a,What is the state of the background objects,blurred,"the background objects in the image include two containers: one labeled ""nutella"" and another labeled ""cool whip."" both containers appear to be unopened, as there are no visible signs of use or residue on their lids or sides. the nutella container has a brown lid with a red label, while the cool whip container has a white lid with a blue label. the items are placed on a wooden surface, and the focus popsicles are in the foreground on a white plate"
95c0881264faca7,What color are the gingersnap cookies,brown,"the gingersnap cookies in the picture appear to be a light brown or golden-brown color, which is typical for gingersnap cookies"
95c0881264faca7,What type of baked goods are shown in the image,cookies,"the image shows cookies, specifically what appear to be molasses cookies or ginger cookies, given their color and texture. these types of cookies are often known for their chewy consistency and warm spices like cinnamon, ginger, or molasses"
95c0881264faca7,Where are the cookies placed,on a metal baking sheet,"the cookies appear to be placed on a baking sheet or a similar flat surface, likely after being baked and cooled. they seem to be have been arranged in a way that allows for even cooling and easy handling"
cc8ab18052f66ff,How does the surface of the chicken appear,shiny,"the surface of the chicken appears to be golden brown, which suggests it has been fried or baked until crispy"
cc8ab18052f66ff,What is the color of the rice,rice,"the rice in the picture appears to be a light brown or tan color, which is typical for cooked rice that has been seasoned or possibly mixed with other ingredients like spices or herbs"
cc8ab18052f66ff,What is the color of the chicken surface,brown,"the chicken in the picture appears to be golden brown, which is typical for fried or baked chicken that has been cooked to a crisp exterior"
cc8ab18052f66ff,How are the chicken pieces arranged,stacked on,"the chicken pieces in the image appear to be arranged in a somewhat scattered manner on the plate. they are not neatly stacked or aligned in a specific specific pattern. instead, they seem to be placed casually, with some overlapping slightly and others positioned more prominently in the center of the plate. this arrangement gives the dish a casual and home-cooked appearance"
efa79f62e1212b8,What color is the bowl,pink,the bowl in the picture is pink
efa79f62e1212b8,What is holding the candied almonds,bowl,the candied almonds are being held in a pink bowl
efa79f62e1212b8,What color are the candied almonds,brown,"the candied almonds in the image appear to be a light brown color, which is typical for almonds that have been coated with sugar and possibly other flavorings agents"
a9de64865353ad1,What type of nuts are in the jar,almonds,"the nuts in the jar appear to be almonds. they have the characteristic elongated shape and size typical of almonds, which are often used for snacking or baking"
a9de64865353ad1,What is the container for the almonds,jar,the container for the almonds appears to be a glass jar with a green lid
a9de64865353ad1,Where are the scattered almonds located,on the same surface,"the scattered almonds are located on a wooden surface in the foreground of the image, to the right of the glass jar with the green lid"
9a2122c94391ed2,What color is the almond tea,orange,"the almond tea in the picture appears to be a light amber or golden color, which is typical for many types of herbal teas, including almond-flavored ones"
9a2122c94391ed2,What type of surface is the glass sitting on,on the bottom center,"the the glass appears to be sitting on a flat, dark-colored surface that looks like it could be a table or a similar outdoor surface. it's not possible to determine the exact material from the image alone, but it seems to be have a smooth texture and is likely made of a solid material such as wood, stone, or metal"
9a2122c94391ed2,What color is the background of the image,green,"the background of the image features green grass and trees, indicating an outdoor setting with natural light"
0a14bf73604dec2,What color are the sweet potatoes,vibrant,"the sweet potatoes in the picture appear to be a deep orange color, which is typical for sweet potatoes"
0a14bf73604dec2,What type of vegetable is in the bowl,sweet potatoes,"the vegetable in the bowl appears to be mashed sweet potato. this can be identified by its orange color and texture, which are characteristic of sweet potatoes when they have been cooked and mashed. the garnish on top looks like fresh thyme, which is often used as a decorative and flavorful addition to sweet potato dishes"
0a14bf73604dec2,What color is associated with the sweet potatoes,orange,"the sweet potatoes in the picture appear to be a deep orange color, which is typical for sweet potatoes"
0a14bf73604dec2,Where are the sweet potatoes mounded,within the bowl,"the sweet potatoes appear to be mounded in a glass bowl. the bowl is transparent, allowing you to see the texture and color of the sweet potatoes clearly"
d0501785b532eca,What color are the darker patches on the apples,brown,the darker patches on the apples appear to be brown
d0501785b532eca,What fruit is shown in the image,apples,"the image shows a bowl containing what appears to be a peeled and halved peach or nectarine, with a syrupy sauce around it"
d0501785b532eca,What color is the bowl,white,the bowl in the picture appears to be white with a dark rim
d0501785b532eca,What color is the cut apple piece,yellow,"the cut apple piece in the image appears to be a light yellowish-orange color, which is typical for a ripe apple"
d0501785b532eca,Where are the apples placed,in a bowl,"the apples appear to be placed in a bowl, which is sitting on a table or a similar surface"
47319ad0fa9cdb4,What is the applesauce contained in,applesauce,the applesauce is contained in a blue ceramic bowl
47319ad0fa9cdb4,What color is the bowl,blue,the bowl in the picture is blue
47319ad0fa9cdb4,What color is the apple closer to the bowl,red,"the apple closer to the bowl is red with a yellowish tint, which suggests it might be a variety of apple such as a red delicious or gala"
47319ad0fa9cdb4,Where is the bowl placed,on a surface,the bowl appears to be placed on a wooden surface near the edge of a pool or a body of water with a blue background
dc9c9c226ed6f6b,What is the color of the applesauce,applesauce,"the applesauce in the image appears to be a light brown or golden color, which is typical for applesauce made from apples that have been cooked and mashed"
dc9c9c226ed6f6b,What is the color of the applesauce in the bowl,golden-brown,"the applesauce in the bowl appears to be a light brown or golden color, which is typical for cooked applesauce"
dc9c9c226ed6f6b,What is being done with the spoon in the image,scooped,"the spoon in the image is being used to scoop up a portion of what appears to be a thick, chunky substance from a bowl. this could be a type of fruit compote, jam, or another similar food item. the spoon is lifted out mid-scoop, indicating that it's being used to serve or eat the contents of the bowl"
dc9c9c226ed6f6b,What color is the bowl containing the applesauce,white,"the bowl containing the applesauce is white with a textured, ribbed design"
dc9c9c226ed6f6b,Where is most of the applesauce located,in the bowl,"most of the applesauce is located in the bowl, which appears to be filled with the applesauce up to its rim"
e0e667da478e560,What color is the pear-applesauce inside the jar,golden-amber,"the pear-applesauce inside the jar appears to be a light orange or yellowish color, which is typical for applesauce made with pears and apples"
e0e667da478e560,What is the container holding the pear-applesauce,jar,the container holding the pear-applesauce appears to be a glass jar with a metal lid
e0e667da478e560,What color is the apple on the table,yellow,the apple on the table appears to be yellow
e0e667da478e560,Where is the jar of pear-applesauce placed,on the table,"the jar of pear-applesauce appears to be placed on a wooden surface, possibly a table or a countertop"
e0e667da478e560,What color is the small dish containing more pear-applesauce,white,the small dish containing more pear-applesauce appears to be white
996c337701e6c89,What is the main protein in the dish,meat,"the main protein in the dish appears to be ground meat, possibly beef or pork, mixed with what looks like a sauce that could include ingredients such as soy sauce, garlic, and possibly chili flakes, given the dark color and texture. it's often served with rice and vegetables, which are are common accompaniments for this type of dish"
996c337701e6c89,What vegetable is visible in the ground meat mixture,carrots,"the image shows a plate of food that includes ground meat, rice, and what appears to be a slice of bread or a piece of toast. the ground meat mixture contains visible pieces of carrot, which are are a common vegetable used in such ground meat dishes for flavor and texture"
996c337701e6c89,How are the plantains prepared,fried,"the plantain in the image appears to be fried or roasted, as it has a golden-brown color and a slightly crispy texture. visible on its surface. it is typically prepared by peeling the plantain, slicing it lengthwise, and then frying or roasting it until it's tender and slightly browned. the plantain is often served as a side dish or can be used as an ingredient in various dishes"
996c337701e6c89,Where is the ground meat mixture located,on the plate,"the ground meat mixture is located in the left section of the plate, next to the white rice and the slice of bread"
996c337701e6c89,Where is the rice placed relative to the ground meat,adjacent,"the rice is placed on the right side of the plate, while the ground meat is on the left side. of the plate"
e0d807ecc1cc31b,What color are the artichoke hearts,green,"the artichoke hearts in the picture appear to be a light green color, which is typical for cooked artichoke hearts"
e0d807ecc1cc31b,What type of vegetable is shown in the lower-left area,artichoke,"the vegetable in the lower-left area appears to be artichokes. they have a distinctive green, leafy exterior and a fleshy, pale interior that is often used in cooking. the image shows them with a seasoning or sauce applied, which is common in various preparations of artichokes"
e0d807ecc1cc31b,What color is the plate,white,the plate in the image appears to be white
e0d807ecc1cc31b,Where are the lettuce leaves located,to the right,"the lettuce leaves appear to be located on the right side of the plate, partially overlapping with the artichoke hearts and other food items"
fa3f82cfa61ea05,What color is the majority of the asparagus,green,the majority of the asparagus in the picture appears to be green
fa3f82cfa61ea05,What vegetable is featured in the dish,asparagus,the dish features asparagus
fa3f82cfa61ea05,How are the asparagus pieces arranged on the plate,arranged,"the asparagus pieces are arranged in a somewhat scattered manner on the plate, with some overlapping each other. they appear to be cooked and seasoned, possibly with a light dressing or butter, and are presented alongside what looks like a piece of breaded and fried food item, possibly a chicken or fish fillet. the plate itself is white and scalloped, which adds provides a nice contrast to the green color of the asparagus"
dadaf1377287f2d,What color are the asparagus spears,green,the asparagus spears in the picture appear to be green
dadaf1377287f2d,What vegetable is shown in the image,asparagus,"the image shows asparagus, which is a green vegetable commonly used in various cuisines"
dadaf1377287f2d,In which direction are the asparagus tips pointing,upwards,the asparagus tips in the image are pointing towards the top left corner of the frame
dadaf1377287f2d,Where are the asparagus spears stacked,on top of,"the asparagus spears in the image appear to be stacked on a white plate. the spears are arranged vertically, with some overlapping each other slightly, and they seem to have been cooked or seasoned, as indicated by the visible seasoning and oil on their surfaces"
a07fe2567ba507e,What color is the avocado near the center,green,"the avocado in the center appears to be green, which is the typical color of ripe avocados"
a07fe2567ba507e,What fruit is used to hold the baked egg,avocado,the fruit used to hold the baked egg in the picture is an avocado
a07fe2567ba507e,What color is the egg white,white,"the egg white in the picture appears to be a light yellowish-white color, which is typical for cooked eggs"
a07fe2567ba507e,Where is the avocado's outer skin described,on its outer skin,"the avocado's outer skin, which is also known as the peel or rind, is not visible in this image. the image shows the inside of an avocado that has been cut open and filled with what appears to be a baked egg, garnished with bacon bits and herbs"
a07fe2567ba507e,Where are the diced pieces of ham located,scattered,"the diced pieces of ham are located on top of the avocado slices in the image. they appear to be sprinkled over the avocado and the egg, adding a savory element to the dish"
d294dd73f747ba7,What color is the pie filling,green,the pie filling in the picture appears to be green
d294dd73f747ba7,What type of dessert is shown in the image,pie,"the image shows a key lime pie, which is a dessert consisting of a graham cracker crust filled with a creamy, tart filling made primarily from key limes, sugar, and egg yolks. topped with whipped cream. the color of the filling suggests it's made with key limes, giving it its characteristic green hue"
d294dd73f747ba7,What color is the whipped cream on top of the pie,white,the whipped cream on top of the pie appears to be white
d294dd73f747ba7,Where is the whipped cream located,on top,"the whipped cream is located on top of the pie in the image. it appears to be generously spread over the green-colored filling, which is likely the pie's itself"
e57919c504620ad,What color is the fried batter coating of the avocado bites,golden-brown,"the fried batter coating on the avocado bites appears to be a light golden brown color, which is typical for fried foods"
e57919c504620ad,What is the main ingredient of the bites,avocado,"the image shows what appears to be fried or baked bites, possibly appetizers or snacks. the main ingredients visible in these bites include:

1. **vegetables**: there seem to be pieces of green vegetables, which could be zucchini, bell peppers, or other similar vegetables.
2. **cheese**: there are a yellowish element that looks like cheese, possibly shredded cheddar or a similar type.

these

 !***"
e57919c504620ad,What color is the avocado inside the bites,green,"the avocado inside the bites appears to be green, which is typical for ripe avocados"
e57919c504620ad,Where are the avocado bites placed,on a white square plate,"the avocado bites are placed on a white square plate, which is set on an orange and white striped cloth. there is also a small bowl of dipping sauce in the background, accompanied by some green onions or scallions for garnish"
e57919c504620ad,Do the avocado bites have the same size and shape,vary,"the avocado bites in the image appear to be roughly the same size and shape, though they may not be perfectly uniform. they seem to be cut into small, cube-like pieces, which is a common way to prepare avocado for appetizers or dips. the consistency of their size and shape suggests that they were likely cut by hand rather than with a machine, which can result in slight variations"
bc65d8c82c97c6e,What type of berries are on the Dutch Babies,raspberries,"the the dutch baby in the picture appears to be topped with a variety of berries, including raspberries and blueberries. it's possible that there are other types of berries as well, but it is not possible to determine from the image"
bc65d8c82c97c6e,How are the berries near the left edge arranged,scattered,"the berries at the left edge of the image appear to be arranged in a small, circular cluster. they seem to be be placed in a way that they form a small, decorative pile. the berries include both raspberries and blueberries, and they are positioned close together, creating a visually appealing contrast against the background of the dish"
bc65d8c82c97c6e,What color are the raspberries,red,the raspberries in the image are red
bc65d8c82c97c6e,Where are the Dutch Babies presented,on the white cloth,"the dutch baby is presented in a cast iron skillet, which is placed on a white plate. the skillet is filled with a golden-brown pancake-like dish topped with fresh berries, including raspberries and blueberries. the background includes a bowl of additional berries, suggesting that these are the toppings used for the dish"
43f16eb0ce00b22,How does the bacon appear on the surface,glistening,"the bacon in the image appears to be cooked and seasoned. the surface of the bacon has a dark, crispy texture with visible seasoning, which suggests it might have been smoked or baked. the edges look well-defined, indicating that it is likely cooked through. the seasoning could include herbs, spices, or possibly sugar, giving it a rich, savory appearance"
43f16eb0ce00b22,What type of meat is shown in the image,bacon,"the image shows a piece of smoked meat, likely ham or bacon, based on its appearance and texture. the meat has a dark, crispy exterior which suggests it has been smoked, a common method for preserving and flavoring meat"
43f16eb0ce00b22,What color is the exterior of the bacon,dark brown,"the exterior of the bacon in the picture appears to be a dark brown color, which is typical for cooked bacon that has been smoked or grilled"
43f16eb0ce00b22,Where are the two pieces of bacon positioned relative to each other,separated by,"the two pieces of bacon are positioned side by side on a wooden surface, with one piece slightly overlapping the other"
603ff0b14e008eb,What type of meat is shown in the image,bacon,"the image shows slices of bacon being cooked on a grill or oven rack. the bacon appears to be seasoned with various spices and possibly some sauce, giving it a colorful appearance"
603ff0b14e008eb,Where is the bacon being cooked,oven,"the bacon appears to be being cooked in an oven or a grill. the presence of aluminum foil and the way it's placed suggests that it might be on a baking sheet inside an oven, which is a common method for cooking bacon. the grill marks indicate that it could also be on a grill, but given the setup, it seems more likely to be be in an oven"
603ff0b14e008eb,Where is the bacon placed in the oven,on a wire rack,"the bacon is placed on a rack inside the oven, which is lined with aluminum foil. this setup helps to catch any drippings and prevent the oven from getting too messy"
dd10c756d295fd9,What color are the bagel bites,golden-brown,"the bagel bites in the picture appear to be a light brown color, which is typical for freshly baked bagels bites"
dd10c756d295fd9,What type of food is shown in the image,bagel bites,"the image shows a plate of fresh berries (raspberries and blueberries) alongside some baked goods that appear to be small rolls or buns, possibly with a sesame seed topping"
dd10c756d295fd9,Where are the bagel bites located in the image,blue,"the bagel bites are located on the right side of the image, arranged in a circular pattern"
dd10c756d295fd9,How many bagel bites are broken,in the bottom half,"in the image, there are two bagel bites that appear to be broken or partially eaten. they are located in the foreground, closer to the bottom left corner of the image"
dd10c756d295fd9,What color is the plate in the image,broken,the plate in the image is blue
4ffc92ecaab59bc,What color are the bagels,golden-brown,"the bagel in the picture appears to be a light golden brown color, which is typical for a bagel that has been baked or toasted"
4ffc92ecaab59bc,What type of food is shown in the image,bagels,"the image shows bagels. bagels are a type of bread product that is typically made from a dough that is boiled before baking, giving them their characteristic chewy texture and slightly hollow center"
4ffc92ecaab59bc,What gives the bagels a speckled appearance,spice,"the speckled appearance of the bagel in in the picture is likely due to the use of a spice rub or seasoning before baking. the speckles could be from herbs, spices, or even a glaze that was applied before baking. the golden-brown color and the texture suggest it may have been baked at a high temperature, which can also contribute to the speckled effect by creating a slightly charreded or caramelized surface"
4ffc92ecaab59bc,Where are the bagels placed,on a wire rack,"the bagel is placed on a cooling rack. cooling racks are typically used to allow baked goods, such as bagels, to cool down evenly and prevent them from becoming soggy by allowing air to circulate around them"
cc3286afe2ca6f4,What type of bread are the bagels made of,pumpernickel,"the image shows a batch of bagels that appear to be made from a traditional bagel dough, which is typically a type of yeast bread. made with flour, water, yeast, salt, and sometimes sugar or other ingredients like eggs or cream cheese. the bagels in the picture have a golden-brown color and are are sprinkled with sesame seeds, which is a common topping for many types of bagels recipes. however, without tasting them or having more information about their preparation, it's not possible to definitively determine the exact type of bread used in the bagel"
cc3286afe2ca6f4,What color are the bagels,brown,"the bagels in the picture appears to be a light brown color, which is typical for freshly baked bagels dough that has been toasted or baked"
cc3286afe2ca6f4,What food item is being described,bagels,"the image shows a batch of freshly baked bagels. bagels are a type of bread product that is typically boiled in water before baking, giving them their characteristic chewy texture and slightly shiny surface. the bagels in the picture appear to be topped with sesame seeds, which is a common topping for many types of bagels"
cc3286afe2ca6f4,Where are the bagels placed,on a black wire rack,"the bagels is placed on a cooling rack. cooling racks are typically used to allow baked goods, such as bagels, to cool down evenly and prevent them from becoming soggy by allowing air to circulate around them"
cc3286afe2ca6f4,What color are the sesame seeds on the bagels,white,"the sesame seeds on the bagels appear to be a light brown or tan color, which is typical for sesame seeds used in this type of bagel"
66d008af21ff8da,What color is the bagel on the left,golden-brown,"the bagel on the left appears to be a light golden brown color, which is typical for a toasted or baked bagel"
66d008af21ff8da,What is the state of the cheese on the right bagel,melted,"the cheese on the right bagel appears to be melted and slightly browned, indicating that it has been baked or toasted. it looks like there some of the cheese has bubbled up, creating a slightly uneven surface. the bagel itself seems to have been baked as well, giving it a golden-brown color"
66d008af21ff8da,What is the bagel placed on,plate,the bagel appears to be placed on a white plate
66d008af21ff8da,What type of seeds are on the bagel on the left,sesame,the bagel on the left appears to have sesame seeds on it
66d008af21ff8da,Where is the golden-brown bagel located,on the left,"the golden-brown bagel is on the left side of the image, while the other item appears to be a pastry or bread with a hole in the center, possibly a donig (a type of sweet bread). the golden-brown bagel has sesame seeds sprinkled on top"
63f9b9692722870,What color is the baking dish,white,the baking dish in the picture is white
63f9b9692722870,What is the main ingredient in the top layer of the bake,cheese,"the top layer of of the bake appears to be a mixture of shredded cheese and possibly some diced vegetables, such as red bell peppers or tomatoes, which are are visible. it could also include small pieces of sausage or other savory ingredients that are common in breakfast casseroles. the exact ingredients can vary depending on the recipe, but these are the most prominent ones visible in the image"
63f9b9692722870,"What are the small, dark brown pieces within the cheese",sausage,"the small, dark brown pieces within the cheese appear to be sausage bits or crumbled sausage. they are commonly ingredients in breakfast casseroles like this one, which often include eggs, cheese, and sausage as key components"
63f9b9692722870,What color are the cooked sausage pieces,brown,"the cooked sausage pieces in the image appear to be a golden-brown color, which is typical for sausages that have been cooked thoroughly"
63f9b9692722870,Where are the sausage pieces located,within the cheese,"the sausage pieces are located throughout the casserole dish, interspersed among the other ingredients such as cheese and vegetables"
3a687442b546d06,What color is the smoothie,beige,"the smoothie appears to be a light brown color, which could suggest it contains ingredients like bananas or other fruits that give it this hue"
3a687442b546d06,What fruit is used to make the smoothie,bananas,"the smoothie in the picture appears to be made with bananas, as there are two bananas placed next to the glass of smoothie"
3a687442b546d06,What color is the straw,yellow,the straw in the image is green
3a687442b546d06,Where are the bananas located,to the left of,"the bananas are located on the left side of the image, placed on a green surface next to a glass containing what appears to be a smoothie or milkshake. with a straw in it"
be6202dbef60502,What color are the chocolate chips on top of the loaves,brown,"the image shows chocolate chips on top of the banana bread loaves, and they appear to be dark brown or black in color"
be6202dbef60502,What type of chips are on top of the loaves,chocolate,"the loaves in the picture appear to have chocolate chips on top. these are are typically used as a topping for banana bread, adding a sweet and rich flavor that complements the natural sweetness of bananas"
be6202dbef60502,What shape are the loaves,loaves,"the loaves in the picture appear to be rectangular or loaf-shaped, which is typical for banana bread. they have a consistent width and length, with a slightly rounded top and bottom edge"
be6202dbef60502,What color is the crust of the loaves,golden-brown,the crust of the loaves appears to be a golden brown color
be6202dbef60502,Where is one loaf angled towards,towards the center,"in the image, one loaf of of banana bread is angled towards the top right corner of the frame"
eba8e48373f79c5,What type of fries are shown in the image,fries,"the image shows what appear to be sweet potato fries. sweet potato fries are characterized by their golden-brown color and slightly crispy texture, which is evident in these fries. they are often seasoned with salt, pepper, or other spices for added flavor"
eba8e48373f79c5,What color are the fries,brown,"the fries in the picture appear to be golden brown, which is typical for fried foods like french fries"
eba8e48373f79c5,What color is the plate,white,the plate in the picture has a black and white design with concentric circles
eba8e48373f79c5,Where are the fries placed,on a plate,the fries are placed on a plate with a black and white striped pattern around the edge
4880300b48ec41e,What fruit is used in the dish,bananas,"the dish appears to contain slices of pineapple, which is a common ingredient in desserts and can be seen in the image"
4880300b48ec41e,What color are the bananas,golden-yellow,"the bananas in the image appear to be yellow, which is the typical color of ripe bananas"
4880300b48ec41e,What liquid are the bananas immersed in,in coconut milk,"the bananas in the image appear to be immersed in a creamy, white liquid that resembles coconut milk or yogurt"
4880300b48ec41e,What is the food served in,bowl,"the food appears to be served in a disposable, round, plastic container with a lid"
aa269a3e332dd1e,What color are the banana tempura pieces,golden-brown,"the banana tempura pieces in the picture appear to be golden brown, which is typical for tempura due to the frying process that gives it a crispy exterior and a light, airy interior"
aa269a3e332dd1e,What fruit is used to make the tempura,banana,"the image shows fried pieces that appear to be tempura, which is a japanese dish of deep-fried food items. however, without more context or a clearer view of the ingredients, it's difficult to definitively identify the specific fruit used in this particular tempura. tempura can be made with various fruits, vegetables, and even seafood. if you have any additional details about the dish or the ingredients used, it would help in identifying the fruit"
aa269a3e332dd1e,How are the banana tempura pieces arranged,together,"the banana tempura pieces in the image appear to be arranged in a somewhat scattered manner. they are not neatly stacked or aligned, but rather seem to be clustered together on a surface, possibly a plate or a tray. this arrangement suggests they might have been freshly fried and placed down without much attention to order. the pieces vary slightly in size and shape, which is typical for tempura due to the natural form of the bananas before frying"
aa269a3e332dd1e,What type of dish is the banana tempura,tempura,"the image you provided appears to show a dish that looks like it could be banana tempura, which is a popular snack or appetizer in japanese cuisine. however, it's important to note that the appearance can sometimes be misleading due to variations in preparation and presentation.

banana tempura typically involves slicing bananas into rounds or strips, dipping them in batter (often made with flour, eggs, and water), and then frying them until they become golden brown and crispy on the outside while remaining soft and sweet inside. the dish is often served as a snack or dessert, sometimes accompanied by a dipping sauce such as soy sauce or sweetened syrup.

"
aa269a3e332dd1e,What is the shape of the banana tempura pieces,irregular,"the banana tempura pieces in the image appear to be round and slightly irregular, resembling small, round balls or spheres. they have a golden-brown color, indicating they have been fried until crispy on the outside"
7fbda1224d53057,What color is the banana,yellow,"the banana in the picture appears to be yellow, which is the typical color of for ripe bananas"
7fbda1224d53057,What fruit is cut lengthwise into four pieces,banana,the fruit that is cut lengthwise into four pieces in the image appears to be banana
7fbda1224d53057,What color is the bowl,white,the bowl in the picture is white
7fbda1224d53057,Where is the yogurt placed,on top of,"the yogurt appears to be placed in a bowl, which is filled with a variety of toppings. these include sliced bananas, blueberries, and what looks like granola or muffed oats. the bowl is set on a white plate, and there to the left side of the image, there is a spoon resting on the tablecloth"
7fbda1224d53057,What color are the blueberries,dark blue,"the blueberries in the image are a deep, vibrant blue color"
79ff76ebd665917,What color are the persimmon bars,golden,"the persimmon bars in the picture appear to be a dark brown color, which is typical for bars made with persimmons and often have a slightly moist texture"
79ff76ebd665917,What is the shape of the food items,bars,"the food item in the picture appears to be a rectangular slice, likely a piece of cake or a similar baked good"
79ff76ebd665917,What color is the icing on the persimmon bars,white,"the icing on the persimmon bars appears to be a light brown or tan color, which could suggest it's a caramel or maple flavor"
016070192578a84,What color is the chicken,reddish-brown,"the chicken in the picture appears to be a golden brown color, which is typical for cooked chicken that has been roasted or grilled"
016070192578a84,What type of meat is shown in the image,chicken,"the image shows pieces of cooked chicken. the chicken appears to be seasoned and possibly grilled or roasted, as indicated by the charred marks on the skin"
016070192578a84,What color is the rice,white,the rice in the picture appears to be white
016070192578a84,Where is the chicken positioned in relation to the rice,on top of,the chicken is positioned on top of the rice in the image
016070192578a84,What color are the lime wedges,green,the lime wedges in the picture are green
880233b6f196640,What is the barley beef stew a mix of,mix,"the dish in the picture appears to be a type of barley beef stew, which typically includes the following following:

1. **barley**: this is the main grain component, providing a hearty and nutritious base.
2. **beef**: the meat is usually slow-cooked until tender, adding richness and flavor to the stew.
3. **vegetables**: common vegetables in a beef barley stew include carrots, onions, and possibly celery or potatoes, though the specific in the picture does not show these clearly.
4. **herbs and spices**: typically includes herbs like thyme, bay leaves, and possibly garlic or other spices"
880233b6f196640,What color is the bowl,white,the bowl in the picture is white with a decorative edge
880233b6f196640,How is the barley dispersed in the stew,dispersed,"the barley in the stew appears to be mixed throughout the dish, with some pieces more visible than others. it seems to be be cooked and incorporated into the stew, likely absorbing the flavors of the other ingredients such as the meat and vegetables. the size of the barley pieces suggests they it has been cooked until tender but still retains a bit of texture"
880233b6f196640,What color are the diced carrots,orange,the the diced carrots in the image appear to be orange
880233b6f196640,What type of meat is in the stew,of beef,"the image shows a stew with visible chunks of meat, but it's not possible to definitively identify the type of meat from the image alone. it could be beef, pork, lamb, chicken, or another type of meat. the exact type would require more information such as the taste, texture, and possibly the smell if available"
ce69b21f2bd939f,What color is the rice,white,the rice in the picture appears to be white
ce69b21f2bd939f,What type of meat is on top of the rice,chicken,"the dish in the picture appears to have pieces of chicken on top of the rice. the meat looks like it has been cooked and possibly marinated or sautéed, as indicated by the sauce and the way it's presented. however, without more specific information or a closer look at the texture and color, it's not possible to be definitively identify the exact type of chicken or any other meat"
ce69b21f2bd939f,What color are the onions,brown,"the onions in the image appear to be green, which is likely due to the presence of green onions or scallionsions
 addcriterion

 addcriterion

 addcriterion

 addcriterion

 addcriterion

 addcriterion

 addcriterion

 addcriterion

 addcriterion

 addcriterion

 addcriterion

 addcriterion

 addcriterion

 addcriterion

 addcriterion

 addcriterion

 addcriterion

 addcriterion

 addcriterion

 addcriterion

 addcriterion

 addcriterion

 addcriterion

 addcriterion

 addcriterion

 addcriterion
"
ce69b21f2bd939f,What color are the basil leaves,green,"the basil leaves in the image appear to be green with some purple tinge, which is typical for fresh basil leaves"
ce69b21f2bd939f,Where is the rice located,at the bottom,"the rice is located in the bottom part of the bowl, forming the base layer of the dish"
6a5c1c9d36c3e55,How are the Sea Bass fillets arranged in the dish,overlapping,"the sea bass fillets are arranged in the dish by being placed on top of a bed of vegetables, which appear to include items like red bell peppers and possibly potatoes or other root vegetables. the fillets are folded over themselves, creating a neat, compact shape that is typical for this preparation method. they are then topped with what looks like a garnish, possibly chopped herbs or a sprinkle of seasoning, adding a decorative touch to the presentation"
6a5c1c9d36c3e55,What type of fish is being served,sea bass,"the image shows what appears to be a dish of fish, possibly in a style that includes wrapping or coating, such as a fish taco or a similar preparation. however, the exact type of fish cannot be determined from the image alone without additional context or labeling. it could be any type of fish commonly used in such preparations, like cod, tilapia, salmon, etc"
6a5c1c9d36c3e55,What color is the interior of the Sea Bass fillets,white,"the interior of the sea bass fillets appears to be a pale, creamy white color"
6a5c1c9d36c3e55,Where is the first Sea Bass fillet located in the dish,on the left side,"the sea bass fillet appears to be located on top of the other ingredients in the dish. it is golden brown and seems to be have been pan-fried or baked, as it has a crispy exterior. the fillet is positioned centrally in the dish, with other ingredients like vegetables and possibly some sauce underneath it"
6a5c1c9d36c3e55,What color are the scallions sprinkled on top of the fish,green,the scallion (green onion) sprinkled on top of the fish appears to be green in color
63557262258d2b9,What tint do the sea bass fillets have,yellowish,"the sea bass fillets in the image appear to have a light, pale color with some green specks on top, which could be herbs or spices. the fillets look to be be lightly seasoned and possibly ready for cooking"
63557262258d2b9,How are the pieces of dill arranged on the fillets,scattered,"the pieces of dill are placed on top of the fish fillets in a decorative manner. they appear to be scattered across the surface, with some pieces overlapping others. this arrangement is likely done for both aesthetic and flavor purposes, as the dill can add a fresh, herbal flavor to the fish"
63557262258d2b9,What type of fish is shown in the image,sea bass,"the image shows what appears to be a type of white fish, possibly cod or haddock, that has been prepared for cooking. it is seasoned with herbs, likely dill, and placed on a wire rack over a baking sheet. this preparation suggests it might be baked or grilled. the exact type of fish cannot be determined from the image alone without additional context or labeling"
63557262258d2b9,Where are the sea bass fillets placed,on the rack,"the sea bass fillets are placed on a baking tray, which is lined with parchment paper. the tray appears to be in an oven or a broiler, as it is positioned above a heat source. the fillets are seasoned and garnished with herbs, likely dill, which is visible sprinkled on top of them"
63557262258d2b9,What color are the pieces of dill on the fillets,green,the pieces of dill on the fillets appear to be green in color
0681647b77c7278,Does the batter have a smooth texture,smooth,"the image shows a jar of chocolate batter with a smooth and creamy texture. the surface appears to be evenly spread, without any visible lumps or chunks that would suggest a less smooth consistency"
0681647b77c7278,Is the batter made of cottage cheese and brownie ingredients,batter,"the based on the image provided, it is not possible to definitively determine the exact ingredients used in the batter or matters shown in the jar. however, the appearance suggests that it could be a chocolate-based dessert or spread, possibly a chocolate mousse or a similar dessert. the presence of chocolate chips around the jar also supports this idea. 

cottage cheese is typically used in desserts like cheesecakes or as a base for dips, but it does not seem to be the primary ingredient here. brownie ingredients such as cocoa powder, sugar, eggs, and butter might be present, but without further information or a recipe, it"
0681647b77c7278,Is the batter light brown in color,brown,"no, the batter in the image is not light brown; it appears to be a rich, dark chocolate color"
0681647b77c7278,Are the chocolate chips on top of the dollop,on top,"no, the chocolate chips are not on top of the dollop; they are scattered around the jar and on the surface beneath it"
0681647b77c7278,Are there chocolate chips scattered around the jar,yes,"yes, there are chocolate chips scattered around the jar in the image"
58477a44062ce7f,What is the flavor of the Elaine's Sweet and Tangy Loose Beef BBQ,tangy,"the ""elaine's sweet and tangy loose beef bbq"" likely refers to a type of barbecue sandwich or burger that features loose, shredded beef with a sweet and tangy sauce. this combination of flavors is popular in many barbecue restaurants and food trucks. the sweetness could come from ingredients like brown sugar, honey, or maple syrup, while the tanginess might be achieved through the use of vinegar, mustard, or a blend of spices such as paprika, cayenne pepper, or garlic powder.

the
 addcriterion

 addcriterion

 addcriterion

 addcriterion

 addcriterion

 addcriterion

 addcriterion"
58477a44062ce7f,What type of meat is used in the Elaine's Sweet and Tangy Loose Beef BBQ,beef,"the image you provided appears to show a sandwich with a meat filling that looks like it could be pulled beef, which is often used in sandwiches like the one described in your question. ""elaine's sweet and tangy loose beef bbq."" this type of sandwich typically features slow-cooked beef that has been shredded or pulled apart, often seasoned with a sweet and tangy barbecue sauce. the bun looks soft and slightly sweet, which is common for this style of sandwich. however, without tasting or having more specific information, i can't confirm if this exact sandwich is what you you're referring to"
58477a44062ce7f,What color is the top bun of the Elaine's Sweet and Tangy Loose Beef BBQ,tan,"the the top bun of the ""elaine's sweet and tangy loose beef bbq"" appears to be a light brown or golden color, which is typical for a hamburger bun that has been toasted or baked"
58477a44062ce7f,What color is the plate that the Elaine's Sweet and Tangy Loose Beef BBQ is served on,orange,"the plate that the ""elaine's sweet and tangy loose beef bbq"" is served on is orange"
4b14434d6c946ae,What is the texture of the meat in the Carolina BBQ,shredded,"the meat in the carolina bbq sandwich appears to have a tender and moist texture, which is characteristic of pulled pork. it looks like it has been slow-cooked until it's easily shredded with a fork or your hands. the sauce coating the meat suggests it has been slathered with a rich, tangy barbecue sauce that likely adds a sweet and smoky flavor profile typical of carolina-style bbq"
4b14434d6c946ae,What is the main component of the Carolina BBQ,meat,"the image you've provided appears to be a close-up of a sandwich, which seems to be be a carolina-style barbecue sandwich. the main components typically include pulled pork, which is slow-cooked and shredded, and it's often served with a sauce that can vary but often includes ingredients like vinegar, mustard, and sometimes spices such as paprika or cayenne pepper. the sauce in the image looks rich and thick, suggesting it could be a vinegar-based sauce common in carolina bbq. the bread used for the sandwich is likely a soft, white bread, possibly a hoagie roll or a similar type of bread, which is typical"
4b14434d6c946ae,What is the appearance of the sauce on the meat,coating,"the sauce appears to be a thick, reddish-brown sauce that is generously spread over the shredded meat"
4b14434d6c946ae,What color is the crust of the bun,yellowish,the crust of the bun appears to be a light golden brown color
a6476d1a8bc7334,What type of meat is shown in the image,chicken,"the image shows a piece of meat that appears to be a chicken breast. it has been cooked and glazed with what looks like a red sauce, possibly a barbecue or chili-based sauce. the exact type of meat cannot be determined with certainty without more context, but based on the appearance, it is most likely a chicken breast"
cc4a281c77aaedf,What color is the BBQ sauce,reddish-brown,"the bbq sauce in the picture appears to be a dark, reddish-brown color. this is typical for many bbq sauces, which often contain ingredients like ketchup, molasses, and spices that give them this hue"
cc4a281c77aaedf,What type of meat is being grilled,ribs,"the image shows pieces of meat that appear to be ribs, likely pork or beef, being grilled. the meat has a charred and glaze, which suggests it might be a barbecue-style preparation. however, without more specific information, it's hard to determine the exact type with certainty"
cc4a281c77aaedf,Where are the ribs being cooked,grill,"the ribs in the picture appear to be being cooked on a grill. the grill marks and the way they are placed suggest that they are being cooked over an open flame, which is typical for grilling"
cc4a281c77aaedf,How is the BBQ sauce distributed across the ribs,unevenly,"the bbq sauce appears to be evenly distributed across the ribs in the image. the ribs have a glossy sheen, which suggests that the sauce has been applied generously and spread out to cover the entire surface of each rib. this even distribution helps ensure that every part of the meat absorbs the flavors of the sauce"
cc4a281c77aaedf,Where is the BBQ sauce primarily located,on the top,"the bbq sauce appears to be primarily located on the ribs in the image. it is spread over the surface of the meat, giving it a glossy appearance and suggesting that it has been applied as part of the cooking process or as a final seasoning step"
7b7b1a6c35b0571,How do the green beans appear,tasty,"the green beans in the image appear to be cooked and seasoned. they are are coated with what looks like a sauce, possibly a tomato-based sauce given its red color, which suggests they might have been sautéed or simmered. the beans look tender and are evenly distributed throughout the pan, indicating that they were likely stir-fried or sautéed until they they reached a desired level of don tenderness. the presence of a lid on the pan also suggests that the beans were cooked at a low heat to allow them to absorb the flavors of the sauce and become tender"
7b7b1a6c35b0571,What is used to cook the green beans,pan,"the green beans in the picture appear to be cooked using a combination of sautéing and simmering. the presence of a lid on the pan suggests that the cooking process involved steaming or simmering, which helps to retain the vegetables' nutrients and texture. the sauce and spices visible in the pan indicate that the green beans were likely sautéed with oil, garlic, and other seasonings before being simmered in the sauce"
7b7b1a6c35b0571,What color are the green beans,green,"the green beans in the picture appear to be a vibrant green color, which is typical for fresh green beans"
7b7b1a6c35b0571,What type of beans are in the pan,green beans,"the beans in the pan appear to be green beans, also known as string beans or snap beans"
7b7b1a6c35b0571,Where are the green beans mostly concentrated,in the center,"the green beans in the image appear to be mostly concentrated in the center of the pan, with some scattered around the edges"
4992817db78e3f2,What color are the pinto beans,reddish-brown,"the pinto beans in the picture appear to be a mix of red and white, which is characteristic of pinto beans"
4992817db78e3f2,What color are the diced carrots,orange,the the diced carrots in the image appear to be orange
4992817db78e3f2,What are the pinto beans mixed with,with other ingredients,"the pinto beans in the image appear to be mixed with diced tomatoes and possibly some green vegetables, such as green peppers or onions. this combination is common in many dishes that include pinto beans, such as chili or a bean stew"
4992817db78e3f2,What is the pinto beans served on,plate,"the pinto beans in the picture are served on a plate with a decorative pattern. the plate appears to be ceramic or porcelain, featuring a floral design around the edges"
f6a053c5e1893f9,What color are the string beans,green,the string beans in the picture appear to be green
f6a053c5e1893f9,What type of vegetable is in the bottom center of the image,beans,the vegetables in the bottom center of the image appear to be green beans
f6a053c5e1893f9,How are the string beans arranged in the image,tangled,"the string beans in the image are arranged in a single, continuous line across the plate. they appear to be cooked and are placed next to what looks like a piece of roasted chicken and some mashed potatoes. the beans are neatly aligned, suggesting they were likely steamed or sauted before being served"
f6a053c5e1893f9,Do the string beans overlap any other food in the image,yes,"no, the string beans do not overlap with any other food on the plate. in the image. they are are placed next to what appears to be a piece of roasted chicken and some mashed potatoes"
f6a053c5e1893f9,Where are the string beans located in the image,in the bottom center,"the string beans are located on the plate, positioned below the piece of meat and next to what appears to be a serving of mashed potatoes or a similar side dish"
441fcc9cb344ba1,How would you describe the surface of the beans,glossy,"the surface of the beans appears to be coated with a dark seasoning or sauce, which gives them a glossy and slightly textured look"
441fcc9cb344ba1,What type of vegetable is shown in the image,beans,"the image shows green beans, also known as string beans or snap beans. they appear to be cooked and seasoned, possibly with spices or herbs, as indicated by the visible seasoning on them"
441fcc9cb344ba1,What seasoning or characteristic is visible on some of the beans,peppered,"the beans in the image appear to have a dark seasoning or coating on them, which could be a type of spice or marinade. this could include ingredients like soy sauce, chili flakes, or other seasoningsings commonly used in stir-fried green beans. the exact nature of the seasoning cannot be determined with certainty from the image alone"
441fcc9cb344ba1,How are the beans arranged in the image,overlapping,"the beans in the image appear to be arranged in a somewhat random and overlapping manner. they seem to be be part of a dish that has been cooked, as they have a glossy appearance and some browning, suggesting they might have been sauted or stir-fried. the beans are are not neatly lined up but rather scattered across the surface, giving it a rustic and homemade look"
441fcc9cb344ba1,Where are the beans located in the image,throughout the entire image frame,"the beans appear to be in a container or a pile, possibly for sale or storage. the image shows a close-up of what looks like dried green beans with some spices or seasoningsings mixed in"
993feff14891476,What color are the beans primarily,tan,the beans in the image are primarily brown
993feff14891476,What is the food served in,bowl,"the food appears to be served in a clay or ceramic bowl, which is often used for traditional dishes in many cultures. the bowl seems to contain what looks like roasted peanuts and possibly some type of sauce or stew underneath them. there's also a small dish with what looks like cilantro and a lime wedge, suggesting that these might be garnishes or accompaniments for the main dish"
993feff14891476,How much of the bowl do the beans occupy,fill,the beans in the bowl appear to occupy approximately 75-80% of the bowl's visible in the image
993feff14891476,What color is the broth surrounding the beans,brown,"the broth surrounding the beans appears to be a light brown color, which suggests it might be a vegetable or chicken-based broth"
993feff14891476,Where are the beans located in the broth,in the broth,"the beans are located in the bowl of broth, which is placed on the right side of the image"
21e2637de941dd5,How are the peppers prepared,sliced,"the peppers in the dish appear to be sliced into thin strips and are cooked with what looks like ground meat, possibly beef or pork. they seem to have been sautéed or stir-fried until they are tender but still retain some crispness. the colors of the peppers suggest they they were likely cooked with some oil and possibly some seasoning, which could include soy sauce, garlic, and ginger, common ingredients in stir-fry
 !***"
21e2637de941dd5,What type of meat is used in the dish,beef,"the dish appears to be a stir-fry with ground meat, likely beef or pork, given its texture and color. the vegetables include bell peppers, which are are commonly ingredients in stir-fries. the dish seems to be a variation of a classic stir-fry, possibly a beef or pork stir-fry with bell peppers"
21e2637de941dd5,What color is the ground beef,brown,"the ground beef in the image appears to be brown, which is typical for cooked ground beef"
21e2637de941dd5,What is the ground beef mixed with,with peppers,"the ground beef in the image appears to be mixed with bell peppers and carrots, which are commonly vegetables used in stir-fries or similar dishes. the dish also seems to be have a sauce, possibly a soy-based sauce or a similar savory sauce, which is typical for such types of stir-fry dishes"
f546b3a3af7abd8,How was the beef cooked,slow,"the beef in the picture appears to be cooked to a medium-rare level. this is indicated by the pinkish center of the meat, which is characteristic of medium-rare doneneness. the exterior looks seareded, suggesting it might have been pan-seareded or grilled before being cooked to the desired internal temperature"
f546b3a3af7abd8,What color is the roast beef,reddish-brown,"the roast beef in the picture appears to be a dark brown or reddish-brown color, which is typical for cooked beef that has been seasoned and roasted"
f546b3a3af7abd8,What type of food is shown in the image,meat,"the image shows a plate of food that includes:

1. a mashed potatoes.
2. roasted brussels sprouts.
3. a serving of what appears to be roasted or braised meat, possibly beef.

this meal seems to be be a hearty and balanced dish, combining vegetables, carbohydrates, and protein"
f546b3a3af7abd8,Where is the roast beef positioned in the frame,in the upper-right portion,"the roast beef is positioned on the upper right portion of the plate, taking up a significant portion of that area"
253f5d3a1d7e9f7,What color is the slushy at the bottom of the mug,brown,"the slushy at the bottom of the mug appears to be a light brown or tan color, which suggests it might be a coffee-based drink with added ingredients like cream or syrup"
253f5d3a1d7e9f7,What color is the foam at the top of the mug,white,"the foam at the top of the mug appears to be white or light beige, which is typical for a latte or similar coffee drink"
253f5d3a1d7e9f7,Where is the thick layer of white foam located,at the top,"the thick layer of white foam in the image is located at the top of the glass mug, which appears to contain a beverage that has been poured or topped with a creamy substance, likely milk or cream"
02c1cb3e79e9c55,What are the drinks served in,glasses,"the the drinks are served in glasses. the glasses appear to be tall and slender, which is typical for serving beverages like iced tea or iced coffee. the liquid being poured into one of the glasses looks like it could be a type of iced tea or iced coffee, given its color and the presence of lemon slices on the rim of the glasses"
02c1cb3e79e9c55,What color is the shandy in the right glass,amber,"the shandy in the right glass appears to be a light amber or golden color, which is typical for a shandy made with beer and lemonade"
02c1cb3e79e9c55,Where are the lime wedges placed,surface,"the lime wedges are placed on the surface in front of the glasses, to the left side of the image"
344194d426c2abd,What color are most of the beets in the bowl,red,"the most of the beets in the bowl appear to be a deep red color, which is typical for cooked beets"
344194d426c2abd,What is the main ingredient in the bowl,beets,"the main ingredient in the bowl appears to be roasted vegetables, including what looks like beets and possibly sweet potatoes or carrots, given their vibrant colors"
344194d426c2abd,What color are the herbs scattered among the beets,green,"the herbs scattered among the beets appear to be green, likely thyme or another similar herb, which is commonly used as a garnish for roasted vegetables like beets"
53e3760a31b1ff1,What color is the base of the cake,yellow,"the base of of the cake appears to be a light brown or tan color, which is typical for a cake stand or pedestal"
53e3760a31b1ff1,What type of dessert is shown in the image,cake,"the image shows a cake with a crumbly topping, which appears to be a coffee cake or a similar type of cake that often includes fruit and a streusel or crumb topping. it looks like it could have a berry filling as well. the glaze on top suggests it might be a blueberry coffee cake or a similar variety"
53e3760a31b1ff1,What is the cake placed on,on a clear glass,the cake is placed on a glass cake stand
2a66270884effd6,What color are the biscuits primarily,yellow,the biscuits in the picture are primarily golden brown
2a66270884effd6,What type of baked goods are shown in the image,biscuits,"the image shows a basket containing what appear to be sffin or biscuits. these are small, round, and often flaky baked goods that are commonly served as a side dish with meals or as a snack. they can be made from various ingredients such as flour, butter, baking powder, and sometimes eggs, milk, or cream. the specific in the image appears to have a golden-brown color, which is typical for baked goods like these"
2a66270884effd6,How are the biscuits arranged,clustered,"the biscuits in the image are arranged loosely in a basket lined with a red and white checkered cloth. they appear to be stacked on top of each other, with some overlapping slightly, giving a casual and rustic presentation"
2a66270884effd6,How do the biscuits appear to be prepared,baked,"the biscuits in the picture appear to be freshly baked. they have a golden-brown color, which is typical of biscuits that have been baked until they achieve a crisp exterior and a soft, fluffy interior. the texture looks uneven, with some parts appearing slightly puffy or flaky, suggesting that they might be homemade and not overly processed. the way they are are placed in a basket also suggests they were just taken out of the oven and are being served warm"
a75733bc0677785,What color is the top of the first biscuit,golden-brown,the top of the biscuit appears to be golden brown in color
0d09531e7da3c55,What color is the arrowroot biscuit,pale,the arrowroot biscuit in the picture appears to be a light beige or off-white color
0d09531e7da3c55,What is the color of the surface of the biscuit,cream,the surface of the biscuit appears to be light brown in color
0d09531e7da3c55,Where is the arrowroot biscuit located,on a wire rack,"the image shows an arrowroot biscuit, which is a type of cookie made primarily from arrowroot starch. the biscuit appears to be placed on a cooling rack or a similar surface, likely after being baked and cooled"
72c615959ec4225,What color are the biscuits,beige,"the biscuits in the picture appear to be a light golden brown color, which is typical for baked biscuits that have been cooked to a crisp exterior"
72c615959ec4225,What type of food is shown in the image,biscuits,"the image shows baked scones. these appear to be savory scones, possibly containing ingredients like cheese and dried fruits, as suggested by the visible chunks and colors within the scones"
72c615959ec4225,What color are the flecks on the biscuits,orange,"the flecks on the biscuits appear to be a golden-brown color, which is typical for cheese and possibly dried fruit or nuts that have been baked into the biscuits"
72c615959ec4225,Where are the biscuits located in the image,across the image,"the biscuits appear to be located on a baking sheet or a parchment-lined surface, likely after being baked and before cooling"
06add82d08c0d34,What texture does the crust of the cranberry brie bites have,flaky,"the crust of the cranberry brie bites appears to be flaky and golden brown, suggesting of a buttery and crisp texture"
7e6dae689e22dd5,What color is the plate used for the blondies,light-colored,the plate used for the blondies appears to be white with a red and blue design on the edge
7e6dae689e22dd5,What type of dessert is shown in the image,blondies,"the image shows pieces of what appears to be a chocolate cake or brownie. the texture and color suggest it could be a chocolate-based dessert, possibly with a marbled effect that might indicate the presence of another ingredient mixed into the batter, such as nuts or another flavoring. however, without more context or information, it's difficult to determine the exact type of dessert with certainty"
7e6dae689e22dd5,What color are the blondies overall,brown,"the blondies in the picture appear to be a light brown color, which is typical for chocolate chip blondies"
7e6dae689e22dd5,Where is the drizzle applied on the blondies,on top,the drizzle appears to be applied in a zigzag pattern across the surface of the blondies
7e6dae689e22dd5,What is the darker brown topping on the blondies,drizzle,"the darker brown topping on the blondies appears to be a chocolate drizzle or a layer of chocolate. frosting. this is a common topping for blondies, where a layer of melted chocolate is spread over the top before baking, creating a contrast in color and texture"
edcf433b4d8b884,What color are the blueberries,purple,"the blueberries in the picture appear to be a deep, rich blue color"
edcf433b4d8b884,What type of fruit is being pickled,blueberries,"the image shows slices of bread topped with what appears to be a spread, possibly cream cheese or goat cheese, and a topping that looks like a berry compote or jam. it's not possible to definitively identify the specific type of fruit used in the compote from the image alone. however, it could be blueberries, raspberries, blackberries, or another similar berry. the exact type would require a closer inspection or additional information"
eed8781f7c6e76f,What color is the Bologna Salad Sandwich Spread,pink,"the bologna salad sandwich spread in the image appears to be a light pinkish-red color, which is typical for a tuna or salmon salad with a similar appearance"
eed8781f7c6e76f,What is the Bologna Salad Sandwich Spread located in,bowl,"the image shows a bowl of what appears to be a spread or dip, possibly a variation of a bologna salad or similar dish, served with crackers on a plate. the location cannot be determined from the image as it only shows the food item and does not provide any environmental context that would indicate where this is located. it could be at a table outdoors, as suggested by the grass in the background, but this is speculative"
eed8781f7c6e76f,Where are the crackers located,under the bowl,"the crackers are located on the plate, surrounding the bowl of dip"
eed8781f7c6e76f,What color are the crackers,golden-brown,"the crackers in the picture are a light brown color, which is typical for graham crackers or similar types of crackers"
ba6fcc58d8b5770,What color is the bolognese,reddish-brown,"the bolognese sauce in the picture appears to be a rich, dark brown color. this is typical for a traditional bolognese sauce, which often includes ingredients like ground beef, tomatoes, onions, garlic, and herbs, resulting in its characteristic hue"
ba6fcc58d8b5770,What is the bolognese doing to the pasta,covering,"the bolognese sauce appears to be coating and covering the pasta, which looks like rigatoni. the sauce is likely providing flavor and moisture to the pasta, making it a classic dish where the sauce is used as both a topping and an ingredient in the preparation of the dish"
ba6fcc58d8b5770,What is the bolognese served on,plate,"the bolognese sauce is served on a plate with rigatoni pasta. the rigatoni is a type of long, tube-shaped pasta that is often used in italian cuisine, particularly for hearty sauces like baghetti bolognese"
ba6fcc58d8b5770,What color is the pasta,yellow,"the pasta in the picture appears to be a light beige or offzo color, which is typical for rigatoni pasta"
ba6fcc58d8b5770,Where is the bolognese located on the plate,in the center,"the bolognese sauce is located on top of the pasta, which appears to be rigatoni. it is spread evenly across the top, covering most of the surface area of the pasta"
8f97cf903a03575,What color are the spinach leaves,green,the spinach leaves in the image appear to be a vibrant green color
8f97cf903a03575,What is one of the main green ingredients in the bowl,spinach,one of the main green ingredients in the bowl appears to be spinach or a similar leafy green vegetable
8f97cf903a03575,What is the color of the avocado cubes closest to the center,avocado,"the avocado cubes closest to the center of the image appear to be a mix of green and brownish hues, indicating they they might have been slightly overripe or have been exposed to air for some time, which can cause the browning"
8f97cf903a03575,Where are the pieces of chicken located in relation to the bowl's edge,closer to,"the pieces of chicken appear to be located near the top left corner of the bowl, close to the edge"
2f105290de1dd3a,What color is the rice in the bowl,tan,"the rice in the bowl appears to be brown, which suggests it might be brown rice or possibly a mix of brown and white rice"
2f105290de1dd3a,What type of grain is located on the left side of the bowl,rice,the grain on the left side of the bowl appears to be quinoa
2f105290de1dd3a,Where is the rice located in the bowl,on the left side,"the rice is located on the left side of the bowl, next to the avocado slices"
2f105290de1dd3a,What color are the avocado slices in the bowl,green,the avocado slices in the bowl are green
902318f170069ad,What color are the brats,reddish-brown,"the bratwurst in the picture appears to be a reddish-brown color, which is typical for sausages that have been grilled or cooked on a grill"
902318f170069ad,What type of sausages are shown,brats,"the image shows sausages that appear to be bratwurst or similar german-style sausages. these sausages are typically made from pork and sometimes beef, and they are often served with onions, as seen in the image. the sausages have a browned exterior, suggesting they have been grilled or pan-fried. the onions are caramelizedzed, which is a common accompaniment for these types of sausages"
902318f170069ad,What color is the parsley,green,the parsley in the picture appears to be green
902318f170069ad,Where are the onions placed,draped over,the onions are placed on top of the sausages in the image
902318f170069ad,What is visible underneath the brats,liquid,"the image shows sausages, specifically bratwursts, topped with caramelizedzed onions and garnished with parsley. the bratwursts appear to be served on a white plate, but the surface directly beneath them is not clearly visible due to the food placement. it could be a plate or another serving dish, but it's not possible to determine the exact material or type of surface from this image alone"
441400d5b739292,What ingredient is visible throughout the bread,walnuts,the visible ingredient throughout the bread in the image appears to be walnuts pieces
441400d5b739292,How would you describe the interior of the bread,speckled,"the interior of the bread appears to be moist and dense, with visible chunks of what looks like walnuts or another type of nut embedded within it. the texture suggests that it might be a quick bread, possibly a banana bread or a similar nut-based loaf, given the presence of nuts pieces and the overall consistency"
441400d5b739292,Where are the walnuts located on the bread,on top,"the walnuts are located within the bread, embedded in the dough. they appear to be distributed
 addcriterion

 addcriterion

 addcriterion

 addcriterion

 addcriterion

 addcriterion

 addcriterion

 addcriterion

 addcriterion

 addcriterion

 addcriterion

 addcriterion

 addcriterion

 addcriterion

 addcriterion

 addcriterion

 addcriterion

 addcriterion

 addcriterion

 addcriterion

 addcriterion

 addcriterion

 addcriterion

 addcriterion

 addcriterion

 addcriterion

 addcriterion

"
074294b6160f6df,What color is the interior of the bread,white,"the interior of the bread appears to be a light, pale yellow color"
074294b6160f6df,What is the form of the bread on the left side of the frame,loaf,"the bread on the left side of the frame appears to be in its whole loaf form, which has been sliced into several pieces"
074294b6160f6df,What color is the crust of the bread,tan,the crust of the bread in the picture appears to be a light golden brown color
074294b6160f6df,How are the bread slices arranged on the cutting board,overlapping,"the bread slices are arranged neatly on the cutting board in a staggered manner. the slices at the back of the board are placed closer together, while the slice in front is slightly offset to the right, creating a visually appealing and organized presentation"
074294b6160f6df,Where is the loaf of bread positioned,on the board,"the loaf of bread is positioned on a cooling rack in the background, slightly elevated above the surface it's resting on. which appears to be a wooden cutting board or chopping board. the slices of bread are placed directly on the cutting board in the foreground, with a small container of butter and a knife nearby"
21bea6d1906db3a,What color is the interior of the sliced bread,white,"the interior of the sliced bread appears to be a light, pale yellow or off a very light brown color, which is typical for freshly baked white bread"
21bea6d1906db3a,What color is the crust of the sliced bread,golden-brown,the crust of the sliced bread appears to be a light golden brown color
21bea6d1906db3a,How are the three slices arranged,stacked,"the three slices of bread in the image are arranged in a stacked, overlapping manner. the top slice is slightly tilted and positioned to the left, while the middle slice is placed directly on top of it, and the bottom slice is placed on top of both, creating a layered effect"
3ffaff754079068,What color is the crust of the bread,beige,the crust of the bread appears to be a light golden brown color
3ffaff754079068,What type of food is shown in the image,bread,"the image shows a loaf of bread, specifically what appears to be a sourdough or a similar type of artisanal bread. it has a golden-brown crust and a soft, porous interior, which is characteristic of many types of bread made with a sourdough starter"
3ffaff754079068,What color is the inside of the bread,creamy,"the inside of the bread appears to be a light, pale color, which is typical for many types of bread, such as white bread or sourdough"
3ffaff754079068,Where is the bread placed,on a wire rack,"the bread appears to be placed on a cooling rack, which is typically used to allow baked goods to cool down evenly and prevent them from becoming soggy"
1e9542136c1c977,What color are the egg whites,bright,"the egg whites in the picture appear to be white, which is their typical color when they are cooked"
1e9542136c1c977,What color are the pieces of cheese,orange,"the pieces of cheese in the image appear to be white or off a light yellowish-white color, which is typical for many types of cheese such as mozzarella or cheddar"
1e9542136c1c977,Where are the diced potatoes scattered,around the eggs,"the diced potatoes appear to be scattered throughout the dish, mixed with other ingredients such as what looks like eggs and possibly some vegetables or herbs. they seem to be be part of a baked or cooked dish, possibly a casserole or an omelette"
0a72c38706e4f5d,What color is the beef brisket,brown,"the beef brisket in the image appears to be a dark brown color, which is typical for brisket that has been cooked and possibly braised or slow-cooked in a rich sauce"
0a72c38706e4f5d,What type of meat is on the plate,beef brisket,"the image shows a plate with what appears to be braised beef, which is typically a type of stewed or braised beef dish. the meat is covered in a rich, dark sauce, and it's served alongside a side of green peas"
0a72c38706e4f5d,What color are the peas on the plate,green,the peas on the plate are green
0a72c38706e4f5d,What is covering the beef brisket and mashed potatoes,gravy,"the beef brisket appears to be covered in a rich, dark brown sauce, which could be a barbecue sauce or a gravy. the mashed potatoes seem to have a light brown color, suggesting they might be seasoned with butter, milk, and possibly some spices like nutmeg or cinnamon, which are common in traditional mashed potatoes. the green peas on the side add a pop of of color and likely provide a fresh, crunchy texture contrast to the other components"
0a72c38706e4f5d,Where is the beef brisket located on the plate,on the plate,"the beef brisket is located on the right side of the plate, covered in a dark sauce"
305b748881067fd,What color is the brittle,golden-brown,the brittle in the picture appears to be a light golden-brown color
305b748881067fd,Where are the macadamia nuts located in the brittle,within,"the macadamia nuts are located on the surface of the brittle, scattered across it. they appear to be embedded within the brittle itself, as well as on top, adding texture and visual interest to the treat"
c052db6181c54f4,What color are the beef pieces,brown,"the beef pieces in the image appear to be a light brown or tan color, which is typical for cooked beef that has been stir-fried or sautéed"
c052db6181c54f4,What type of meat is in the dish,beef,"the dish appears to contain beef. the pieces of meat have a brown color and texture that is characteristic of beef, which is commonly used in dishes like beef and broccoli"
c052db6181c54f4,What color are the broccoli florets,green,the broccoli florets in the image are green
c052db6181c54f4,Where is the beef and broccoli located,on a plate,"the beef and broccoli dish is located on a plate, which appears to be placed on a table. the plate contains a serving of white rice topped with pieces of beef and broccoli florets"
c052db6181c54f4,What is located underneath the beef and broccoli,rice,"the image shows a plate of beef and broccoli served over a bed of white rice. the beef pieces are browned, indicating they have been cooked, and the broccoli appears to be steamed or lightly sauted. the dish is presented on a pink plate, which sits on a table with a green placemat"
3002415d68ad56f,What vegetable is shown in the image,broccoli,"the image shows broccoli, which is a type of green vegetable"
3002415d68ad56f,What is the dominant color of the broccoli florets,green,the dominant color of the broccoli florets in the image is green
3002415d68ad56f,What color is the plate under the broccoli,red,the plate under the broccoli is red with a yellow and green design around the edge
3002415d68ad56f,How does the broccoli appear to be prepared,cooked,"the broccoli in the picture appears to be steamed or lightly cooked. this is suggested by its bright green color and the fact that it retains its shape, which is typical of steamed vegetables. it also seems to have been seasoned with some kind of herb, possibly parsley, as there you are visible on top of the florets. the presence of a light dressing or sauce, possibly butter or a similar condiment, can also be inferred from the sheenen on the florets. however, without more information, it's not possible to definitively determine the exact preparation method"
3002415d68ad56f,Where is the broccoli located,on a plate,"the broccoli is located on a plate with a colorful, decorative border. the plate appears to be placed on a surface, likely a table or countertop"
097296e0ac0a9cd,What is the main liquid in the pot,broth,"the main liquid in the pot appears to be a broth, likely chicken or turkey stock, given the presence of bones and what looks like a piece of poultry submerged in it. this type of liquid is commonly used for soups, stews, and other dishes that require a flavorful base"
097296e0ac0a9cd,What color are the diced celery pieces,green,the diced celery pieces in the image appear to be light green in color
097296e0ac0a9cd,Where are the chunks of chicken located,within the broth,the chunks of chicken are located in the bottom and around the edges of the pot in the image
b325c9edcf69610,What shape is the brownie,square,the brownie in the picture appears to be square-shaped
b325c9edcf69610,What color is the brownie,brown,"the brownie in the picture appears to be a rich, dark brown color, which is typical for a chocolate brownie"
b325c9edcf69610,Where are the green mint leaves placed,on top,"the green mint leaves are placed on top of the dessert, specifically on the whipped cream"
b325c9edcf69610,What color are the mint leaves,green,the mint leaves in the image are green
dfd187cc612cd0e,What color is the cardboard container,brown,"the cardboard container in the image appears to be a light brown or beige color, typical of standard baking or food packaging"
dfd187cc612cd0e,How does the top of the brownie appear,shiny,"the top of the brownie appears to be smooth and slightly glossy, indicating it might have been topped with a layer of melted chocolate or a similar glaze. it also has some visible chunks of what looks like pecans embedded in it, adding texture and flavor to the brownie. the edges seem to be slightly raised, which is typical for baked goods that have been cut from a loaf pan"
dfd187cc612cd0e,What type of nuts are embedded in the brownie,pecans,"the brownie appears to have pecans embedded in it. pecans are are a common addition to many types of baked goods, including brownies, due to their nutty flavor and texture they add"
8ca33970fcac581,What color are the brownies,brown,"the brownies in the picture appear to be a rich, dark brown color, which is typical for chocolate brownies"
8ca33970fcac581,What is the dessert shown in the image,brownies,"the dessert shown in the image appears to be a stack of brownies. they look rich and moist, with visible chunks of what could be nuts or chocolate chips embedded within them"
8ca33970fcac581,What is the texture of the top brownie,cracked,"the top brownie appears to have a moist and dense texture, which is typical for brownies. the surface looks slightly cracked, indicating it might be rich and fudgy inside. the presence of what seems to be nuts pieces suggests that there it has been studded with nuts, adding an extra layer of texture and flavor"
8ca33970fcac581,What ingredient is visible in the brownies,walnuts,the visible ingredient in the brownies appears to be walnuts pieces
8ca33970fcac581,Where are the brownies placed to the plate,on top of,the brownies are stacked on top of each other on a white plate
6e6511f7b9124cb,What color are the brownies,dark-brown,"the brownies in the picture appear to be dark brown, which is typical for chocolate brownies. the color suggests they might be rich and possibly fudgy"
6e6511f7b9124cb,How are the brownies placed in the image,arranged,the brownies in the image appear to be cut into square pieces and are stacked or arranged closely together on a white plate
6e6511f7b9124cb,What type of dessert is shown in the image,brownies,"the image shows a plate of brownies. brownies are a type of dense, fudgy cake typically made with chocolate and sugar, often containing nuts or other ingredients for added flavor"
6e6511f7b9124cb,Where are the small nuts or inclusions located,within the chocolate,"the small nuts or inclusions appear to be scattered throughout the brownies in the image. they are not concentrated in any particular area but are dispersed across the surface and within the texture of the brownies. these inclusions could be chocolate chips, nuts, or other ingredients that are typically added to brownies for flavor and texture enhancement"
3c56ae3de51e0ba,What color is the plate,white,the plate in the image is white
3c56ae3de51e0ba,What is the name of the dish in the center of the image,bruschetta,"the dish in the center of the image appears to be a bruschetta. bruschetta is a traditional italian appetizer consisting of slices(s) of toasted bread topped with tomatoes, garlic, olive oil, and often, herbs like basil or oregano. the image shows a slice of toasted bread topped with sliced tomatoes, shredded cheese (likely mozzarella), and some herbs, which are are typical ingredients for bruschetta"
3c56ae3de51e0ba,What color are the chopped tomatoes,red,the chopped tomatoes in the image are red
3c56ae3de51e0ba,Where is the bruschetta located,on the center,"the bruschetta is located on a white plate, which appears to be placed on a green surface, possibly a tablecloth or placemat"
3c56ae3de51e0ba,What is the base of the bruschetta,toasted,"the base of the bruschetta appears to be a slice of toasted bread, likely a pita or a similar flatbread"
e4642d415d4395f,What has happened to the cheese on the bread,melted,"the cheese on the bread appears to be melted and slightly browned, which is typical when it's baked or cooked. this suggests that the bread has been baked in an oven, likely at a high temperature to achieve the desired level of browning and melting of the cheese"
e4642d415d4395f,What is the color of the plate,black,the plate in the image is black
e4642d415d4395f,What color are the tomato slices,red,the tomato slices in the picture is red
e4642d415d4395f,Where are the bright green basil leaves placed,on top,"the bright green basil leaves are placed on top of the pizza, specifically on the left side of the plate"
5d026af492d6a34,What color is the beef,reddish-brown,"the beef in the image appears to be a mix of red and brown colors, which is typical for cooked beef"
5d026af492d6a34,What type of meat is shown in the image,beef,"the image appears to show a dish that includes sliced meat, likely beef or pork, along with other ingredients such as chopped vegetables like carrots and possibly onions or potatoes. the dish looks like it could be a type of stir-fry or a similar preparation where the meat is cooked with vegetables and possibly some sauce. however, without more context or a clearer view, it's difficult to definitively identify the specific type of meat or the exact dish"
5d026af492d6a34,How does the beef appear in the image,glistening,"the beef in the image appears to be finelyed, which is a culinary technique where the meat is cut into very thin slices, often used for dishes like beef sukiyaki or beef teriyaki. the thin slices allows the meat to cook quickly and evenly, and it can be easily absorbed with the sauce. the beef is mixed with other ingredients such as chopped vegetables like carrots and onions, and possibly some green onions or scallions for garnish. the dish looks to be be cooked and ready to serve"
5d026af492d6a34,Where are the shredded carrots located in the image,on top of,"the shredded carrots are located throughout the image, scattered among the other ingredients. they appear to be mixed into what looks like a dish that includes chopped vegetables and possibly some type of meat or protein"
5d026af492d6a34,What color are the shredded carrots,orange,the shredded carrots in the image are orange
e21891b1b067fb8,What portion of the image do the burgers take up,one-third,"the burgers takes up a significant portion of the image, occupying most of the foreground and extending across the width of the image"
e21891b1b067fb8,What type of food is the main focus of the image,burgers,"the main focus of the image appears to be a plate of food that includes what looks like meatballs covered in a rich, brown sauce, possibly a gravy or a thick sauce, served alongside a side dish that seems to be mashed potatoes and possibly some sautéed vegetables or a similar dish in the background. it's a hearty meal often associated with comfort food"
e21891b1b067fb8,What color is the sauce covering the burgers,brownish-tan,"the sauce covering the burger appears to be a rich, dark brown color, which suggests it could be a gravy or a similar type of sauce"
e21891b1b067fb8,What is the sauce covering,of the burgers,"the sauce appears to be covering meatballs, which are typically served as a main dish in many cuisines styles. the sauce looks like it could be a creamy or rich sauce, possibly a cheese-based sauce or a gravy, given its consistency and color. it's common for such meatballs to be be served with a variety of sauces depending on the region or the specific recipe"
e21891b1b067fb8,What color are the beans,green,"the beans in the image appear to be a dark brown or almost black color, which is typical for refried beans that have been cooked with spices and possibly some form of seasoning or sauce"
31c8d45426631c6,What color is the baking dish,white,the baking dish in the picture is white
31c8d45426631c6,What has happened to the cheese on top of the casserole,melted,"the the cheese on top of the casserole appears to be melted and slightly browned, indicating that it has been baked or broiled"
31c8d45426631c6,What color is the melted cheese mostly,orange,"the melted cheese in the image appears to be a golden-yellow color, which is typical for cheddar or similar types of cheese when it has been melted and baked"
31c8d45426631c6,Where is the burrito casserole,in the dish,"the image shows a baked dish that appears to be a burrito casserole, which is a type of casserole made with layers of tortillas, cheese, and other ingredients typically found in burritos. it's served in a rectangular baking dish and has been partially eaten, as indicated by the missing slice"
31c8d45426631c6,How is the casserole arranged,layers,"the casserole appears to be layered, with visible layers of what looks like pasta or noodles, a creamy sauce, and melted cheese on top. the cheese seems to have been baked until it has a slightly browned and bubbly texture, indicating that it was likely baked in an oven. the dish is presented in a rectangular baking dish, which suggests it was prepared for baking. the portion taken out shows the layers of of the casserole, indicating that it's a layered dish"
2d3ce990cc41e09,Are the burritos vegan,vegan,"the image shows what appears to be a wrap or burrito, but it is not possible to definitively determine if it is vegan just from the visual information provided. here are some points to consider:

1. **ingredients**: the filling includes what looks like shredded chicken and possibly some vegetables. if the chicken is not plant-based (e which could be the case if it's a processed meat substitute), but it’s hard to tell from the image alone), then the burrito would not be vegan.

2. **t
"
2d3ce990cc41e09,What type of food is shown in the image,burritos,"the image shows a wrap, which appears to be filled with ingredients such as chicken and possibly some vegetables or sauces. wraps sandwiches are a popular type of sandwich that consists of a flatbread or tortilla wrapped around a filling"
2d3ce990cc41e09,What color are the tofu chunks,tan,"the tofu chunks in the wrap appear to be light brown or beige in color, which is typical for tofu that has been cooked and possibly seasoned"
2d3ce990cc41e09,Where is the cut burrito placed,on top,"the cut burrito is placed on a wooden cutting board or surface, which appears to be part of a kitchen setup"
de95b62def287ff,What is the flavor profile of the burritos,sweet,"the image shows two burritos on a plate, but without additional context or information about the ingredients used in these burritos, it's not possible to accurately describe their flavor profile. burritos can be made with a variety of fillingsings and sauces, which can greatly affect their taste. common fillingsings include ground beef, chicken, pork, or vegetables like beans, cheese, avocado, salsa, and guacamole. the flavor profile can range from spicy to mild, depending on the choice of ingredients and the type of sauce used.

if you you have more specific about the ingredients used in these burritos, i could provide a"
de95b62def287ff,What type of food is shown in the image,burritos,"the image shows a plate with two burritos. burritos are a type of mexican dish consisting of a tortilla that has been filled with various ingredients such as rice, beans, meat (like chicken or beef), cheese, and vegetables, then rolled up tightly. the burrito on the left appears to have avocado slices on top, which is a common garnish for burritos"
de95b62def287ff,What color is the plate,black,the plate in the picture is black
de95b62def287ff,Where are the burritos placed,on a black plate,"the burritos are placed on a black plate, which is sitting on top of a red placemat. the background appears to be an outdoor setting with grass visible, suggesting that this might be a picnic or an outdoor meal setup"
de95b62def287ff,What color is the sweet potato filling,orange,"the sweet potato filling in the burrito appears to be a light orange or yellowish color, which is typical for cooked sweet potatoes"
537825d37055ad1,What is the primary color of the frosting,white,"the primary color of the frosting on the cupcake appears to be white, with some red and blue accents that resemble the colors of the american flag"
537825d37055ad1,What is the dessert in the image,cupcake,"the dessert in the image appears to be a cupcake. it has white frosting and is decorated with what looks like a small american flag on top, suggesting it might be a patriotic-themed dessert, possibly for an event or celebration involving the united united statess"
537825d37055ad1,What color streaks are incorporated into the frosting besides red,light blue,"the besides red, the frosting on the cupcake incorporates white and blue streaks"
537825d37055ad1,Where is the frosting placed on the cupcake,on top of,"the frosting on the cupcake appears to be piped in a spiral pattern, creating a decorative swirl on top of the cupcake"
d042eca485dd728,What shape is the cake,rectangular,the cake in the picture appears to be rectangular in shape
d042eca485dd728,What type of dessert is shown in the image,cake,"the image shows a birthday cake. it has ""happy birthday jennifer"" written on it, which appears to be a typo and should likely say ""jenifer"" instead of ""jennifer"". the cake is decorated with orange flowers and green leaves around the edges"
d042eca485dd728,What color is the lettering on the cake,blue,the lettering on the cake is blue
d042eca485dd728,What is the buttercream flavor on the cake,caramel,"the image shows a birthday cake with ""happy birthday jennifer"" written in blue frosting. the buttercream flavor cannot be determined from the image alone, as it does not provide any visual clues about the taste or texture of the frosting. it could be vanilla, chocolate, strawberry, or any other flavor commonly used for buttercream frosting. to determine the flavor, you would need to taste the frosting or have additional information provided by the baker or the cake's itself"
d042eca485dd728,Where are the orange flowers placed on the cake,around the perimeter,"the orange flowers are placed around the edges of the cake, along with green leaves, creating a decorative border"
ac5a3aa8ca9674b,What is the texture of the cabbage in the image,shredded,"the cabbage in the image appears to have a shredded or finelyed texture, which is typical for cabbage that has been finelyed or grated"
ac5a3aa8ca9674b,What type of vegetable is shown in the image,cabbage,"the image shows a bowl filled with shredded red beets. beets are root vegetables that are commonly used in salads, soups, and as a side dish. the red color comes from the presence of betalanin, which is a pigment found in beets"
ac5a3aa8ca9674b,Where is the cabbage located in the image,on the top-right,"the image shows a bowl filled with shredded red cabbage. the cabbage appears to be finely-cut, which is a common preparation method for coleslaw or other salads"
ac5a3aa8ca9674b,What is the color of the bowl in the image,white,the bowl in the image is white with a floral design on it
ac5a3aa8ca9674b,What is the color of the shredded cabbage in the image,pinkish-red,"the shredded cabbage in the image appears to be red, which suggests it might be red cabbage or possibly a type of red cabbage that has been shredded and used as a garnish or ingredient"
64226aa9f3056f4,What color is the bowl,white,the bowl in the image appears to be white
64226aa9f3056f4,What is the shape of the container holding the scalloped cabbage,bowl,"the container holding the scalloped cabbage appears to be oval or oblong in shape, which is typical for a baking dish used for serving and cooking"
64226aa9f3056f4,What is visible on top of the golden brown crust,breadcrumbs,"the image shows a dish with a golden brown crust, which appears to be a baked item, possibly a casserole or a pie. the crust has a textured surface that looks like it could be breadcrumbs or a similar topping. it's not possible to determine the exact type of dish without more context, but the crust suggests it might be something like a quiche, a savory pie, or a baked pasta dish"
64226aa9f3056f4,What color is the crust on top of the scalloped cabbage,golden,"the crust on top of the scalloped cabbage appears to be golden brown, indicating it has been baked or cooked until crispy and slightly toasted"
a18c5a91e434bbb,What is the texture of the cabbage in the salad,shredded,"the cabbage in the salad appears to have a crisp and shredded texture, which is typical for coleslaw or similar salads where the cabbage is finely-cut or shredded"
a18c5a91e434bbb,What type of cabbage is used in the salad,green-cabbage,"the salad appears to be a coleslaw, which typically uses shredded cabbage as its main ingredient. the cabbage looks like it could be either green cabbage or white cabbage, but without more specific details or a closer look at the texture and color, it's difficult to determine with certainty. coleslaw can also sometimes include red cabbage for added color and flavor"
a18c5a91e434bbb,What color is the shredded cabbage in the salad,white,"the shredded cabbage in the salad appears to be white or light green, which is typical for raw cabbage"
a18c5a91e434bbb,What color are the carrot slivers in the salad,orange,the carrot slivers in the salad appear to be orange in color
a18c5a91e434bbb,Where are the carrot slivers located in the salad,within the salad,"the carrot slivers are located towards the top of the salad, mixed among the other ingredients such as shredded cabbage and possibly some nuts or seeds"
ddd7b62c8f666e1,What color is the bowl,reddish-orange,the bowl in the picture is orange
ddd7b62c8f666e1,What is the main vegetable in the dish,cabbage,"the main vegetable in the dish appears to be sauerkra, which is a type of fermented cabbage"
ddd7b62c8f666e1,What color is the cabbage,yellowish-green,"the cabbage in the picture appears to be yellowish-green, which is typical for sauerkra, a type of fermented cabbage dish"
ddd7b62c8f666e1,What type of beans are in the dish,beans,"the dish appears to contain red kidney beans, which are characterized by their distinctive red color and kidney-shaped form. the beans are mixed with what looks like sauerkra, a traditional german dish made from fermented cabbage"
ddd7b62c8f666e1,Where is the dish positioned in the image,in the center,"the dish is positioned centrally in the image, placed on a surface that appears to be a table covered with a patterned cloth"
1f70da84dd0fa82,What is the main vegetable in the dish,cabbage,"the main vegetable in the dish appears to be carrots, as they are prominently featured and identifiable by their bright orange color and shape"
1f70da84dd0fa82,What color is the plate,brown,"the plate in the image appears to be dark brown or black, possibly made of ceramic or clay"
1f70da84dd0fa82,Where is the cabbage placed,on top of the plate,"the cabbage appears to be placed on top of a base that looks like a tortilla or flatbread, which is then topped with other vegetables such as carrots and possibly some type of sauce or dressing. it seems to be be a dish that combines elements of mexican cuisine, given the use of the tortilla-like base, with the inclusion of vegetables and what could be a type of salsa or sauce"
1f70da84dd0fa82,What color are the diced carrots,orange,the the diced carrots in the image are orange
8643addc01f5c98,How are the cabbage pieces arranged in the soup,evenly-distributed ,"the cabbage pieces in the soup appear to be cut into bite-sized chunks and are scattered throughout the bowl. they are not arranged in any particular pattern but rather seem to be mixed in with other ingredients like diced vegetables, which suggests a random distribution typical of a stir-fry or a similar dish where ingredients are combined without specific arrangement"
8643addc01f5c98,Where are the solid ingredients located in the bowl,floating in,"the solid ingredients, which appear to be pieces of vegetables and possibly some cooked meat or tofu, are located at the bottom of the bowl. they are not floating on top but rather are submerged in the liquid, likely a broth or sauce that is part of the dish"
8643addc01f5c98,What color are the tomatoes in the soup,red,the tomatoes in the soup appear to be red
8643addc01f5c98,What color are the carrot chunks in the soup,orange,the carrot chunks in the soup appear to be orange
c71c9651e38223e,What color is the chicken piece,light-brown,"the chicken piece in the image appears to be a light golden-brown color, which is typical for cooked chicken that has been pan-fried or baked"
c71c9651e38223e,What type of meat is featured in the dish,chicken,"the dish appears to feature chicken as the main protein. the piece of meat looks like it could be a chicken breast, which is common in dishes like chicken piccata or chicken with tomatoes and onions, both of which are visible in the image"
c71c9651e38223e,What color are the tomato bits in the sauce,red,"the tomato bits in the sauce appear to be red, which is typical for cooked tomatoes used as a garnish or ingredient in many sauces and dishes"
c71c9651e38223e,Where is the chicken piece positioned on the plate,on the right side,"the chicken piece is positioned on top of the spaghetti, slightly to the right side of the plate"
c71c9651e38223e,What type of noodles are under the chicken,spaghetti,"the noodles under the chicken appear to be spaghetti. they have a thin, long shape characteristic of spaghetti pasta, and they are lightly coated with what looks like a sauce that complements the dish"
3588268d71872c9,What color is the tomato-based sauce,reddish-brown,"the tomato-based sauce in the image appears to be a rich, deep red color, which is typical for a tomato-based sauce"
3588268d71872c9,What is the main protein in the dish,chicken,"the main protein in the dish appears to be a meatball, which is covered in a tomato-based sauce"
3588268d71872c9,What color are the egg noodles,light-yellow,"the egg noodles in the picture appear to be a light yellow or beige color, which is typical for cooked egg noodles"
3588268d71872c9,Where is the chicken positioned on the plate,in the center,"the chicken is positioned at the top of the plate, resting on a bed of of egg noodles"
d0e3d9a163d4065,What color is the spaghetti in the dish,light,"the spaghetti in the dish appears to be a light brown or beige color, which is typical for cooked spaghetti that has been mixed with tomato sauce and possibly other ingredients like cheese"
d0e3d9a163d4065,What type of meat is used in the dish,chicken,"the dish appears to be a type of pasta with meat sauce, possibly chicken or turkey, given the color and texture. however, it's not possible to definitively identify the type of meat from the image alone without additional context or information about the preparation method"
d0e3d9a163d4065,What color is the tomato sauce in the dish,red,"the tomato sauce in the dish appears to be a rich, deep red color, which is typical for a traditional tomato-based sauce"
d0e3d9a163d4065,What is sprinkled on top of the dish,cheese,"the dish appears to be topped with grated cheese, likely parmesan or mozzarella, which is a common topping for pasta dishes like spaghetti bolognese"
a5761726130842d,What color are the calamari rings,golden,"the calamari rings in the picture appear to be a golden brown color, which is typical for fried calamari"
a5761726130842d,What type of seafood is shown in the image,calamari,"the image shows fried calamari, which are a popular seafood dish. calamari is typically squid that has been cleaned, battered, and deep-fried until crispy. it is often served with a dipping sauce, such as the red sauce visible in the image, which could be marinara or a similar type of sauce"
a5761726130842d,How are the calamari rings placed on the plate,arranging,"the calamari rings are arranged in a circular pattern around the edge of the plate, creating a ring-like appearance"
a5761726130842d,What color is the plate,white,the plate in the image appears to be white
a5761726130842d,Where is the dark red sauce placed,on the plate,"the dark red sauce is placed in a small white bowl in the center of the plate, surrounded by the fried calamari rings"
6d770809b93ee86,What color is the bowl,yellow,the bowl in the picture is yellow with a white interior
6d770809b93ee86,What is the soup served in,bowl,"the soup appears to be served in a yellow bowl with a white interior. the bowl has a decorative pattern on its exterior, which includes some red and black designs"
6d770809b93ee86,What color is the broth,brown,"the broth in the image appears to be a light brown or beige color, which is typical for many types of soups and broths"
6d770809b93ee86,Where are the avocado slices positioned,on top of,"the avocado slices is positioned on top of the bowl, leaning against the side of the bowl"
f123e18d594e493,What color is the corn on the cob,yellow,"the corn on the cob in the picture appears to be yellow, which is typical for sweet corn"
f123e18d594e493,What is the dish served on,plate,the dish appears to be served on a white plate
f123e18d594e493,What type of meat is in the dish,beef,"the dish appears to contain pieces of beef, which can be identified by its color and texture. the meat is cooked and mixed with other ingredients such as corn, carrots, and possibly potatoes or sweet potatoes, which are common in dishes like stews or curries"
f123e18d594e493,What color is the beef,brown,"the beef in the image appears to be brown, which is typical for cooked beef"
f123e18d594e493,What is the beef submerged in,in broth,"the the beef appears to be submerged in a sauce or gravy, which is likely part of the dish's it is served with. the sauce looks thick and rich, possibly containing ingredients like corn, carrots, and other vegetables, suggesting that this could be a stew or a curry"
2334aa188b34959,What color is the interior of the candy,yellow,"the interior of the candy appears to be a light yellow or beige color, which suggests it might be a type of cake or sponge-like filling"
2334aa188b34959,What is the exterior coating of the candy made of,chocolate,"the exterior coating of the candy appears to be chocolate. this can be inferred from its dark color and the way it coats the inner portion of the candy, which looks like a sponge cake or a similar type of confection"
2334aa188b34959,What type of food is shown in the image,candy,"the image shows a chocolate-covered pastry, which appears to be a type of chocolate-covered biscuit or cookie. it has a golden-brown interior that looks like it could be a sponge cake or a similar baked good, and it's coated with a layer of chocolate. the packaging suggests it might be a festive or holiday-themed treat"
2334aa188b34959,What color is the exterior of the candy,brown,"the exterior of the candy appears to be chocolate-colored, which is typically dark brown or black in its natural state"
2334aa188b34959,Where is the orange ribbon located in relation to the candy,right of orange ribbon,"the orange ribbon is located behind and slightly above the candy, near the top left corner of the image"
0d091be8b650e7b,What color are the candies,brown,the candies in the picture appear to be a light brown or tan color
0d091be8b650e7b,What is the main ingredient of the candies,sugar,"the candies in the picture appear to be made from a combination of ingredients, but based on their look and texture, they could be made from a mixture that includes nuts, possibly coconut, and possibly some form of sugar or syrup. which is common for homemade or artisanal candies. however, without more information, it's difficult to determine the exact ingredients"
0d091be8b650e7b,What color is the plate,white,the plate in the image is white
0d091be8b650e7b,Where is the pink flower positioned,to the left,"the pink flower is positioned on the left side of the plate, partially overlapping with the food items"
996b61b45564b37,What color is the meat,brownish-red,"the meat in the picture appears to be a rich, dark brown color, which suggests it has been cooked to a well-done or medium-well level"
996b61b45564b37,What type of food is in the center of the image,meat,"the food in the center of the image appears to be a steak, likely a ribeye or a similar cut, served with roasted vegetables such as potatoes and possibly onions"
996b61b45564b37,What color are the charred edges of the meat,dark brown,"the charred edges of the meat in the image appear to be a dark brown or almost black color, indicating they it has been cooked to a well-done level"
996b61b45564b37,How would you describe the edges of the meat,charred,"the edges of the meat in the image appear to be well-seareded, with a dark, caramelized crust that suggests it has been cooked at high heat. this sear gives the meat a rich, flavorful exterior while keeping the interior juicy and tender. the edges look slightly crispy, indicating a good balance between doneness and texture"
996b61b45564b37,What is not present in the image,vegetables,"the image shows a cooked piece of meat, likely a steak, served in a cast iron skillet with some vegetables or garnishes around it. there is no visible text, branding, or any other objects that can be identified as not being present in the image"
b24a6f2ed6a3e36,What is the texture of the candy,hard,"the candy in the image appears to have a crystalline or granular texture, which is typical for hard candies that are often coated with sugar. this coating gives them a rough, slightly gritty feel when you they are bitten into. the pieces also seem to be have a shiny surface, suggesting they might be coated with a glaze or a sugary layer that reflects light"
b24a6f2ed6a3e36,What type of food is shown in the image,candy,"the image shows pieces of candied orange peel, which is a type of confectionery made from the outer rind of oranges that has been candied and often powdered with sugar"
b24a6f2ed6a3e36,What is the dominant color of the candy,orange,the dominant color of the candy in the picture is orange
b24a6f2ed6a3e36,What is the relationship between the candy and the white powder,coated,"the image shows pieces of candy that appear to be coated with a white powdery substance, which could be sugar or powdered sugar. the white powder likely serves as a coating for the candy, enhancing its texture and flavor. it can also help in preserving the candy by preventing moisture from affecting it"
b24a6f2ed6a3e36,Where are the pieces of candy located in the image,throughout,"the pieces of candy, which appear to be triangular and have a translucent orange color, are scattered across a white surface. they seem to be covered with a light dusting of powdered sugar. the exact location or context is not provided, but they are clearly placed on a flat, light-colored background"
b4d3f2a98200f70,What color is the plate,green,the plate in the image appears to be green
b4d3f2a98200f70,What type of food is shown in the image,candy,"the image shows a plate of dried cranberries. these are are typically sweetened and often used as a snack or ingredient in various dishes, such as salads, oatmeal, or baked goods"
b4d3f2a98200f70,What color is the candy,reddish-brown,"the candy in the picture appears to be a reddish-brown color, which suggests it might be a type of fruit-flavored candy, possibly resembling dried fruit or a similar texture"
b4d3f2a98200f70,Where is the pile of candy located on the plate,center,the pile of candy is located in the center of the plate
b4d3f2a98200f70,Where is the candy placed,on the plate,"the candy appears to be placed on a plate or a similar flat surface, which is likely part of a table setting. the background suggests that this could be a festive or holiday setting, possibly for a celebration or gathering"
95b9f7b9949ffcd,What color is the prickly pear candy,red,"the image you provided appears to be a close-up of a surface that has been stained or marked with a red substance, which could resemble the color of prickly pear candy. however, it's important to note that the image does not clearly show any candy, but rather what looks like a textured surface with red markings. it's possible that the red substance is a type of food coloring or a similar material used for artistic or decorative purposes. if you're referring to a specific type of candy, it would be best to have a clear image of the candy itself"
95b9f7b9949ffcd,How was the candy applied to the parchment paper,poured,"the image shows a piece of parchment paper with what appears to be a layer of red candy or a similar substance spread across it. the application seems to have been done in a somewhat haphazard manner, possibly by pouring or spreading the candy directly onto the parchment paper. the uneven distribution and the presence of some chunks suggest that the candy might have been poured from a container or spread using a tool like a spatula or a brush. it's not possible to determine the exact method without more context, but these are the most likely possibilities"
95b9f7b9949ffcd,What type of food is shown in the image,candy,"the image appears to show a close-up of a piece of raw meat, possibly beef or pork, with visible marbling and a rich red color"
95b9f7b9949ffcd,What is the appearance of the candy in terms of light transmission,translucent,"the image you provided appears to show a piece of candy that has been cut or broken, revealing its interior. the candy seems to be have a translucent quality, allowing some light to pass through but not completely. the red color suggests it might be a fruit-flavored candy, possibly with a jelly-like texture. the light transmission is not uniform across the surface, indicating variations in thickness or density within the candy"
95b9f7b9949ffcd,Where is the candy located on the parchment paper,on a piece,"the image appears to show a piece of parchment paper with what looks like a red substance spread across it, possibly resembling melted or spread candy. however, without more context or a clearer view, it's difficult to definitively identify the substance as candy. it could be something else, such as a food coloring test, a paint experiment, or even a different type of material. if you have any additional details or context about the image, that would help in providing a more accurate answer"
163f1ab33bea657,What color is the filling of the pie,yellow,"the filling of the pie appears to be a light yellow or pale greenish-yellow color, which is typical for a fruit pie, such as an apple pie"
163f1ab33bea657,Where is the Cantaloupe Pie located in the image,center of the image,"the image you provided does not show a cantaloupe pie. instead, it appears to be a pie with a golden-brown crust and a mraham-like topping, which could suggest it might be a fruit pie or a dessert with a meringang topping. however, without more context or a clearer view of the filling, it's difficult to definitively identify the type of pie"
163f1ab33bea657,How does the meringue topping appear,fluffy and toasted,"the mérangue topping in the image appears to be golden brown and slightly crispy, indicating it has been baked or broiled until it achieved a desirable texture and color. the surface looks smooth with some slight peaks and valleys, which is typical of a well-baked mérangue. the edges seem to have curled up slightly, suggesting that the heat was applied evenly around the pie"
163f1ab33bea657,What is the topping on the pie called,meringue,"the topping on the pie appears to be meringc, which is a type of pastry crust that has been baked until it is golden brown and slightly crisp"
163f1ab33bea657,What color is the crust of the pie,silver,"the crust of the pie appears to be golden brown, which is typical for a baked pie crust"
f2527f9cf419a07,What color is the pasta,light-green,"the pasta in the picture appears to be a light green color, which suggests it might be pesto pasta"
f2527f9cf419a07,What type of dish is shown in the image,pasta,"the image shows a plate of pasta, specifically what appears to be fettuccine or linguine, coated in a creamy sauce that looks like it could be a pesto sauce. it's garnished with black pepper and possibly some herbs. the dish seems to be be served as a main course"
f2527f9cf419a07,What color is the pepper sprinkled on the pasta,black,"the pepper sprinkled on the pasta appears to be black, which suggests it might be black pepper"
f2527f9cf419a07,What is the pasta coated in,in a creamy sauce,"the pasta appears to be coated in a creamy, greenish-yellow sauce, which could be pesto or a similar herb-based sauce. it's garnished with black pepper and possibly some nuts or seeds, adding texture and flavor to the dish"
f2527f9cf419a07,What color is the fork,silver,the fork in the image appears to be silver or metallic in color
359af529a2897e9,What color is the exterior of the meat,brown,"the exterior of the meat in the image appears to be a light brown or golden color, which suggests it has been cooked, possibly roasted or grilled"
359af529a2897e9,What type of food is being cooked,meat,"the image shows a dish that appears to be a type of stew or soup, possibly a variation of a traditional meat and vegetable stew. it includes pieces of meat, which look like they could be pork or lamb, along with various vegetables such as onions, garlic, and possibly potatoes or carrots. the presence of what looks like a layer of fat on top suggests it might be a slow-cooked dish where the fat has risen to the surface during cooking. this type of dish is often found in many cuisines traditions around the world, including chinese, japanese, korean, and many others. without more specific information, it's hard to pinpoint"
359af529a2897e9,What is happening to the liquid around the meat,bubbling,"the liquid around the meat appears to be boiling or simmering, which suggests that it is being cooked. this could be part of a stew, soup, or other dish where the meat is being cooked in a liquid. the presence of vegetables and the bubbling liquid indicate that the dish is likely being cooked at a low to medium heat, allowing the flavors to meld together"
359af529a2897e9,What color is the liquid surrounding the meat,yellow-brown,"the liquid surrounding the meat appears to be a light brown or amber color, which suggests it could be a broth or stock, possibly with some seasoning or herbs added"
eab27a4e2f33b77,What color are the carrots,orange,"the carrots in the bowl appear to be orange, which is their typical natural color"
eab27a4e2f33b77,What vegetable is in the bowl,carrots,the bowl contains sliced carrots
eab27a4e2f33b77,What color is the bowl,white,the bowl in the picture is white
35190d2da66fdbc,What color are the carrots,orange,"the carrots in the image appear to be orange, which is their typical natural color"
35190d2da66fdbc,What vegetable is the main focus of the dish,carrots,"the main focus of the dish appears to be the sausages, which are are prominently displayed on the plate. the vegetables in the background seem to be roasted or sauted potatoes and possibly some carrots, but they are not as central to the composition of the dish"
35190d2da66fdbc,How do the carrots appear on the plate,glistening,"the carrots in the image appear to be roasted or sauted, as they have a slightly browned and caramelized appearance, which is typical of cooked carrots that have been exposed to heat. the carrots are cut into small pieces and are arranged alongside what appears to be grilled or fried sausage slices. they are garnished with a sprig of parsley for color contrast"
35190d2da66fdbc,Where are the carrots mostly arranged on the plate,in the center,"the carrots in the image appear to be arranged around the edges of the plate, forming a border around the main dish. which seems to include sausages and possibly roasted vegetables. such


 addcriterion

 addcriterion

 addcriterion


 addcriterion

 addcriterion

 addcriterion

 addcriterion

 addcriterion

 addcriterion

 addcriterion

 addcriterion

 addcriterion

 addcriterion

 addcriterion

 addcriterion

 addcriterion

 addcriterion

 addcriterion

 addcriterion

 addcriterion

 addcriterion

"
35190d2da66fdbc,What color is the garnish next to the carrots,green,"the garnish next to the carrots appears to be green, likely parsley or a similar herb"
cddc2590663c874,What color is the rice besides white,yellowish,"the rice in the picture appears to have some orange and yellow hues, likely from ingredients such as carrots or saffron, which are common additions to rice dishes for color and flavor"
cddc2590663c874,What is the main ingredient in the dish besides rice,rice,"the main ingredients in the dish, besides rice, appear to be peanuts and carrots. which are visible on top of the rice"
cddc2590663c874,What color are the small pieces distributed throughout the rice,orange,"the small pieces distributed throughout the rice appear to be a light brown or beige color, which is likely indicative of roasted peanuts"
cddc2590663c874,What color is the sprig located on the left side of the rice,green,"the sprig located on the left side of the rice appears to be green, likely parsley or a similar herb"
06aa1cd4906fc6e,What type of nuts are shown in the image,cashews,the image shows fried peanuts. the peanuts appear to be coated with a batter and then deep-fried until they they have a golden-brown color
06aa1cd4906fc6e,What color are the cashews,tan,"the cashews in the picture appear to be a light brown color, which is typical for roasted cashews"
06aa1cd4906fc6e,How are the cashews arranged in the bowl,piled randomly,"the cashews in the bowl appear to be loosely piled on top of each other, creating a somewhat uneven and scattered arrangement. some cashews are are more towards the edges of the bowl, while others are nestled closer together in the center. the overall appearance suggests that they were not carefully arranged but rather placed in the bowl as is"
06aa1cd4906fc6e,Where is the bowl placed,on a purple surface,the bowl appears to be placed on a surface that looks like a table or countertop. with a patterned cloth underneath it
b07024f19d54163,What shape is the casserole presented in,triangular,"the casserole appears to be presented in a triangular or wedge shape, which is often how a slice of a larger casserole dish is cut and served"
b07024f19d54163,What type of dish is the food served in,casserole,"the food appears to be a slice of quiche or a similar baked dish, served on a clear glass plate"
b07024f19d54163,What color is the spinach in the casserole,green,the spinach in the casserole appears to be green
b07024f19d54163,What is the bacon mixed with on top of the casserole,with cheese,"the image shows a casserole that appears to be a spinach and feta cheese dish, topped with what looks like crumbled bacon and possibly some shredded cheese"
b07024f19d54163,What appears as a yellow or off-white layer in the casserole,egg,"the yellow or off-white layer in the casserole appears to be cheese. it is commonly used in casseroles like this one, which seems to be a spinach and feta cheese casserole, to add flavor and texture"
1c9f4259812306b,What color is the catfish fillet,beige,"the catfish fillet in the picture appears to be a light golden-brown color, which is typical for cooked catfish that has been pan-fried or baked"
1c9f4259812306b,What type of fish is featured in the dish,catfish,"the image shows a dish that appears to be a piece of fish, likely a white fish such as tilapia or cod, topped with a tomato-based sauce and garnished with what looks like zucchini noodles (zoodles). the exact type of fish cannot be determined with certainty from the image alone, but it is commonly in dishes like this where the fish is served over a bed of zoodles and topped with a sauce"
1c9f4259812306b,What color is the tomato-based sauce,reddish-orange,"the tomato-based sauce in the image appears to be a rich, deep red color"
1c9f4259812306b,Where is the catfish fillet situated in the image,in the upper-center,"the catfish fillet is located at the center of the image, placed on top of a bed of what appears to be zucchini noodles or a similar vegetable-based base"
1c9f4259812306b,How is the dark brown component prepared,fried,"the dark brown component in the image appears to be a sauce or glaze that has been applied over the dish. it looks like it could be a type of barbecue sauce, a balsamic reduction, or possibly a soy-based sauce. given its color and consistency. 

here's how such a sauce might typically be prepared:

1. **barbecue sauce**: 
   
   - **ingredients**: ketchup, brown sugar, vinegar, molasses, spices (like garlic powder, onion powder, paprika, cayenne pepper).
  
  - **preparation**: mix all ingredients together in a pot. bring to a boil"
6d22247b721e6d5,What color is the catfish,golden-brown,"the catfish in the picture appears to be a golden-brown color, which is typical for grilled or pan-fried fish"
6d22247b721e6d5,What type of fish is shown in the image,catfish,"the image shows a grilled piece of fish, but without more specific details or context, it's difficult to definitively identify the exact type of fish. it could be any number of types of fish that are commonly grilled, such as salmon, tilapia, cod, or halibut. the appearance and texture can vary greatly depending on the species. if you you have more information about the fish, such as its color, shape, or any distinctive markings, it would help narrow down the possibilities"
6d22247b721e6d5,Where is the catfish located in the image,center,"the catfish appears to be located on a plate, which is partially visible in the image"
6d22247b721e6d5,What color are the beans next to the catfish,green,"the image does not contain any beans or a catfish. it shows a close-up of a piece of grilled fish, likely catfish, with some green vegetables that appear to be asparagus on a plate"
6d22247b721e6d5,Where is the catfish positioned in the image,on the foreground,"the catfish appears to be positioned on a plate, likely as part of a meal. it is placed centrally and takes up most of the frame. the fish looks grilled or pan-fried with a golden-brown crust, and there it is accompanied by green beans and what seems to be a side of rice or mashed potatoes"
834120a1d388a55,What does the cauliflower purée do to the blue bowl,fills,"the cauliflower purée appears to be filling the blue bowl, creating a smooth and creamy texture that contrasts with the bowl's its vibrant blue color"
834120a1d388a55,What vegetable is used to make the purée,cauliflower,"the purée in the image appears to be mashed potatoes, which are typically made from potatoes. however, it could also be a type of vegetable purée such as cauliflower or sweet potato purée, depending on the color and texture. the yellow hue suggests it might be a sweet potato or a similar root vegetable"
834120a1d388a55,What color is the bowl,blue,the bowl in the picture is blue
834120a1d388a55,What color is the cauliflower purée,yellow,"the cauliflower purée in the image appears to be a pale yellow or off-yellow color, which is typical for mashed cauliflower due to the natural color of the vegetable"
fd20accf5e43db6,What is the texture of the mac-n-cheese,creamy,"the image shows a bowl of macaroni and cheese that appears to have a creamy, smooth texture. the cheese sauce looks thick and rich, coating the pasta noodles evenly. the presence of shredded cheese on top suggests it might be slightly crunchy or crispy in those areas, but overall, the dish seems to have a soft and velvety consistency"
fd20accf5e43db6,What dish is being described,mac-n-cheese,"the image depicts a dish of macaroni and cheese. it appears to be made with elbow macaroni, covered in a creamy cheese sauce, and topped with shredded cheddar cheese and possibly some chopped parsley for garnish"
fd20accf5e43db6,What color is the bowl,white,the bowl in the picture is white
fd20accf5e43db6,What color are the thin strips of cheddar cheese on top,orange-yellow,the the thin strips of cheddar cheese on top of the dish appear to be yellow in color
e2f67c2710c00c9,What is the primary color of the cauliflower florets,off-white,the primary color of the cauliflower florets in the image is white
e2f67c2710c00c9,What vegetable is off-white to light tan in color,cauliflower,the vegetable that appears white to light tan in the image is cauliflower
e2f67c2710c00c9,What color are the brussels sprouts,green,"the brussels sprouts in the image appear to be green, which is their typical color when they are cooked or roasted"
e2f67c2710c00c9,What vegetable is intermixed with the cauliflower,broccoli,the vegetables intermixed with the cauliflower in the image appear to be brussels sprouts and zucchini
e2f67c2710c00c9,What vegetable is dark green and scattered throughout the bowl,broccoli,the dark green vegetables scattered throughout the bowl appear to be brussels sprouts
5499c0eb50d5cca,What are the jars made of,glass jars,"the jars in the picture appear to be made of glass. this is suggested by their translucent nature and the way they light passes through them, which is characteristic of glass containers. the lids on top of the jars seem to be made of metal, likely stainless steel or aluminum, which is common for preserving jars as it provides a tight seal to keep the contents fresh"
5499c0eb50d5cca,What color is the cauliflower in the jars,white,the cauliflower in the jars appears to be white
5499c0eb50d5cca,What color are the carrot slices in the jars,orange,the carrot slices in the jars appear to be orange
5499c0eb50d5cca,Where are the jars placed,on the countertop,"the jars appear to be placed on a countertop or a similar flat surface, likely in a kitchen setting"
706760a64a27a1f,What color is the exterior of the Challah bread,golden-brown,the exterior of the challah bread in the picture appears to be golden brown
706760a64a27a1f,What type of food is shown in the image,bread,"the image shows a loaf of braided bread, which appears to be a type of challah bread"
706760a64a27a1f,Where is the Challah bread positioned,on the cutting board,"the challah bread is positioned on a wooden cutting board, which appears to be placed on a countertop or table"
706760a64a27a1f,What color is revealed in the inner sections of the Challah bread,yellow,"the inner sections of the challah bread appear to be a light golden brown, which is typical for freshly baked bread"
db3b1778b24456b,What color is the Swiss chard,dark green,"the swiss chard in the picture appears to be green with some red stems, which is typical for many varieties of swiss chard"
db3b1778b24456b,What type of green vegetable is in the bowl,chard,"the bowl appears to contain spinach, which is a leafy green vegetable. it looks like it has been sautéed with some chopped onions and possibly garlic, giving it a cooked appearance"
db3b1778b24456b,What ingredient is mixed with the Swiss chard,garlic,"the image shows swiss chard that appears to be sautéed or stir-fried, and it includes chopped onions as an ingredient. the dish also seems to have some garlic, which is common in stir-fry dishes for flavor enhancement"
db3b1778b24456b,What color are the garlic pieces,white,"the garlic pieces in the image appear to be white with some light green tints, which is typical for freshly chopped garlic"
db3b1778b24456b,Where is the Swiss chard with garlic located,in a bowl,"the image shows a dish of swiss chard that has been cooked and garnished with chopped garlic. the dish appears to be sautéed or stir-fried, as indicated by the wilted texture of the chard leaves and the presence of chopped garlic pieces mixed in. it's likely served in a bowl, which is partially visible at the top edge of the image"
641396b8036abef,What colors are present in the rainbow chard,rainbow,"the image shows a bowl of rainbow chard, which is a variety of chard that includes leaves with different colors. the colors present in the rainbow chard include:

- green (the primary color of the chard)
- red (from the pomegranate seeds and possibly some of the chard leaves)
- orange (from the carrots or other vegetables mixed in)
- yellow (from the yellow chard)

these
 addcriterion
"
641396b8036abef,What type of chard is shown in the image,chard,"the image shows a bowl of chard salad. the chard appears to be a mix of different types, including swiss chard and possibly some red or green chard. the salad includes other ingredients such as pomegranate seeds, nuts, and possibly dried fruits, which add color and texture to the dish. it looks like a healthy and nutritious meal"
641396b8036abef,What is the primary color of the chard leaves,green,the primary color of the chard leaves in the image is green
641396b8036abef,Where is the bowl placed in the image,in a bowl,"the bowl is placed on a surface that appears to be a table or countertop. it is positioned centrally in the image, with a green cloth partially visible underneath it on the left side"
641396b8036abef,What ingredient is mixed in with the chard,vegetables,"the dish appears to be a chard salad, and it includeses pomegranate seeds as a prominent ingredient. the vibrant red color of the pomegranate seeds contrasts beautifully with the green of the chard, adding both visual appeal and a sweet-tart flavor to the dish"
c2f3350b60c42de,What type of burger is shown in the image,cheeseburger,"the image shows a cheeseburger. it appears to be a classic cheeseburger with a beef patty, melted cheese, and a sesame seed bun"
c2f3350b60c42de,What color is the cheese on the burger,yellow,"the cheese on the burger appears to be yellow, which is typical for american cheese or cheddar cheese"
c2f3350b60c42de,What color is the bottom half of the burger bun,golden-brown,"the bottom half of the burger bun appears to be a light brown or tan color, which is typical for a hamburger bun"
c2f3350b60c42de,What is the pale green item beside the burger,pickle,the pale green item beside the burger appears to be a pickle spear
c2f3350b60c42de,Where is the cheeseburger placed,on a white plate,"the cheeseburger is placed on a white plate, which is situated on a woven placemat. the placemat appears to be resting on a wooden table"
2635e661bc71dc5,What color is the top bun of the burger,tan,"the top bun of the burger appears to be a light brown or golden color, which is typical for a hamburger bun that has been toasted or baked"
2635e661bc71dc5,What type of food is the main item in the image,burger,"the main item in the image appears to be a sandwich. it looks like it contains layers of ingredients such as lettuce, tomato, and possibly some kind of spread or dressing on the bread. the sandwich is served with what seems to be roasted or baked potato wedges on the side"
2635e661bc71dc5,What color are the sweet potato fries next to the burger,orange,"the sweet potato fries next to the burger appear to be a golden brown color, which is typical for sweet potato fries that have been cooked until crispy and golden"
2635e661bc71dc5,Where is the burger located in relation to the sweet potato fries,located to the left,"the the burger is located on the left side of the plate, while the sweet potato fries are on the right side"
ae5fb0be294fa94,What color is the cheesecake,beige,"the cheesecake in the picture appears to be a light beige or offang color, which is typical for a classic cheesecake"
ae5fb0be294fa94,What is the cheesecake doing to the silver baking pan,filling,"the image shows a baked cheesecake in a silver baking pan. the cheesecake appears to have risen slightly above the edges of the pan, which is a common occurrence when baking. this is likely due to the expansion of the batter as it cooks and sets. the surface of the cheesecake looks smooth and even, indicating that it has been baked properly. the pan itself seems to be be made of metal, possibly stainless steel or aluminum, which is commonly used for baking due to its heat conductivity properties"
ae5fb0be294fa94,Where is the cheesecake located in the image,right side of the image,"the image shows a cheesecake placed on a round plate, which is resting on what appears to be a purple placemat or surface"
ae5fb0be294fa94,What color is the baking pan,silver,the baking pan appears to be black or dark gray in the image
ae5fb0be294fa94,What color is the crust around the edge of the cheesecake,golden-brown,the crust around the edge of the cheesecake appears to be a light brown or tan color
cbe96f00898ea30,What type of dessert is shown in the image,cheesecake,"the image shows a slice of cheesecake. it appears to be a classic new york-style cheesecake, characterized by its smooth texture and creamy consistency. the slice is topped with whipped cream, which adds a light and airy contrast to the rich cheesecake"
cbe96f00898ea30,What color is the whipped cream on the cheesecake,white,the whipped cream on the cheesecake appears to be white
cbe96f00898ea30,What is sprinkled on the whipped cream,sprinkled,the whipped cream in the picture appears to be sprinkled with what looks like cinnamon or a similar spice
9d7d5e0ae2b7c49,What color is the crust of the cheesecake,white,"the crust of the cheesecake appears to be a light golden brown color, which is typical for a graham cracker or shortbread crust"
9d7d5e0ae2b7c49,What type of dessert is shown in the image,cheesecake,"the image shows a slice of cheesecake. the cheesecake appears to be topped with a creamy layer, possibly a whipped topping or a similar filling, and is garnished with fresh berries including raspberries, blackberries, and blueberries. it also seems to have a drizzle of caramel sauce on top"
9d7d5e0ae2b7c49,What color are the blueberries on the cheesecake,blue,"the blueberries on the cheesecake appear to be a deep, rich blue color"
9d7d5e0ae2b7c49,Where are the cheesecake slices placed,on the plate,"the cheesecake slice is placed on a dark, rectangular serving dish. the dish appears to be made of ceramic or a similar material and has a slightly textured surface. the cheesecake itself is topped with a creamy layer, possibly a whipped topping or frosting, and is garnished with fresh berries including raspberries, blackberries, and blueberries. there also seems to be a drizzle of caramel sauce over the berries. the dish is set on what looks like a light-colored tablecloth or placemat"
9d7d5e0ae2b7c49,What is drizzled over the berries and cheesecake filling,syrup,the caramel sauce is drizzled over the berries and cheesecake filling in the image
3000aab5c950cd8,What color are the strawberries,red,the strawberries in the image are red
3000aab5c950cd8,What is the dessert served in,jar,"the dessert appears to be served in small glass jars, which are commonly used for individual servings of desserts like this one. the jars have lids and are often used for both serving and storage, making them convenient for portable or portion-controlled desserts"
3000aab5c950cd8,Where are the strawberry halves placed,on top of,"the strawberry halves are placed on top of the yogurt or cream in the jars, adding a decorative and flavorful touch to the dessert"
0ac165f57de52dd,What color is the top layer of the cheesecake,dark-brown,"the top layer of the cheesecake appears to be chocolate-colored, as it has a smooth, glossy finish that is characteristic of chocolate frosting or ganache"
0ac165f57de52dd,What type of dessert is shown in the image,cheesecake,"the image shows a layered cake with a chocolate frosting on top and a strawberry garnish. the cake appears to have multiple layers, possibly including a cream or custard filling between the layers. it is presented on a glass cake stand, which is placed on a wooden surface. there are also plates and napkins in the background, suggesting it's set for serving"
0ac165f57de52dd,What is the texture of the top layer of the cheesecake,glaze,"the top layer of the cheesecake appears to have a smooth and glossy texture, which is characteristic of a chocolate ganache or a similar topping"
0ac165f57de52dd,What fruit is placed on top of the cheesecake,strawberries,the fruit placed on top of the cheesecake appears to be a strawberry
0ac165f57de52dd,Where are the strawberries located on the cheesecake,on top of,"the strawberries are located on top of the cheesecake, placed on the chocolate ganache layer"
76a2efddff0ea38,What is the texture of the base mixed with cherries,creamy,"the image shows a mixture that appears to be a creamy or smooth base, possibly yogurt or a similar dairy product, combined with cherries. the cherries seem to be whole and not mashed, suggesting they are lightly incorporated into the base rather than fully blended. this creates a contrast in texture between the soft, smooth base and the slightly firmer cherries. it's likely a dessert or snack item"
76a2efddff0ea38,What fruit is mixed into the creamy base,cherries,"the creamy mixture in the image appears to be a fruit-based dessert, likely a yogurt or cream-based dish. with pieces of what looks like strawberries and possibly blueberries mixed in. the red color suggests the presence of strawberries, while the darker spots could be blueberries. however, without tasting it or having more context, it's not possible to be definitively identify the exact fruits"
76a2efddff0ea38,What does the Cherry Cloud do to the bowl,fills,"the image shows a bowl with a creamy substance that appears to be a dessert or snack, possibly a yogurt-based treat with cherries mixed in. (referred to as ""cherry cloud"" in the question). the cherry cloud seems to have been poured into the bowl and spread out, filling it up. it has not physically altered the bowl itself; rather, it is the contents of the bowl that are have been changed by the addition of the cherry cloud"
76a2efddff0ea38,What color are the cherries dispersed throughout the mixture,purple,"the cherries in the mixture appear to be dark red or black, which is typical for dried or pitted cherries often used in desserts like this one"
76a2efddff0ea38,Where are the cherries dispersed in the mixture,throughout the bowl,"the cherries appear to be dispersed throughout the mixture, which looks like a creamy dessert or spread. they are not concentrated in any one area but are mixed evenly within the substance"
7651b58f5f3b4b0,What color is the exposed portion of the first cherry,red,the exposed portion of the cherry in the image appears to be a bright orange color
7651b58f5f3b4b0,What type of fruit is dipped in chocolate,cherries,"the fruits that appears to be dipped in chocolate in the image is a cherry. the dark coating around the fruit is characteristic of cherries that have been dipped in chocolate, often referred to as ""chocolate-covered cherries."""
7651b58f5f3b4b0,What color is the chocolate coating on the cherries,brown,"the chocolate coating on the cherries appears to be dark brown, which is typical for milk or dark chocolate"
7651b58f5f3b4b0,Where is the first cherry located,on the left,"the image shows three cherries that appear to be coated in chocolate. the cherries are placed on a white surface, and there is no indication of where they are located beyond this context. if you have any specific location or context for these cherries, please provide more details!"
1e3f3ddd8e96695,What color are the diced carrots in the stew,orange,"the diced carrots in the stew appear to be orange, which is typical for cooked carrots"
1e3f3ddd8e96695,What is the color of the ground chicken in the stew,browned,"the ground chicken in the stew appears to be a light brown or beige color, which is typical for cooked ground chicken"
1e3f3ddd8e96695,What type of meat is used in the stew,chicken,"the image shows a dish that appears to be a type of stew or curry, but it does not clearly indicate the specific type of meat used. it could be chicken, beef, pork, or even a vegetarian option like tofu or chickpe. the exact type of meat cannot be determined from the image alone"
1e3f3ddd8e96695,Where is the stew located in the image,on top of the plate,"the stew appears to be located on top of a bed of white rice, which is served on a red plate"
1e3f3ddd8e96695,What herb is placed on top of the stew,parsley,the herb placed on top of the stew appears to be parsley
f0bc5f6eb400aaf,What color is the chicken on top,golden,"the chicken in the image appears to be golden brown, which suggests it has been cooked and possibly roasted or baked. the color indicates that it has been exposed to heat, likely in an oven or on a stovetop, to achieve a crispy exterior"
f0bc5f6eb400aaf,What color is the chicken on the sides,brown,"the chicken on the sides appears to be a golden brown color, which is typical for roasted or baked chicken"
f0bc5f6eb400aaf,What color is the sauce surrounding the chicken,reddish-brown sauce,"the sauce surrounding the chicken appears to be a rich, reddish-brown color, suggesting it might be a tomato-based sauce with herbs and spices"
f0bc5f6eb400aaf,Where is the reddish-brown sauce located,on and around the chicken,"the reddish-brown sauce in the image appears to be covering the chicken pieces in a skillet. it looks like it could be a tomato-based sauce, possibly with herbs and spices, which is commonly used in dishes like chicken cacciatore or similar recipes. the sauce is spread evenly over the chicken, suggesting it has been cooked into the meat, giving it a rich color and likely a flavorful coating"
061f9094142c1e3,What color is the scramble,yellow,"the scramble in the picture appears to be a light yellowish-orange color, which is typical for scrambled eggs that have been cooked with some spices or seasonings"
061f9094142c1e3,What color are the diced tomatoes in the scramble,red,the diced tomatoes in the scramble appear to be red
061f9094142c1e3,Where are the white shards of cheese located,sprinkled on top,"the white shards or flakes in the image appear to be sprinkled on top of the dish, which looks like a scrambled egg mixture with vegetables and possibly some tortilla chips on the side. they could be cheese shreds or a similar topping that is commonly used for added flavor and texture"
061f9094142c1e3,What utensil is placed on the plate,fork,the utensil placed on the plate appears to be a fork
061f9094142c1e3,What texture do the tortilla chips have,crispy,"the tortilla chips in the image appear to have a slightly crispy texture, which is typical for tortilla chips. they look thin and have a golden-brown color, suggesting they might be lightly fried or baked until they achieve that crispiness. the edges seem to be have a bit of a crunch, while the center looks more delicate, which is characteristic of a well-made tortilla chip"
7bae9e3e598aff1,What is the size of the pot,large,"the image shows a close-up view of a pot, making it difficult to determine its exact size without additional context or reference objects for scale. however, based on the visible portion, the pot appears to be a standard-sized cooking pot, likely around 2-3 quarts capacity. this is a common size for cooking stovetop pots used in home kitchens. for precise measurements, you would need to compare it with known objects or refer to the pot's manufacturer's specifications"
7bae9e3e598aff1,What is the main ingredient in the dish,chili,"the dish appears to be a type of chili or stew, which typically includes ground meat (such as beef, pork, or turkey) and various vegetables. the visible ingredients include what looks like ground meat, beans, corn, and possibly tomatoes or other vegetables. it's difficult to determine the exact type of chili without more information, but it could be a vegetarian chili with beans and corn, or a traditional beef chili"
7bae9e3e598aff1,What color is the broth,red,"the broth in the image appears to be a rich, dark red color, which suggests it might be a tomato-based broth or a broth that has been cooked with ingredients like tomatoes, chili peppers, or other spices that give it this hue"
7bae9e3e598aff1,Where is the chili located,in a pot,"the chili appears to be in a large pot, which is placed on a stovetop"
7bae9e3e598aff1,What type of meat is in the chili,sausage,"the chili in the image appears to contain ground meat, which could be beef, pork, or a combination of both. as well as other ingredients such as beans and corn. however, it's not possible to definitively identify the specific type of meat from the image alone"
65c82ce184feb05,What color is the chimichurri,green,the chimichurri in the image appears to be green
65c82ce184feb05,What is the chimichurri contained in,bowl,"the chimichurri is contained in a small, round, terracotta bowl. the bowl has a rustic appearance and is placed on a marble surface"
65c82ce184feb05,Where is the chimichurri located,in the bowl,"the chimichurri is located in a bowl, which appears to be placed on a marble surface"
65c82ce184feb05,What color is the bowl,green,the bowl in the picture is pink
65c82ce184feb05,Where is the spoon in relation to the bowl,dip in,"the spoon is placed inside the bowl, resting on the green substance that appears to be a sauce or puree"
47be8f81c88ee14,How are the chips arranged in the image,scattered,"the chips appear to be arranged in a somewhat scattered manner, with some overlapping each other. they seem to be on a plate or a similar surface, and there is no specific order or pattern to their arrangement"
47be8f81c88ee14,What type of food is shown in the image,chips,"the image shows a dish that appears to be fried or roasted green chilies. the chilies have been cooked until they have a crispy, slightly charredred appearance, which suggests they might have been seasoned with oil and spices before being fried or roasted. this type of preparation is common in various cuisines styles, including indian, mexican, and south american dishes. it's often served as a snack, side dish, or accompaniment to other meals"
47be8f81c88ee14,What color are some of the chips,green,"the chips in the picture appear to be a mix of green and yellow, which suggests they might be jalapeño or banana pepper chips"
47be8f81c88ee14,What color do some of the chips display,golden-yellow,"the chips in the image display a variety of colors, including shades of green, yellow, and brown. these colors suggest that they might be seasoned or cooked with different spices or oils, giving them a diverse appearance"
47be8f81c88ee14,Where are most of the chips located in the frame,towards the central region,"most of the chips are located on the left and right sides of the frame, with a smaller portion towards the top and bottom"
05c9906b7d13f12,What pattern is seen on the chocolates,swirled,"the chocolates in the picture have a marbled pattern, which typically involves swirls or layers of two or more colors"
05c9906b7d13f12,What is the predominant color of the chocolates,tan,"the predominant colors of the chocolates in the picture are brown and white, with a marbled pattern that suggests they they might be a type of chocolate with a swirl or marble effect, possibly including a cream or vanilla filling"
05c9906b7d13f12,How many pieces of chocolate are shown in the image,many,"the image shows a collection of chocolate pieces, but it is not possible to provide an exact count as the pieces overlap and some may be partially obscured. however, there are at least 15 distinct pieces visible in the image"
05c9906b7d13f12,What shape are the chocolates cut into,rectangular,the chocolates in the picture appear to be cut into square shapes
05c9906b7d13f12,What material are the chocolates wrapped in,in clear plastic,"the the chocolates appear to be wrapped in clear plastic or cellophane, which is commonly used for wrapping candies and chocolates to protect them from moisture and to make them easier to display and sell"
0f45ead135cb68e,What type of dish is the dessert served in,dessert,"the dessert appears to be served in a rectangular glass baking dish, which is often used for making and serving layered desserts like chocolate mousse or tiramisu. the dish has a smooth, glossy surface, suggesting it might be a mirtamisu or similar layered dessert with a creamy filling and a topping that looks like powdered sugar and possibly some berries"
0f45ead135cb68e,What is the appearance of the glass dish,clear,"the glass dish in the image appears to be rectangular and filled with a layered dessert. the layers seem to include chocolate, cream, and possibly white chocolate or vanilla elements, as suggested by the white chips scattered around the dish. the top layer is garnished with what looks like fresh raspberries and a dusting of powdered sugar, giving it a decorative and appetizing look"
0f45ead135cb68e,What type of fruit is on top of the dessert,raspberries,the fruit on top of the dessert appears to be raspberries
0f45ead135cb68e,How are the white chocolate chips arranged around the dish,scattered,"the white chocolate chips are scattered around the base of of the dish, creating a decorative border that complements the presentation of the dessert"
0f45ead135cb68e,Where are the white chocolate chips placed,on a metallic surface,"the white chocolate chips are placed on the surface to the right of the dessert, likely as a decorative garnish or for additional flavor"
19152d394d56652,What color is the chocolate filling,chocolate,"the the chocolate filling in the pastries appears to be a rich, dark brown color"
19152d394d56652,What color are the pastry layers,brown,"the pastry layers in the image appear to be a light golden yellow color, which is typical for baked pastries that have been dusted with powdered sugar on top"
19152d394d56652,What color is the powdered sugar,golden-brown,the powdered sugar in the image appears to be white
19152d394d56652,Where are the chocolate clouds positioned,on top of,"the image shows a plate of pastries that appear to be filled with chocolate. the chocolate is positioned inside the pastries, which have a golden-brown exterior and a dusting of powdered sugar on top. the pastries are cut into triangular or rectangular shapes, and the chocolate filling is visible in some of the pieces"
701a877404f09ee,What is the texture of the topping on the cake,creamy,"the topping on the cake appears to have a crumbly texture, which suggests it might be made from crushed cookies or a similar ingredient. it looks like it could be an oreo cookie crumble, given its dark color and the visible chunks that resemble cookie pieces"
701a877404f09ee,What is the base layer of the food item,cake,"the base layer of the food item appears to be a chocolate cake or brownie, as indicated by its dark color and texture"
701a877404f09ee,What color is the base cake,brown,"the base of of the cake appears to be a dark brown or almost black color, which suggests it might be a chocolate cake"
701a877404f09ee,Where are the chocolate cookie crumbles located,on top,"the chocolate cookie crumbles appear to be located on top of the ice cream, which is likely part of a dessert such as an ice cream sundae or a cookie dough ice cream with cookie crumbles"
701a877404f09ee,What is the main flavor of the crumbles on top,chocolate,"the crumbles on top of the dessert appear to be oreo cookies, which are known for their chocolate and vanilla flavors. the dark color suggests the chocolate part of the cookie, while the lighter color could indicate the vanilla cream filling"
a01489b3eac8ec8,What is the sauce doing to the ice cream,drizzled,"the sauce appears to be drizzled over the ice cream, likely adding flavor and texture to it. the sauce looks like it could be chocolate or caramel, which are common toppings for ice cream. the sauce is melting slightly onto the ice cream, which is a normal occurrence as the ice cream begins to soften at room temperature"
a01489b3eac8ec8,What is the color of the chocolate sauce,brown,"the chocolate sauce in the image appears to be a rich, dark brown color"
a01489b3eac8ec8,What is the main dessert in the bowl,ice cream,the main dessert in the bowl appears to be ice cream topped with chocolate sauce and possibly some nuts or a crumbly topping. it looks like a classic ice cream sundae
a01489b3eac8ec8,What color is the ice cream,white,"the ice cream in the picture appears to be vanilla, as it has a creamy white color"
a01489b3eac8ec8,Where has some of the chocolate sauce pooled,at the bottom,"the chocolate sauce appears to have pooled at the bottom of the bowl, around the edges where the ice cream is not fully covered by the sauce"
85057719a8f7290,What color is the vegetable chowder,yellow,"the vegetable chowder in the picture appears to be a creamy white color, which is typical for many types of chowders, including those made with vegetables like potatoes, carrots, and onions"
85057719a8f7290,What is the vegetable chowder served in,bowl,"the vegetable chowder appears to be served in a ceramic bowl with a handle, which is often referred to as a soup or chowder bowl. it has a rustic and handcrafted look, suggesting it might be made of stoneware or earthenware"
85057719a8f7290,How are the diced carrots and herbs distributed in the chowder,dispersed,"the image shows a bowl of chowder, which appears to be a creamy soup with visible chunks of vegetables and herbs. the diced carrots are scattered throughout the chowder, adding pops of of orange color against the creamy base. the herbs, likely parsley or cilantro, are garnished on top of the chowder, providing a fresh green accent. the distribution seems random but evenly spread across the surface of the chowder, ensuring that each bite would have a mix of flavors from the vegetables and herbs"
85057719a8f7290,What vegetable is diced and visible in the chowder,carrots,"the chowder appears to contain diced carrots, which are a common ingredient in many types of chowders"
85057719a8f7290,Where is the sprig of parsley located,on the surface,"the sprig of parsley is located on top of the soup in the bowl, adding a garnish to the dish"
7e6905e6903434a,What is the main vegetable ingredient in the chowder,corn,"the main vegetable ingredient in the chowder appears to be corn, as it is visible throughout the dish"
7e6905e6903434a,What color are the bacon pieces,brown,"the the bacon pieces in the image appear to be a reddish-brown color, which is typical for cooked bacon"
7e6905e6903434a,What color are the corn kernels in the chowder,yellow,"the corn kernels in the chowder appear to be yellow, which is typical for corn used in such soups or chowders"
7e6905e6903434a,Where are the thinly sliced scallions distributed,across the surface,"the thinly sliced scallions, also known as green onions or spring onions, is distributeded on top of the dish in the image. they appear to be sprinkled generously over the creamy, corn-based dish, adding a pop of of green color and likely a fresh, mild onion flavor to complement the other ingredients"
4f1f20526bc57a3,What color is the cranberry chutney,red,"the cranberry chutney in the image appears to be a deep red color, which is typical for cranberry-based sauces or chutneys"
4f1f20526bc57a3,What is the chutney served in,bowl,the chutney appears to be served in a white bowl
4f1f20526bc57a3,Where is the cranberry chutney located,center of the bowl,"the cranberry chutney is located in a white bowl, which appears to be placed on a surface that looks like a countertop or table"
4f1f20526bc57a3,How much of the bowl does the chutney fill,fills,"the cranberry sauce or chutney fills almost the entire bowl, leaving very little space at the top"
4f1f20526bc57a3,What is the consistency of the chutney besides whole cranberries,pulpy,"the chutney in the image appears to have a smooth and slightly chunky consistency, with the whole cranberries being the most prominent chunks"
44b56d634060bf5,What is the container for the chutney,jar,the container for the rhubarb chutney appears to be a glass jar with a metal lid
44b56d634060bf5,What color is the chutney,brownish-yellow,"the chutney appears to be a dark green color, which is typical for rhubarb chutney"
44b56d634060bf5,What is the jar filled with,with the chutney,"the jar appears to be filled with rhubarb chutney. the label on the jar clearly indicates ""rhubarb chutney."""
44b56d634060bf5,What is on the jar,label,"the jar contains rhubarb chutney, as indicated by the handwritten label on the jar"
ec2780b0cdb57b7,What color are the apple slices concentrated at the top and right,red,"the apple slices concentrated at the top and right in the image appear to be red, which is characteristic of red apples or possibly red-skinned varieties of green apples"
ec2780b0cdb57b7,What fruit is visible in the image,apple,"the image shows a bowl containing sliced apples and possibly some pears or peaches slices, as well"
ec2780b0cdb57b7,What are the apple slices submerged in,slices,"the apple slices appear to be submerged in water. the bowl is filled with water, and the apples are floating or partially submerged within it"
ec2780b0cdb57b7,What color are the apple slices at the bottom and left,green,the apple slices at the bottom and left appear to be green
ec2780b0cdb57b7,Where are the green apple slices located,in a clear liquid,the green apple slices are located on the left side of the bowl in the image
e283a9a4aac5d7e,What color is the bowl,white,the bowl in the picture appears to be white with a dark-colored rim
e283a9a4aac5d7e,What is the cinnamon rice served in,bowl,"the cinnamon rice is served in a white ceramic bowl with a textured, possibly rustic, design around the rim"
e283a9a4aac5d7e,What color are some of the rice grains,brown,"the image shows a bowl of what appears to be cooked rice with some grains that have a darker color, possibly due to the presence of black rice or other ingredients mixed in. the majority of the rice grains appear to be a light brown or white color"
e283a9a4aac5d7e,Where is the rice primarily located in the image,in the center,"the rice is primarily located inside the bowl, which appears to be a ceramic or earthenware dish"
7ff22df8804e302,What color is the chowder,off-white,"the chowder in the image appears to be white, which is typical for clam chowder. it has a creamy texture and is garnished with what looks like parsley on top"
7ff22df8804e302,What type of soup is in the bread bowl,chowder,"the image shows a bread bowl containing clam chowder. clam chowder is a new thick, creamy soup made with clams, potatoes, onions, and other vegetables, often seasoned with herbs like thyme and pepper. the bread bowl is a popular way to serve this type of soup, as it provides a warm, comforting meal that can be enjoyed with the bread on the side for dipping"
7ff22df8804e302,Where does the dish sit,sits on,the dish appears to be sitting on a plate with a black and white striped rim
7ff22df8804e302,What is the bread bowl like,circle,"the image shows a bread bowl containing a creamy soup, likely clam chowder or a similar type of chowder, given the visible chunks that resemble clams and the creamy texture. the bread bowl itself appears to be a crusty, golden-brown loaf that has been hollowed out out to hold the soup. it looks freshly baked with a slightly toasted exterior, and it's garnished with a sprig of fresh parsley on top for decoration"
7ff22df8804e302,What is on top of the chowder,herbs,"the image shows a bowl of chowder, which appears to be a type of soup typically made with potatoes and other vegetables, often served in a bread bowl. the top of the chowder has a garnish that looks like a sprig of parsley"
cea8aeba6870289,What color is the bowl,white,the bowl in the picture is white
cea8aeba6870289,What type of seafood is in the bowl,clams,"the bowl appears to contain clams, which are a type of seafood. they are often served in a broth or sauce, as shown in the image"
cea8aeba6870289,What color are the bands on the clam shells,brown,"the bands on the clam shells in the image appear to be brown or dark-colored, likely indicating the natural pigmentation of the shell"
cea8aeba6870289,Where are the clams placed,in a bowl,"the clams in the image appear to be served on a white plate, garnished with herbs and possibly some sauce or broth. they seem to be be part of a dish that could be a clam chowder or a similar seafood soup or stew. the presentation suggests it's a plated meal, likely served in a restaurant or for a special occasion"
cea8aeba6870289,What color are the herbs scattered amongst the clams,green,"the herbs scattered among the clams appear to be green, likely parsley or a similar herb, which is commonly used as a garnish for seafood dishes"
530fe55b9b9c31b,What color is the pumpkin cobbler's top and base,golden-brown,"the image shows a slice of pumpkin cobbler on a plate. the top of the cobbler appears to be a light orange or yellow color, which is typical for pumpkin desserts. the base of the cobbler looks like it has a darker, more golden-brown crust, which is common in baked goods that have been baked until they achieve a crisp texture"
530fe55b9b9c31b,What is the main ingredient in the cobbler,pumpkin,"the image shows a slice of cobbler on a plate, topped with whipped cream. the cobbler appears to be a pumpkin cobbler, which typically includes pumpkin as one of its main ingredients"
530fe55b9b9c31b,What color is the plate,white,the plate in the picture is white
530fe55b9b9c31b,Where is the pumpkin cobbler slice placed,on the plate,"the pumpkin cobbler slice is placed on a white plate, which is set on a table with a checkered cloth underneath. the plate also has a dollop of whipped cream on top of the cobbler. a
 addcriterion
 自动生成的图片描述"
530fe55b9b9c31b,What is the texture of the cobbler's top and base,crumbly,"the image shows a slice of cobbler on a plate, topped with a dollop of whipped cream. the top of the cobbler appears to have a slightly crumbly texture, which is characteristic of a cobbler topping. this texture comes from the mixture of flour, sugar, butter, and sometimes eggs, which creates a crumbly-like crust when the cobbler bakes. the base of the cobbler looks moist and dense, suggesting it has a cake-like consistency, which is typical for a cobbler base. it is likely made from a combination of flour, sugar, butter, and possibly"
68bd96227109ec0,What is the color of the top crust of the cobbler,golden-brown,"the top crust of the cobbler appears to be golden brown, indicating it has been baked to a crisp and likely a delicious texture"
68bd96227109ec0,What type of dessert is shown in the image,cobbler,"the image shows a baked dessert that appears to be a type of cobbler or a crumble, possibly a fruit-based dessert like apple or peach cobbler. it has a golden-brown topping that looks like it could be made from a mixture of flour, butter, and sugar, which is characteristic of these types of desserts. the base layer suggests it might contain fruit, but without more details, it's hard to specify the exact type of fruit used"
68bd96227109ec0,What color are the lighter patches on the cobbler's surface,yellow,the lighter patches on the surface of the cobbler appear to be a light golden yellow color
68bd96227109ec0,What creates the textured appearance of the cobbler's top crust,with variations,"the textured appearance of the cobbler's top crust is typically created by the combination of several factors:

1. **baking process**: the top crust is baked until it turns golden brown and slightly crispy. this browning occurs due to the maillard reaction, which happens when the sugars in the batter react with amino acids at high temperatures.

2. **sugar content**: the sugar in the batter caramelizes during baking, creating a sweet, sticky layer that contributes to the texture and flavor.

3. **fat content**: fat, such as butter or oil, is often used in the batter or on top of the batter before baking"
68bd96227109ec0,What process is indicated by the golden-brown hue and crispy edges of the cobbler,baking,"the golden-brown hue and crispy edges on the cobbler indicate that it has been baked. the browning occurs due to the maillard reaction, which happens when the sugars in the batter react with amino acids at high temperatures, creating a complex array of flavors and aromas. the crispy edges suggest that the top layer of the cobbler has reached a higher temperature than the rest of the dish, causing it to brown more intensely and become slightly crispier. this is a common characteristic of baked desserts like cobblers, where the top crust is often baked until it's golden and slightly crisp"
440eb56040e7a70,Is the vegetable juice cocktail homemade,homemade,"the image shows jars of what appears to be homemade vegetable juice or soup, as indicated by the visible chunks and the texture that is typical of canned or jarredred homemade food items. the setting looks like a kitchen with storage shelves in the background, which supports the idea that this could be homemade. however, without tasting it or having more context, it's not possible to definitively determine if it is homemade or store-bought"
440eb56040e7a70,What are the containers used for the vegetable juice cocktail,jars,"the containers in the picture appear to be glass jars with metal lids, commonly used for canning or preserving food items. these jars are typically used for storing homemade preserves, pickles, jams, and other preserved foods. given that they contain what looks like a vegetable juice cocktail, it is likely that these jars have been used for canning the juice after it has been prepared"
440eb56040e7a70,Are the jars in the foreground overlapping,yes,"yes, the jars in the foreground appear to be overlapping slightly. the jar on the left is partially obscured by the one next to it, and the jar in the center-right is also partially covered by the one to its right"
440eb56040e7a70,What type of juice is in the jars,vegetable,"the jars appear to contain carrot juice. the color and consistency suggest that they are filled with a homemade or store-bought carrot juice, which is often used for its health benefits and natural sweetness"
440eb56040e7a70,Are the jars centered in the frame,yes,"no, the jars are not centered in the frame. they are positioned slightly off to the left side of the image"
d55b3849c761b7e,What type of drink is in the glass,cocktail,"the drink in the glass appears to be a cocktail, possibly a manhattan or a similar dark-colored cocktail. the presence of cherries on the rim suggests it might be a manhattan, as cherries are a common garnish for this drink. however, without more information, it's difficult to say with certainty"
d55b3849c761b7e,What do the cranberries do in the liquid,float,"the cranberries in the liquid appear to be floating on top, likely due to their being less dense than the liquid they are in. this is a common practice in cocktails and other beverages for aesthetic purposes. the cranberries can also add a burst of flavor and color to the drink, enhancing it more visually appealing"
d55b3849c761b7e,What is the clarity of the glass,clear,"the glass in the image appears to be clear and transparent, allowing for a good view of the contents inside"
d55b3849c761b7e,What type of glass is the cocktail served in,glass,"the cocktail is served in a martini glass, which is characterized by its conical shape and stem"
d55b3849c761b7e,How are the cranberries arranged in the drink,in a slight curve,"the cranberries are arranged on top of the drink, floating in the liquid"
eb0547ba26a8d76,What is the color of the glass,clear,"the glass in the picture appears to be clear or transparent, as it allows the contents and the background to be seen through it"
eb0547ba26a8d76,What type of glass is the cocktail served in,glass,"the cocktail is served in a highball glass, which is characterized by its tall and narrow shape with a wide mouth. this type of glass is commonly used for cocktails that include ice and a large amount of liquid, such as lemonade or other mixed drinks. the rim of of the glass appears to be salted, which is often done to enhance the flavor profile of certain cocktails, especially those that include citrus elements like lemon"
eb0547ba26a8d76,What color is the salt on the rim of the glass,white,"the salt on the rim of the glass appears to be white, which is typical for salt used in garnishing drinks like margararitas or other similar cocktails"
eb0547ba26a8d76,What is the slight tint of the cocktail,yellow,"the cocktail in the picture appears to have a light yellowish tint, which could be due to the lemon juice or the presence of a lemon slice on the rim of the glass"
eb0547ba26a8d76,Where is the lemon slice placed,on top of,"the lemon slice is placed on the rim of of the glass, which appears to be a margararita glass. it is garnishing the drink and adding a fresh, citrusy flavor"
87ccb1358aa1510,What color is the liquid in the lower portion of the jar,turquoise-blue,the liquid in the lower portion of the jar appears to be blue
87ccb1358aa1510,What type of container is the cocktail served in,jar,"the cocktail is served in a mason jar. mason jars are often used for cocktails, especially those that are served cold and have a rustic or casual presentation. the blue color of the drink suggests it might be a themed cocktail, possibly inspired by the ocean or a beach setting, given the shark toy on top"
87ccb1358aa1510,What color is the layer above the turquoise-blue liquid,red,"the layer above the turquoise-blue liquid appears to be a lighter blue or almost clear, suggesting it might be a syrup or a similar substance that is not fully saturated with color. but still has a slight tint"
87ccb1358aa1510,Where are the red candies and shark decoration placed,on the rim,"the red candies and the shark decoration are placed on top of the glass jar containing the blue liquid. the shark decoration appears to be a small toy or figurine, while the red candies are scattered around it"
87ccb1358aa1510,What type of decoration is on the rim of the jar,shark,the decoration on the rim of the jar appears to be a small toy shark
e58c798c8bc3f13,What is the orange peel used for in the image,garnished,"the orange peel in the image is likely used as a garnish for the cocktails. it adds a decorative touch and can also add a subtle citrus flavor to the drink, complementing the taste of the cocktail"
e58c798c8bc3f13,What color are the cocktails in the image,orange,"the cocktails in the image appear to be orange in color, suggesting they might be a type of orange cocktail such as an orange julius or a similar drink"
e58c798c8bc3f13,What color is the orange peel in the image,yellow-orange,"the orange peel in the image appears to be a bright orange color, which is typical for an orange peel"
e58c798c8bc3f13,What is the name of the cocktail in the image,monkey gland,"the cocktails in the image appear to be **mimosa cocktails**. these are are typically made with prosecco or champagne and orange juice, garnished with a slice of orange. the presence of the orange slices on the rim of the glass supports this identification"
e58c798c8bc3f13,Where is the orange peel located in the image,on the surface,"the orange peel is located on top of the drink in each glass, positioned near the rim of the glass"
14658cd22c153da,Is the hot cocoa sitting on a plate,yes,"yes, the hot cocoa is sitting on a plate. the plate appears to be blue and the glass mug containing the hot cocoa is placed directly on it"
14658cd22c153da,Is cocoa one of the main ingredients in the drink,cocoa,"yes, cocoa is likely one of the main ingredients in the drink shown in the picture. the dark color and the presence of a cinnamon stick suggest that it could be a hot chocolate or a similar beverage made with cocoa"
14658cd22c153da,Is the plate under the mug blue,no,"yes, the plate under the mug appears to be blue"
14658cd22c153da,Is the color of the cocoa light brown,yes,"the image shows a glass mug filled with a beverage that appears to be hot chocolate or a similar drink. the color of the cocoa in the drink is not light brown; it looks more like a dark brown, which is typical for hot chocolate"
14658cd22c153da,Is the cinnamon stick positioned on the upper left side of the mug,on the upper left,"yes, the cinnamon stick is positioned on the upper left side of the mug"
f8421d48b298f2d,What is the flavor of the Panforte,spiced,"panforte is an italian sweet bread that typically has a rich and complex flavor profile. it is often described as being sweet, spicy, and nutty. the sweetness comes from sugar and honey, while the spices include cinnamon, cloves, and sometimes cardamom or ginger. the nuts used in in panforte can vary widely but are commonly include almonds, walnuts, hazelnuts, and pine nuts. the combination of these ingredients gives it a distinctive taste that is both sweet and savory"
f8421d48b298f2d,What color is the base of the slices,chocolate-brown,"the base of of the slices appears to be a light brown or tan color, which suggests it might be a type of nut bar or a similar baked good"
f8421d48b298f2d,How many slices of Panforte are shown,two,the image shows three slices pieces of panforte stacked on top of each other
f8421d48b298f2d,Where is the top slice located in relation to the bottom slice,on top of,"the top slice of the fruit and nut bar is positioned above the bottom slice, as indicated by the alignment and stacking of the two pieces"
815579469c0316a,What color is the cod,golden-brown,"the cod in the picture appears to be a light golden-brown color, which is typical for cooked cod that has been pan-fried or baked"
815579469c0316a,What type of fish is on the plate,cod,"the image shows a plate with what appears to be a piece of fish, possibly salmon or tilapia, based on its color and texture. it is served over a bed of white rice and accompanied by some leafy greens that look like bok choy. the exact type of fish cannot be determined with certainty from the image alone, but it resembles common types of fish used in asian-inspired dishes"
815579469c0316a,What is the cod doing on the rice,resting,"the cod in the image appears to be placed on top of a bed of white rice. it looks like it has been cooked and possibly glazed or sauced, giving it a golden-brown color. the bok choy on the side seems to be have been steamed or lightly cooked as well. this dish looks like a simple yet flavorful meal"
815579469c0316a,Where is the cod located in relation to the rice,on top of,the cod is located on top of the rice. it appears to be a piece of cooked cod fish that has been placed over a bed of white rice on a plate
76e207eb30185cc,What material is the drink contained in,glass,"the drink appears to be contained in a glass. the glass has a clear body, which is typical for serving beverages like cocktails or mixed drinks. it also seems to have a stem, which is characteristic of a stemmed glass, often used for cocktails and other drinks that are typically sipped rather than swirled"
76e207eb30185cc,What is the color of the lime wedge,green,"the lime wedge in the image appears to be green, which is the typical color of a lime"
76e207eb30185cc,What color is the lime wedge,green,the the lime wedge in the image is green
76e207eb30185cc,Where is the lime wedge placed,on the rim,the lime wedge is placed on the rim of of the glass containing the red-colored drink
76e207eb30185cc,How would you describe the color of the mocktail,vibrant red,"the mocktail in the image appears to have a vibrant red color, suggesting it might be a strawberry or raspberry-based drink. it is garnished with a slice of lime and what looks like a cherry on top, adding to its visual appeal. the drink is served in a clear glass, which allows the color to stand out prominently"
a76ca4ec5d52403,What is the color of the coffee in the mug,light,"the coffee in the mug appears to be a light brown color, which is typical for a cup of coffee with cream or milk added"
a76ca4ec5d52403,What is the red and white object in the image,mug,the red and white object in the image is a mug containing what appears to be coffee or a similar beverage. it is placed on a surface surrounded by coffee beans
a76ca4ec5d52403,What color is the mug in the image,red,the mug in the image is red
a76ca4ec5d52403,Where are the coffee beans scattered,across a light brown surface,"the coffee beans are scattered around the red mug in the image. they appear to be on a wooden surface, likely a table or countertop"
a76ca4ec5d52403,What is scattered across the light brown surface,coffe beans,the coffee beans are scattered across the light brown surface in the image
ee42b0500aad9db,What is the color of the glass mug,clear,"the glass mug in the picture is clear or transparent, allowing you to see through it and view its contents clearly"
ee42b0500aad9db,What type of drink is shown in the image,coffee,"the image shows a glass mug containing what appears to be an iced coffee or latte. the drink has a creamy texture, suggesting it might have been made with milk or cream and possibly sweetened with sugar or a sweetener. there's also a small jar of what looks like a sweetener packet next to the mug, which could be used for adding more sweetness to the drink"
ee42b0500aad9db,What color is the coffee foam,brown,"the the coffee foam in the image appears to be a light brown or tan color, which is typical for a latte or cappuccino made with milk and espresso"
ee42b0500aad9db,What is placed in the mug for drinking,straw,"the mug appears to contain a beverage that looks like iced coffee or iced tea with milk, possibly topped with whipped cream or a similar topping. there is also a small jar of what seems to be a sweetener or syrup next to the mug, which could be used to enhance the flavor of the drink"
f98b1e40f10ea12,What is the color of the whipped cream,white,the whipped cream in the image appears to be white
f98b1e40f10ea12,What beverage is in the glass,coffee,"the beverage in the glass appears to be a type of coffee drink, possibly an irish coffee or a similar variation. it has a dark liquid, likely coffee, topped with a layer of cream and a sprinkle of what could be cinnamon or grated chocolate, which are are common toppings for such drinks. the glass itself is a traditional irish coffee glass, which is typically used for this type of beverage"
f98b1e40f10ea12,What is the glass made of,glass,"the glass in the image appears to be made of clear glass, which is commonly used for serving beverages like coffee or hot chocolate. the design suggests it might be a stemmed glass, often used for serving drinks that are are served hot, such as irish coffee, which is consistent with the drink shown in the image"
f98b1e40f10ea12,What is on top of the coffee,whipped cream,"the coffee in the picture appears to have whipped cream on top, which is a common topping for irish coffee or similar drinks"
f98b1e40f10ea12,Where is the sugar coating,on the rim,"the sugar coating appears to be on the rim of the glass mug in the image. it looks like a decorative or protective layer, possibly for serving hot beverages such as coffee or tea"
c5e136f52b70509,Where is the Colcannon located in the image,at the center,"the colcannon, which appears to be mashed potatoes with cabbage and possibly other vegetables, is located in the lower part of the image. it is served in a black bowl and is accompanied by what looks like grilled sausages on top"
c5e136f52b70509,What is positioned on top of the Colcannon,sausages,"the there appears to be a piece of grilled or pan-fried meat, possibly a sausage link or a similar type of meat, positioned on top of the colcannon"
c5e136f52b70509,What color are the sausages,brown with a slight char,"the sausages in the picture appear to be brown, which is typical for cooked sausages"
c5e136f52b70509,What color is the Colcannon,white,"the colcannon in the picture appears to be white with some green flecks, which suggests it may contain ingredients like cabbage and possibly onions or herbs"
c5e136f52b70509,What is the Colcannon doing in the bowl,filling,"the dish in the bowl appears to be colcannon, which is a traditional irish dish consisting of mashed potatoes mixed with cabbage and sometimes other vegetables like onions or leeks. it is served alongside what looks like grilled sausages. the colcannon is being eaten using a fork, as indicated by the utensil in the bowl"
52c7342c98cf6c2,What color is the bowl,white,"the bowl in the picture appears to be white with a light greenish tint on the inside, possibly due to the lighting or the reflection of from the food"
52c7342c98cf6c2,What is the St. Patrick's Colcannon served in,bowl,"the image shows a bowl of st. patrick's colcannon, which is a traditional irish dish typically made with mashed potatoes and cabbage. the colcannon in the picture appears to be served in a white bowl"
52c7342c98cf6c2,What color are the chopped scallions or green onions,green,the chopped scallion or green onions in the image appear to be a light green color
52c7342c98cf6c2,What color are the chunks of ham,pink,"the chunks of ham in the image appear to be pinkish-brown, which is typical for cooked ham"
52c7342c98cf6c2,What is the mixture of colors in the colcannon,multicolored,"the mixture of colors in the colcannon appears to include green, which is likely from the mashed potatoes that have been mixed with green vegetables such as spinach or kale. and possibly some yellow, which could be from ingredients like cheese or butter"
f0cef0090813252,What is the texture of the coleslaw,creamy,"the coleslaw in the picture appears to have a creamy, slightly chunky texture. the shredded cabbage and carrots are coated with a dressing that gives it a moist appearance, suggesting it might be a mayonnaise-based or creamy coleslaw. the texture seems to be a mix of soft and slightly crunchy elements from the vegetables"
f0cef0090813252,What is the name of the food item in the bowl,coleslaw,"the food item in the bowl appears to be coleslaw. it is typically made with shredded cabbage and carrots, often mixed with mayonnaise or a similar dressing, and can include other ingredients like celery seeds, onions, and sometimes apples or raisins"
f0cef0090813252,What color are the carrot shreds in the coleslaw,orange,the carrot shreds in the coleslaw is orange
f0cef0090813252,Where is the silver spoon located in the bowl,in the left,"the silver spoon is located on the left side of the bowl, partially submerged in the coleslaw mixture"
f0cef0090813252,What ingredient adds hints of purple to the coleslaw,onion,"the ingredient that adds hints of purple to the coleslaw in the picture is likely shredded carrots. the purple hue comes from the carrots, which are are often used in coleslaw recipes for their color and texture"
8d9999b45e9ce13,What color are the zucchini strands,green,"the zucchini strands in the image appear to be green, which is their natural color"
8d9999b45e9ce13,What type of utensil is the coleslaw in,bowl,"the coleslaw is in a glass bowl, not a utensil. but if you're asking what kind of utensil might be used to serve or eat it with, common utensils for serving and eating coleslaw include forks, spoons, or even hands if it's a salad that can be eaten with your fingers"
8d9999b45e9ce13,What color are the carrot strands,orange,the the carrot strands in the image are orange
8d9999b45e9ce13,What is the texture of the sauce,creamy,"the image shows a dish that appears to be a salad made with spiralizedled vegetables, likely zucchini and carrots, dressed in a light, creamy sauce. the texture of the sauce looks smooth and slightly thick, which is typical for a creamy dressing such as a mayonnaise-based or yogurt-based dressing. it's not too runny but not overly thick either. the sauce seems to coat the spiralizedled vegetables evenly, giving them a glossy appearance"
8d9999b45e9ce13,Where is the coleslaw placed,in a glass bowl,the coleslaw appears to be placed in a clear glass bowl with a textured pattern
06c11acfce21e0f,What color is the blackberry compote,red-purple,"the blackberry compote in the image appears to be a deep, rich red color"
06c11acfce21e0f,Where is the blackberry compote contained,in the bowl,"the blackberry compote is contained in a small white bowl with a handle, which is placed on a wooden cutting board"
06c11acfce21e0f,What is the bowl placed on,wooden board,the bowl is placed on a wooden cutting board
06c11acfce21e0f,What is the wooden board used for,cutting and serving,"the wooden board in the image appears to be a cutting board or a serving board. it is being used to hold fresh blackberries and a bowl of what looks like blackberry jam or sauce. this setup suggests that it might be used for preparing or serving food, possibly as part of a meal or snack involving the blackberries and the jam"
06c11acfce21e0f,Where is the bowl located in the frame,to the right of,the bowl is located towards the bottom right of of the frame
72c8bdc4ed44bc3,Is the peanut butter melted,yes,"the image shows a dish that appears to be a baked or toasted item, possibly a type of bread or pastry, with a layer of what looks like melted peanut butter on top. it is difficult to determine with certainty from the image alone whether the peanut butter is completely melted or not. however, it does appear to have a smooth and slightly glossy surface, which could suggest that it has been melted. for a more definitive answer, you would need to touch the peanut butter or have additional context about the cooking process"
72c8bdc4ed44bc3,What is the main food item in the image,cookie,"the main food item in the image appears to be a savory pancake or crepee, which is being cooked in a cast iron skillet on a stovetop"
72c8bdc4ed44bc3,What color is the cookie,brown,"the cookie in the picture appears to be brown, which is typical for a chocolate chip cookie"
72c8bdc4ed44bc3,Where is the skillet placed,on the pan,"the skillet is placed on a stovetop. the stovetop appears to be part of a gas stove, as indicated by the visible burners grates and the flame at the bottom left corner of the image"
9607fe377ae1740,What color is the jar,clear,"the jar in the picture appears to be clear or transparent, allowing you to see the contents inside, which look like oats or a similar grain"
9607fe377ae1740,What is the container for the cookie mix,jar,"the container for the cookie mix appears to be a glass jar with a red and white checkered ribbon tied around it, which is often used as a decorative touch. the jar seems to have a label or a design on it that suggests it contains cookie mix, possibly with oats and chocolate chips visible through the glass"
9607fe377ae1740,What color are the chocolate chips,brown,"the chocolate chips in the image appear to be dark brown, which is typical for chocolate chips used in baking"
9607fe377ae1740,What is tied around the jar's lid,with red ribbon,"a red and white checkered ribbon is tied around the jar's lid, along with two small decorative bells"
47a6475103a994d,How would you describe the color of the cooler,bright,the cooler in the picture is primarily yellow with blue horizontal stripes
47a6475103a994d,Where is the cooler placed,on the colorful surface,"the image shows a tumbler with the word ""lunchtopia"" printed on it, which suggests that it might be used for carrying beverages during lunchtime. the tumbler appears to be placed on a surface covered with a striped cloth, likely a picnic blanket or tablecloth. this kind of setting is often associated with outdoor dining or picnics scenarios. however, there is no visible cooler in the image"
47a6475103a994d,What does the cooler fill,orange juice,"the image shows a tumbler with a straw and a lid, which is typically used for beverages like smoothies, juices, or iced drinks. the text on the tumbler reads ""lunchtopia"" and ""love lunch again,"" suggesting that it might be part of a promotional item or a brand associated with lunchtime refreshmentsers. however, without additional context, it's not possible to determine what specific the cooler specifically fills. it could be used for any type of beverage"
47a6475103a994d,Where is the straw inserted,into the cooler,"the straw in the image is inserted into the top of the cup, which has a clear plastic lid with a straw hole"
56070b0625b083c,What color is the majority of the corn,yellow,the majority of the corn in the image appears to be yellow
56070b0625b083c,Is the corn yellow,yes,"the image shows a dish that includes what appears to be corn, but it is not entirely clear if the corn is yellow or another color. the corn in the image seems to have a mix of colors, possibly including white and green, which could suggest it's a type of mixed corn or perhaps even a dish where the corn has been cooked with other ingredients that have changed its appearance. it is not possible to definitively determine the color of the corn from this image alone"
56070b0625b083c,Where is the corn located on the plate,across the majority of,"the corn is located on the left side of the plate, mixed with other ingredients such as what appears to be crumbled cheese and possibly some herbs or spices"
56070b0625b083c,What is the corn topped with,melted and browned cheese,"the the corn in the picture appears to be topped with crumbled cheese, possibly feta or a similar type of cheese, and there it looks like there could be some herbs or spices mixed in as well"
56070b0625b083c,What color is the larger piece on top of the corn,brownish-orange,"the larger piece on top of the corn appears to be a piece of fried or baked chicken. it has a golden-brown color, which suggests it might be breaded and fried or baked until crispy"
dc8b523f5e54193,What is the color of the caramel corn,light,"the caramel corn in the image appears to be a light golden brown color, which is typical for caramel-coated popcorn"
dc8b523f5e54193,What shade is the caramel corn,golden-brown,"the caramel corn in the image appears to be a light golden brown color, which is typical for caramel-coated popcorn"
dc8b523f5e54193,What are the bowls made of,glass,"the bowls in the picture appear to be made of ceramic or porcelain. this is suggested by their smooth, glossy surface and the way they they hold the popcorn without showing any signs of warping or bending, which would typically occur with materials like wood or plastic. under such pressure"
dc8b523f5e54193,Where is the second bowl located,on the top-left,"the second bowl, which appears to contain popcorn, is located in the background of the image, slightly out of focus compared to the main bowl in the foreground"
5cc4c378f4527c4,What color are the corn kernels in the salad,yellow,the corn kernels in the salad appear to be yellow
5cc4c378f4527c4,What is the main ingredient in the salad,corn,"the main ingredient in the salad appears to be corn, which is mixed with other ingredients such as diced red bell peppers and possibly some herbs or seasonings. the salad also seems to include a creamy dressing, which could be a type of mayonnaise-based dressing or a yogurt-based dressing, given the consistency and color"
5cc4c378f4527c4,How are the ingredients in the salad prepared,mixed,"the salad in the image appears to be a fresh corn salsa, which is typically made with corn kernels that have been cooked or grilled until slightly charred. this gives them a smoky flavor and a slightly softer texture. the corn is then combined with diced red bell peppers, which are usually chopped into small, bite-sized pieces for easy eating. there may also be other ingredients such as cilantro, lime juice, and possibly some salt and pepper for seasoning.

the
 !***"
5cc4c378f4527c4,What color are the diced bell peppers in the salad,red,the diced bell peppers in the salad are red and yellow
7a46895d46f89e7,What color are the black beans,brown,"the black beans in the image appear to be dark brown or nearly black, which is typical for cooked black beans"
7a46895d46f89e7,What type of food are used in the dish,beans,"the dish appears to be a type of chili or stew, likely a vegetarian or vegan chili given the absence of visible meat. it contains a variety of ingredients including:

- black beans (or possibly kidney beans)
- corn kernels
- chopped vegetables such as tomatoes and possibly bell peppers
- herbs, which could include cilantro or parsley

the

styletype of
the

 addcriterion
the





















"
7a46895d46f89e7,What color are the pieces of bell pepper,red,the pieces of bell pepper in the image appear to be red and green
7a46895d46f89e7,Where is the wooden spoon located,on the right,"the wooden spoon is located on the right side of the image, partially submerged in the mixture of ingredients"
1e791e94ce68a17,What color is the bowl,white,the bowl in the picture is white
1e791e94ce68a17,How are the corn kernels arranged in the bowl,scattered,"the corn kernels in the bowl appear to be scattered throughout, mixed with other ingredients such as diced tomatoes and fresh basil leaves. they do not seem to be arranged in any specific pattern but rather distributed randomly for an appealing and casual presentation"
1e791e94ce68a17,What color are the corn kernels,yellow,the corn kernels in the image appear to be yellow
1e791e94ce68a17,Where are the red tomato slices,in a bowl,"the red tomato slice is located in the upper right section of the bowl, next to the basil leaves and other ingredients"
1e791e94ce68a17,Where are the purple onion pieces mostly located,in a bowl,the purple onion pieces in the salad are mostly located at the bottom right corner of the bowl
a9321bba4920843,What color is the cornbread,golden-yellow,"the cornbread in the picture appears to be a light golden brown color on the outside, which is typical for baked cornbread"
a9321bba4920843,What type of bread is shown in the image,cornbread,"the image shows a cornbread, which is a type of bread made primarily from cornmeal"
a9321bba4920843,What color is the cast iron pan,black,the cast iron pan in the picture appears to be black
a9321bba4920843,How does the texture of the cornbread appear,coarse,"the cornbread in the image appears to have a slightly golden-brown crust, which suggests it has been baked to a crisp exterior. the interior looks moist and dense, indicating that it might be soft and fluffy on the inside. the texture seems uniform throughout, without any visible cracks or dry spots, suggesting it is well-baked and evenly cooked"
cc61c4260366898,What color is the cornbread,golden,"the cornbread in the picture appears to be golden brown, which is typical for baked cornbread"
cc61c4260366898,What type of bread is shown in the image,cornbread,"the image shows what appears to be potato pancakes, also known as latkes or tattin. these are are typically made from grated potatoes mixed with other ingredients such as flour, eggs, and sometimes onions, and then fried until crispy on the outside and soft on the inside. they are often served as a side dish or appetizer, especially during hanukkah celebrations. the presence of parsley garnish suggests they are freshly prepared and served"
cc61c4260366898,What color is the plate used for serving the cornbread,white,the plate used for serving the cornbread is white
cc61c4260366898,Where is the parsley placed in relation to the cornbread stack,on a plate,"the parsley is placed on the plate next to the stack of cornbread, garnishing it and adding a fresh, green accent to the presentation"
a264b1ee256e419,What are the green specks in the cornbread embedded with,cornbread,"the the green specks in the cornbread appear to be herbs, likely parsley or chives. these are common ingredients used to add flavor and color to cornbread"
a264b1ee256e419,What type of bread is shown in the image,cornbread,"the image shows a piece of cornbread, which is a type of bread made primarily from cornmeal"
a264b1ee256e419,What color are the scattered pieces of broccoli,green,the scattered pieces of broccoli in the image appear to be green
a264b1ee256e419,Where is the smaller piece of cornbread positioned in the image,on the top-left,the smaller piece of cornbread is positioned to the left and slightly behind the larger piece of cornbread in the image
01c000a5e0c2720,What type of cheese is in the bowl,cottage cheese,"the image shows a bowl with what appears to be cottage cheese or a similar soft, creamy cheese. it is topped with sliced bananas and drizzled with honey. the specific type of cheese cannot be definitively identified from the image alone, but it looks like a soft, white cheese that could be cottage cheese, ricotta, or a similar variety"
01c000a5e0c2720,What color is the bowl,white,the bowl in the picture is white
01c000a5e0c2720,What color are the bananas,yellow,"the bananas in the picture appear to be yellow, which is the typical color of for ripe bananas"
01c000a5e0c2720,Where are the bananas placed in relation to the cottage cheese,around the cottage cheese,the bananas are placed on top of the cottage cheese in the bowl
6ff9ae19b3eed61,What is the main protein in the dish,chicken,"the main protein in the dish appears to be chicken. it looks like the chicken has been stuffed with a mixture that includes spinach and possibly feta cheese, which is common in dishes like spinach-stuffed chicken"
6ff9ae19b3eed61,Where is the chicken located in the image,on the pan,"the chicken appears to be in a pan, likely being cooked or baked. it looks like it has been stuffed with a mixture that includes spinach and possibly cheese, as indicated by the green and white filling visible in the image"
6ff9ae19b3eed61,What vegetable is mixed with the cottage cheese,spinach,"the vegetable that appears to be mixed with the cottage cheese in these calzones is spinach. the green color and texture visible in the filling are characteristic of spinach, which is commonly used in such in this type of dish for its flavor and nutritional value"
6ff9ae19b3eed61,What color is the cottage cheese,white,"the cottage cheese in the image appears to be white, which is its typical color when it's plain and unseasoned"
6ff9ae19b3eed61,Where is the chicken located in relation to the spinach and cottage cheese mixture,in the foreground,"the chicken is located on top of the spinach and cottage cheese mixture. the chicken appears to be a stuffed chicken breast, with the spinach and cottage cheese mixture filling the cavity created by the cut in the chicken"
d980f97dbe2a1e9,What color is the couscous,yellow,"the couscous in the picture appears to be a light yellow or beige color, which is typical for cooked couscous"
d980f97dbe2a1e9,What type of grain is in the bowl,couscous,"the dish in the bowl appears to be couscous, which is a small, round grain made from semolina flour"
d980f97dbe2a1e9,What color is the bowl,white,the bowl in the picture is white
d980f97dbe2a1e9,What color are the herbs in the couscous,green,"the herbs in the couscous appear to be green, likely parsley, which is commonly used as a garnish for this dish"
d980f97dbe2a1e9,Where are the lemon wedges placed,on top of,"the lemon wedges are placed on top of the dish, specifically on the side of the bowl where the handle is located"
191f4793a5b5caa,What color is the Israeli Couscous,tan,"the israeli couscous in the picture appears to be a light yellow or beige color, which is typical for this type of pasta when it's cooked and served"
191f4793a5b5caa,What is the couscous filling in the image,filling,"the image shows a dish that appears to be a type of couscous, but it's not clear what specific couscous it is without more context or information about the ingredients used. it could be a traditional north african couscous, which is made from semolina and water, or it might be a variation like a vegetable couscous or a meat-based couscous. the presence of green herbs suggests it may have been garnished with fresh herbs for flavor and presentation. if you're looking for a specific recipe, you would need to know the specific ingredients used to determine the exact type of couscous"
191f4793a5b5caa,What type of grain is shown in the image,couscous,"the image shows a dish that appears to be risotto, which is typically made with arborio rice. arborio rice is a short-grain rice variety that is commonly used in risotto due to its ability to absorb liquid and become creamy when cooked. the dish also seems to have some herbs sprinkled on top, possibly parsley or chives, which are common garnishes for risotto"
191f4793a5b5caa,What color is the bowl containing the couscous,white,"the bowl containing the couscous appears to be white with a decorative, scallo-edged rim"
191f4793a5b5caa,What texture does the sauce coating the couscous appear to have,creamy,"the sauce coating the couscous appears to have a creamy and smooth texture. it looks thick enough to coat the grains of couscous evenly, suggesting it might be a pureed or blended sauce, possibly made from ingredients like cheese, cream, or a similar base. the presence of small green herbs sprinkled on top suggests that it could also have a slightly chunky texture due to the herbs"
df3bd933b12e81f,What is the color of the couscous in the dish,tan,"the couscous in the dish appears to be a light yellow or beige color, which is typical for cooked couscous"
df3bd933b12e81f,What is the main grain used in the dish,couscous,"the main grain used in the dish appears to be couscous, which is a small, round grain made from semolina flour"
df3bd933b12e81f,What color are the chunks of tomatoes mixed within the couscous,red,"the the image, the chunks of of tomatoes mixed within the couscous appear to be red in color"
df3bd933b12e81f,What color are the smaller flecks mixed within the couscous,green,"the image shows couscous with smaller flecks of various colors mixed in. these flecks appear to be herbs, spices, or possibly vegetables such as tomatoes or olives. the specific colors and types of flecks can vary depending on the recipe, but common ones include green (from herbs like parsley or cilantro), red (from tomatoes or paprika), and brown (from spices like cumin or cinnamon)"
df3bd933b12e81f,Where is the Jazzed Up Couscous dish located within the image,within the pot,"the ""jazzed up couscous"" dish appears to be in a bowl, which is located in the center of the image"
c8be669cf4a7994,What is the couscous served in,bowl,the couscous is served in a white bowl
c8be669cf4a7994,What color is the couscous,white,"the couscous in the image appears to be a light brown color, which is typical for whole wheat or multigrain couscous"
c8be669cf4a7994,What color are the almonds or nuts,beige,the almonds or nuts in the image appear to be light brown in color
c8be669cf4a7994,What shape is the couscous forming,small and round,the couscous in the image appears to be forming a circular or oval shape within the bowl
c8be669cf4a7994,Where is the couscous served,in a white bowl,the couscous appears to be served in a white bowl
22a6a503038da42,"What is the color of the cauliflower ""couscous""",yellowish-orange,"the image shows a dish that appears to be a type of ""couscous"" made from cauliflower, which has been cooked and seasoned. it looks like it's a light yellow or off a pale yellowish-white color. this is typical for cauliflower couscous as the florets are often steamed or roasted until tender and then mixed with seasoningsings such as herbs, garlic, and sometimes oil or butter. the green flecks visible in the dish could be herbs like parsley or cilantro, which are commonly added to cauliflower couscous for flavor and garnish"
22a6a503038da42,"What color are the sprigs scattered across the top of the ""couscous""",green,"the the sprigs scattered across the top of the ""couscous"" appear to be green, likely cilantro or parsley"
22a6a503038da42,Where are the sprigs of green cilantro scattered,across the top,"the sprigs of green cilantro are scattered on top of the food in the pan, adding a fresh and vibrant garnish to the dish"
22a6a503038da42,"What is resting partially within the ""couscous""",spoon,"the image shows a pan with what appears to be a dish that resembles couscous, garnished with chopped green herbs, possibly parsley or cilantro. the wooden spoon in the pan suggests that the dish is being served or is in the process of being stirred or mixed. it's not clear if there the spoon is resting partially within the couscous or if it's just placed on top of the dish"
4dc12e07d49694b,What type of food is prominently featured in the image,crab cakes,"the image prominently features a dish that appears to be a macaroni and cheese fritter or patty. it looks like it has been fried, giving it a golden-brown crust, and is garnished with herbs. there is also a small bowl of what seems to be a creamy sauce, possibly a dipping sauce for the fritter"
4dc12e07d49694b,What color are the edges of the crab cakes,golden,"the edges of the crab cakes appear to be golden brown, indicating they have been fried or baked until crispy and well-cooked"
4dc12e07d49694b,What color are the green flecks scattered throughout the crab cakes,green,"the green flecks scattered throughout the crab cakes appear to be herbs, likely parsley or dill, which are commonly used as garnishes and flavorings in seafood dishes like crab cakes"
b1cc9100561c3f3,What color are the crab pieces,reddish-orange,"the the crab pieces in the image appear to be a light brown or reddish-brown color, which is typical for cooked crab meat"
b1cc9100561c3f3,What seafood is present in the dish,crab,"the dish appears to contain crab legs, which are a type of seafood. the crab legs are accompanied by corn on the cob and what looks like red potatoes, suggesting this could be a seafood boil or a similar dish where various ingredients are cooked together"
b1cc9100561c3f3,How are the crab pieces arranged in the dish,clustered,"the crab pieces in the dish appear to be scattered around, with some overlapping each other. they are not arranged in a specific pattern but rather seem to be distributed throughout the dish, creating a more casual and rustic presentation. the crab pieces are accompanied by corn on the cob, red potatoes, and what looks like garlic cloves, all of which are are also scattered around the crab pieces"
b1cc9100561c3f3,What type of meat is distributed around the crab,sausages,the meat distributed around the crab appears to be chicken. it looks like pieces of chicken have been cooked and are mixed with the crab and other vegetables in the dish
bddadd64cc7bae0,What color is the cranberry filling in the pie,red,"the cranberry filling in the pie appears to be a deep red color, which is typical for cranberry pies"
bddadd64cc7bae0,What type of dessert is shown in the image,pie,"the image shows a pie with a crumbly topping, which is typically made with a combination of flour, butter, and sugar. often used on top of fruit pies like cherry or apple. the crust appears to be a lattice or crumb crust, which is a common style for fruit pies"
bddadd64cc7bae0,What color is the crumb topping on the pie,tan,the crumb topping on the pie appears to be a light brown or tan color
bddadd64cc7bae0,What color is the pie crust,golden,"the pie crust in the picture appears to be a golden brown color, which is typical for baked pie crusts"
bddadd64cc7bae0,In which direction is the pie slightly positioned,towards the left,the pie is slightly positioned towards the bottom left corner of the image
fbf680ba3d3b096,What type of sauce is on the chicken,cranberry,"the chicken appears to be coated in a red sauce, which could be a type of berry or fruit-based sauce, possibly strawberry or raspberry. given its appearance and color, it's likely a jam or a similar spread"
fbf680ba3d3b096,What type of meat is shown in the image,chicken,"the image shows chicken drumsticks that have been coated with a sauce, which appears to be a type of barbecue sauce or a similar condiment"
fbf680ba3d3b096,What color is the plate,light blue,the plate in the image appears to be light blue with a speckled pattern
fbf680ba3d3b096,What color is the chicken,golden brown,"the chicken in the picture appears to be a golden brown color, which is typical for cooked chicken that has been roasted or baked"
fbf680ba3d3b096,Where are the chicken pieces placed,on a plate,"the chicken pieces are placed on a plate with a decorative pattern. the chicken appears to be coated in a sauce, possibly a berry or fruit-based glaze, which is spread over the chicken and the plate itself"
4581574ec92aee2,What does the pomegranate cranberry sauce/relish do to the bowl,fills,"the pomegranate cranberry sauce/relish appears to be filling the bowl, suggesting that it is being prepared or served. it seems to be have been poured into the bowl, and there based on its appearance, it might be ready for consumption or further use in a dish"
4581574ec92aee2,What is the pomegranate cranberry sauce/relish served in,bowl,the pomegranate cranberry sauce/relish appears to be served in a clear glass bowl
4581574ec92aee2,What is the consistency of the pomegranate cranberry sauce/relish,thick,"the pomegranate cranberry sauce/relish in the image appears to have a chunky consistency. you can see visible pieces of pomegranate seeds and possibly other ingredients mixed into the sauce, indicating that it is not smooth but rather has a more textured feel"
4581574ec92aee2,What color are the walnuts in the bowl,light brown and red,"the walnuts in the bowl appear to be a mix of brown and dark brown, which is typical for walnuts"
4581574ec92aee2,Where are the walnuts located in the image,in the center,the walnuts appear to be scattered throughout the cranberry sauce in the image
9a3edf97d4725d1,What type of seafood is visible in the bisque,crawfish,"the image shows a creamy seafood bisque, which typically contains a variety of seafood ingredients. while it's difficult to definitively identify specific types of seafood from an image alone without additional context or information about the ingredients used, common seafood found in bisques include shrimp, crab, scallops, and lobster. the small, round pieces visible in the bisque could be shrimp or scallops. however, without more details or a closer look at the texture and color, it's not possible to accurately determine the exact type of seafood"
9a3edf97d4725d1,What color are the chopped chives in the bisque,green,the chopped chives in the bisque appear to be green
9a3edf97d4725d1,Where is the Louisiana Crawfish Bisque served,within a white bowl,"the image you've provided appears to be a bowl of soup that looks like it could be a type of bisque, possibly a seafood bisque given the visible ingredients such as what seems to be shrimp and corn. it's difficult to definitively identify the dish without more context or a clearer view of the ingredients. however, louisiana crawfish bisque is a popular dish in louisiana cuisine, often featuring crawfish as a key ingredient along with other seafood and vegetables. if this is indeed a louisiana crawfish bisque, it would typically be served in a restaurant specializing in southern or cajun cuisine, or at a home where someone has prepared"
4f5150c34518129,What color is the rice described as,beige,"the rice in the image appears to be a mix of white and red, suggesting it might be seasoned with some red ingredients such as chili flakes or red pepper"
4f5150c34518129,How is the rice arranged on the plate,piled,"the rice appears to be arranged in a somewhat scattered manner on the plate, with some grains clustered together and others more spread out. it looks like it has been lightly mixed or fluffed, giving it a slightly loose texture. the garnish of chopped green onions and possibly some red pieces (which could be diced tomatoes or another ingredient) is sprinkled over the top, adding a touch of color contrast and likely a fresh flavor to the dish"
4f5150c34518129,What type of seafood is mixed within the rice,crawfish,"the image shows a dish that appears to be a type of seafood fried rice, possibly with shrimp or crab as the primary seafood ingredient. the red specks and the texture suggest it could be shrimp or crab meat. however, without more specific details or a closer look at the ingredients, it's hard to definitively identify the exact type of seafood used"
4f5150c34518129,What color are the crawfish tails,red,"the crawfish tails in the image appear to be a mix of red and orange, which is typical for cooked crawfish"
4f5150c34518129,Where are the crawfish tails placed in relation to the rice,on top of,"the crawfish tails appear to be mixed into the rice, not placed on top of it as a separate layer"
d7976d426b5fc7b,What is the texture of the Honey Walnut Cream Cheese,light,"the texture of the honey walnut cream cheese appears to be creamy and smooth, with visible chunks of walnuts mixed throughout. the cream cheese itself has a soft, spreadable consistency, while the walnuts add a slightly crunchy element. the honey likely contributes a sweet, sticky quality to the overall texture"
d7976d426b5fc7b,What type of nuts are mixed into the cream cheese,walnuts,the nuts that appear to be mixed into the cream cheese in the image are walnuts
d7976d426b5fc7b,What color is the Honey Walnut Cream Cheese,beige,"the honey walnut cream cheese in the image appears to be a creamy white color, with visible pieces of walnut scattered throughout, giving it a slightly brownish tint from the walnuts"
d7976d426b5fc7b,Where is the walnut half located in relation to the cream cheese,on top,"the walnut half is located to the left of the glass bowl containing the cream cheese. it appears to be placed on the surface next to the bowl, slightly in front of it"
d7976d426b5fc7b,What is the container used to hold the Honey Walnut Cream Cheese,bowl,the container holding the honey walnut cream cheese appears to be a small glass jar or bowl with a red-handled knife resting on top of it
70f1689e82535a7,What is the texture of the chantilly cream,soft,"the chantilly cream in the image appears to have a smooth and creamy texture, which is typical for this type of dessert. it looks light and airy, with a consistency that is neither too thick nor too thin. the cream is likely whipped to achieve a fluffy, velvety feel when eaten. the presence of berries on top adds a fresh and slightly tart contrast to the sweetness of the cream"
70f1689e82535a7,What is the main component of the dessert,cream,"the main component of the dessert in the picture appears to be a creamy, white substance, which could be whipped cream or yogurt, served in a glass bowl. it is topped with a variety of fresh berries, including strawberries, blueberries, and raspberries. the berries add color and freshness to the dessert"
70f1689e82535a7,What color is the chantilly cream,off-white,the chantilly cream in the image appears to be white
70f1689e82535a7,What does the cream do to the glass dessert dish,fills,"the cream in the image appears to be a topping for the dessert, likely a type of mifle or similar custard-based dessert. the cream adds a smooth and creamy texture that contrasts with the solid dessert base. it also adds a light and airy feel to the overall presentation. the cream is also likely to add a sweet flavor to the dessert, complementing the flavors of the berries and other ingredients"
70f1689e82535a7,Where are the dollops of cream located,on top,"the dollops of cream are located on top of the dessert in the glass bowl. they appear to be a light, fluffy topping that is spread evenly across the surface of the dessert"
feb8da6d4727a62,What color is the plate,white,the plate in the image is white
feb8da6d4727a62,What fruit is mixed within the creamy filling of the crepes,blueberries,the creamy filling of the crepes appears to contain blueberries
feb8da6d4727a62,What color is the base of the crepes,brown,"the base of of the crepes appears to be a light golden brown, which is typical for crepes that have been cooked on a griddle or pan until they they achieve a slightly crispy texture on the outside while remaining soft and pliable inside"
feb8da6d4727a62,What is inside the rolled crepes,blueberries,"the the rolled crepes in the picture appear to contain a filling that includes blueberries and possibly some type of cream or custard. the crepes are also garnished with fresh blueberries and a sprig of mint, suggesting a sweet and fruity flavor profile"
feb8da6d4727a62,Where are the blueberries scattered,on the plate,the blueberries are scattered on top of the crepes in the foreground of the image
83d9469b7d2e536,What color is the crepe,golden brown,"the crepe in the picture appears to be golden-brown with some darker spots, indicating it has been cooked on both sides"
83d9469b7d2e536,What is located in the center of the image,crepe,"the center of the image appears to be occupied by a cooked pancake or crepe, which is being fried in a pan"
83d9469b7d2e536,How would you describe the edges of the crepe,darker,"the edges of the crepe in the image appear to be slightly curled or folded, which is typical for a crepe that has been cooked on a griddle or pan. until it begins to crisp and fold naturally. the edges also seem to have a golden-brown color, indicating they have been cooked thoroughly"
83d9469b7d2e536,Where is the crepe located in the image,in the center,"the crepe appears to be located on a flat surface, likely a pan or a griddle, as it is being cooked"
97317ea0a16f6ba,What color is the cloth the rolls are arranged on,purple,the rolls are arranged on a dark purple cloth
97317ea0a16f6ba,What is the shape of the food items in the image,rolls,"the food items in the image appear to be crescent-shaped pastries, which are typically rolled and then baked. they have a spiral pattern, suggesting they might be filled with a sweet filling such as cinnamon or chocolate, given their appearance"
97317ea0a16f6ba,What color are the Nutella crescent rolls,golden brown ,"the nutella crescent rolls in the picture appear to be a golden brown color, which is typical for baked pastries like crescent rolls"
97317ea0a16f6ba,What is visible in the cut roll,flaky dough,"the image shows a close-up of a pastry that appears to be a cinnamon roll. the roll has been cut, revealing its filling, which looks like a mixture of cinnamon and sugar, along with what seems to be cream cheese or a similar spread. the exterior of the roll looks golden brown, suggesting it has been baked"
97317ea0a16f6ba,Where is one of the whole rolls located in relation to the cut roll,on the lower right,"in the image, there whole roll is located on the left side, while the cut roll is on the right side. of the image"
5dc5bfed7295e6e,What color are the crisps,golden-yellow,the crisps in the picture are yellow
5dc5bfed7295e6e,How are the crisps arranged on the plate,overlap,"the crisps in the picture are arranged in a somewhat scattered manner on the white plate. they are not neatly stacked or aligned, but rather placed loosely, with some overlapping each other and others lying separately. this gives them a casual and homemade appearance"
5dc5bfed7295e6e,What type of food is described as golden-yellow and lacy,cheese,"the food described as golden-yellow and lacy in the image appears to be corn chips or possibly a type of fried or baked snack made from cornmeal. the texture and color suggest it could be a homemade or artisanal version of corn chips, which are are typically thin, crispy, and have a golden-yellow hue due to the corn flour or meal used in their preparation"
5dc5bfed7295e6e,What texture do the crisps have,lacy,"the crisps in the picture appear to have a light, crispy texture. this is suggested by their thin, delicate appearance and the way they are slightly curled at the edges, which is typical of fried or baked snacks that are meant to be be crunchy on the outside"
5dc5bfed7295e6e,Where are the crisps located on the plate,on the upper-left,the crisps are located on the left side of the plate
7207161ee7fdd3a,What color are the sesame seeds on the crisps,white,the sesame seeds on the crisps appear to be light brown or tan in color
7207161ee7fdd3a,What color are the edges of some crisps,brown,"the edges of some of the crisps in the image appear to be slightly darker than the rest, indicating they they might have been baked or fried for a longer time, giving them a more golden-brown color compared to the others which look lighter and more uniform in color"
7207161ee7fdd3a,Where are the Sesame Lemon Crisps placed,on a white plate,"the sesame lemon crisps are placed on a white plate with a black rim, which is set on a surface that appears to be a wooden table or countertop"
7207161ee7fdd3a,Which crisp appears bigger compared to the others,the crisp in the front,the crisp on the far right appears to be slightly larger than the others
f7e98ee1e808dcc,What color is the plate,green,the plate in the image is light green
f7e98ee1e808dcc,What shape are the croissant ice cream cones,cones,"the croissant ice cream cones in the picture are shaped like crescents, which is the traditional shape of a croissant"
f7e98ee1e808dcc,What color are the croissant ice cream cones,golden-brown,"the image shows croissant-shaped ice cream cones, but they do not appear to be colored in any way. they look like regular croissants with a golden-brown color from baking. if you're asking about the color of of the ice cream inside, it's not visible in this image"
f7e98ee1e808dcc,How is one of the cones positioned on the plate,lies,"one of the cones is positioned upright on the plate, standing on its point"
1747472deb3ca10,What color is the front center croquette,brown,"the front center croquette appears to be a golden brown color, which is typical for fried or baked croquettes"
1747472deb3ca10,What type of food is shown in the image,croquettes,"the image shows fried meatballs or croquettes-like items. these appear to be breaded and fried, possibly made from ground meat mixed with other ingredients such as breadcrumbs, herbs, and spices. they are typically served as a snack, appetizer, or part of a main dish"
1747472deb3ca10,What color is the back croquette,dark,"the back croquette appears to be brown in color, which is typical for fried or baked croquettes"
1747472deb3ca10,Where are the croquettes placed,on a plate,the croquettes is placed on a plate
1747472deb3ca10,How are the croquettes positioned on the plate,arranged,"the croquettes are positioned on the plate in a circular arrangement, with one in the center and four surrounding it"
873396a9d5e4f00,How would you describe the croquettes,yummylicious,"the image shows a tray of croquettes, which appear to be golden-brown and evenly cooked. they seem to have been fried or baked, as indicated by their crispy exterior. the croquettes are round in shape and are neatly arranged on a baking sheet lined with aluminum foil. the color suggests they were cooked at a high temperature, giving them a nice, crispy texture"
873396a9d5e4f00,What type of food is shown in the image,croquettes,"the image shows a tray with what appears to be fried or baked round food items, possibly croquettes, fritters, or some kind of fried balls. they are golden brown and seem to have been cooked on a baking sheet lined with aluminum foil"
873396a9d5e4f00,What color are the croquettes,golden,"the croquettes in the picture appear to be golden brown in color, which is typical for fried or baked croquettes"
873396a9d5e4f00,Where are the croquettes placed,on a silver metal rack,"the croquettes are placed on a baking tray lined with aluminum foil. the tray is resting on a countertop, which appears to be made of granite or a similar material"
873396a9d5e4f00,What color are the darker croquettes,brown,the darker croquette appears to be the one on the far right in the image
72ee70465299f12,What color is the plate,beige,the plate in the image appears to be white
72ee70465299f12,What type of food is shown in the image,croquettes,"the image shows two crab cakes served on a plate with a side of fresh green salad. crab cakes are typically made from ground crab meat, breadcrumbs, and seasonings like parsley, onion, and sometimes eggs or mayonnaise to bind the mixture together. they are often pan-fried or baked until golden brown and crispy on the outside while moist and tender inside"
72ee70465299f12,What color is the crust of the croquettes,golden brown,"the crust of the croquette appears to be golden brown, indicating it has been fried or baked until crispy and well-cooked"
72ee70465299f12,Where are the croquettes resting,resting on the plate,"the croquettes is resting on a plate, which appears to be placed on a table. the plate contains some green leafy vegetables as well"
72ee70465299f12,Is the bottom croquette fully visible,yes,"no, the bottom croquette is not fully visible. it appears to be partially obscured by the top croquette and the lettuce on the plate"
f72b411f57d390c,What type of dessert is shown in the image,pie,"the image shows a slice of crumble pie, which is a type of dessert. it appears to be a berry crumble pie, as indicated by the visible berries and the crumbly topping. the dessert is served with a scoop of vanilla ice cream on the side, garnished with a sprig of mint"
f72b411f57d390c,What color are the mint leaves,green,the mint leaves in the picture are green
f72b411f57d390c,What color is the ice cream next to the pie,off-white,"the ice cream next to the pie appears to be white, which is likely vanilla or a similar light-colored ice cream"
f72b411f57d390c,Where is the slice of berry crumble pie placed,on a white plate,"the slice of berry crumble pie is placed on a white plate, which is set on a blue woven placemat"
8dcec925b92152d,What color are the raspberries in the bowl,red,"the raspberries in the bowl appear to be a deep red color, which is typical for fresh raspberries"
8dcec925b92152d,What is the dessert served in,bowl,"the dessert appears to be served in a white, round bowl with a fluted edge. it looks like it could be a type of crumble or a similar baked dessert, topped with what seems to be a scoop of ice cream and possibly some fruit compote or sauce"
8dcec925b92152d,What color are the peaches in the bowl,orange,the peach in the bowl appears to be orange in color
8dcec925b92152d,How are the peaches and raspberries arranged in the bowl,mixed,"the peaches slices is placed on top of the oatmeal, and there raspberries are scattered around the bowl, both on the oatmeal and on the side"
8dcec925b92152d,Where is the crumble topping located in relation to the fruit,on top of,the crumble topping is located on top of the fruit in the bowl
59b9dea4ab611ae,What color is the berry filling,red,"the berry filling in the image appears to be a vibrant red color, which is typical for many types of berries such as raspberries or strawberries"
59b9dea4ab611ae,What is the dessert served in,bowl,"the dessert appears to be served in a white, oval-shaped dish. it looks like it could be a crumble or a similar baked dessert with a crumbly topping and a fruit filling underneath"
59b9dea4ab611ae,Is the berry filling covered by the crumble topping,yes,"yes, the berry filling is covered by the crumble topping in the image"
59b9dea4ab611ae,What color is the crumble topping,golden-brown,"the crumble topping in the image appears to be a mix of brown and golden hues, indicating it has been baked until it's slightly crisp and golden"
59b9dea4ab611ae,Where is the berry filling located,at the bottom,"the berry filling is located in the center of the dish, which appears to be a crumble or crisp. it is topped with a crumbly-like topping that looks like it might be made from oats and possibly some nuts or sugar. the dish is served on a white plate, and the background suggests it's placed on a dark surface, likely a table"
92211a75310aaef,What type of dessert is shown in the image,pie,"the image shows a slice of a crumble-topped pie or tart. the filling appears to be a berry-based mixture, possibly blueberry or blackberry, given the color and texture. the crumble topping consists of oats, sugar, and butter, which is a common topping for such desserts like this"
92211a75310aaef,What color are the raspberries in the pie filling,red,"the raspberries in the pie filling appear to be a deep, dark red color"
92211a75310aaef,Where is the pie filling located in relation to the crumble topping,beneath,"the pie filling is located beneath the crumble topping. the crumble, which appears to be made of oats and possibly other ingredients like sugar or butter, is placed on top of the pie filling, which is likely a fruit-based mixture such as berries or cherries"
8f3db33916b0bc0,What is the color of the crunches in the top center of the image,brown,"the crunchy pieces in the top center of the image appear to be a golden-brown color, which suggests they they might be cereal or some type of baked snack"
39bcc4756e74344,What color is the bowl containing the Berry Nut and Seed Crunch,green,the bowl containing the berry nut and seed crunch is green
39bcc4756e74344,How are the berries distributed in the bowl,scattered,"the berries, which appear to be cranberries, are are distributed throughout the bowl of granola. they are not concentrated in any particular area but are interspersed among the oats and other ingredients, providing a colorful contrast to the golden hue of the granola"
39bcc4756e74344,What color are the nuts in the Berry Nut and Seed Crunch,brown,"the nuts in the berry nut and seed crunch appear to be a mix of colors, including shades of brown from the oats and seeds, as well as hints of orange from the pumpkin seeds"
39bcc4756e74344,What type of fruit is scattered throughout the bowl,berries,the fruit scattered throughout the bowl appears to be dried cranberries
39bcc4756e74344,Where is the mixture of Berry Nut and Seed Crunch placed,atop,"the mixture of berry nut and seed crunch appears to be placed in a green ceramic bowl with handles, which is typically used for serving or storing food. it seems to be be a granola-like mixture containing oats, nuts, seeds, and dried cranberries"
286cb0fa3aefa9b,What color is the pie crust,golden-brown,"the pie crust in the picture appears to be golden brown, which is typical for baked pie crusts"
286cb0fa3aefa9b,What type of food is shown in the image,pie,"the image shows a baked pie with a lattice crust. the pie appears to be an apple pie, as suggested by the filling visible through the gaps in the crust and the typical color and texture of the filling"
286cb0fa3aefa9b,What pattern is formed by the pie crust across the top,lattice,"the pie crust on the top of the pie has a lattice pattern. this pattern is created by cutting strips of dough that are woven or interwoven in a crisscross fashion over the filling, forming a grid-like design"
286cb0fa3aefa9b,Where is the lattice pattern placed on the pie,across the entire top,"the lattice pattern is placed on top of the pie, covering the filling"
286cb0fa3aefa9b,What decorative elements are placed in the lower-center of the pie,leaves,"the decorative elements placed in the lower-center of the pie appear to be leaf-shaped cutouts in the lattice crust. these cutouts are a common decorative technique used in lattice-topped pies, allowing for a more intricate and visually appealing design while also potentially allowing steam to escape during baking"
71b37d19149e978,What color is the pie crust,yellow,"the pie crust in the picture appears to be a light golden color, which is typical for an uncooked pie crust"
71b37d19149e978,What type of food is shown in the image,pie,"the image shows an unbaked pie crust. it appears to be a lattice or crimped edge design, which is commonly used for fruit pies like apple or cherry"
71b37d19149e978,What part of the pie is in the dish,crust,"the image shows an unbaked pie crust in a pie dish. the crust appears to be a single layer, likely made from shortcrust pastry, and it has been shaped into a fluted edge around the rim of the dish"
71b37d19149e978,How is the edge of the pie crust described,crimped,"the edge of the pie crust appears to be crimped or pinched, which is a common technique used in baking to create a decorative and functional border"
71b37d19149e978,Where is the pie crust located in the image,in the center,"the pie crust is located in the center of the image, placed on what appears to be a dark countertop"
79863139fcf71cc,What color is the pie crust,golden,"the pie crust in the picture appears to be golden brown, which is typical for baked pie crusts"
79863139fcf71cc,What type of food is shown in the image,pie,"the image shows a cherry pie with a lattice crust. the pie has a golden-brown crust and is filled with cherries, which are visible through the lattice pattern on top"
79863139fcf71cc,What color is the filling of the pie,red,"the filling of the pie appears to be a vibrant red color, which is characteristic of cherry or strawberry pie fillingsings"
79863139fcf71cc,What color are the lattice strips on the pie,tan,"the lattice strips on the pie appear to be a light golden brown color, which is typical for baked pastry"
54b457d0076dc63,What is the melted cheese doing on the side of the crust,dripping,"the melted cheese appears to be oozing slightly from the side of the crust, which is a common occurrence when baking. this can happen if the pizza was cooked at a high temperature or for too long, causing the cheese to melt and spread beyond the edges of the crust"
54b457d0076dc63,What color is the premium pizza crust,tan,"the premium pizza crust in the picture appears to be golden brown, which is typical for a well-baked pizza crust"
54b457d0076dc63,What word describes the quality of the pizza crust,premium,"the quality of the pizza crust in the picture appears to be ""crisky"" or ""crisky"". this suggests that the crust is crispy, which is often desired for a good pizza crust as it provides a satisfying crunch and contrast to the softness of the toppings"
54b457d0076dc63,What is the melted ingredient on the pizza,cheese,"the melted ingredient on the pizza appears to be cheese. it looks like it could be a combination of mozzarella and possibly cheddar, given its golden color and texture"
54b457d0076dc63,Where is the crust positioned in the image,in the lower portion,"the crust of the pizza is positioned at the bottom and sides of the image, forming a border around the toppings"
36e9730c7ccff02,What color are the Persian cucumbers on the inside,green,"the persian cucumbers in the picture appear to be green on the outside, which is typical for this variety of cucumber. however, when you cut them open, they have a white interior with a slight greenish tint. this is because the flesh of persian cucumbers is white and has a mild flavor"
36e9730c7ccff02,What type of vegetable is mixed with the yogurt in the image,cucumbers,the vegetables mixed with the yogurt in the image appear to be cucumbers
36e9730c7ccff02,What color is the yogurt in the image,white,"the yogurt in the image appears to be white, which is typical for plain yogurt"
36e9730c7ccff02,What is the texture of the yogurt in the image,creamy,"the texture of the yogurt in the image appears to be creamy and smooth, with some chunks of cucumber visible throughout it"
36e9730c7ccff02,Where are the cucumber pieces distributed in the image,throughout the image,"the cucumber pieces are distributed throughout the image, mixed into what appears to be a creamy sauce or dressing"
1750d80b96e62ce,What color is the plate used for the salad,white,the plate used for the salad is white
1750d80b96e62ce,What type of dish is being described in the image,salad,"the image shows a caprese salad, which is a classic italian dish typically consisting of alternating slices layers of fresh mozzarella cheese, ripe tomatoes, and fresh basil leaves, often drizzled with olive oil and balsamic vinegar. it is served on a white rectangular plate"
1750d80b96e62ce,What color are the tomato slices in the salad,red,the tomato slices in the salad are red
1750d80b96e62ce,Where is the salad placed,on a plate,"the salad, which appears to be a caprese salad with layers of fresh mozzarella cheese, ripe tomatoes slices, and fresh basil leaves, is placed on a white rectangular plate. the plate is set on a wooden surface, likely a table or countertop"
1750d80b96e62ce,What color are the basil leaves in the salad,green,the basil leaves in the salad are green
0f170af0c72067e,What color are the cucumber slices,green,the cucumber slices in the picture is green
0f170af0c72067e,What type of dish is shown in the image,salad,"the image shows a dish that appears to be a salad or a side dish consisting of thinly sliced cucumbers and onions, possibly seasoned with herbs and spices. it looks like it could be a fresh cucumber and onion salad, which is often served as a refreshing accompaniment to main dishes or can be eaten on its own"
0f170af0c72067e,Are the seeds in the cucumber slices visible,visible,"yes, the seeds in the cucumber slice are visible. they appear as small, dark spots within the lighter green flesh of the cucumber"
0f170af0c72067e,What color are the onion slices,white,"the onion slices in the picture appears to be white, which is typical for onions that have been peeled and sliced"
0f170af0c72067e,Where are the salad components placed,inside a transparent bowl,"the salad components, which appear to be sliced cucumbers and onions, are placed in a clear glass bowl. the bowl seems to be on a surface that is not fully visible in the image"
b268dae475851c9,What color are the cucumbers,green,the cucumbers in the picture are green
b268dae475851c9,What vegetable is being described,cucumbers,"the image shows a bowl of sliced cucumbers. the cucumbers slices appear to be garnished with thinly sliced onions, possibly for added flavor and texture"
b268dae475851c9,How are the cucumbers cut,sliced,"the cucumbers in the image are sliced into thin, round slices discs. this method of cutting is often referred to as ""cucumber rounds"" or ""cucumber slices."" the slices appear to be about 1/4 inch thick and are arranged neatly in the bowl"
b268dae475851c9,Where are the small brown specks located,on their surfaces,"the small brown specks in the image appear to be on the surface of the cucumbers and possibly on the plate as well. they could be seeds from the cucumbers, which are naturally present in the fruit, or they might be remnants of the preparation process, such as spices or seasonings used during cooking or serving. it's important to note that without more context, it is difficult to determine their exact nature"
cd9183721a494fa,How would you describe the cucumbers in the bowl,fresh,"the cucumbers in the bowl appear to be freshly sliced and neatly arranged. they look crisp and have a vibrant green color, suggesting they might be raw or lightly seasoned. the slices size is consistent, indicating careful preparation. the bowl seems to contain enough water to keep the cucumbers fresh and prevent them from drying out"
cd9183721a494fa,What type of vegetable is shown in the image,cucumbers,the image shows sliced cucumbers
cd9183721a494fa,What color is the outer skin of the cucumber slices,green,the outer skin of the cucumber slices appears to be green
cd9183721a494fa,How are the cucumber slices arranged in the bowl,overlapping,"the cucumber slices are arranged in the bowl in a somewhat random pattern, with some overlapping and others lying flat"
cfcc90df3d3057d,What color is the margarita liquid,yellow,"the margarita liquid in the picture appears to be a pale yellow or light green color, which is typical for a classic margarita made with tequila, lime juice, and triple sec"
cfcc90df3d3057d,What type of drink is shown,margaritas,"the image shows two glasses that appear to be margaritas, which are a popular cocktail. the presence of the lime slices on the rim and the color of the drink suggest this. margararitas typically have a light yellow or pale green hue due to the use of tequila, lime juice, and often times, a bit of salt on the rim for garnish"
cfcc90df3d3057d,What color is the placemat,white,the placemat in the image is white with a lace-like pattern
cfcc90df3d3057d,What vegetable is used as a garnish,cucumber,the garnish in the image appears to be a slice of cucumber
cfcc90df3d3057d,Where are the cucumber slices placed,on the rim,"the cucumber slices is placed on the rim of of each glass, which appears to be a margarita glass"
3aa798519a72bac,What color is the whole cucumber,green,the whole cucumber in the picture appears to be green
3aa798519a72bac,What vegetable is lying on the left side of the image,cucumber,the vegetable lying on the left side of the image is a cucumber
3aa798519a72bac,What type of surface are all the items placed on,wooden,"the all the items in the picture, including the cucumber slices, lime slices, and the glass with straws, are placed on a wooden surface"
ac0f7b09bbfb88a,What type of vegetable is used in the dish,cucumbers,"the dish appears to be a type of pickled or marinated cucumber. the slices of cucumber are visible, and they seem to have a glossy appearance, which is characteristic of pickled vegetables. the presence of sesame seeds on top also suggests that it might be a type of asian-inspired dish, such as a pickled cucumber salad or a similar preparation"
ac0f7b09bbfb88a,What do the cucumbers do in the bowl,fill,"the cucumbers appear to be sliced and served in a bowl, likely as a side dish or a snack. they seem to have been seasoned with some kind of sauce or dressing, possibly soy sauce or a similar condiment, and garnished with sesame seeds. the cucumbers are not actively ""doing"" anything; they are simply presented in the bowl for consumption"
ac0f7b09bbfb88a,What color are the sesame seeds,white,the sesame seeds in the image appear to be white
ac0f7b09bbfb88a,Where are the cucumbers placed,in a shallow bowl,"the cucumbers are placed in a small, round bowl with a green rim and a white interior. the bowl is sitting on a red surface"
bd4d9d9c7ff359f,What color is the surface the walnut cups are placed on,white,the walnut cups are placed on a white surface
bd4d9d9c7ff359f,What color is the crust of the walnut cups,golden-brown,"the crust of the walnut cups appears to be a light brown color, which is typical for baked goods like tarts shells or cups that have been baked until they achieve a golden-brown hue"
bd4d9d9c7ff359f,Where are the walnut cups placed,on a white surface,"the walnut cups, which appear to be small tartlets or cookies with a filling and dusted with powdered sugar, are placed on a white plate. they are arranged in a triangular formation, with one at the top left, one at the bottom right, and one at the top right of the plate"
a2269fe475bbdeb,What color is the plate in the foreground,pink,the plate in the foreground is pink
a2269fe475bbdeb,What color is the base of the cupcake,reddish-brown,"the base of the cupcake appears to be brown, which is typical for chocolate cupcakes"
a2269fe475bbdeb,What type of dessert is shown in the image,cupcake,the image shows cupcakes. they appear to be chocolate cupcakes topped with a chocolate frosting
a2269fe475bbdeb,Where is the single cupcake placed,on the plate,"the single cupcake is placed on a small, round, beige-colored plate with a textured edge, which is positioned on a light-colored surface. possibly a table or countertop. the background includes another plate with more cupcakes and a tiled wall in a soft pinkish hue"
a72579744b544da,What color is the mango-lime curd,yellow,the mango-lime curd in the image appears to be a vibrant yellow-orange color
a72579744b544da,What is the name of the food in the glass dessert dish,curd,"the food in the glass dessert dish appears to be mango sorbet or ice cream. it has a bright yellow color and a smooth, creamy texture, which are characteristic of mango-based desserts"
a72579744b544da,What type of dish is the mango-lime curd in,glass,"the mango-lime curd is served in a small, clear glass bowl with a stem, which is often referred to as a ""ramekin"" or a ""dessert cup."" these types of dishes are commonly for serving individual portions of desserts or curds-like dishes"
a72579744b544da,Where is the spoon in relation to the curd,submerged inside,"the spoon is positioned above the curd, likely ready to be used for serving or eating the curd"
a72579744b544da,What is the texture of the mango-lime curd,smooth,"the texture of the mango-lime curd in the image appears to be smooth and creamy. it has a consistency that suggests it is not too thick or lummy, but rather has a spreadable quality which is typical for curds. the surface looks slightly glossy, indicating that it might have a slight sheen to it, which is common with curds due to the emulsification of of fat and liquid"
21d55487638b1d9,What is the main dish in the image,curry,"the main dish in the image appears to be a curry, likely a type of beef or lamb curry, given the rich, reddish-brown color and the visible chunks of meat. it is garnished with chopped green onions on top. the curry is served in a white bowl, accompanied by a side of rice in a separate bowl"
21d55487638b1d9,What color is the bowl,white,the bowl in the picture is white
21d55487638b1d9,What color is the curry in certain areas,golden-brown,"the curry in certain areas appears to be a rich, deep orange or reddish-brown color. this suggests it might contain ingredients like tomatoes, chili peppers, or turmeric, which are common in many curry dishes preparations. the color can vary depending on the specific spices and ingredients used in the preparation of the curry"
21d55487638b1d9,Where are the green onions located,on top of,"the green onions are located on top of the curry in the bowl, adding a garnish to the dish"
b0ca546137615ee,What is the buttercream doing to the cake,covering,"the buttercream in the image is being used to create a decorative pattern on the cake. it appears to be be piped in a rose-like design, which is a common technique in cake decorating. this method involves using a piping bag and a specific tip to create intricate designs such as roses, leaves, or other patterns. the buttercream is likely made from a mixture of butter, powdered sugar, milk, and sometimes flavoringsing, and it's used to add both flavor and decoration to cakes"
b0ca546137615ee,What is the dessert in the image,cake,"the dessert in the image appears to be a cake decorated with pink frosting piped into rose-like shapes. it looks like it could be a rose-themed cake, possibly for a special occasion such as a wedding or a birthday"
b0ca546137615ee,What do the piped patterns resemble,roses,"the piped patterns in the image resemble roses. the intricate, layered designs create a three-dimensional effect that mimics the petals of a rose flower"
b0ca546137615ee,How are the piped patterns arranged,swirling,"the piped patterns in the image are arranged in a circular pattern, resembling a bouquet of roses. the piped roses are evenly spaced around the circumference of what appears to be a cake or a similar round object. each rose is carefully piped with a consistent size and shape, creating a uniform and aesthetically pleasing design. the arrangement gives the impression of a floral arrangement, with each ""flower"" being a piped rose"
b0ca546137615ee,Where are the roses covering the cake,over the entire surface,"the roses on the cake appear to be made of frosting or fondant, and they are covering the entire surface of the cake"
3bde60851fad917,What color is the frozen custard,yellow,the frozen custard in the picture appears to be a light yellow or creamy white color
3bde60851fad917,What type of dessert is shown in the image,custard,the image shows a dessert that appears to be a scoop of vanilla ice cream served in a small glass bowl with a spoon resting on the side
3bde60851fad917,Where is the spoon inserted,into the custard,the spoon is inserted into the ice cream in the glass bowl
938c91ef3f2cc96,What color is the baked pumpkin custard,orange-brown,"the baked pumpkin custard in the picture appears to be a light orange or tan color, which is typical for pumpkin-flavored desserts"
938c91ef3f2cc96,What type of dessert is in the bowl,custard,"the dessert in the bowl appears to be a type of mousse or pudding, likely pumpkin-flavored given its color and texture. it is topped with whipped cream, which is a common garnish for such desserts. the presentation on the decorative plate suggests it might be a special or homemade treat"
938c91ef3f2cc96,What does the custard do to the bowl,fills,"the custard appears to be filling the bowl, which is a common use for custard. it can also be used as a topping or base for desserts like this one, where it is served in a small bowl and topped with whipped cream"
938c91ef3f2cc96,What color is the whipped cream,white,the whipped cream in the picture appears to be white
938c91ef3f2cc96,Where is the bowl placed,on the plate,the bowl appears to be placed on a decorative plate with a floral and geometric pattern
d72be19d8c5e314,What color are the chicken breast cutlets,pale,"the chicken breast cutlets in the image appear to be a light brown color, which is typical for cooked chicken"
d72be19d8c5e314,What type of meat is being served,chicken,"the dish in the picture appears to be a type of chicken dish. the pieces of meat look like they could be chicken breast or chicken thighs, which have been cut into smaller portions and cooked. the presence of mushrooms and what looks like herbs suggests it might be a chicken stir-fry or a similar dish where chicken is cooked with vegetables and herbs"
d72be19d8c5e314,What color are the capers,brown,"the capers in the image appear to be greenish-black, which is typical for fresh capers"
d72be19d8c5e314,Where are the sun-dried tomatoes placed,on top,"the sun-dried tomatoes appear to be scattered throughout the dish, mixed in with the other ingredients such as mushrooms and herbs"
d72be19d8c5e314,What color is the plate,red,the plate in the image is red
f9b928117774fd5,What is the color of the Daiquiri,white,"the daiquiri in the picture appears to be a light, frothy white color. this suggests it might be a classic daiquiri made with rum, sugar, and lime juice, which typically results in a pale, creamy appearance when the ice is blended into the drink"
cc2e00dd885336d,What is the dal doing to the Chakolya pieces,immersing,"the image shows a dish where chakolya (a type of dumpling or stuffed pastry) is being cooked in a yellowish liquid, which appears to be a type of dal (lentil soup). the dal is likely being used as a sauce or broth for the chakolya pieces, soaking them and adding flavor to the dish"
cc2e00dd885336d,What color are the spices in the dish,dark,"the spices in the dish appear to be a light brown or tan color, which is typical for spices like turmeric or saffron, often used in dishes with a yellowish hue"
cc2e00dd885336d,What are the small dark items scattered throughout the dish,spices,"the small dark items scattered throughout the dish appear to be spices or herbs, possibly black pepper or a similar seasoning, which is commonly used in various dishes for flavor enhancement"
cc2e00dd885336d,Where are the Chakolya pieces scattered,across the bowl,"the chakolya pieces appear to be scattered on top of the yellowish liquid in the bowl. they seem to be be floating or partially submerged, suggesting they might have been added as a garnish or ingredient to the dish"
7c96df80891e3e6,What fruit is used in the danish filling,raspberry,the danish in the picture appears to be filled with raspberries. the bright red color and the visible seeds are characteristic of raspberry filling
7c96df80891e3e6,What color is the crust of the pastry,golden-brown,"the crust of the pastry appears to be golden brown in some areas and lighter in others, indicating it has been baked to a crisp texture"
7c96df80891e3e6,Where is the raspberry danish placed,plate,"the raspberry danish is placed on a white plate, which is set on a table with a checkered tablecloth in the background"
7c96df80891e3e6,What color is the raspberry filling,red,"the raspberry filling in the pastry appears to be a deep red color, which is typical for fresh or frozen raspberries used in baking"
7c96df80891e3e6,Where are the pieces of raspberry danish located,on a plate,"the pieces of raspberry danish are located on a white plate, which is placed on a table with a checkered cloth underneath"
f6fd1014d1b13e4,What type of dessert is shown in the image,turkish delight,"the image shows turkish delight, which is a type of sweet candy that is often made with sugar, water, and fruit juice or essence. it is typically flavored with rosewater, orange blossom water, or other aromatic essences and is often coated with powdered sugar. the pieces in the image appear to be cubes, which is a common shape for turkish delight"
f6fd1014d1b13e4,What is covering many of the Turkish Delight pieces,coated,the turkish delight pieces in the picture appear to be covered with a layer of powdered sugar
f6fd1014d1b13e4,What color is the powder coating the Turkish Delight pieces,white,the powder coating the turkish delight pieces appears to be white
f6fd1014d1b13e4,How are the Turkish Delight pieces arranged in the frame,scattered,"the turkish delight pieces are arranged loosely in the frame, with some overlapping and others slightly separated. they appear to be scattered across the surface, creating a somewhat random and natural layout. the arrangement does not follow any specific pattern or order"
f6fd1014d1b13e4,Where are the Turkish Delight pieces placed in the image,across the frame,"the turkish delight pieces appear to be scattered across a surface, possibly a plate or a tray"
00c972776282f93,What type of food is the image showing,dessert,"the image shows a dessert, specifically a strawberry shortcake. it consists of layers of cake, whipped cream, and strawberries, topped with a strawberry sauce or jam. the dessert is served on a white plate with a red napkin underneath"
00c972776282f93,What is the fork doing to the dessert,taking,"the fork appears to be being used to cut into the dessert, which looks like a strawberry shortcake or a similar layered dessert with whipped cream and strawberries topping"
00c972776282f93,What color is the plate under the dessert,white,the plate under the dessert is white
00c972776282f93,Where are the strawberries positioned in the dessert,on top,"the strawberries are positioned on top of the dessert, likely a layered cake or pie, and they appear to be drizzled with a strawberry sauce or glaze"
00c972776282f93,What is the texture of the red sauce on the strawberries,glossy,"the red sauce on the strawberries appears to have a glossy and smooth texture, which suggests it might be a jam or a glaze made from cooked strawberries. it looks thick enough to coat the strawberries evenly but not so thick that it would be difficult to spread or pour over the dessert. the surface seems to have a slight sheenen, indicating it's likely sweet and possibly slightly chunky due to the strawberry pieces within it"
e493d73bc9d382e,What cooking method was used to prepare the dip,baking,"the dip in the image appears to be a baked or oven-baked dish, likely a type of casserole or baked dip. the golden-brown top and the slightly crispy texture suggest that it was baked at a high temperature until the top was browned and the cheese melted. it could be a baked macaroni and cheese, a potato casserole, or another baked dish"
e493d73bc9d382e,What is the predominant color of the dip,yellow,"the predominant color of the dip in the image appears to be yellow, suggesting that it might be a cheese-based dip or a similar type of dish"
e493d73bc9d382e,What is the texture of the cheese in the dip,melted,"the cheese in the dip appears to have a slightly melted and slightly chunky texture, suggesting that it has been baked or heated until it is soft but not fully melted into a smooth consistency"
e493d73bc9d382e,What type of dish is the dip served in,in a clear glass,"the dip appears to be served in a glass baking dish, which is commonly used for baking and serving casseroles or other baked dishes"
543a807478f983f,What is the black bean dip doing in the bowl,filling,"the black bean dip is sitting in a bowl, ready to be served and eaten. it appears to be a smooth, thick consistency, which suggests it might be a type of hummus or a similar dip made from black beans. the bowl also contains some tortilla chips, indicating that this dip is likely meant to be be served with them as a snack or appetizer"
543a807478f983f,What type of dip is shown in the image,bean,"the image shows a bowl of black bean dip, which is often served with tortilla chips as a popular snack or appetizer"
543a807478f983f,What color is the black bean dip,brown-black,"the black bean dip in the picture appears to be a dark brown or almost black color, which is typical for black bean dips due to the natural color of of black beans"
543a807478f983f,Where is the bowl of black bean dip located in the image,in the center-left,"the bowl of black bean dip is located in the center of the image, placed on a surface that appears to be a table or countertop"
adfb72af7a0bd14,What color is the base layer of the Chunky Pizza Dip,white,"the base layer of the chunky pizza dip appears to be white, which is likely a creamy or cheese-based layer"
adfb72af7a0bd14,What type of dish is the Chunky Pizza Dip,pizza,"the chunky pizza dip appears to be a creamy, cheesy dip that mimics the flavors and textures of pizza. it typically includes ingredients such as cream cheese, shredded mozzarella or cheddar cheese, diced pepperoni, and possibly other toppings like green onions or herbs. it's often served with crackers or chips for dipping. the image you provided seems to show a bowl of this dip garnished with additional pepperoni and green onions, which are are common additions to enhance the flavor and appearance"
adfb72af7a0bd14,What color are the pepperoni slices on the Chunky Pizza Dip,red,"the pepperoni slice on the chunky pizza dip appears to be red in color, which is typical for pepperoni"
adfb72af7a0bd14,Where are the toppings scattered on the Chunky Pizza Dip,across the surface,"the toppings, which appear to be pepperoni and possibly some herbs or vegetables, are scattered on top of the chunky pizza dip in the image"
adfb72af7a0bd14,What color are the chives used as garnish on the Chunky Pizza Dip,green,the chives used as garnish on the chunky pizza dip are green
e4ae0db95c78dcd,What color is the top corn dog,golden-brown,"the top corn dog appears to be a golden brown color, which is typical for fried food like corn dogs"
e4ae0db95c78dcd,What type of food is shown in the image,corn dogs,"the image shows what appears to be breaded and fried food items, possibly pretzel sticks or some kind of breaded snack. the golden-brown color suggests they have been fried or baked until crispy. without more context, it's difficult to determine the exact type of food, but it looks like a common appetizer or snack item"
e4ae0db95c78dcd,What color is the sausage inside the second corn dog,reddish-brown,"the sausage inside the second corn dog appears to be a light brown or tan color, which is typical for cooked sausages"
e4ae0db95c78dcd,Where are the corn dogs placed,on a white plate,the corn dogs are placed on a white paper plate
b22014db168d51d,What is the main flavor of the donuts,chocolate,"the donuts in the picture appear to be chocolate-flavored, as they are coated with a chocolate glaze. the presence of heart-shaped sprinkles suggests that these might be intended for a special occasion, possibly valentine's day, which often involves chocolate and pink or red decorations. however, the flavor itself is primarily chocolate"
b22014db168d51d,What type of pastry is shown in the image,donuts,"the image shows chocolate-glazed donuts with colorful sprinkles on top. the sprinkles appear to be heart-shaped, which could suggest that these donuts might be intended for a special occasion like valentine's day or a similar celebration"
b22014db168d51d,What color is the glaze on the donuts,brown,the glaze on the donuts appears to be chocolate brown in color
b22014db168d51d,Where is the partially visible donut located in the image,in the bottom left,the partially visible donut is located at the top right corner of the image
411cfea46839757,What color is the plate,white,the plate in the image is white with a textured pattern around the edge
411cfea46839757,What type of food is shown in the image,pierogi,"the image shows a plate of pierogies, which are a type of dumpling. they appear to be filled with a savory mixture and topped with bacon bits and herbs, possibly parsley or chives. pierogies are typically made from dough that is filled with mashed potatoes, cheese, meat, or vegetables, and then boiled or pan-fried until golden brown. the dish is often served as a main course or appetizer"
411cfea46839757,What color are the pierogi dough pieces,beige,"the pierogi dough pieces in the picture appear to be a light golden-brown color, indicating they have been cooked, likely pan-fried or boiled and then fried"
411cfea46839757,Where are the pierogi dough pieces placed,on plate,"the pierogi dough pieces are placed on a white plate, which is set on a red and white checkered tablecloth"
411cfea46839757,Are the pierogi dough pieces fried,fried,"the image shows pierogi, which are typically boiled and then pan-fried or sauted until they have a golden-brown crust. the pierogi in the picture appear to have a slightly crispy exterior, suggesting that they may have been pan-fried or sauted after boiling. however, without tasting them or having more context, it's not possible to definitively say if they were fried"
69e1e4ce9be4696,What color is the doughnut at the bottom of the stack,brown,"the doughnut at the bottom of the stack appears to be light brown, which suggests it might have been coated with a sugar glaze or possibly a cinnamon-sugar coating, as it has a slightly textured surface that looks like it could be cinnamon"
69e1e4ce9be4696,What type of food is shown in the image,doughnuts,"the image shows a plate of donuts. these appear to be sugar-coated donuts, as they have a light dusting of sugar on their"
69e1e4ce9be4696,What color is the doughnut to the upper-left of the bottom doughnut,yellow,"the doughnut in the upper-left position relative to the bottom doughnut appears to be light brown with a sugary coating, which suggests it might be a cinnamon-sugar coated doughnut"
69e1e4ce9be4696,How are the doughnuts arranged on the plate,stacked,"the doughnuts are arranged in a somewhat overlapping manner on the plate. there are four doughnuts visible, with one at the top center, two stacked slightly to the left and right of it, and another one partially hidden behind them. the arrangement gives a casual and appealing look, as if they were just placed there the plate"
69e1e4ce9be4696,Where is the doughnut at the top positioned,on top of,"the doughnut at the top of the plate is positioned slightly off of the edge, with its side facing the viewer"
4a6f40639aa4853,What type of food is shown in the image,doughnuts,"the image shows a close-up of what appears to be a dessert or snack item. the red, glossy object resembles a strawberry, and it seems to be be coated with a dark chocolate-like substance. surrounding this strawberry are other similar items that also appear to be coated in a dark substance, possibly chocolate, and dusted with powdered sugar. this suggests that these could be chocolate-covered strawberries truffles or some form of chocolate-dipped strawberry dessert"
4a6f40639aa4853,What color is the powdered sugar on the doughnuts,white,the powdered sugar on the doughnuts appears to be white
4a6f40639aa4853,Where is the vibrant red doughnut located,in the center,"the vibrant red doughnut is located in the foreground of the image, slightly to the left and in the center"
83c156078f10e36,What color is the doughnuts' hue,orange-brown,"the doughnuts in the picture have a golden-brown hue, which is typical for donuts that have been fried or baked to achieve a crispy exterior and a soft interior"
83c156078f10e36,What type of food is shown,doughnuts,"the image shows donuts. they appear to be glazed donuts with various toppings, including what looks like sprinkles and possibly nuts or seeds. the donuts are also garnished with a sprig of mint, adding a decorative touch"
83c156078f10e36,What flavor are the doughnuts,maple,"the doughnuts in the picture appear to be glazed with a light-colored icing, which could suggest a vanilla or lemon flavor. given the yellow specks that resemble lemon zest. however, without tasting them or having more information about the ingredients used, it's not possible to definitively determine the exact flavor"
83c156078f10e36,What color are the mint leaves,green,the mint leaves in the image are green
09cff0d234fbcde,What flavor are the doughnuts,vanilla,"the doughnuts in the picture appear to be coconut-flavored. this is suggested by the white, powdery coating on the doughnuts, which resembles desiccated coconut or shredded coconut, a common topping for coconut-flavored pastries and doughnuts"
09cff0d234fbcde,What color is the doughnut in the front,tan,"the doughnut in the front appears to be light brown, which suggests it might be a sugar-coated or possibly a cake doughnut"
09cff0d234fbcde,Where is the doughnut in the front located in the frame,in the front,"the doughnut in the front of the frame is located on the left side and takes up a significant portion of the image, spanning horizontally across the center and vertically from the top to the bottom of the frame"
69bd3096ba5c8f0,What type of food is the dressing used for,salad,"the dressing in the image appears to be a vinaigrette, which is typically used as a salad dressing. the presence of greens and other vegetables on the plate suggests that the dressing is intended to complement a salad"
69bd3096ba5c8f0,What is the quality of the salad dressing described as,best,"the image shows a bottle of salad dressing placed next to a plate of salad. the quality of the salad dressing cannot be determined from the image alone, as it requires tasting or sensory evaluation. however, based on its appearance, the dressing seems to have a light yellow color and a smooth texture, which could suggest that it might be a vinaigrette or a creamy dressing. it's important to note that the quality of a dressing can also depend on the ingredients used, the method of preparation, and the freshness of the ingredients"
69bd3096ba5c8f0,What color is the bottom portion of the dressing,brownish,"the bottom portion of the dressing appears to be a light yellow or pale green color, which suggests it might be a vinaigrette or a similar type of salad dressing"
69bd3096ba5c8f0,What color are the small particles in the dressing,black,"the small particles in the dressing appear to be black, which suggests they could be black pepper"
69bd3096ba5c8f0,Where is the glass carafe located in the image,in the lower-left corner,"the glass carafe is located on the left side of the image, placed on a surface that appears to be a wooden table"
e06318f6d8379da,What color is the salad dressing,orange,"the salad dressing in the picture appears to be a light orange or yellowish color, which suggests it might be a creamy or vinaigrette-style dressing"
e06318f6d8379da,What type of dish is shown in the image,salad,"the image shows a salad with various ingredients. it appears to include shredded lettuce, croutons, and what looks like pieces of fried or grilled meat. there is also a creamy dressing that seems to be have been drizzled over the salad. the dish is served in a clear glass container, which is often used for takeout or to keep food fresh"
e06318f6d8379da,How is the salad dressing applied to the salad,drizzled,"the salad dressing in the image appears to be applied generously over the salad, covering most of the ingredients. it looks like it might be a creamy or thick dressing, possibly a ranch or caesar type, given its consistency and color. the dressing seems to have been poured directly onto the salad, allowing it to mix with the ingredients as it sits"
e06318f6d8379da,Where is the salad dressing mostly concentrated,top of the salad,"the salad dressing in the image appears to be mostly concentrated on the left side of the container. near
 !***"
e06318f6d8379da,What is one of the main ingredients in the salad,lettuce,"one of the main ingredients in the salad appears to be shredded lettuce, which is visible at the bottom of the container"
fef5d8957367c9c,What color is the bowl,white,the bowl in the picture is white
fef5d8957367c9c,What is the wasabi salad dressing served in,bowl,the wasabi salad dressing is served in a small white bowl
fef5d8957367c9c,What color is the wasabi salad dressing,brown,"the wasabi salad dressing in the image appears to be a vibrant green color, which is characteristic of wasabi paste or wasabi sauce"
fef5d8957367c9c,What is the main ingredient in the salad dressing,wasabi,"the image shows a salad with a bowl of dressing on the side. however, the specific of the dressing's the ingredients are not clearly visible or identifiable from the image alone. the dressing appears to be a red sauce, which could suggest it might be a tomato-based dressing such as a vinaigrette, salsa, or a similar type of sauce. however, without more information or a closer look at the dressing itself, it's difficult to determine the exact ingredients"
fef5d8957367c9c,Where is the white bowl positioned in the image,towards the upper-right,"the white bowl is positioned on the right side of the image, containing what appears to be a red sauce or dressing"
6dc09e0f572307d,What color is the Dorothy Lynch Style Salad Dressing,orange-red,"the dorothy lynch style salad dressing in the image appears to be a vibrant orange color, suggesting it might be a tomato-based dressing"
6dc09e0f572307d,What does the Dorothy Lynch Style Salad Dressing do to the pitcher,fills,"the image shows a pitcher filled with a vibrant orange-colored liquid, which appears to be a dressing or sauce. the label on the pitcher indicates that it is ""dorothy lynch style salad dressing."" this dressing is likely designed to enhance the flavor of salads by adding a tangy and flavorful component. 

the image"
6dc09e0f572307d,What is the container for the Dorothy Lynch Style Salad Dressing,pitcher,"the container in the image appears to be a glass pitcher, which is commonly used for serving and storing salad dressings like dorothy lynch style salad dressinging. the dressing itself looks like it could be a tomato-based vinaigrette, given its color and consistency"
6dc09e0f572307d,What color is the surface under the pitcher,white,the surface under the pitcher appears to be white
6dc09e0f572307d,Where are the green leaves located relative to the pitcher,to the bottom left,the green leaves are located to the left of the pitcher in the image
2c45c0f2dbad7eb,What color is the bottom layer of the dressing,yellow,"the bottom layer of the dressing appears to be a light yellow or beige color, which could suggest it contains ingredients like mayonnaise, mustard, or other similar components"
2c45c0f2dbad7eb,What type of container is the dressing stored in,jar,"the dressing appears to be stored in a glass jar. the container has a wide mouth, which is typical for dressing bottles or jars, allowing for easy pouring and access to the contents"
2c45c0f2dbad7eb,What is the texture of the bottom layer of the dressing,creamy,"the bottom layer of the dressing in the image appears to have a thicker, more viscous texture compared to the top layer. it looks like it might contain some solid ingredients or particles that have settled at the bottom, giving it a chunkier appearance. this could be due to the presence of seeds, nuts, or other ingredients that are not fully emulsified with the liquid above"
2c45c0f2dbad7eb,What color is the top layer of the dressing,greenish,"the top layer of the dressing appears to be a light yellow or beige color, which suggests it might be a vinaigrette or a similar type of dressing that includes oil and vinegar"
2c45c0f2dbad7eb,Where is the jar of dressing placed,on a red surface,"the jar of dressing appears to be placed on a red surface, which could be a cutting board or a similar kitchen tool"
5d5b67e2f56a8dc,What is the texture of the drumsticks' skin,crispy,"the drumsticks in the image appear to have a crispy, golden-brown skin, which suggests they were likely roasted or grilled. the texture looks dry and slightly rough, typical of skin that has been cooked to achieve a crunchy exterior while maintaining some juiciness inside"
5d5b67e2f56a8dc,What part of the chicken is shown in the image,drumsticks,"the image shows a roasted chicken leg, which includes the thigh and drumstick sections of the chicken"
5d5b67e2f56a8dc,What color is the plate,white,the plate in the picture is white
5d5b67e2f56a8dc,What color is the checkered cloth in the background,blue,the checkered cloth in the background appears to be blue and white
5d5b67e2f56a8dc,Where are the drumsticks placed,on a plate,"the drumsticks are placed on a white rectangular plate, garnished with fresh parsley. the plate is set on a table covered with a blue and white checkered tablecloth"
5d7534e55a162f9,What is the purpose of the plate in the image,decorative,"the plate in the image appears to be used for serving food, specifically what looks like roasted or grilled lamb chops garnished with herbs. the plate's design and presentation suggest it is meant to enhance the visual appeal of the dish, making it more appetizing before being served to someone"
5d7534e55a162f9,What type of meat is shown in the image,drumsticks,"the image shows roasted lamb chops. the meat appears to be seasoned and cooked, with a bone-in structure typical of lamb chops. the garnish of fresh herbs, likely rosemary or thyme, complements the dish"
5d7534e55a162f9,What color is the drumstick on the left,pinkish-tan,"the drumstick on the left appears to be a light brown or beige color, which is typical for cooked poultry like chicken or turkey"
5d7534e55a162f9,Where is the first drumstick positioned,on the left,"the drumstick is positioned on the left side of the plate, extending diagonally towards the bottom right corner of the image"
5d7534e55a162f9,What color are the sage leaves,green,the sage leaves in the image appear to be green
64323bbbf31a300,What color is the duck,pink,"the duck in the picture appears to be pinkish-red, which is typical for cooked duck meat. the skin of of the duck looks golden-brown, indicating it has been roasted or baked"
64323bbbf31a300,What type of meat is shown,duck,"the image shows slices of what appears to be roast beef or a similar type of cooked meat, possibly served with a side dish that looks like a stuffing or a hash mixture"
64323bbbf31a300,How is the duck prepared,sliced,"the duck in the image appears to be roasted or baked, as indicated by the golden-brown skin and the presence of a stuffing mixture on top. it looks like it has been seasoned with herbs and spices, which is common for roasted duck dishes. the stuffing seems to contain ingredients such as bread crumbs, herbs, and possibly vegetables, which are are typical for a traditional roast duck preparation"
64323bbbf31a300,What color is the apple dressing,yellow,"the apple dressing in the image appears to be a light brown or golden color, which suggests it might contain ingredients like apples, possibly mixed with other elements such as nuts, spices, and possibly some type of dressing or sauce"
64323bbbf31a300,Where is the small ball of dressing located,to the left,"the small ball of dressing appears to be located in the top left corner of the plate, separate from the main dish"
ab19ecd247fdabc,What is the name of the dish in the center of the plate,duck adobo,"the dish in the center of the plate appears to be a type of stew or braised meat, possibly with a sauce. it could be a variety of dishes such as a beef stew, pork stew, or a similar type of dish. the exact name would depend on the specific ingredients and preparation method used"
ab19ecd247fdabc,What is the glossy sauce doing to the rice,covering,"the glossy sauce appears to be coating the rice, giving it a shiny and moist appearance. this suggests that the sauce might be a type of gravy or a thickened sauce that has been poured over the rice, possibly to add flavor and moisture. it could also be a type of sauce like soy sauce or a similar condiment that has been used to enhance the taste of the dish. the sauce seems to have been applied generously, ensuring that each grain of rice is coated, which can make the dish more flavorful and visually appealing"
ab19ecd247fdabc,What color is the rice under the Duck Adobo,white,the rice under the duck adobo appears to be white
ab19ecd247fdabc,How does the sauce on the Duck Adobo appear,glossy,"the sauce on the duck adobo appears to be a dark, rich, and glossy sauce, which is characteristic of adobo. a traditional filipino dish. the sauce looks thick and possibly contains ingredients like soy sauce, vinegar, garlic, and spices, which are common in adobo recipes. it seems to be be evenly distributed over the duck pieces, suggesting it has been cooked into the meat, giving it a tender texture and flavor. the sauce also appears to have a slight sheenen, indicating that it's well-cooked and likely has a good balance of flavors"
ab19ecd247fdabc,Where is the Duck Adobo located on the plate,in the center,"the duck adobo is located in the center of the plate, surrounded by other dishes. it appears to be a dark-colored dish with a sauce, likely the adobo sauce that is characteristic of this filipino dish"
08ca42fdeb64a9b,What color is the skin of the roasted duck,brown,"the skin of the roasted duck appears to be a golden brown color, which is typical for roasted poultry"
08ca42fdeb64a9b,What type of meat is being served,duck,"the image shows roasted chicken. the meat appears to be cooked and sliced, with some pieces still in their skin, which is typical for roasted chicken. the garnish of rosemary adds a fresh touch to the presentation"
08ca42fdeb64a9b,How would you describe the texture of the duck skin,crispy,"the duck skin in the image appears to have a crispy, golden-brown texture. this is typical for roasted or baked duck, where the skin is often seasoned and cooked until it becomes crackling and slightly crispy on the outside while remaining moist and tender inside. the skin's the image looks well-rendered, which suggests that it has been cooked at a high temperature to achieve this desirable texture"
08ca42fdeb64a9b,What color are the rosemary leaves,green,the rosemary leaves in the picture are green
08ca42fdeb64a9b,Where is the roasted duck presented,on an oval platter,"the roasted duck in the image is presented on a white oval platter, garnished with fresh rosemary sprigs. the platter is placed on a vibrant pink surface, which adds a pop of of color to the presentation"
e0039d104925b12,What color are the dumplings,golden-brown,"the dumplings in the picture appear to be a golden brown color, which is typical for fried or baked dumplings that have been cooked until they achieve a crispy exterior"
e0039d104925b12,What type of food is shown in the image,dumplings,"the image shows slices of bread that appear to be freshly baked and possibly glazed or buttered, as they have a shiny, golden-brown surface. the bread looks like it could be a type of sweet bread, such as cinnamon bread or a similar dessert bread, given its appearance"
e0039d104925b12,What material is the baking pan made of,metal,"the baking pan in the image appears to be made of metal, likely stainless steel or aluminum, which are common materials for baking pans due to their durability and ease of cleaning"
e0039d104925b12,Where are the dumplings arranged,in a metal baking pan,the dumplings appear to be arranged in a single layer inside a rectangular baking dish
e0039d104925b12,What color is the syrupy liquid,amber,"the syrupy liquid in the image appears to be a golden-brown color, which suggests it might be a caramel or maple syrup"
703a17269805495,What color is the yolk of the foremost egg slice,yellow,"the yolk of the foremost egg slice appears to be a bright yellow color, which is typical for a cooked egg yolk"
703a17269805495,What is the main ingredient of the slices,egg,"the main ingredient in the slices appears to be a baked or fried egg, as indicated by the yellow yolk and white protein"
703a17269805495,Where are the small brown and red flecks located,sprinkled on,"the small brown and red flecks appear to be located on the surface of the food items in the image. they could be spices, herbs, or possibly some type of seasoning added for flavor. without more context, it's difficult to determine exactly what they are, but they are likely part of the preparation or garnish of the dish"
703a17269805495,What color is the white ring around the yolk,white,"the white ring around the yolk in the image appears to be a light yellow or offangered color, which is typical for a soft-boileded egg"
703a17269805495,What is the appearance of the white ring around the yolk,translucent,"the image shows what appears to be a fried egg with a white ring around the yolk. the white ring is likely the result of the egg being cooked in a way that separates the white from the yolk, possibly by using a technique such as a ""sunny-side-up"" or a ""french fry"" style cooking method where the egg is cooked on one side and then flipped over to cook the other side without fully setting the white. this creates a ring-like appearance around the yolk"
c8a87f40f3b57c4,What color is the outer layer of the Scotch eggs,golden-brown,"the outer layer of the scotch eggs appears to be a golden-brown color, indicating it has been breaded and fried"
c8a87f40f3b57c4,What is inside the sausage meat layer of the Scotch eggs,eggs,"the sausage meat layer of the scotch eggs contains a hard-boiled egg in the center. the egg is typically cooked until it is firm but not overcooked, and it is encased in a layer of sausage meat that has been breaded and fried or baked to create a crispy exterior. this combination of the soft, runny yolk of the egg and the crunchy exterior of the sausage meat is what makes scotch eggs a popular dish"
c8a87f40f3b57c4,What color is the outer layer of the hard-boiled egg,white,"the outer layer of the hard-boiled egg in the picture appears to be a golden-brown color, which suggests it has been coated and baked or fried, giving it a crispy texture. this is typical for scotch eggs, where the egg is encased in a meat mixture (often sausage) and then coated with breadcrumbs before being cooked"
c8a87f40f3b57c4,Where are the Scotch eggs placed,on a plate,"the scotch eggs are placed on a white rectangular plate. the plate is set on a textured surface, possibly a tablecloth or placemat. there is a small bowl of what appears to be a creamy sauce and a garnish of fresh parsley next to the scotch eggs. additionally, there is a small potted plant in the background, adding a decorative touch to the presentation"
c8a87f40f3b57c4,What color is the yolk of the hard-boiled egg,yellow,the yolk of the hard-boiled egg in the picture appears to be a bright yellow color
e7b97785c0393ba,What color is the surface of the French toast,golden-brown,"the surface of the french toast appears to be golden brown, which is typical for french toast that has been cooked until it is crispy and slightly toasted"
e7b97785c0393ba,What type of French toast is shown in the image,eggnog,"the image shows a plate of french toast that appears to be made with a thick slice of bread, likely a brioche or sourdough, which is common for french toast due to its soft texture and ability to absorb the egg mixture well. the french toast is golden brown on the outside, indicating it has been cooked until crispy on the outside while remaining soft on the inside. it is served with a drizzle of syrup, which is a classic accompaniment to french toast. there is also a glass of orange juice in the background, suggesting this is a breakfast setting"
e7b97785c0393ba,What color is the surface the plate is on,white,the plate is on a white surface
e7b97785c0393ba,Where is the white powder located,on top,"the white powder in the image appears to be powdered sugar, which is commonly used as a topping for french toast. it is sprinkled over the french toast on the plate"
e7b97785c0393ba,What is pooled around the base of the French toast,syrup,the pool of liquid around the base of the french toast appears to be syrup
a61dbb321d47ac1,What shape are the eggplant balls,round,"the eggplant balls in the image appear to be round or slightly oblong, similar to the shape of a meatball"
a61dbb321d47ac1,What type of vegetable are the balls made of,eggplant,"the image shows spaghetti with meatballs, which are typically made from ground beef or pork, sometimes mixed with other ingredients like breadcrumbs, eggs, and seasoningsings. there is no visible indication in the image that the meatballs are made from vegetables"
a61dbb321d47ac1,What color is the cheese sprinkled on the eggplant balls,white,"the cheese sprinkled on the eggplant balls appears to be a light green or yellowish-green color, which is likely a type of herb-infused cheese such as basil pesto or a similar herb-based cheese blend"
a61dbb321d47ac1,Where is one of the eggplant balls located in the image,in the top-center,"one of the eggplant balls is located on the right side of the spaghetti dish, near the top right corner of the image"
ee13d5a702f7c8f,What vegetable is used to make the rollatini,eggplant,"the image shows a plate of of rollatini, which is a dish typically made with a variety of vegetables wrapped in meat and then baked or sauted.
 addcriterion

 addcriterion

 addcriterion

 addcriterion

 addcriterion

 addcriterion

 addcriterion

 addcriterion

 addcriterion

 addcriterion

 addcriterion

 addcriterion

 addcriterion

 addcriterion

 addcriterion

 addcriterion

 addcriterion

 addcriterion

 addcriterion

 addcriterion

 addcriterion

 addcriterion

 addcriterion

 addcriterion"
ee13d5a702f7c8f,What color is the tomato sauce,red,"the tomato sauce in the image appears to be a vibrant red color, which is typical for a traditional tomato-based sauce used in dishes like spaghetti and meatballs"
ee13d5a702f7c8f,Where is the tomato sauce located,on top of,"the tomato sauce is located on the spaghetti, which is underneath the meatballs in the image. it appears to be spread over the noodles and around the meatballs, adding flavor and moisture to the dish"
21a17e4674852b9,What color is the top empanada,golden-brown,"the top empanada in the image appears to be a light golden brown color, which is typical for baked or fried empanadas"
21a17e4674852b9,What type of food is shown in the image,empanada,"the image shows empanadas, which are a type of pastry turnover typically filled with meat, cheese, vegetables, or other ingredients. they are often baked or fried and are popular in many latin american cuisines"
21a17e4674852b9,What color is the plate or napkin,white,"the image shows a plate or napkin that appears to be white with a subtle pattern, possibly floral or decorative"
21a17e4674852b9,Where is the empanada on the right edge placed,on a patterned napkin,"the empanada on the right edge appears to be placed on a surface that looks like it could be a plate or a piece of cloth, possibly with a floral pattern. it's positioned slightly off the edge of the frame, suggesting it might be partially outside the area being captured in this image"
ad588d1b60cf200,What is the texture of the enchiladas,creamy,"the image shows a dish that appears to be a baked enchilada casserole, which typically has a creamy and slightly moist texture due to the cheese and sauce used in its preparation. the top layer seems to have a slightly crispy texture from the melted cheese and possibly some breadcrumbs or a crunchy topping like chopped nuts or tortilla strips. the bottom layer would likely be soft and tender, with the tortillas absorbing the flavors of the sauce and cheese"
ad588d1b60cf200,What color are the enchiladas,yellow,"the enchiladas in the picture appear to be a golden yellow color, which is typical for enchiladas that have been baked and covered with cheese"
ad588d1b60cf200,Where are the diced tomatoes located,scattered across,"the diced tomatoes are located on top of the dish, sprinkled over the surface. they appear to be garnishing the casserole or baked dish, adding a pop of of color and likely a fresh, tangy flavor to complement the other ingredients"
ad588d1b60cf200,What color are the diced tomatoes,red,the diced tomatoes in the image appear to be red
ad588d1b60cf200,Where does the reddish sauce appear,peeks,"the reddish sauce appears to be on top of the dish, likely as a garnish or topping. it is sprinkled over what looks like a baked casserole or similar dish. the reddish sauce could be a type of salsa, pico de gallo, or another kind of tomato-based topping commonly used in mexican-inspired dishes"
88b5d3061ab9e04,What color is the majority of the popcorn,white,"the majority of the popcorn in the image appears to be white, which is typical for popcorn that has been popped and not colored or flavored with any other ingredients"
88b5d3061ab9e04,What type of food is shown in the image,popcorn,"the image shows popcorn. it appears to be freshly popped popcorn, possibly from a movie theater or a similar setting, as indicated by the partially visible ""cinema"" text on the container"
88b5d3061ab9e04,Is the popcorn spilling out of the container,spilling out,"yes, the popcorn is spilling out of the container. the popcorn appears to be overflowing from the top and sides of the container, indicating that it has been poured or tipped over"
88b5d3061ab9e04,What color are some of the darker popcorn pieces,brown,the the darker popcorn pieces in the image appear to be a mix of light brown and dark brown colors
88b5d3061ab9e04,Is the popcorn cup tilted to one side,tilted,"yes, the popcorn cup is tilted to one side, causing the popcorn to spill out of it"
6f5bf99a67539bb,What color is some of the popcorn,red,"the popcorn in the picture appears to be colored with food coloring. some of the popcorn is red, and some is green. the popcorn itself is white, but it has been dyed with these colors"
6f5bf99a67539bb,What type of food is shown in the image,popcorn,"the image shows popcorn that has been colored with food coloring to create a mix of red, green, and white pieces"
6f5bf99a67539bb,What flavor does the popcorn suggest,peppermint,"the popcorn in the picture appears to be a mix of red and green colors, which suggests it might be flavored with candy or a similar sweet topping. however, without tasting it or having more context, it's not possible to definitively determine the exact flavor. it could be a variety like ""candy corn"" or ""christmas mix,"" which often include red, white, and green popcorn kernels"
6f5bf99a67539bb,What is the bowl made of,glass,"the bowl in the picture appears to be made of glass. this can be inferred from its transparency and the way it reflects light, which is characteristic of glassware. however, without being able to touch or feel the material, this is an educated guess based on visual cues"
6f5bf99a67539bb,Where is the popcorn located,in a bowl,"the popcorn is located in a bowl, which appears to be placed on a flat surface, possibly a table or countertop"
4209d484eabbd49,What color is the bowl,blue,the bowl in the picture is blue with a white interior
4209d484eabbd49,What is the popcorn served in,bowl,the popcorn is served in a blue bowl with a white interior
4209d484eabbd49,What is the primary color of the popcorn,white,"the primary color of the popcorn in the image is white, with some brown specks that appear to be seasoning or flavoring"
9fa6ee09dafbefd,What type of diet do these jalapeño poppers cater to,keto,"the jalapeño poppers in the image appear to be wrapped in bacon, which is typically high in saturated fat and cholesterol. this suggests that they may not cater to a low-fat or low-cholesterol diet. however, if you're looking at them from a broader perspective, they could fit into various dietary approaches depending on how they are prepared:

1. **low-carb diet**: if the bacon is the primary source of fat and protein, and the jalapeños are low-carb, they could fit into a low-carb diet.
2. **paleo diet**: bacon-wrapped jalapeño poppers align"
9fa6ee09dafbefd,What are the jalapeño poppers called,poppers,"the food items in the image appear to be jalapeño poppers, which are stuffed jalapeños typically wrapped in bacon and then fried or baked until crispy. the bacon wrapping is clearly visible around each jalapeño"
9fa6ee09dafbefd,What color are the jalapeños,green,the jalapeños in the image appear to be green
9fa6ee09dafbefd,What color is the filling inside the jalapeño poppers,white,"the filling inside the jalapeño poppers appears to be a light brown or beige color, which suggests it could be a mixture of cream cheese and other ingredients like onions, garlic, and possibly herbs"
9fa6ee09dafbefd,Where are the jalapeño poppers placed,on a black metal rack,"the jalapeño poppers appear to be placed inside an air fryer basket. the basket is designed to hold food items securely during the cooking process, allowing for even and consistent air circulation around the food"
f10fc233eb96b8e,What color is the bowl holding the poppers,gray,the bowl holding the poppers is black
f10fc233eb96b8e,What type of food is shown in the image,poppers,"the image shows a plate of food that appears to be halloween-themed. the food items resemble small, round pastries or rolls that have been decorated with what looks like icing or frosting to resemble pumpkins. these decorations include orange frosting and black details that mimic the stem and seeds of a pumpkin. the overall presentation suggests these are festive treats, likely made for a halloween celebration"
f10fc233eb96b8e,How are the poppers presented,wrapped,"the poppers in the image are presented in a bowl, which is placed on a wooden surface. the poppers themselves appear to be wrapped in a decorative material that resembles spider webs and have small, dark eyes and mouths drawn or attached to them, giving them a spooky appearance suitable for halloween. there are also small pumpkins scattered around the bowl, enhancing the festive theme"
f10fc233eb96b8e,What color are the stems of some jalapenos,green,the stems of some of the jalapeños in the image appear to be green
5870b784e4b8bbc,What color are the jalapeños,green,the jalapeños in the image appear to be green
5870b784e4b8bbc,What type of pepper is used in the poppers,jalapeño,"the image shows what appears to be jalapeño poppers, which are a popular appetizer. these poppers typically consist of a stuffed jalapeño pepper that has been wrapped in bacon and baked or fried until crispy. the filling usually includes a mixture of cream cheese, shredded cheese, and sometimes other ingredients like onions, garlic, or herbs. the outer layer is the bacon, which gives it its characteristic crispy texture"
5870b784e4b8bbc,What is wrapped around the jalapeños,bacon,"the jalapeños in the picture appear to be wrapped in bacon. this is a common preparation method for jalapeño poppers, where the jalapeños are stuffed with a mixture of cream cheese and other ingredients, then wrapped in strips of bacon before being baked or fried until crispy"
5870b784e4b8bbc,Where are the jalapeño poppers placed,on a white plate,"the jalapeño poppers appear to be placed on a white plate. the plate is positioned on what looks like a wooden surface, possibly a table or countertop"
5870b784e4b8bbc,How does the bacon appear,crisp,"the bacon in the image appears to be cooked and slightly crispy on the edges, with a pinkish-red color indicating that it is not fully cooked or possibly still a bit raw in some areas. it is wrapped around what looks like a piece of meat, which could be chicken or another type of protein. the bacon seems to have been cooked to a point where it has curled up slightly at the edges, which is typical when it's cooked at a high temperature. the overall appearance suggests it might be part of a breakfast or brunch dish"
964fde4c4f698ab,What color are the jalapeño poppers,green,"the jalapeño poppers in the picture appear to be green, which is the natural color of a jalapeño pepper"
964fde4c4f698ab,What type of food is shown in the image,poppers,"the image shows stuffed jalapeño peppers. these are typically filled with a mixture that can include ingredients such as cheese, cream cheese, onions, and other seasoningsings, then baked or broiled until the cheese melts and the peppers are slightly charredd. they are often served as an appetizer or snack"
964fde4c4f698ab,What is the filling inside the jalapeño poppers,cream cheese,"the jalapeño poppers in the image appear to be stuffed with a mixture that includes cheese and possibly some type of cream or sauce, which could be a combination of cream cheese, sour cream, or mayonnaise. topped with shredded cheese and possibly a sprinkle of paprika for color. the exact ingredients can vary depending on personal preference and recipe variations"
964fde4c4f698ab,What color is the shredded cheese on top of the cream cheese,orange,"the shredded cheese on top of the cream cheese appears to be a combination of white and orange, suggesting it might be a blend of cheddar and possibly some other colored cheese like smoked gouda or a similar variety"
0d41621d7097dac,What color are the butternut squash chunks,white,"the butternut squash chunks in the image appear to be a light orange or yellowish-orange color, which is typical for cooked butternut squash"
0d41621d7097dac,What type of meat is mixed with the posole,chicken,"the image shows a bowl of posole, which is a traditional mexican stew. the specific meat typically used in posole is chicken, but it can also include pork or turkey. in this particular image, it appears that the meat is chicken, as it has a light color and texture consistent with cooked chicken"
0d41621d7097dac,What color are the butternut squash chunks,orange,"the butternut squash chunks in the image appear to be a light orange or yellowish-orange color, which is typical for cooked butternut squash"
0d41621d7097dac,Where are the parsley leaves and shredded cheese placed,on top,"the parsley leaves and shredded cheese are placed on top of the soup in the bowl. the parsley is finely-cut, adding a fresh green garnish, while the shredded cheese appears to be a light-colored, possibly parmesan or mozzarella, sprinkled over the dish for added flavor and texture"
0d41621d7097dac,What color is the tortilla,brown,"the tortilla in the image appears to be a light brown or beige color, which is typical for a corn tortilla"
168e13ac82b3814,What color are the mashed potatoes,light,"the mashed potatoes in the picture appear to be white, which is typical for mashed potatoes that have not been dyed or colored with any ingredients other than natural potato pigments"
168e13ac82b3814,What is the main ingredient in the dish,potatoes,"the main ingredient in the dish appears to be mashed potatoes, as they form the base of the dish. it also contains what looks like pieces of cooked meat, possibly sausage or ham, and some garnished with a sprig of parsley for presentation"
168e13ac82b3814,What color is the bowl,black,the bowl in the picture appears to be black
168e13ac82b3814,Where is the green leaf located,at the center,"the green leaf is located on top of the dish, placed as a garnish"
b99d79351a4c043,What is the main ingredient in the dish,potatoes,"the main ingredient in the dish appears to be chicken, which has been coated in a glossy, reddish-brown sauce, likely a sweet and savory glaze. this type of dish could be a variation of korean-style fried chicken or a similar preparation where chicken is marinated and then cooked with a sweet and spicy sauce. the presence of sesame seeds on top suggests that it might also have a nutty flavor component"
b99d79351a4c043,What color are the potatoes,brown,"the potatoes in the image appear to be a golden brown color, which is typical for roasted or fried potatoes"
b99d79351a4c043,What color is the sauce coating the potatoes,reddish-brown,"the sauce coating the potatoes appears to be a reddish-brown color, suggesting it might be a type of barbecue sauce or a similar savory sauce"
b99d79351a4c043,What is the texture of the sauce on the potatoes,coated,"the sauce on the potatoes appears to have a glossy and slightly chunky texture, suggesting it might be a thickenedened sauce with some visible pieces or chunks, possibly from ingredients like vegetables or spices that were cooked into the sauce"
b99d79351a4c043,Where are the potatoes placed,on the plate,"the potatoes in the image appear to be placed on a plate with a floral pattern. they seem to be be part of a dish that includes some type of sauce or glaze, possibly a sweet and savory sauce given the color and texture. the potatoes are garnished with sesame seeds"
9f45ef995126187,What color are the air fryer breakfast potatoes,yellow,"the air fryer breakfast potatoes in the picture appear to be golden brown, which is typical for air-fried or pan-fried potatoes"
9f45ef995126187,What type of food are the air fryer breakfast potatoes,potatoes,"the image shows a plate with what appears to be air-fried breakfast potatoes, also known as ""hash browns."" these are are typically made by slicing potatoes into thin strips and then frying them until crispy on the outside and soft on the inside. in this case, it looks like they have been air-fried, which is a healthier alternative to deep-fryinging. the potatoes are are served alongside what seems to be sausage links and a fried egg, which are common components of a breakfast meal"
9f45ef995126187,How are the edges of the air fryer breakfast potatoes described,crispy,"the the edges of the air fryer breakfast potatoes appear to be golden brown and crispy, indicating they they were cooked at a high temperature until they reached the desired level of crispiness"
9f45ef995126187,What utensil is placed on the left of the air fryer breakfast potatoes,fork,the utensil placed on the left side of the air fryer breakfast potatoes appears to be a fork
9f45ef995126187,Where is the fork placed in relation to the air fryer breakfast potatoes,on the left,"the fork is placed on the left side of the plate, next to the air fryer breakfast potatoes"
96e156d64e6fb9f,What type of seasoning is used on the potatoes,spiced,"the potatoes in the image appear to be seasoned with black pepper and possibly some salt, as well as possibly some other spices like paprika or garlic powder, which are common seasoningsings for roasted potatoes. however, without tasting or having more information, it's difficult to definitively identify all the specific used"
96e156d64e6fb9f,What is the main ingredient in the dish,potatoes,"the main ingredient in the dish appears to be diced potatoes that have been roasted or baked, as indicated by their golden-brown color and the presence of seasoning on them"
96e156d64e6fb9f,What color are the potatoes,yellowish-tan,"the potatoes in the picture appear to be golden brown, which is typical for roasted or baked potatoes that have been seasoned and cooked until they achieve a crispy exterior"
96e156d64e6fb9f,Where are the potatoes located in the image,across the entire image,"the potatoes appear to be located on a baking sheet or tray, which is likely placed on a surface such as a countertop or stove"
96e156d64e6fb9f,What color are some of the potato pieces due to the spices,brown,"the potato pieces in the image appear to have a darker, almost brownish hue on some of their surfaces. this is likely due to the spices that have been applied to them, which could include seasoningsings like paprika, cumin, or other spices commonly used for roasting potatoes. the spices have been baked into the surface of the potatoes, giving them a slightly darker appearance"
2b756defc8abb5d,What type of vegetable is shown in the image,potato,"the image shows roasted potatoes garnished with herbs and possibly grated cheese, which could be parmesan or another similar type of cheese. the potatoes appear to be seasoned and baked, giving them a crispy exterior and a soft interior"
2b756defc8abb5d,What color are the potato wedges,yellow,"the potato wedges in the picture appear to be golden brown, which is typical for roasted or baked potato wedges"
2b756defc8abb5d,How are the parsley leaves arranged in the dish,scattered,"the parsley leaves are scattered over the top of the roasted potatoes, adding a fresh and vibrant green color to the dish"
2b756defc8abb5d,What cooking method gives the potato wedges a deeper brown color,roasting,"the potato wedges in the image appear to have a deep, golden-brown color, which suggests they were likely roasted or baked. roasting and baking are common methods that can achieve this color due to the maillard reaction, where sugars and amino acids in the potato break down and caramcure during high-heat cooking, creating a rich, caramelized flavor and a darker color.

if the potatoes were fried, they would typically be a lighter golden color with a crispier texture, as frying is done at a much higher temperature than roasting or baking. however, if the potatoes were fried and then roasted or baked afterward,"
2b756defc8abb5d,Where are the potato wedges located,in the dish,"the potato wedges are located on a wooden surface, likely a cutting board or a serving platter"
27c2a182df0a9c5,What color is the crust of the potato on the left,brown,"the crust of the potato on the left appears to be a golden brown color, which is typical for roasted or baked potatoes"
27c2a182df0a9c5,What is the main ingredient in the dish,potatoes,"the main ingredient in the dish appears to be roasted potatoes, as they are the central focus of the image"
27c2a182df0a9c5,What color are the herbs on top of the potatoes,green,"the herbs on top of the potatoes appear to be green, likely chopped chives or scallions greens"
27c2a182df0a9c5,Where are the green herbs located,on top,"the green herbs, which appear to be chopped scallions or chives, are sprinkled on top of the baked potatoes in the image"
27c2a182df0a9c5,What pattern is visible on the backdrop,checkered,"the backdrop in the image features a red and white checkered pattern, which is commonly associated with tablecloths or napkins often used in dining settings"
594dddaf6053392,What color is the base of the pralines,light brown,"the base of the praline appears to be a light brown or tan color, which is typical for pralalines made with pecans and sugar"
594dddaf6053392,What type of food is scattered on the plate,pralines,"the food scattered on the plate appears to be pecan pral
 addcriterion

 addcriterion
"
594dddaf6053392,What color are the pecans on top of the pralines,reddish-brown,"the pecans on top of the pralline appear to be a mix of light and dark brown, indicating they they have been roasted or toasted"
594dddaf6053392,Where are the pralines placed,on a plate,"the prallins (a misspelling of ""pralines"") are placed on a decorative plate with a blue and white striped pattern. the plate is set on what appears to be a marble surface, suggesting it's likely in a kitchen or dining area"
594dddaf6053392,Is the small portion of the praline at the top right corner visible,visible,"yes, there is a small portion of what appears to be a praline visible in the top right corner of the image"
f752fd3ed5939df,What color is the plate,white,the plate in the image is white
f752fd3ed5939df,What type of seafood is shown in the image,prawns,"the image shows shrimp that appear to be baked or fried, possibly with a herb crust, and served on a plate with a small bowl of dipping sauce"
f752fd3ed5939df,What color are the prawn tails,orange-brown,"the prawn tails in the picture appear to be a mix of orange and pink, which is typical for cooked prawns"
f752fd3ed5939df,Where are the prawns placed,on a plate,"the prawns are placed on a rectangular white plate. the plate is set on what appears to be a dark, textured surface, possibly a placemat or tablecloth"
d1e6cc204da0a91,What is the base color of the pudding,beige,"the base color of the pudding appears to be a light, creamy white or off a pale yellow, which is typical for many types of puddings, such as rice pudding or tapioca pudding"
d1e6cc204da0a91,What is the name of the dessert in the image,pudding,"the dessert in the image appears to be a type of crème brûlée or a similar custard-based dessert. the top layer looks like it has been caramelizedzed, which is a common topping for desserts like crème brûlée"
d1e6cc204da0a91,What spice is sprinkled on top of the pudding,cinnamon,the spice sprinkled on top of the pudding appears to be cinnamon. the reddish-brown color and the way it's evenly distributed over the surface are characteristic of cinnamon
d1e6cc204da0a91,What color is the cinnamon on top of the pudding,brown,the cinnamon on top of the pudding appears to be a light brown color
547d8a5e2a6c1c7,What is the primary color of the pudding,golden-yellow,"the primary color of the pudding in the picture is yellow, which suggests it might be corn pudding or a similar dish made with corn"
547d8a5e2a6c1c7,What type of dish is shown in the image,pudding,"the image shows a dish that appears to be a corn pudding or casserole. it has a golden-brown crust on top, which suggests it might have been baked. the interior contains visible pieces of corn, indicating that corn is a key ingredient. this type of dish is often served as a side dish or can be part of a main course, especially during holidays or special occasions"
547d8a5e2a6c1c7,What is the texture of the custard-like substance,creamy,"the image shows a dish that appears to be a corn pudding or a similar baked dish with a custard-like texture. the surface looks smooth and slightly golden, suggesting it has been baked until set but still moist. the interior seems creamy and dense, which is characteristic of a custard or pudding mixture. the corn kernels are visible within the mixture add a contrasting texture, being firmer and more solid compared to the smoothness of the custard"
547d8a5e2a6c1c7,Where is the pudding placed,on a white plate,"the image shows a dish that appears to be corn pudding, which is typically served on a plate. it is not clear from the image where the pudding is placed, as it seems to be on a plate or a similar serving dish. the background suggests it might be on a table or a countertop, but this cannot be confirmed with certainty"
547d8a5e2a6c1c7,What ingredient is visible within the pudding,corn,the pudding in the image contains visible pieces of corn
5101ecc1b650286,What color is the plate,white,the plate in the image is white
5101ecc1b650286,What color is the bun's outer shell,tan,the outer shell of of the bun in the picture appears to be golden brown
5101ecc1b650286,What is the pale yellow part of the bun,filling,"the pale yellow part of the bun appears to be a filling, likely cream or custard, which is commonly found in pastries like cream puffs or profiteroles. the golden-brown exterior suggests it's a puff pastry shell, which is often used for these types of desserts"
5101ecc1b650286,How does the bun's outer shell appear,cracked,"the outer shell of of the bun in the picture appears to be golden brown and flaky. it looks like it has been baked until it is crisp on the outside, which is typical for pastries that are filled with a creamy filling. the texture suggests it might be a type of cream bun or similar pastry"
5101ecc1b650286,Where are the crumbs located,to the left,"the crumbs are located on the plate, near the bottom left of the image"
655048ef177156b,What color is the base of each loaf,yellow,"the base of each loaf appears to be a light yellow or beige color, which is typical for many types of bread and cakes"
655048ef177156b,What are the baked goods in the image called,loaves,"the baked goods in the image appear to be banana breads. the characteristic color and texture, along with the presence of what looks like cinnamon sprinkled on top, are typical of banana bread. however, without tasting or having more context, it's not definitive"
655048ef177156b,What color is the swirl on top of each loaf,brown,"the swirl on top of each loaf appears to be a light brown or tan color, which contrasts with the lighter color of the rest of the loaf"
655048ef177156b,Where is the brown swirl located on each loaf,on top,"the brown swirl appears to be located on top of each loaf, likely indicating a topping or decoration that has been applied after baking"
655048ef177156b,What is the appearance of each loaf described as,mottled,"the image shows several loaves of bread placed in individual baking pans on a cooling rack. each loaf appears to have a two-tone coloration, with one side being a lighter shade and the other side having a darker, possibly cinnamon or spice-colored topping. the loaves seem freshly baked and are cooling down before serving"
3a3da3679ddc0e2,What color is the pumpkin puree,orange,the pumpkin puree in the image appears to be a vibrant orange color
3a3da3679ddc0e2,What is the pumpkin puree served in,bowl,"the pumpkin puree is served in a white, decorative bowl with a scallo edge"
3a3da3679ddc0e2,Does the pumpkin puree fill the bowl,fills,"no, the pumpkin puree does not completely fill the bowl. there is some space visible at the edges of the bowl where the puree does not reach"
3a3da3679ddc0e2,Is the pumpkin puree thick,thick,"the pumpkin puree in the image appears to be relatively thick. it has a smooth, creamy texture and doesn't spread out easily when it's being served or scooped up. this suggests that it is not overly thin but also not extremely thick like a paste"
3a3da3679ddc0e2,Where is the pumpkin puree mounded,in the center,"the pumpkin puree appears to be mounded in a decorative white dish with a scallo edge. the dish is placed on what looks like a wooden surface, possibly a table or countertop"
15ce12b2011c706,What color is the bowl,white,the bowl in the picture is white
15ce12b2011c706,What is the first container,bowl,"the image shows a glass butter dish containing a block of butter. the dish appears to be designed for storing and serving butter, with a lid that is not visible in this image"
15ce12b2011c706,What color is the liquid in the white bowl,beige,"the liquid in the white bowl appears to be a light beige or off color, which could suggest it might be a type of cream or milk-based mixture"
15ce12b2011c706,Where is the transparent bathtub-shaped glass located,at the bottom,"the transparent bathtub-shaped glass appears to be holding a creamy substance, possibly a type of soap or lotion. it's placed on a white surface, and there behind it, there is a white bowl with a blue cloth underneath it. the setting seems to be a bathroom or a similar environment where such personal care products are displayed"
a1f27fd1ff6d6de,What material are the glasses made of,glasses,"the glasses in the image appear to be made of glass. they have a translucent quality and a smooth, polished surface that is characteristic of glassware. the way light passes through them and reflects off their also suggests they are made of glass"
a1f27fd1ff6d6de,What is the board made of,wooden,"the board in the image appears to be made of wood. it has a natural, warm tone and texture that is characteristic of wooden boards used for serving food or drinks"
a1f27fd1ff6d6de,What color are the lime slices,green,the lime slice in the foreground is green
a1f27fd1ff6d6de,Where are the glasses placed,on a wooden board,"the glasses are placed on a wooden cutting board, which is resting on a marble countertop"
8b85ed897a11006,What is the punch served in on the lower left of the image,mug,the punch is served in a clear glass mug on the lower left side of the image
8b85ed897a11006,What color is the punch in the clear glass mug,red,"the punch in the clear glass mug appears to be a reddish-brown color, suggesting it could be a fruit punch or a similar beverage"
87ae3f463235ec8,What color are the Honduran Quesadillas on top,brown,"the image shows honduran quesadillas that appear to be golden brown in color, indicating they have been cooked thoroughly"
87ae3f463235ec8,What type of food is shown in the image,quesadillas,"the image shows a baked dish that appears to be a type of bread or pastry, possibly a savory pie or a baked tart. it looks like it has been baked until golden brown and crispy on top. the exact type of food cannot be determined without more context or information about the ingredients used"
87ae3f463235ec8,What color is the top of the Honduran Quesadillas,golden,"the top of the honduran quesadillas appears to be a golden brown color, which is typical for a well-cooked quesadilla"
87ae3f463235ec8,Where are the Honduran Quesadillas located,on top,"the image shows a baked dish that appears to be a type of bread or pastry, possibly a baked tortilla or a similar food item. it is placed in a glass baking dish on what looks like a kitchen counter. the specific location of the honduran quesadillas cannot be determined from this image as it does not provide any contextual clues about its origin or location. if you you have more information or context about where this image was taken, it would help in providing a more accurate answer"
34a7280a47e87fe,What color is the parchment paper,brown,"the the parchment paper in the image appears to be a light brown or beige color, which is typical for parchment paper used in baking and cooking"
34a7280a47e87fe,What type of food is shown in the image,quesadillas,"the image shows a plate of quesadillas, which are a type of mexican dish made from a folded tortilla filled with various ingredients such as cheese, vegetables, and sometimes meat. the quesadillas appear to be filled with a mixture that includes corn, black beans, and possibly some type of meat or tofu, topped with sour cream and cilantro"
34a7280a47e87fe,What color is the andouille sausage,red-orange,"the image shows a dish that appears to be a type of quesadilla or similar dish, filled with ingredients such as vegetables and possibly cheese. the andouille sausage is not visible in this image. if you're referring to a specific specific part of the dish, please clarify!"
34a7280a47e87fe,Where is the sour cream and parsley located,on top,"the sour cream and parsley are located on top of the quesadilla in the image. the sour cream appears to be dolloped onto one side, and there it is garnished with fresh parsley"
34a7280a47e87fe,What color is the melted cheese,yellow,"the melted cheese in the image appears to be a light yellow or golden color, which is typical for many types of cheese when it has been melted and cooked"
fd753b15d1d0a45,What type of cheese is the queso made with,queso,"the image shows a plate of nacho chips topped with a white, creamy sauce that appears to be queso. however, without a closer look or additional information, it's not possible to definitively identify the specific type of cheese used in the queso. it could be a variety of cheeses such as cheddar, mozzarella, or even a blend of several types of cheese"
fd753b15d1d0a45,How does the queso appear on the chips,melted,"the queso appears to be melted and spread over the tortilla chips in a generous layer. it looks smooth and creamy, suggesting it might be a type of cheese sauce or dip that has been heated until it melts onto the chips"
fd753b15d1d0a45,What is the texture of the queso,creamy,"the queso in the picture appears to have a smooth and creamy texture, which is typical for melted cheese. it looks like it has been melted and possibly spread or drizzled over the tortilla chips, giving them a glossy appearance. the consistency suggests it's not too thick or clumpy, indicating it was likely heated until it became smooth and easy to pour over the chips"
fd753b15d1d0a45,Where is the queso drizzled over,over a pile,"the queso is drizzled over a plate of tortilla chips. the chips appear to be lightly coated with a white sauce, which is likely the queso"
fd753b15d1d0a45,What is the queso coating,chips,"the image shows a plate of tortilla chips that have been coated with a white, creamy substance, which appears to be queso (cheese sauce). queso are typically made from a blend of cheeses such as cheddar, monterey jack, and sometimes other types of cheese like mozzarella or parmesan. they can also include seasoningsings like garlic, onion, and spices. the creamy texture and color suggest it's a type of melted cheese sauce commonly served with tortilla chips in mexican cuisine"
797b3a03ee421d6,What color is the crust of the quiche,golden-brown,"the crust of the quiche appears to be golden brown, which is typical for baked pastry crusts"
797b3a03ee421d6,What color are the broccoli florets in the quiche,green,the broccoli florets in the quiche appear to be green
797b3a03ee421d6,Where is the slice of quiche positioned,on a white plate,"the slice of quiche is positioned on a white plate in the foreground, to the left side of the image"
4de000c2cae8ec6,How would you describe the ingredients in the soup,colorful,"the soup appears to be a vegetable soup, likely a minestrone or a similar type of soup that includes a variety of vegetables. the visible ingredients include:

1. **zucchini** - sliced zucchini is prominent in the soup.
2. **carrots** - chopped carrots can be seen, adding a bright orange color.
3. **tomatoes** - diced tomatoes pieces are present, contributing a red hue and likely a tangy flavor.
4. **onions** - sliced onions are visible, adding a mild sweetness and aroma.
5. **other vegetables** - there may be other vegetables like"
4de000c2cae8ec6,What type of soup is shown in the image,soup,"the image shows a vegetable soup. it appears to contain a variety of vegetables such as carrots, zucchini, and possibly tomatoes, along with herbs and possibly some meat or beans, which could suggest it's a minestrone or a similar hearty vegetable soup"
4de000c2cae8ec6,What color are the carrot pieces in the soup,orange,the carrot pieces in the soup appear to be orange
4de000c2cae8ec6,Where are the red tomato chunks mainly located,on the right,"the red tomato chunks in the image are mainly located towards the bottom and center of the bowl. they appear to be mixed with other ingredients such as zucchini, carrots, and possibly onions or celery. the tomatoes add a vibrant red color that contrasts with the other vegetables and the broth"
4de000c2cae8ec6,What is sprinkled across the surface of the soup,sprinkled,"the soup appears to be garnished with fresh herbs, likely parsley, which is commonly used as a garnish for soups to add both flavor and visual appeal"
ea990353528fe56,What color is the quinoa besides brown,reddish-brown,"the quinoa in the picture appears to be a mix of colors, including shades of brown and possibly some green from the garnish on top. it's not entirely clear if there are any other distinct colors besides brown. if you're asking about the color of the quinoa itself, it seems to be be a mix of brown and possibly some green from the garnish on top"
ea990353528fe56,What is the main ingredient in the dish,quinoa,"the dish appears to be a type of rice-based dish, possibly a fried rice or a similar stir-fried rice dish. it contains what looks like black beans and some green herbs, which could be cilantro or parsley. the exact ingredients would depend on the specific recipe, but it's likely a savory dish with a mix of proteins, vegetables, and seasoningsings"
ea990353528fe56,What does the quinoa do in the bowl,fills,"the quinoa in the bowl appears to be mixed with other ingredients, possibly beans and herbs, creating a dish that looks like it could be a type of quinoa salad or a quinoa-based side dish. the quinoa is likely used as a base for the other ingredients, providing a nutritious and filling component to the dish. the presence of herbs suggests an emphasis on flavor and freshness"
ea990353528fe56,What color is the garnish in the center,green,"the garnish in the center of the dish appears to be green, likely cilantro or parsley"
ea990353528fe56,Where is the green garnish located,in the center,"the green garnish, which appears to be a sprig of cilantro or parsley, is located on top of the food in the white bowl"
5392f467220fdbd,What gives the dish a creamy yellow hue,cheesy,"the creamy yellow hue in the dish appears to be due to the presence of quinoa, which can have a light yellow or off-yellow tint when it's cooked and mixed with other ingredients like broccoli and possibly some type of dressing or sauce. the dressing could also contribute to the creamy appearance, as it might include ingredients like mayonnaise, yogurt, or a creamy vinaigrette that adds a smooth texture and color to the dish"
5392f467220fdbd,What is the main grain in the dish,quinoa,"the main grain in the dish appears to be quinoa, which is mixed with other ingredients such as broccoli and possibly some red lentils or small grains that could be quinoa itself or another type of grain. it's hard to determine the exact type without more information"
5392f467220fdbd,What color is the quinoa,yellow,"the quinoa in the image appears to be a mix of white and red grains, which is typical for mixed quinoa"
5392f467220fdbd,What color are the broccoli pieces,green,the broccoli pieces in the image appear to be green
a84bf6988435e9d,What does the quinoa do in the image,fills,"the quinoa in the image appears to be cooked and mixed with other ingredients, likely vegetables such as carrots and leafy greens like spinach or kale. it is being prepared in a pan, suggesting it might be part of a dish that involves sauting or stir-fryinging the ingredients together. the quinoa provides a good source of protein and fiber, making it a nutritious addition to the meal"
a84bf6988435e9d,What is the main grain in the dish,quinoa,"the main grain in the dish appears to be quinoa. it has a light, fluffy texture and is mixed with leafy greens, possibly spinach or kale, and what looks like diced vegetables such as carrots and possibly onions. this combination suggests it could be a quinoa salad or a quinoa-based dish that includes vegetables and greens for added nutrition and flavor"
a84bf6988435e9d,What color is the quinoa,beige,the quinoa in the picture appears to be white or light beige in color
a84bf6988435e9d,What color are the pieces of kale,green,the the pieces of kale in the image appear to be green
a84bf6988435e9d,Where are the pieces of kale located,within the quinoa,"the pieces of kale are scattered throughout the dish in the image. they appear to be mixed in with other ingredients, which include what looks like quinoa and possibly some diced vegetables such as carrots and onions. the kale is visible in various shades of green, adding a vibrant color contrast to the other components of the dish"
60ba3bf86baa0b8,What is the main grain in the dish,quinoa,"the main grain in the dish appears to be quinoa, which is a light-colored, fluffy grain that is often used in salads and as a base for various dishes. it's mixed with what looks like purple cabbage and some green herbs, possibly parsley or cilantro, giving it a colorful and fresh appearance"
60ba3bf86baa0b8,What color is the cabbage,red,"the cabbage in the image appears to be purple, which is typical for red cabbage"
60ba3bf86baa0b8,Where is the quinoa mixture,in,the quinoa mixture is in a white bowl placed on a wooden surface
07c95622876fe96,What color are the radishes in the image,pink,the radishes in the image appear to be a mix of red and white colors
07c95622876fe96,What type of vegetable is featured in the image,radishes,"the image features sliced beets. beets are root vegetables that are typically cooked and then sliced into rounds or wedges, as seen here"
07c95622876fe96,What is the radish pile placed in,bowl,the radish slices pile appears to be placed in a white bowl
07c95622876fe96,What color is the spoon in the image,silver,the spoon in the image appears to be silver or metallic in color
07c95622876fe96,Where is the concentration of radish slices located in the bowl,in the bottom center,the concentration of radish slices appears to be towards the bottom right corner of the bowl
7f739d8ffdd41f3,What color are the sautéed radish greens,dark green,"the sautéed radish greens in the picture appear to be a vibrant green color, which is typical for fresh and cooked leafy vegetables like radish greens"
7f739d8ffdd41f3,What vegetable has a purple outer ring and a white center,radish,"the vegetable you're referring to is a purple potato, also known as a red potato or a purple fingerlingling potato. it's a type of potato that has a distinctive purple skin with a white flesh inside"
7f739d8ffdd41f3,What color is the outer ring of the radish slices,purple,the outer ring of the radish slices in the picture appears to be purple
7f739d8ffdd41f3,Where are the radish greens distributed,distributed throughout,"the radish greens in the image appear to be distributed on top of the radishes, which are sliced and arranged in a circular pattern. the greens are likely used as a garnish or for added flavor, as they are often used in salads or as part of a dish where the leafy parts are consumed along with the root"
7f739d8ffdd41f3,What ingredient is scattered throughout the dish in crumbles,cheese,"the ingredient scattered throughout the dish in crumbles appears to be feta cheese. the white, crumbly-like pieces are characteristic of feta cheese, which is often used as a garnish or ingredient in various dishes, especially those involving vegetables and herbs"
33b96dcfe6d4d33,What color are the daikon radish pieces,white,the daikon radish pieces in the image are white
33b96dcfe6d4d33,What type of vegetable are the white pieces,radish,"the white pieces in the image appear to be daikon radish. daikon is a large, white radish that is often used in asian cuisine for its mild flavor and crisp texture. it is commonly used in salads, pickles, and as a garnish. the long, thin shape and the white color are characteristic features of daikon radish"
33b96dcfe6d4d33,How are the daikon radish pieces arranged in the dish,dispersed,"the daikon radish pieces in the dish appear to be arranged in a somewhat scattered manner, creating a visually appealing and fresh presentation. the radish slices are placed alongside what looks like carrot sticks, which are also cut into similar lengths. the arrangement seems casual yet intentional, with the vegetables overlapping slightly, giving the dish a natural and rustic look. the garnish of cilantro adds small touches of green that contrast nicely with the white and orange tones of the vegetables, enhancing the dish's more vibrant and appetizing"
33b96dcfe6d4d33,What color are the carrot pieces,orange,the carrot pieces in the image appear to be orange
33b96dcfe6d4d33,Where are most of the carrot pieces located,at the bottom,most of the carrot pieces are located on the left side of the plate
0bcda430641db62,What color is the pie crust,golden-brown,"the pie crust in the picture appears to be golden brown, which is typical for baked pie crusts"
0bcda430641db62,What type of food is shown in the image,pie,"the image shows a baked dish that appears to be a pie or tart. it has a golden-brown crust and a decorative star-shaped cutout on top, which is often used for apple pies or other fruit-based desserts. the filling looks like it could be a fruit mixture, possibly including apples, as suggested by the dark spots that resemble pieces of fruit"
0bcda430641db62,What material is the pie tin made of,silver,"the pie tin in the picture appears to be made of aluminum. this is suggested by its shiny, reflective surface and the way it holds the shape of the pie crust"
0bcda430641db62,What ingredient is visible through the cutouts in the star crust,raisins,"the ingredient visible through the cutouts in the star crust appears to be a dark, possibly fruit-based filling, which could suggest that this is a fruit pie"
133544b12f11fe8,What color is the pie crust,golden brown,"the pie crust in the picture appears to be a golden brown color, which is typical for baked pie crusts"
133544b12f11fe8,What type of dessert is shown in the image,pie,"the image shows a pie with a lattice crust on top. it appears to be a fruit pie, possibly apple or cherry, given the color and texture of the filling"
133544b12f11fe8,What color is the meringue on top of the pie,white,the mmeringue on top of the pie appears to be white
133544b12f11fe8,Where is the meringue located on the pie,on top,"the meringuge, which appears to be a layer of sweeteneded whipped egg whites, is located on top of the pie filling in this image"
133544b12f11fe8,What is the topping on the pie called,meringue,"the topping on the pie in the picture appears to be a lattice crust. this type of crust is characterized by its crisscross pattern, which is created by cutting strips of dough that are then folded over and woven together to form a decorative top layer"
9e015333bc6e4a5,What color are the chopped onions on top of the ramen,green,the the chopped onions on top of the ramen are green
9e015333bc6e4a5,What is the ramen served in,bowl,"the ramen is served in a green bowl with a black handle. the bowl has some text on it, but it's not fully visible in the image provided"
9e015333bc6e4a5,What type of noodles are in the bowl,ramen,"the bowl appears to contain ramen noodles, which are a type of wheat-based noodle commonly in japanese cuisine. the presence of the egg and the style of the dish further supports this identification. ramen is often served with a variety of toppings such as vegetables, meat, and sometimes seafood, which seems consistent with the contents of the bowl in the image"
9e015333bc6e4a5,Where is the fried egg located in the bowl,on top,"the fried egg is located on top of the noodles in the bowl, with its yolk intact and slightly runny"
ba3faccb0397e1d,What is the main flavor of the noodles,cheesy,"the image shows a bowl of instant noodles with what appears to be a savory sauce on top, possibly soy-based or a similar umami-rich sauce. the presence of green onions and possibly some other garnishes suggests that the dish might have additional flavors like garlic, ginger, or sesame, which are common in asian cuisine where instant noodles are popular. however, without tasting it, it's hard to determine the exact flavor profile. it could be a mix of salty, savory, and slightly spicy depending on the specific seasoning used"
ba3faccb0397e1d,What type of food is shown in the bowl,noodles,"the image shows a bowl of instant noodles. the noodles appear to be topped with a dark sauce, possibly soy sauce or a similar condiment, and garnished with some green vegetables, which could be scallionsions or chives. there are also small bowls of additional toppings or condiments on the side, such as what looks like chopped green onions and possibly a red sauce or paste"
ba3faccb0397e1d,What color are the noodles,yellow,"the noodles in the picture appear to be yellow, which is typical for instant noodles"
ba3faccb0397e1d,Where is the chili oil mixture placed,on top,"the chili oil mixture is placed in a small bowl on the right side of the image, next to the main dish"
ba3faccb0397e1d,What is scattered on top of the noodles,scallions,"the noodles in the bowl appear to be topped with a dark, possibly spicy or savory sauce, along with some green garnish, which could be chopped scallions (green onion) or another type of green vegetable. the exact ingredients cannot be determined without more information, but these are common toppings for noodle dishes"
f1bb196371ea8a6,What color is the bowl,white,the bowl in the picture is white
f1bb196371ea8a6,What is the ramen served in,bowl,the ramen is served in a white bowl
f1bb196371ea8a6,What color are the ramen noodles,yellow,"the ramen noodles in the picture appear to be yellow, which is typical for ramen noodles made from wheat flour"
f1bb196371ea8a6,Where are the egg halves located,on top,"the egg halves are located in the bowl, on top of the noodles and vegetables"
f1bb196371ea8a6,What color are the red pepper strips,red,"the red pepper strips in the image appear to be a vibrant red color, which is typical for red bell peppers when they are cooked or stir-fried"
9a226b3b99e85d3,What color are the noodles in the bowl,yellow,"the noodles in the bowl appear to be a light yellow or beige color, which is typical for many types of noodles, such as ramen or udon"
9a226b3b99e85d3,What is the Top Ramen served in,bowl,"the top ramen is typically served in a bowl, as shown in the image you provided. the bowl appears to be decorative with a floral pattern and has a spoon placed on the side, which is common for serving noodle soups like ramen"
9a226b3b99e85d3,What is scattered on top of the noodles,scallions,the green onions (scallions) are scattered on top of the noodles in the image
9a226b3b99e85d3,What color are the scallions on top of the noodles,green,the scallions on top of the noodles is green
9a226b3b99e85d3,Where are the scallions located on the noodles,on top of,the scallions is sprinkled on top of the noodles in the bowl
5688b99c7513d35,What is the condition of the turnovers,fresh,"the turnovers in the picture appear to be freshly baked and cut into halves. they have a golden-brown crust, which suggests they are cooked to a crisp texture. the filling looks to be a red fruit mixture, possibly a berry or raspberry filling, as it has a vibrant color and appears to be a soft consistency. the turnovers are neatly arranged on a decorative plate, indicating they are ready to be served"
5688b99c7513d35,What type of pastries are shown,turnovers,"the image shows what appear to be cherry turnovers. these are small, flaky pastries filled with a sweet filling, typically made with a fruit compote or jam. in this case, the filling looks like it could be cherry-based due to its red color and texture. the turnovers have been cut in half, revealing the filling inside. they are are often dusted with powdered sugar before serving"
5688b99c7513d35,What color is the plate,white,the plate in the image is white with a floral pattern around the edge
5688b99c7513d35,What color is the raspberry filling,red,"the the raspberry filling in the pie appears to be a deep, vibrant red color"
5688b99c7513d35,Where are the turnovers located,on a plate,"the turnovers are located on a plate with a floral design. the plate is placed on what appears to be a table or surface, but the exact location cannot be determined from the image alone"
cd33f15258660af,What color is the raspberry coulis,red,"the raspberry coulis in the image appears to be a vibrant red color, which is typical for fresh or pureed raspberries"
cd33f15258660af,What type of container holds the raspberry coulis,pitcher,"the the raspberry coulis is held in a small glass pitcher with a handle, which is commonly used for serving and pouring liquids like sauces or coulis"
cd33f15258660af,What material is the surface made of,wooden,"the surface in the image appears to be made of wood. this can be inferred from the visible grain pattern and texture, which are characteristic of wooden surfaces"
cd33f15258660af,Where is the pitcher placed,on the wooden surface,"the pitcher is placed on a wooden surface, likely a table or countertop"
b94f18f8c120bfb,What color is the ravioli pasta,yellow,"the ravioli pasta in the picture appears to be a light yellow or beige color, which is typical for ravioli made with egg and flour. the filling inside the ravioli looks like it could be a creamy mixture, possibly containing cheese and herbs, giving it a slightly darker shade"
b94f18f8c120bfb,What is happening to the edges of the ravioli,browning,"the edges of the ravioli appear to be slightly browned, which suggests that they have been cooked in a way that involves some browning, such as being pan-fried or baked. this browning can add a nice texture and flavor to the dish. the sauce on top looks creamy and possibly cheesy, which could also contribute to the browning process if it was baked or cooked at a high temperature"
b94f18f8c120bfb,What type of meat is included in the dish,chicken,"the dish appears to include chicken as one of its main ingredients. the pieces of meat are coated in a creamy sauce, which could be a cheese-based sauce, and there are also mushrooms visible, suggesting it might be a chicken and mushroom dish"
b94f18f8c120bfb,What is the texture of the alfredo sauce,creamy,"the alfredo sauce in the image appears to have a creamy and smooth texture. the sauce is thick enough to coat the pasta and chicken pieces, which suggests it is not watery but rather rich and velvety. the presence of visible chunks of cheese on top further indicates that the sauce has a slightly chunky texture due to the melted cheese, adding a layer of richness and creaminess to the dish"
b94f18f8c120bfb,Where is the ravioli located in the dish,at the bottom,"the ravioli is located on the plate, covered with a creamy sauce and garnished with what appears to be grated cheese and possibly some herbs or spices. the ravioli is the main focus of the dish, and it is spread out across the plate, with some pieces overlapping each other"
c5f6a8461d681c2,Is the hot dog served hot,hot,"the image shows a hot dog that appears to be served on a plate with potato chips. it is difficult to definitively determine if the hot dog is served hot just from the image alone, as it does not provide information about the temperature of of the food. however, based on the appearance of the hot dog and the overall presentation, it seems likely that the hot dog is served hot"
c5f6a8461d681c2,Where are the onions placed on the hot dog,on top of,"the onions appear to be placed on top of the hot dog, mixed with what looks like scrambled eggs or a similar topping"
c5f6a8461d681c2,What is on top of the hot dog,onions,the hot dog appears to be topped with a generous amount of what looks like scrambled eggs or a similar yellowish topping. it could also be a type of relish or a similar condiment
80447800af4a3dd,What is the predominant color of the relish,red,"the predominant color of the relish in the image is red, which is characteristic of cranberry sauce or relish"
80447800af4a3dd,What color are the strands scattered on the top of the relish,orange,the strands scattered on the top of the relish appear to be orange zest
3390dbed9e76535,What color is the bowl that contains the Indian Relish,white,the bowl containing the indian relish appears to be white
3390dbed9e76535,What is the Indian Relish made of,relish,"the image shows a plate with what appears to be a spread or relish, possibly indian in style, and some crackers. the relish seems to be a chunky mixture, which could contain ingredients like tomatoes, onions, spices, and possibly some vegetables or herbs. it's often served as a condiment or spread on bread or crackers.

however, without tasting it or having more specific information about its ingredients, i cannot definitively identify the exact recipe. common ingredients for such a relish might include tomatoes, onions, garlic, ginger, chili powder, turmeric, coriander, cumin, and other spices. if you"
3390dbed9e76535,What color is the Indian Relish,red,"the indian relish in the image appears to be red, which is typical for many types of indian chutneys or relishes"
3390dbed9e76535,Where is the Indian Relish placed on the tarts,on,"the indian relish, which appears to be a type of chutney or sauce, is spread on top of the tart-like crackers on the plate"
3390dbed9e76535,What is the Indian Relish composed of,vegetables,"the image shows a plate with what appears to be a spread or relish, which could be an indian-style chutney or relish. based on its appearance, it looks like it might contain ingredients such as tomatoes, onions, and possibly spices like chili powder, cumin, or coriander. it's often served alongside bread or crackers in india. however, without tasting or having more context, it's difficult to definitively identify the exact ingredients. if you have any specific questions about the ingredients or preparation, feel free to ask!"
d2fe88d169bdcb1,What color are the cranberries in the relish,red,"the cranberries in the relish appear to be a deep red color, which is typical for fresh or cooked cranberries"
d2fe88d169bdcb1,What fruit is used in the relish,cranberries,"the image shows a dish that appears to be a cranberry relish. cranberry relish is typically made with cranberries, often mixed with other fruits such as apples, oranges, and sometimes sugar and spices for flavor. the dish in the image has a deep red color, which is characteristic of cranberries. however, without tasting or having more context, it's not possible to definitively identify all the ingredients. it could also potentially include other fruits like pomegranate seeds, which are are also commonly in some relishes"
d2fe88d169bdcb1,What nut is mixed into the relish,walnuts,"the image shows a dish that appears to be a cranberry relish, which typically includes dried cranberries and sugar. it's possible that nuts such as pecans or walnuts might be mixed in for added texture and flavor. however, without a closer look or additional information, it's not definitive what specific nut, if any, is included in this particular relish"
d2fe88d169bdcb1,Where is the relish located in the image,in the center,"the relish appears to be located in a glass baking dish, which is placed on an electric stovetop"
71e7d4fcdaf03d1,What color is the zucchini in the relish,yellow,the zucchini in the relish appears to be green
71e7d4fcdaf03d1,What vegetable is light yellow with darker specks in the relish,zucchini,the light yellow vegetable with darker specks in the relish appears to be pineapple
71e7d4fcdaf03d1,How are the ingredients arranged in the relish,mixed,"the relish appears to be a mix of chopped vegetables and herbs, likely prepared for a dish or as a topping. the ingredients are not arranged in a specific pattern but rather seem to be mixed together in a container. the main components visible include:

1. **pineapple chunks** - these are the largest pieces and are likely the base ingredient.
2. **red onion slices** - these are smaller and scattered throughout the mixture.
3. **herbs** - there appear to be some green herbs, possibly cilantro or parsley, adding for flavor and color.
4. **pepper** - there might be some black pepper"
71e7d4fcdaf03d1,What color are the onions in the relish,red,"the onions in the relish appear to be red, as they have a deep purple-red hue"
71e7d4fcdaf03d1,Where are the red bell pepper pieces in the relish,in the mix,"the red bell pepper pieces are scattered throughout the relish, adding a pop of of color and likely a sweet, slightly spicy flavor to the dish"
d248c0b8836816e,What color is the plate,white,the plate in the image is white
d248c0b8836816e,What type of dessert is shown,cake,"the image shows a slice of banana bread on a white plate. the bread appears to have a golden-brown crust and visible chunks of banana, indicating it's a banana bread"
d248c0b8836816e,What color is the crust of the cake,golden-brown,the crust of the cake appears to be golden brown in this image
d248c0b8836816e,Where is the cake placed,on a plate,"the cake is placed on a white oval-shaped plate, which is resting on a red and white checkered tablecloth"
d248c0b8836816e,What fruit is visible in the cake,rhubarb,"the image shows a slice of cake on a plate, but there is no clear indication of any specific fruit being visibly present in the cake itself. the cake appears to have a golden-brown crust and some specks that could be nuts or dried fruits, but it's not possible to definitively identify the fruit from this image alone"
d77c9b1bcc7aa02,What color is the crust of the cake,golden-brown,the crust of the cake appears to be golden brown in the image provided
d77c9b1bcc7aa02,What is the dessert in the image,cake,"the dessert in the image appears to be a slice of cake topped with a scoop of vanilla ice cream. it looks like it could be a strawberry shortcake or a similar type of cake, given the visible red fruit pieces and the light, fluffy texture of the cake itself"
d77c9b1bcc7aa02,What color are the rhubarb pieces in the cake,red,"the rhubarb pieces in the cake appear to be a bright red color, which is characteristic of fresh rhubarb"
d77c9b1bcc7aa02,Where is the cake located,on a plate,"the cake is located on a pink plate, which is placed on a white surface"
d77c9b1bcc7aa02,What color is the plate under the cake,pink,the plate under the cake is pink
1a530eb3a533848,What is the texture of the cookies,rough,"the cookies in the image appear to have a slightly rough and uneven texture, which suggests they might be oatmeal or granola cookies. the presence of what looks like oats and possibly dried fruits or nuts embedded within them indicates that the texture could be crunchy on the outside with a softer, chewy interior. however, without tasting them, it's hard to be sure about the exact texture"
1a530eb3a533848,What type of food is shown in the image,cookies,"the image shows a plate of cookies. the cookies appear to be oatmeal raisin cookies, characterized by their their visible oats and raisins embedded within them"
1a530eb3a533848,What color are the rhubarb pieces in the cookies,pinkish-red,the rhubarb pieces in the cookies appear to be a bright red color
1a530eb3a533848,Where are the cookies placed,on a plate,"the cookies are placed on a round, light-colored plate. the plate appears to be made of ceramic or a similar material and is sitting on a surface that looks like a table or countertop"
1a530eb3a533848,What color is the plate,purple,the plate in the image appears to be a light purple or lavender color
8eaeadde7ec90ed,What color is the Rhubarb Gelatin Salad primarily,red,"the rhubarb gelatin salad in the picture appears to be primarily red, which is characteristic of rhubarb due to its natural red color"
8eaeadde7ec90ed,What type of dish is the Rhubarb Gelatin Salad,salad,"the image you've provided appears to show a dessert that includes a layer of what looks like a red gelatin dessert, possibly rhubarb-flavored, topped with a dollop of whipped cream or a similar white topping. this could be a rhubarb gelatin salad. rhubarb gelatin salads are are a classic dessert made by combining rhubarb with gelatin and sugar, often served chilled. the whipped cream adds a contrasting texture and sweetness to the tartness of the rhubarb. it's a refreshing and light dessert, perfect for warmer weather"
8eaeadde7ec90ed,What color is the plate under the Rhubarb Gelatin Salad,white,the plate under the rhubarb gelatin salad appears to be white
8eaeadde7ec90ed,Where is the white cream positioned,atop the salad,"the white cream is positioned on top of the red dish, which appears to be a dessert or a sweet dish"
eec4b08a5b31ea1,What is in the bowl,applesauce,"the bowl contains apple butter. apple butter is a thick, sweet spread made from apples that have been cooked down with sugar and spices until they become a smooth, rich consistency. it's often used as a topping for toast, pancakes, or waffles, or as a condiment for meats"
eec4b08a5b31ea1,What color is the bowl,bowl,the bowl in the picture is white
eec4b08a5b31ea1,What color are the apples,red,the apples in the picture are red
f8dd81fd986fe02,What color is the rhubarb relish,red,"the rhubarb relish in the image appears to be a deep red color, which is typical for rhubarb preserves or relish"
f8dd81fd986fe02,What color are the lids of the jars,silver,the lids on the jars in the picture are silver or metallic in color
ae9c9138f7052aa,What color is the barbecue sauce glaze on the ribs,reddish-brown,"the barbecue sauce glaze on the ribs appears to be a dark, rich red color, which is typical for many barbecue sauces"
ae9c9138f7052aa,What type of meat is shown in the image,ribs,"the image shows a rack of ribs, which are a popular dish typically made from pork or beef"
ae9c9138f7052aa,Where are the ribs positioned in the image,foreground,"the ribs are positioned on a wooden serving board in the foreground of the image. they appear to be well-seasoned and possibly barbecued, as suggested by their dark, glossy coating"
ae9c9138f7052aa,What color are the herb pieces on the ribs,green,"the herb pieces on the ribs appear to be green, which is likely parsley or another similar green herb commonly used in barbecue and grilling"
4bc967e8b59bff8,What color is the rice mostly,white,"the rice in the picture appears to be white, which is typical for plain cooked rice. however, there are some colored vegetables mixed into it, such as red and green pieces that could be bell peppers or other vegetables, adding a bit of color to the dish"
4bc967e8b59bff8,Where are the grilled chicken pieces placed,on top,"the grilled chicken pieces appear to be placed on top of the rice dish, slightly overlapping the edges of the plate"
ce2e7668f8d030e,What color is the rice,reddish-orange,"the rice in the image appears to be a reddish-orange color, which suggests it might be seasoned with spices such as paprika or chili powder"
ce2e7668f8d030e,What is the main ingredient in the dish,rice,"the main ingredient in the dish appears to be rice, which is covered with a red sauce and possibly some vegetables or beans mixed in. it looks like a type of rice casserole or pilaf"
ce2e7668f8d030e,What color are the bell peppers,green,the the bell peppers in the image appear to be red
ce2e7668f8d030e,What is mixed with the rice in the dish,sausage,"the dish appears to be a type of rice casserole or pilaf, which often includes additional ingredients such as vegetables and sometimes meat. in this particular image, it looks like there are some chunks that could be beans or possibly pieces of chicken or sausage mixed into the rice. the orange color suggests the use of spices or a sauce, which might include tomatoes, paprika, or other seasoningsings commonly in dishes like spanish rice or mexican-style rice casseroles"
52471d9f8adc68a,Is the Easy Mexican Rice easy to prepare,easy,"the image you've provided shows a bowl of easy mexican rice, which typically involves simple ingredients like rice, tomatoes sauce, and often some spices such as cumin or chili powder. the preparation process is generally straightforward:

1. **cook the rice**: start by cooking the rice according to the package instructions.
2. **prepare the tomato sauce**: mix together canned diced tomatoes with some seasonings like cumin, chili powder, salt, and pepper.
3. **combine**: once the rice is cooked, mix it with the tomato sauce until it's well incorporated.

this dish is indeed easy to prepare and can be customized based on personal preferences"
52471d9f8adc68a,What is the main ingredient in the Easy Mexican Rice,rice,"the main ingredient in the easy mexican rice appears to be rice, which is typically seasoned with spices and often includes ingredients like tomatoes, onions, and sometimes beans or corn. to give it a mexican flavor. the image shows a bowl of rice mixed with what looks like diced tomatoes and possibly some beans, which are are common in mexican cuisine"
52471d9f8adc68a,What color is the rice in the Easy Mexican Rice,orange-red,"the rice in the easy mexican rice appears to be red, which is typical for mexican rice dishes that often include ingredients like tomato sauce or red food coloring to achieve this color"
52471d9f8adc68a,Where is the Easy Mexican Rice placed in the bowl,on the right side,"the easy mexican rice is placed on the right side of the bowl, next to the lettuce"
52471d9f8adc68a,What color is the lettuce in the bowl,green,the lettuce in the bowl appears to be green
aa787be93801e4f,What is the main food in the image,rice,"the main food in the image appears to be a type of rice dish, possibly a pilaf or biryani, given its color and texture. it seems to be be garnished with herbs, likely cilantro or parsley, which is common in many south asian dishes. the yellow hue suggests it might have turmeric as an ingredient, which is often used in such cuisines for its flavor and color"
aa787be93801e4f,What does the rice do in the frame,fills,"the rice in the image is filling most of the frame, taking up the majority of the space. it appears to be a cooked dish, possibly a type of pilaf or biryani, given its color and texture. the rice is yellowish-orange, suggesting it may have been seasoned with turmeric or saffron. there's also some green herbs sprinkled on top, which could be cilantro or parsley, adding a fresh touch to the dish. a

 自动生成的描述是
 addcriterion"
aa787be93801e4f,What is the pot made of,silver,"the pot in the image appears to be made of metal, likely stainless steel or aluminum, which are common materials for cooking pots due to their heat conductivity and durability. the reflective surface and the way it holds the rice suggest it's a metallic material rather than ceramic or glass"
aa787be93801e4f,What material is the spoon made of,wooden,"the spoon in the image appears to be made of wood. this can be inferred from its color and texture, which are characteristic of wooden spoons"
aa787be93801e4f,Where are the green herbs located,throughout,"the green herbs, which appear to be cilantro or parsley, are sprinkled on top of the yellow rice in the image"
6c4915e6e42b776,What color is the plate,white,the plate in the image appears to be white
6c4915e6e42b776,What type of pasta is used in the dish,rigatoni,"the pasta used in the dish appears to be rigatoni, which is characterized by its ridged surface and cylindrical shape. rigatoni is often used in creamy sauces due to its ability to hold onto the sauce well. the dish also includes peas and what looks like shrimp or another seafood ingredient, all coated in a creamy sauce"
6c4915e6e42b776,What color are the rigatoni pasta pieces,golden-yellow,"the rigatoni pasta pieces in the image appear to be a light orange or yellowish color, which is typical for uncooked or lightly cooked pasta"
6c4915e6e42b776,Where is the vodka rigatoni placed,on a white plate,"the image shows a plate of vodka rigatoni, which is a pasta dish typically made with rigatoni pasta, a creamy vodka sauce, and often includes ingredients like shrimp, peas, and herbs for garnish. the dish appears to be served on a white plate, and it looks like it's garnished with fresh parsley. it seems to be be a hearty and flavorful meal"
6c4915e6e42b776,What color are the peas in the dish,green,the peas in the dish are green
2b74d1e6dab2d28,What color is the pesto risotto,green,"the pesto risotto in the image appears to be green, which is typical for pesto risotto due to the presence of basil and other herbs used in pesto"
2b74d1e6dab2d28,How are the cannellini beans distributed in the dish,scattered,"the cannellini beans are distributed throughout the dish, interspersed among the other ingredients. they appear to be mixed into the risotto or rice base and are also scattered on top of the dish, adding a pop of of color and texture"
2b74d1e6dab2d28,What color are the tomatoes in the dish,red,the tomatoes in the dish are red
2b74d1e6dab2d28,Where is the poached egg placed in the dish,on the egg,"the poached egg is placed on top of the dish, resting on the risotto and white beans"
d0af628ffb3bebe,What is the dish in the image,risotto,"the dish in the image appears to be a type of fried rice or stir-fry, which includes ingredients such as rice, pieces of chicken, and what looks like slicesable sausage or possibly some type of processed meat. it also seems to have some vegetables mixed in, possibly bell peppers and onions. the dish has a saucy appearance, suggesting it might have been cooked with a sauce or seasoning that gives it its rich color"
d0af628ffb3bebe,What color are the sausage slices,brown,"the sausage slice in the image appears to be a light brown or tan color, which is typical for cooked sausage slices"
d0af628ffb3bebe,How are the chicken pieces distributed in the dish,scattered,"the chicken pieces are distributed throughout the dish, interspersed among the rice and other ingredients. they appear to be evenly spread across the plate, ensuring that each bite of contains a mix of rice, vegetables, and chicken"
d0af628ffb3bebe,Where are the chicken pieces mostly located,on the left,"the chicken pieces are mostly located on top of the rice in the image. they appear to be mixed with other ingredients such as sausage and vegetables, but the chicken is more concentrated towards the top layer of the dish"
f71ba10eff86632,What color is the plate,white,the plate in the image is white with a gold rim
f71ba10eff86632,What is the main dish in the image,roast,"the main dish in the image appears to be a stew or a braised meat dish, likely beef, served with vegetables such as carrots and possibly potatoes. it is garnished with fresh herbs, which could be parsley or cilantro. the sauce looks rich and tomato-based, suggesting it might be a tomato-based stew or a braise"
f71ba10eff86632,What color is the roast,brown,"the roast in the picture appears to be brown, which is typical for roasted meat that has been cooked and possibly seasoned with herbs or spices"
f71ba10eff86632,Where are the diced carrots located in the dish,within,"the diced carrots are located throughout the dish, mixed into the sauce and meat. they appear to be evenly distributed, adding color and texture to the stew"
f71ba10eff86632,What color are the parsley pieces,green,the parsley pieces in the image are green
ff205d7130c410e,What color is the roast,pink,"the roast in the picture appears to be a dark brown color, which is typical for roasted meat that has been cooked to a medium-rare or medium level of doneness"
ff205d7130c410e,What cooking method was used for the roast,roast,"the roast in the picture appears to have been cooked using a combination of methods, but it is most likely roasted or grilled. given the charred on the surface and the way it has been sliced. it could also be barbecued, as the char on the surface suggests high-heat cooking"
ff205d7130c410e,Where is the roast placed,on a wooden cutting board,"the roast is placed on a wooden cutting board. it appears to be a sliced piece of meat, possibly beef, that has been cooked and is ready to be served"
9a6ef55e58c8bfb,What color are the rolls on top,golden,"the the rolls in the picture appear to be golden brown, which is typical for baked bread or rolls that have been cooked to a crisp exterior"
9a6ef55e58c8bfb,What type of food is shown in the image,rolls,"the image shows freshly baked bread rolls, likely pretzel rolls given their appearance with a golden-brown crust and what seems to be pretzel seasoning on top"
9a6ef55e58c8bfb,What color are the rolls on their upper surfaces,brown,"the the rolls in the picture have a golden-brown color on their upper surfaces, indicating they they are baked to a crisp and likely have a nice texture"
9a6ef55e58c8bfb,Where are the coarse salt and brown caraway seeds sprinkled,on top,the coarse salt and brown caraway seeds appear to be sprinkled on top of the pretzel rolls in the foreground of the image
9a6ef55e58c8bfb,How are the rolls in the top row positioned relative to each other,adjacent,"the rolls in the top row appear to be evenly spaced apart from each other. they are arranged in a neat, orderly fashion, with no overlap or crowding between them. this arrangement suggests they were placed on the baking sheet deliberately for even baking and presentation"
83cddb1a32acb9f,What color are the elevated surfaces of the rolls,golden-brown,"the elevated surfaces of the rolls appear to be golden brown, which is typical for baked goods like these"
83cddb1a32acb9f,What are the items in the image called,rolls,"the items in the image appear to be freshly baked bread rolls or buns. they have a golden-brown crust, which is typical of baked goods like these"
83cddb1a32acb9f,How are the rolls arranged,stacked,"the rolls in the image appear to be arranged in a circular pattern, with each roll placed slightly apart from the others. they seem to be be stacked or piled on top of one another, creating a layered effect. the arrangement is somewhat informal and natural, suggesting they were placed there after baking"
83cddb1a32acb9f,What is the color of the rolls at the bottom,lighter,"the rolls at the bottom appear to be golden brown in color, which is typical for baked bread or rolls that have been cooked to a crisp exterior"
83cddb1a32acb9f,Where are several rolls located,towards the top-left area,"the image shows several freshly baked rolls arranged together. they appear to be golden brown and have a slightly puffed texture, suggesting they were baked in an oven. the rolls are placed on what looks like a baking tray or a similar surface"
ae14c37e1da12cc,What color is the salami in the roll-up,light pink,"the salami in the roll appears to be pinkish-red, which is typical for cured salami. the yellow filling inside the roll could be a type of cheese or another ingredient, but it's not part of the salami itself"
ae14c37e1da12cc,What type of meat is the outermost layer of the roll-up,salami,"the outermost layer of the roll appears to be a type of cured meat, possibly salami or pepperoni. it has a pinkish-red color and a slightly glossy texture, which are characteristic of these types of meats. the inner layer looks like it could be a softer cheese or a similar filling, wrapped in the cured meat"
ae14c37e1da12cc,What color is the cream cheese in the roll-up,white,"the cream cheese in the roll appears to be yellow, which is typical for many types of cream cheese"
ae14c37e1da12cc,What color is the pepperoncini in the roll-up,yellow-orange,"the pepperoncini in the rolls appears to be yellowish-orange, which is typical for this type of pepper"
ae14c37e1da12cc,Where is the pepperoncini located in the roll-up,in the center,"the pepperoncini is located inside the roll, positioned along the length of the sausage casing"
b04183d45e40ff2,What type of seasoning is in the jar,bbq,"the jar appears to contain a ground spice or seasoning, likely something like chili powder, paprika, or a similar dry spice mix. the reddish-brown color suggests it could be a blend that includes spices like cayenne pepper, paprika, or other similar ingredients commonly used for flavoring dishes. however, without more specific information or a closer look at the contents, it's difficult to determine the exact type of seasoning with certainty"
b04183d45e40ff2,What is the BBQ Spice Rub contained in,jar,"the bbq spice rub appears to be contained in a glass jar with a metal lid. the jar has a label on it, but the text on the label is not clearly legibleable in this image"
b04183d45e40ff2,Where is the spoon in relation to the BBQ Spice Rub,submerged,"the spoon is placed inside the jar of bbq spice rub, resting on top of the spice mixture"
b04183d45e40ff2,What color is the spoon,silver,the spoon in the image appears to be silver or metallic in color
b04183d45e40ff2,Where is the jar positioned in the image,in the center,"the jar is positioned on a surface, likely a table or countertop. it appears to be a glass jar with a metal lid, and it contains a brownish-red substance, possibly a spread or paste. the jar is partially open, with a spoon resting inside it, suggesting that it might have been used recently"
ef26b197bbe2006,What color is the dry rub on the fish,brownish,"the dry rub on the fish appears to be a brownish-orange color, which suggests it might contain spices like paprika, cumin, or other similar seasonings typically used in dry rubs for grilled or baked fish"
ef26b197bbe2006,What type of protein is being cooked in the image,fish,"the image shows a dish that appears to include grilled or fried pieces of meat, which could be chicken, fish, or another type of protein. however, without more specific information or a clearer view of the meat's's texture and color, it's difficult to definitively identify the exact type of protein"
ef26b197bbe2006,What color is the lettuce in the salad,green,the lettuce in the salad appears to be green
ef26b197bbe2006,Where are the fish pieces placed in the image,on top of,the fish pieces are placed on top of a bed of fresh lettuce in the image
ef26b197bbe2006,What is the base of the dish in the image,salad,"the base of the dish in the image appears to be a bed of fresh lettuce, which serves as a salad base"
583b571a74b7ca3,What type of container is used for the rib rub,jar,the rib rub in the picture is stored in a glass jar with a metal lid
583b571a74b7ca3,What color is the bottom layer of the rib rub,brown,the bottom layer of the rib rub appears to be a light brown or tan color
583b571a74b7ca3,Where is the jar placed,on the wooden surface,"the jar is placed on a wooden surface, likely a cutting board or a table"
583b571a74b7ca3,What has happened to some of the reddish-brown seasoning,spilled,the reddish-brown seasoning appears to have spilled onto the wooden surface around the jar
22c208ba7aeaf55,How does the dry rub appear on the bottom-right of the frame,scattered,"the dry rub appears as a pile of finely, ground spices in the bottom-right corner of the frame"
22c208ba7aeaf55,What is the primary color of the dry rub,reddish-brown,"the primary color of the dry rub in the image appears to be a mix of brown and orange hues, suggesting it contains spices like paprika, cumin, and possibly other seasoningsings that contribute to these colors"
22c208ba7aeaf55,What utensil is used to hold a smaller portion of the dry rub,spoon,the utensil used to hold a smaller portion of the dry rub in the image is a spoon
22c208ba7aeaf55,What color is the spoon that holds the dry rub,silver,the spoon holding the dry rub appears to be silver in color
22c208ba7aeaf55,Where is the silver spoon positioned in relation to the larger pile of dry rub,on top of,"the silver spoon is positioned above and slightly to the right of the larger pile of dry rub. the spoon appears to be holding some of the dry rub, suggesting it was used to scoop or serve the seasoning"
3fc53a69cff0092,What type of food is featured in the image,bread,"the image features a loaf of bread, which appears to be freshly baked and sliced. the texture looks soft and porous, suggesting it might be a type of artisanal or homemade bread, possibly sourdough or a similar variety"
3fc53a69cff0092,How is the large loaf presented in the image,halved,"the large loaf of bread in the image appears to be freshly baked and sliced. it is placed on a wooden cutting board, which suggests it might be ready for serving or further slicing. the bread has a golden-brown crust with a soft, porous interior, indicating it could be a type of artisanal or homemade bread. the background includes some jars, possibly containing spreads or condiments, suggesting that this bread might be part of a meal or snack setting"
3fc53a69cff0092,Where does the larger loaf sit,sits on,"the larger loaf of bread sits on a wooden cutting board or surface, which is placed on what appears to be a countertop"
3fc53a69cff0092,What color is the interior crumb of the bread,yellow,"the interior crumb of of the bread appears to be a light golden-brown color, which is typical for many types of bread, including sourdough and artisan-style loaves"
3fc53a69cff0092,What is the shape of the bread featured in the image,loaf,"the bread in the image appears to be a loaf with a rounded top and a flat bottom, which is typical for many types of bread loaves"
91d1723a6aedd7b,What is the main dish in the image,chicken salad,"the main dish in the image appears to be a creamy, spreadable dip or spread, possibly a type of tuna or chicken salad, served in a bowl with crackers on the side"
91d1723a6aedd7b,What color is the bowl containing the chicken salad,green,the bowl containing the chicken salad is green
91d1723a6aedd7b,Where is the bowl placed in the image,in the center,"the bowl containing the dip is placed on a wooden surface, likely a table or countertop"
91d1723a6aedd7b,What is stuck into the chicken salad near the upper-right edge of the bowl,cracker,there appears to be a cracker or a piece of bread sticking into the chicken salad at the upper-right edge of the bowl
0e22cce15b99b8b,What color is the spinach in the salad,dark green,the spinach in the salad appears to be green
0e22cce15b99b8b,What type of dish is shown in the image,salad,"the image shows a bowl of stir-fried vegetables and tofu. the dish appears to include leafy greens, possibly spinach or kale, along with pieces of tofu and colorful vegetables such as carrots and bell peppers. it looks like it could be a thai-style stir-fry, given the use of what seems to be a sauce that might contain ingredients like fish sauce, soy sauce, and lime juice, which are are common in thai cuisine"
0e22cce15b99b8b,Where is the spinach located in the salad,located throughout,"the spinach is located throughout the salad, mixed with other ingredients such as what appears to be tofu, carrots, and possibly some nuts or seeds. in the wooden bowl"
0e22cce15b99b8b,What color is the nectarine in the salad,peach,the nectarine in the salad appears to be orange in color
0e22cce15b99b8b,What type of cheese is in the salad,halloumi,"the image shows a salad with what appears to be slicesable cheese, but it's not possible to definitively identify the type of cheese from the image alone. it could be a variety of cheeses such as mozzarella, feta, or even a softer cheese like brie or camembert. the exact type would require more information or a closer look at the texture and color of the cheese"
d5596c269b73398,What is the texture of the base of the salad,creamy,"the base of the salad appears to be creamy and smooth, likely a type of yogurt or a similar dairy product. it has a uniform consistency without any visible chunks or lumps, suggesting it's well-mixed. the presence of cherries on top suggests that they have been added as a topping rather than being part of the base itself"
d5596c269b73398,What is the salad served in,bowl,the salad appears to be served in a clear glass bowl
d5596c269b73398,What color are the cherries on the salad,red,the cherries on the salad are red
d5596c269b73398,What is being done to the salad with the cherries,adding,"the image shows a bowl of what appears to be a dessert or a fruit salad, not a savory salad. the bowl contains a creamy substance, possibly yogurt or pudding, topped with sliced bananas and cherries. it seems to be a sweet dish rather than a savory one"
d5596c269b73398,Where are the cherries placed on the salad,on top,"the cherries appear to be placed on top of the salad, likely as a garnish or topping"
3ff47bf6d70aa77,What color is the bowl,white,the bowl in the picture appears to be white
3ff47bf6d70aa77,What color are the bok choy leaves,green,the bok choy leaves in the image appear to be green with some white stems
3ff47bf6d70aa77,What is the salad served in,bowl,the salad appears to be served in a white bowl
3ff47bf6d70aa77,Where are the bok choy leaves distributed,throughout,"the bok choy leaves are distributed throughout the bowl, with some overlapping and others spread out to show their texture and freshness"
324a37ae3e79125,What color is the salad,green,"the salad in the picture appears to be green, which suggests it might contain ingredients like spinach, lettuce, or other green vegetables"
324a37ae3e79125,What type of dish is described,salad,"the image appears to depict a festive or celebratory dish, possibly a traditional or holiday-themed dessert. the green color and the shredded coconut suggest it could be a variation of a fruit salad or a jello mold, often served during holidays like christmas. the grapes around the dish further support this idea as they are commonly in such celebrations. however, without more context or information, it's hard to determine the exact type of dish"
324a37ae3e79125,How would you describe the size of the salad,large,"the salad in the picture appears to be quite large, as it is presented on a plate that is significantly larger than what one might expect for a typical individual serving. salad. it seems to be be a substantial portion, possibly enough for multiple servings or even a meal for one person"
324a37ae3e79125,How are the white and beige solids arranged in the salad,interspersed,"the white and beige solids, which appear to be shredded cheese or possibly some type of crumbled topping, are scattered across the surface of the green gelatinous base of the salad. they are are not arranged in any specific pattern but rather seem to be distributed
 自动生成的图像"
324a37ae3e79125,Where are the grapes placed in relation to the salad,against the base,"the grapes are placed around the salad, forming a circular border around it"
3baad2f96caa8f2,What color is the plate,white,the plate in the image appears to be white
3baad2f96caa8f2,How are the poppy seeds distributed in the salad,scattered,"the poppy seeds appear to be evenly distributed throughout the salad. they can be seen sprinkled over the top of the other ingredients, which include shredded cabbage, mandarin orange segments, and possibly some other vegetables or greens. the seeds add a subtle texture and flavor to the dish"
3baad2f96caa8f2,What type of onions are in the salad,green onions,"the salad appears to contain sliced green onions, which are a common ingredient in salads. they add a fresh, mild onion flavor and a crisp texture. the orange slices could be a mandarin or clementine, adding a sweet and tangy flavor to the dish. the other ingredients seem to include shredded lettuce and possibly some nuts for crunch"
3baad2f96caa8f2,What color are the almond slivers,brown,the almond slivers in the salad appear to be light brown or beige in color
3baad2f96caa8f2,Where is the salad placed,on a white plate,"the salad appears to be placed in a white bowl. the bowl seems to be be on a surface, possibly a table or countertop, but the exact location cannot be determined from the image alone"
272dbc456d817f5,What color are the tomato halves in the salad,red,the tomato halves in the salad are red
272dbc456d817f5,What is the base of the salad made of,salad,"the base of the salad appears to be arugula, which is a leafy green vegetable known for its peppery flavor and vibrant green color. the salad also includes sliced cherry tomatoes and thinly sliced red onion, adding a pop of of color and a sweet-tart flavor contrast to the arugula. the dressing seems to be be a light vinaigrette, as it's not overly thick or creamy, which complements the freshness of the arugula and other ingredients"
272dbc456d817f5,How are the green leaves arranged in the salad,spread,"the green leaves in the salad appear to be loosely arranged, with some overlapping and others lying flat. they seem to be be mixed together with other ingredients like cherry tomatoes halves and thinly sliced red onions, creating a casual and fresh presentation"
272dbc456d817f5,What color are the onion slices in the salad,purple,"the onion slice in the salad appears to be red, which is typical for red onions"
272dbc456d817f5,Where are the tomato halves placed in the salad,among the leaves,"the tomato halves are placed among the other ingredients of the salad, likely distributed evenly across the dish to provide color and flavor contrast"
b9b52c83506dad8,What color are the tomatoes in the salad,red,the tomatoes in the salad are red
b9b52c83506dad8,How are the tomatoes prepared in the salad,halved,"the tomatoes in the salad appear to be halved and possibly sliced further into smaller pieces. they are bright red, indicating they are ripe and fresh. the halvinging allows for easier eating and ensures that each bite includes both the juicy flesh and the flavorful skin of the tomato"
b9b52c83506dad8,What vegetable is cubed and distributed evenly in the salad,cucumbers,the cubed vegetable in the salad appears to be cucumber
b9b52c83506dad8,What herb is placed on top of the salad,dill,the herb placed on top of the salad appears to be dill
b9b52c83506dad8,Where is the dill placed on the salad,on top,"the dill is placed on top of the salad, adding a fresh and aromatic garnish to the dish"
1f2f9689135b1a9,What color are the watermelon chunks,red,"the watermelon chunks in the image appear to be red, which is typical for ripe watermelon"
1f2f9689135b1a9,What is the salad served in,bowl,the salad appears to be served in a metal bowl
1f2f9689135b1a9,What material is the bowl made of,silver,"the bowl in the image appears to be made of stainless steel. this can be inferred from its reflective surface and the way it interacts with light, which is characteristic of metal bowls"
1f2f9689135b1a9,What color are the cucumber chunks,green,the cucumber chunks in the image appear to be green
1f2f9689135b1a9,Where is the Cucumber-Watermelon Salad located,inside a silver bowl,"the image shows a bowl containing chopped pieces of what appears to be watermelon and possibly other fruits or vegetables, but there is no cucumber visible in this particular image. the bowl seems to be contain a salad that includes watermelon chunks along with other ingredients like pineapple and possibly some red bell peppers. it's not a ""cucumber-watermelon salad"" as there is no cucumber present"
c7fddc777f16260,What color are the cucumber slices,light,the cucumber slices in the picture is green
c7fddc777f16260,What vegetable is light green with darker green skins,cucumbers,the vegetable that is light green with darker green skins in the picture is a cucumber
c7fddc777f16260,What color are the tomato wedges,red,the tomato wedges in the picture are red
c7fddc777f16260,Where are the cucumber slices and tomato wedges placed,throughout the blue bowl,"the cucumber slices and tomato wedges are arranged on a blue plate, which is placed on a table with a checkered tablecloth"
925730a6770069d,What color are the spinach leaves in the salad,green,the spinach leaves in the salad appear to be green
925730a6770069d,What type of dish is being described,salad,"the image depicts a fresh salad. it appears to be a mixed green salad with various ingredients such as cherry tomatoes, cucumber chunks, red onion slices, and possibly some cheese or croutons. the salad is served in a white bowl, which suggests it might be a simple, healthy meal or a side dish for a main course"
925730a6770069d,What color are the mango cubes in the salad,yellow,the mango cubes in the salad are yellow
925730a6770069d,Where are the red onion slices placed in the salad,across the top,"the red onion slices is placed on top of the salad, adding a pop of of color and likely a sharp, slightly sweet flavor to complement the other ingredients"
925730a6770069d,What color is the dish containing the salad,white,the dish containing the salad appears to be white
4372fe51102230d,What color are the black beans in the salad,black,"the black beans in the salad appear to be dark brown or black, which is typical for black beans"
4372fe51102230d,What type of salad is shown in the image,salad,"the image shows a colorful salad that appears to be a mixed vegetable salad. it includes corn kernels, black beans, diced tomatoes, and chopped green bell peppers. the salad seems to be have lightly dressed with a vinaigrette or oil-based dressing, as it has a glossy appearance. this type of salad is often served as a side dish or can be used as a main dish when paired with a protein like grilled chicken or tofu"
4372fe51102230d,What color is the bowl containing the salad,white,"the bowl containing the salad appears to be white with a pinkish hue around the rim, suggesting it might be a ceramic or porcelain bowl"
4372fe51102230d,What color are the corn kernels in the salad,yellow,the corn kernels in the salad appear to be yellow
7b0210017aec1a1,What color is the rice,white,the rice in the picture appears to be white
7b0210017aec1a1,What is the main grain in the dish,rice,"the main grain in the dish appears to be rice, as it is the primary component on the plate and is typically served with other dishes like the grilled salmon and what looks like sautered greens or vegetables"
7b0210017aec1a1,What color are the collard greens,green,"the the collard greens in the picture appear to be a dark green color, which is typical for cooked collard greens"
7b0210017aec1a1,What is the salmon served with,with,"the salmon in the picture appears to be served with a side of white rice and what looks like a green vegetable, possibly spinach or a similar leafy green, that has been cooked and seasoned"
7b0210017aec1a1,What color is the glaze on the salmon,orange,"the glaze on the salmon appears to be a dark brown or almost black color, which suggests it might be a soy-based glaze or a similar type of sauce that has caramelized during cooking"
f9daae725d65b39,What is the name of the dish in the bowl,salsa,"the dish in the bowl appears to be guacamole, which is a popular dip made from mashed avocados, often served with tortilla chips"
f9daae725d65b39,What color is the bowl,white,the bowl in the picture is blue
f9daae725d65b39,What are the primary red ingredients in the salsa,tomatoes,"the primary red ingredients in the salsa appear to be tomatoes and possibly red onion, which are common components of fresh salsa"
f9daae725d65b39,Where is the salsa placed in relation to the chips,in a bowl,"the salsa is placed in the center of the image, surrounded by the tortilla chips"
8cfaa3facf82d38,What colors are present in the bowl,colorful,"the bowl contains a variety of colors from the ingredients inside it. the visible colors include:

- yellow (from pineapple chunks)
- red (from diced tomatoes and possibly red onions)
- green (from cilantro leaves)
- white (from the white bowl itself)

these
assistant
the image shows a bowl containing a colorful fruit salsa or salad. the ingredients appear to include pineapple, red bell peppers, red onions, and cilantro. the bowl is white, which contrasts nicely with the vibrant colors of the food"
8cfaa3facf82d38,What is the apricot salsa served in,bowl,the apricot salsa appears to be served in a white bowl
8cfaa3facf82d38,What fruit is diced and mixed throughout the salsa,apricot,the fruit that appears to be diced and mixed throughout the salsa in the image is pineapple
8cfaa3facf82d38,What color are the diced green bell peppers,green,the diced green bell peppers in the image are green
8cfaa3facf82d38,Where are the bright red halved cherry tomatoes scattered,within the mixture,"the bright red halved cherry tomatoes are scattered throughout the dish, adding a vibrant color contrast to the other ingredients like pineapple chunks and green herbs"
3da567ab3ca2f6e,What is the color of the salsa described as,murky,"the salsa in the picture appears to be green, which suggests it could be a type of salsa verde, often made with tomatillos, chilies, and other ingredients that give it a green hue"
3da567ab3ca2f6e,What color is the bowl,white,"the bowl in the picture has a vibrant, multicolored design with a pattern that includes yellow, orange, red, blue, and green. it appears to be a ceramic or pottery bowl with a decorative rim"
3da567ab3ca2f6e,Where is the bowl located,atop,"the bowl appears to be placed on a surface that looks like a table or countertop. however, there isn't enough context in the image to determine the exact location or environment where this bowl is situated"
17d95c9ed8191a1,What color are the mango pieces,yellow,the the mango pieces in the image are a bright orange-yellow color
17d95c9ed8191a1,How are the mango pieces arranged in the bowl,distributed,"the mango pieces in the bowl appear to be loosely scattered, with some overlapping each other. they are not arranged in any specific pattern but rather seem to be distributed throughout the bowl, creating a colorful and fresh presentation. the lime wedge is placed on top of the mango pieces, adding a contrasting color and suggesting that it might be used as a garnish or for squeezing over the salad"
17d95c9ed8191a1,What color are the cucumber pieces,green,the cucumber pieces in the salad appear to be green
17d95c9ed8191a1,What color are the pieces of onion,white,"the pieces of onion in the image appear to be white or light yellow, which is typical for onions that have been cut and are ready to be be cooked or used in a dish"
17d95c9ed8191a1,Where is the jalapeno slice placed,on top of,the jalapeño slice is placed on top of the fruit salad in the bowl
ddbfac8734f1e43,What color is the bowl containing the salsa,black,the bowl containing the salsa is black
ddbfac8734f1e43,Where is the salsa located,bowl,"the salsa is located in a black bowl, which is placed on a white napkin. the bowl is set on a dark surface, and there to the right of the bowl, there are a small pile of tortilla chips. the background includes a colorful, patterned fabric"
ddbfac8734f1e43,What is the predominant color of the salsa,reddish-orange,"the predominant color of the salsa in the picture appears to be a rich, deep red, which suggests it might be a tomato-based salsa"
ddbfac8734f1e43,What are the green flecks in the salsa,herbs,"the green flecks in the salsa appear to be jalapeño peppers. jalapeños are commonly ingredients in many types of salsa, adding a spicy kick and a slightly fruity flavor that complements the other ingredients like tomatoes, onions, and cilantro"
ddbfac8734f1e43,Where is the bowl positioned in the image,in the center,"the bowl is positioned centrally in the image, placed on a white napkin. which is laid out on what appears to be a dark surface. the bowl contains a red-orange dip or sauce, and there are tortilla chips arranged around it"
75de0d790f2d1f1,What color are the black beans,black,"the black beans in the image appear to be dark brown or black, which is typical for black beans. the color can vary slightly depending on the variety and preparation method, but they are generally dark in appearance"
75de0d790f2d1f1,What is the name of the dish in the image,salsa,"the dish in the image appears to be a type of salsa, specifically a black bean salsa. it contains black beans, corn, diced tomatoes, and possibly cilantro, which are common ingredients in this type of salsa. the dish is served with tortilla chips on the side for dipping"
75de0d790f2d1f1,What color are the corn kernels in the salsa,yellow,the corn kernels in the salsa appear to be yellow
75de0d790f2d1f1,What color are the scallions in the salsa,green,the scallion in the salsa appears to be green
e6791edfa8447f6,What color is the salsa,red,"the salsa in the image appears to be a vibrant red color, which is typical for tomato-based stablada or salsa"
e6791edfa8447f6,What is the name of the dish,salsa,"the dish in the foreground appears to be a bowl of salsa, which is a spicy tomato-based sauce often served with tortilla chips. the tortilla chips and salsa are commonly components of a mexican-inspired meal or appetizer. the dish in the background looks like a plate of tacos, which are are filled with various ingredients such as meat, vegetables, cheese, and topped with salsa"
e6791edfa8447f6,What utensil is inside the salsa bowl,spoon,the utensil inside the salsa bowl appears to be a spoon
e6791edfa8447f6,What color is the bowl,white,the bowl in the picture is white
e6791edfa8447f6,Where is the bowl located in the image,in the lower left,"the bowl containing the red salsa is located on the left side of the image, placed on a white plate"
71b2ca0ab4b6918,What color is the salsa in the white cup,reddish-orange,"the salsa in the white cup appears to be a reddish-orange color, which is typical for many types of salsa"
71b2ca0ab4b6918,What is the salsa served in at the top center,cup,the salsa in the top center of the image is served in a small white bowl
71b2ca0ab4b6918,What does the salsa do in the white cup,fills,"the salsa is served in the white cup, which appears to be a small bowl or ramekin. it is likely used as a dipping sauce for the tortilla chips that surround it on the plate. the salsa provides a flavorful accompaniment to the chips, enhancing their with its tangy and spicy taste"
71b2ca0ab4b6918,Where is the glass jar located,on the right,"the glass jar, which appears to contain salsa, is located in the background of the image, slightly to the right and behind the plate with chips and salsa"
71b2ca0ab4b6918,What color is the salsa in the glass jar,brownish-red,"the salsa in the glass jar appears to be a reddish-orange color, which is typical for many types of salsa, such as tomato-based sjalapeño or pico de gallo"
7a66a68a347449c,What color is the poblano salsa primarily,red,"the poblano salsa in the image appears to be primarily red, which is typical for a traditional tomato-based salsa"
7a66a68a347449c,What type of salsa is shown in the image,salsa,"the image shows a jar of salsa, which appears to be chunky salsa. this type of salsa typically contains visible pieces of tomatoes, onions, and other ingredients like cilantro or jalapeños, giving it a textured appearance. the presence of lime wedges suggests that this salsa might be intended for fresh, zesty flavoring, often used as a topping for tacos, chips, or other dishes"
7a66a68a347449c,What does the salsa do to the clear glass jar,fills,"the salsa fills the clear glass jar, which allows you to see the contents clearly. it appears to be a chunky salsa with visible pieces of tomatoes, onions, and possibly other ingredients like cilantro or jalapeños. the jar is sealed with a metal lid, which keeps the salsa fresh and prevents from air and moisture. the salsa also adds a vibrant red color to the jar, making it visually appealing"
7a66a68a347449c,What is the glass jar described as,clear,"the glass jar in the image appears to be filled with salsa, which is a type of spicy tomato-based sauce commonly used as a condiment or topping for various dishes such as tacos, nach, and chips. it also contains visible chunks of tomatoes, herbs, and possibly other ingredients like onions or jalapeños, suggesting it's homemade salsa. the presence of lime wedges and cilantro in the background further supports this"
42c33972e71f72b,What type of salt is shown in the image,homemade,"the image shows a jar of sea salt, which is a type of coarse-grained salt that comes from evaporating seawater. it is often used for its natural mineral content and is popular for cooking, seasoning, and as a finishing salt"
42c33972e71f72b,What is the main ingredient in the jar,salt,"the main ingredient in the jar appears to be a mixture of ground seeds or grains, possibly chia seeds or flaxseeds, given their light brown color and texture. it could also be a blend of other similar ingredients like oats or coconut flakes. the exact type would depend on the specific recipe or purpose for which it's being used"
42c33972e71f72b,What color are some of the specks in the salt,red,"the specks in the salt appear to be brown and possibly some darker shades, which could indicate the presence of spices or herbs mixed with the salt"
42c33972e71f72b,How is the salt near the wooden spoon described,scattered,"the salt on the wooden spoon appears to be a coarse, granular texture, similar to sea salt or粗粒盐 (co
 addcriterion

 addcriterion

 addcriterion

 addcriterion


 addcriterion


 addcriterion

 addcriterion

 addcriterion

 addcriterion

 addcriterion

 addcriterion

 addcriterion

 addcriterion

 addcriterion


 addcriterion


 addcriterion


 addcriterion


 addcriterion


 addcriterion


 addcriterion


 addcriterion
"
42c33972e71f72b,Where is the jar of salt located in the image,on the upper left,"the jar of salt is located on the left side of the image, placed on a wooden cutting board"
6b40081e4f024d6,What color is the seasoned salt described as,reddish-brown,the seasoned salt in the image appears to be a light brown or tan color
6b40081e4f024d6,What ingredient is the Copycat Lawry's Seasoned Salt primarily made of,salt,"the image you've provided shows a measuring spoon filled with a fine, granular substance that appears to be a seasoning mix. however, without additional context or information about the specific product, it's not possible to definitively identify the exact ingredients of ""copycat lawry's seasoned salt"" based on this image alone.

""lawry's seasoned salt"" is a brand name for a seasoned salt product, and its exact recipe can vary depending on the manufacturer. the typical components of seasoned salts often include salt, garlic powder, onion powder, and sometimes other herbs and spices like black pepper, paprika, and possibly some herbs like"
6b40081e4f024d6,What does the seasoned salt do to the measuring spoon,fills,"the seasoned salt appears to be filling the measuring spoon, indicating that it is being measured out for use in cooking or seasoning"
6b40081e4f024d6,What is the overall appearance of the seasoned salt in terms of color intensity,light,"the seasoned salt appears to have a light brown color, which suggests it might be a blend of various spices and herbs. the color intensity seems moderate, not too dark or not too light, indicating a balanced seasoning mix"
6b40081e4f024d6,Where is the measuring spoon positioned,above a white bowl,"the measuring spoon is positioned above a bowl, with its contents (a brownish powder) being poured into the bowl"
45174eed362036b,What color is the bread of the sandwiches,brown,"the bread in the sandwiches appears to be a light brown or tan color, which is typical for whole wheat or multigrain bread"
45174eed362036b,What type of food is shown in the image,sandwiches,"the image shows a plate of club sandwiches. club sandwiches are are typically made with multiple layers of bread, often toasted, and filled with various ingredients such as meats, cheeses, vegetables, and condiments like mayonnaise or mustard. the sandwiches in the image appear to be made with whole grain bread and contain lettuce and possibly other fillingsings"
45174eed362036b,What color is the white filling in the sandwiches,white,the white filling in the sandwiches appears to be mayonnaise or a similar creamy substance
45174eed362036b,What color are the pickle slices in the sandwiches,green,the pickle slices in the sandwiches appear to be green
45174eed362036b,Where are the sandwiches placed,on a white surface,"the sandwiches appear to be placed on a white plate or tray. the sandwiches are cut into triangular shapes and seem to be have a filling that includes lettuce and possibly some type of spread, such as mayonnaise or mustard. the bread looks like it could be whole wheat or multigrain. the arrangement suggests they might be prepared for a gathering, party, or event where finger foods are typically served"
3d98df155636be2,What color is the plate,blue,the plate in the image is blue
3d98df155636be2,What color are the slices of steak,brown,"the the slices of steak in the image appear to be brown, which is typical for cooked steak"
3d98df155636be2,How are the green bell peppers and onions distributed,scattered,"the green bell peppers and onions appear to be evenly distributed across the sandwiches in the image. they are spread out on top of the melted cheese, which is covering the meat filling. the distribution looks consistent, with each sandwich having a similar amount of vegetables and cheese"
3d98df155636be2,Where is the top Philly Cheesesteak Sandwich located,in the top left corner,the top philly cheesesteak sandwich is positioned at the top of the plate in the image
1c0ce6903ed0925,What color is the plate,blue,the plate in the picture is blue
1c0ce6903ed0925,How are the marshmallows arranged around the sandwich,scattered,the marshmallows are arranged in a circular pattern around the sandwich on the blue plate
1c0ce6903ed0925,What is the orange-brown layer in the sandwich,peanut butter,"the orange-brown layer in the sandwich appears to be a spread or filling, which could be various things depending on the ingredients used. it looks like it might be a type of spread such as mashed sweet potato, pumpkin puree, or possibly a sweet potato-based hummus. the exact ingredient would depend on the specific recipe and personal preference"
1c0ce6903ed0925,What color are the bread slices,golden-brown,"the bread slice in the picture appears to be white, which is typical for white or sourdough bread"
1c0ce6903ed0925,Where is the sandwich placed,on a blue plate,the sandwich is placed on a blue plate
34403e80d88d12c,What type of food is the sauce on,pasta,"the sauce in the picture appears to be a tomato-based sauce, possibly marinara or a similar variety, and it is served over pennene pasta"
34403e80d88d12c,What cuisine does the pasta belong to,italian,"the pasta in the picture appears to be pennei, which is a type of short, cylindrical pasta with a ridged surface. the sauce on top looks like it could be a tomato-based sauce, possibly marinara or a similar variety, which is commonly used in italian cuisine. therefore, this dish can be classified as italian cuisine"
34403e80d88d12c,What is the sauce doing on the sides of the pasta,dripping,"the sauce appears to be pooling on the sides of the pasta, which is a common occurrence when the pasta is served. the sauce can pool on the sides for several reasons:

1. **gravity**: as the pasta is placed on the plate, gravity causes some of the sauce to slide down the sides.
2. **texture and consistency**: the texture and consistency of the sauce can also contribute to this effect. if the sauce is thick or has a tendency to stick, it may pool more on the sides.
3. **portion size**: if the portion of pasta is large relative to the amount of sauce, there can be more"
34403e80d88d12c,What is garnished on top of the sauce,herbs,"the pasta dish in the picture appears to be garnished with grated cheese, possibly parmesan or pecorino romano, and some fresh herbs, which could be parsley or oregano"
84db1a26c1782bd,What color is the chile barbeque sauce,reddish-brown,"the chile barbeque sauce in the image appears to be a deep red color, which is typical for many types of barbeque sauces that include chiles as an ingredient"
84db1a26c1782bd,What is being coated by the chile barbeque sauce,food,"the image shows pork chops that are being coated with a chile barbeque sauce. the sauce appears to be rich and glossy, suggesting it has been applied generously over the surface of the meat. additionally, there are chopped green onions sprinkled on top as garnish"
84db1a26c1782bd,Where does the chile barbeque sauce trickle,down the sides,"the chile barbeque sauce appears to be trickling down the sides of the meat in the image. it is visible as a dark, reddish-brown sauce that is spread over the top and slightly dripping down the edges of the meat pieces"
ca23b48dd5e6428,What color is the sugar sauce,brown,the sugar sauce in the image appears to be a light brown or caramel color
ca23b48dd5e6428,What is the main ingredient in the sauce,sugar,"the sauce appears to be caramel, which is a sweet, thick, and sticky syrup made from sugar that has been heated until it turns brown. and sometimes salt is added for flavor. it's often used as a topping for ice cream, as seen in this image"
ca23b48dd5e6428,What color is the sauce described as,amber,"the sauce in the image appears to be caramel-colored, which is typically a rich, golden-brown hue"
ca23b48dd5e6428,What type of glass is the dessert served in,in a clear glass,"the dessert is served in a clear glass, which appears to be a small, stemmed glass often used for serving ice cream or other desserts"
ca23b48dd5e6428,Where is some of the sauce located in the dish,bottom,"the sauce appears to be located on top of the ice cream, drizzled in a zigzag pattern across the surface"
55181dc0db808c2,What color is the pasta,yellow,"the pasta in the picture appears to be white, which is typical for traditional spaghetti or fettuccine. the red sauce on top adds a vibrant contrast to the white pasta"
55181dc0db808c2,What type of food is the main dish,pasta,"the main dish in the picture appears to be a plate of pasta, specifically spiral-shaped pasta (like fusilli or rigatoni), topped with a generous amount of meatballs and a rich tomato sauce"
55181dc0db808c2,What color is the Nonna's Sweet Pasta Sauce,red,"the nonna's sweet pasta sauce in the picture appears to be a rich, deep red color, which is typical for tomato-based pasta sauces"
55181dc0db808c2,Where is the meatball placed,on top of,the meatball is placed on top of a serving of spaghetti in the center of the plate
55181dc0db808c2,What color are the small specks on top of the sauce and meatball,white,the small specks on top of the sauce and meatball appear to be parmesan cheese
9ca38ea82e94789,What color is the vodka sauce,orange-red,"the vodka sauce in the picture appears to be a light, creamy yellowish-orange color. this is typical for a classic vodka sauce, which often includes ingredients like cream, vodka, and possibly cheese or butter, giving it this hue"
9ca38ea82e94789,What type of noodles are in the dish,spaghetti,"the dish appears to contain spaghetti, which is a long, thin, flat noodle typically used in italian pasta dishes"
9ca38ea82e94789,What color is the plate,white,the plate in the image is white with a decorative edge
9ca38ea82e94789,Where is the sauce distributed on the plate,from center to edges,"the sauce appears to be distributed
 addcriterion
"
bd7bd756ee18ffb,What color is the bowl in the image,reddish-brown,the bowl in the image is red
bd7bd756ee18ffb,What is the No Cook BBQ Sauce contained in,bowl,"the no cook bbq sauce appears to be contained in a red plastic bowl. there is also a paintbrush partially submerged in the sauce, which suggests that it might have been used for painting or decorating purposes"
bd7bd756ee18ffb,What color is the bowl that holds the No Cook BBQ Sauce,pink,the bowl holding the no cook bbq sauce is red
bd7bd756ee18ffb,Where is the bowl located in the image,in the center,"the bowl is located in the center of the image, placed on what appears to be a red surface, possibly a table or a countertop"
fd8d018e2c7cb26,What color is the tomato sauce in the bowl,reddish-orange,"the tomato sauce in the bowl appears to be a rich, deep red color"
fd8d018e2c7cb26,What is the main component of the dish in the bowl,sauce,"the main component of the dish in the bowl appears to be a type of curry or stew, likely featuring a rich, red sauce. the sauce contains visible chunks that could be pieces of vegetables such as tomatoes and possibly potatoes or other root vegetables. it also seems to have some spices and herbs mixed into it, which is typical for curries. the texture looks thick and chunky, suggesting it might be a vegetable-based curry rather than one with meat"
fd8d018e2c7cb26,What does the tomato sauce do to most of the bowl,fills,"the tomato sauce appears to cover most of the surface area of the bowl, indicating that it is the primary component of the dish. it seems to be be a thick and rich tomato-based sauce, possibly used as a base for a curry or a similar dish. the sauce looks to be be cooked down, giving it a smooth and slightly chunky texture, which suggests it may have been simmered with other ingredients such as vegetables or spices"
fd8d018e2c7cb26,What color is the piece positioned slightly to the left of the center,green,"the piece positioned slightly to the left of the center appears to be a dark brown or almost black color, which could suggest it might be a piece of meat or a similar ingredient in the dish"
fd8d018e2c7cb26,Where is the green piece positioned in the bowl,to the left,"the green piece appears to be positioned towards the top left corner of the bowl, partially submerged in the sauce"
ddb3d77b8ca050e,What color is the pizza sauce,red,"the pizza sauce in the image appears to be a deep red color, which is typical for tomato-based sauces used in pizza"
ddb3d77b8ca050e,What type of surface is the bowl placed on,wooden surface,"the the bowl appears to be placed on a wooden surface, likely a cutting board or a table with a wooden texture"
ddb3d77b8ca050e,What color are most of the strands of shredded cheese,white,"the most of the strands of shredded cheese in the image appear to be white or off a very pale yellowish-white color, which is typical for shredded cheese"
ddb3d77b8ca050e,Where are some strands of shredded cheese located,next to,"the strands of shredded cheese are located on the left side and in the bottom right corner of the image, scattered around the bowl that contains the red sauce"
cb07a393ddb422a,What does the BBQ sauce do in the bowl,fills,"the image shows a bowl of bbq sauce with what appears to be a brush or applicator partially submerged in it. this suggests that the bbq sauce is being used for coating or basting purposes, likely for preparing food such as meats, vegetables, or other items that would benefit from a flavorful sauce. the brush or applicator is typically used to spread the sauce evenly over the food item, ensuring it is well-coated and enhancing to enhance its flavor"
cb07a393ddb422a,What color is the BBQ sauce,brown,"the bbq sauce in the image appears to be dark brown, which is typical for many bbq sauces"
cb07a393ddb422a,What is the BBQ sauce contained in,bowl,"the bbq sauce appears to be contained in a small, black ceramic or enameled cast iron pot with handles on either side"
cb07a393ddb422a,Where is the paintbrush resting,on the rim,"the paintbrush is resting on the edge of the pot, with its bristles dipping into the dark liquid inside the pot"
320f477ddba74f5,What color is the sauce on the wings,orange,"the sauce on the wings appears to be a vibrant orange color, which is characteristic of buffalo-style sauce"
320f477ddba74f5,How are the wings prepared,coated,"the wings in the picture appear to be prepared with a sauce that gives them a glossy, reddish-orange color, suggesting they might be coated in a sweet and spicy sauce, possibly a buffalo-style sauce or a similar type of glaze. they seem to have been baked or fried as they look crispy on the outside. the presence of celery sticks suggests they are served as an appetizer or snack"
320f477ddba74f5,What vegetable is orange and arranged around the wings,carrots,the orange vegetable arranged around the wings appears to be a carrot stick
320f477ddba74f5,What color are the celery sticks,green,the celery sticks in the image are green
320f477ddba74f5,Where are the food items placed,on a plate,"the food items in the image appear to be chicken wings coated in a glossy, likely spicy or sweet sauce, accompanied by celery sticks and carrot sticks. they are arranged on a white plate, which is placed on what seems to be a table or countertop"
641c68e581d733f,What color is the Homestead Barbecue Sauce,reddish-brown,"the homestead barbecue sauce in the image appears to be a deep red color, which is typical for barbecue sauces that often contain ingredients like ketchup, molasses, and spices. giving it a rich, dark hue"
69aee1d3ba018ff,What color are the tangerine segments,orange,the tangerine segments in the image appear to be orange in color
69aee1d3ba018ff,What is the container used to hold the cranberry sauce and tangerine segments,bowl,"the container holding the cranberry sauce and tangerine segments appears to be a small, clear glass bowl or dish. it is designed for serving individual portions of food, which is common in desserts or appetizers. the bowl's transparency allows the vibrant colors of the cranberry sauce and tangerine segments to stand out, making it visually appealing"
69aee1d3ba018ff,What color is the cranberry sauce,red,"the cranberry sauce in the image appears to be a deep red color, which is typical for cranberry sauce"
69aee1d3ba018ff,Where are the whole cranberries placed,on top,"the whole cranberries appear to be placed on top of the cranberry sauce in the dessert bowl. they are scattered across the surface, adding a pop of of color and texture to the dish"
1c00b85749755c0,What color is the beef in the image,brownish-red,"the beef in the image appears to be brown, which is typical for cooked beef that has been seareded or roasted"
1c00b85749755c0,What type of meat is featured in the dish,beef,"the dish appears to feature slices of beef, likely roast beef, as it has a dark brown color and texture that is characteristic of cooked beef"
1c00b85749755c0,How is the beef prepared in the image,cooked,"the beef in the image appears to be cooked and sliced into portions. it looks like it has been braised or stewed, as indicated by the tender texture and the presence of vegetables such as carrots and possibly onions or celery. the meat is served on a plate with these vegetables, suggesting it might be part of a hearty meal, possibly a roast or a stew"
1c00b85749755c0,What color are the carrots in the image,orange,the carrots in the image appear to be orange
1c00b85749755c0,Where is the cabbage located on the plate,in the top center,"the cabbage appears to be located towards the top of the plate, mixed with other vegetables such as carrots and possibly potatoes or parsnips"
bd9bb1c1a13d688,What color is the stew-like liquid,dark brown,"the stew-like liquid in the image appears to be a dark brown color, which could suggest it contains ingredients like beef, lamb, or other meats that have been cooked down with vegetables and spices"
bd9bb1c1a13d688,What type of dish is the dark brown liquid,stew,"the image shows a dark brown liquid that appears to be a type of porridge or gruel. it could be a variety of dishes, such as:

1. **oatmeal**: aatmeal is a common breakfast dish made from rolled oats cooked in water or milk.
2. **rice pudding**: this is a dessert made by cooking rice with milk and sugar until it becomes creamy.
3. **gravy**: aatmeal can also be a type of gravy, especially if it's thickeneded with flour or cornstflour.
4. **mushroom gravy**: if there contains mushrooms,"
bd9bb1c1a13d688,What color is the cooking pan,light brown,the cooking pan in the picture appears to be brown or copper-colored
bd9bb1c1a13d688,What color are the tiny pieces scattered throughout the liquid,golden,the tiny pieces scattered throughout the liquid appear to be a light brown or beige color
bd9bb1c1a13d688,Where are the bubbles and steam rising from,from the surface,"the bubbles and steam are rising from the surface of the food in the pan. it appears to be a dish that is being being cooked or heated, possibly a porridge or a similar type of dish. the steam suggests that it's hot and actively cooking"
9ab4e1e0b9e3538,What color is the sauerkraut in the bowl,yellowish-white,"the sauerkraut in the bowl appears to be a light greenish-white color, which is typical for sauerkraut as it fermentsates and becomes slightly translucent"
9ab4e1e0b9e3538,What is the sauerkraut doing in the bowl,forming,"the sauerkraut, which is a type of fermented cabbage, is being served alongside sausages in the bowl. it appears to be a dish that combines the tangy and slightly sour flavor of the sauerkrara with the savory taste of the sausages. this combination is often enjoyed as a hearty meal, particularly in german cuisine. the sauerkraut acts as a side dish or accompaniment to the sausages, providing a balance of flavors and textures"
9ab4e1e0b9e3538,What is the sauerkraut placed in,bowl,"the sauerkraut, which is a type of fermented cabbage, is typically served in a bowl or plate. as shown in the image you provided. it can be eaten directly from the bowl or plate, and it's often accompanied by other dishes such as sausages, as seen in this image"
9ab4e1e0b9e3538,What color are the smokies,brownish-red,"the sausages in the picture appear to be a reddish-brown color, which is typical for cooked sausages"
9ab4e1e0b9e3538,Where is the smokie located in the bowl,in the bottom-left,the sausages (smokies) are located on top of the sauerkra in the bowl
f4c5c78433d6d23,What color is the wrapper of the sausage flowers,golden-brown,"the wrappers of the sausage flowers in the picture appear to be golden-brown, which is typical for wonton or phyllo dough when they are baked or fried"
f4c5c78433d6d23,What are the edible items shaped like flowers in the image,sausage flowers,"the image shows wonton cups appetizers, which are crispy, thin-walled dumplings that have been fried or baked until golden brown. in this case, they appear to be filled with a savory mixture and topped with sour cream and green onions, giving them a flower-like appearance when placed on a serving tray"
f4c5c78433d6d23,What color is the sausage mixture inside the flowers,brownish-orange,"the sausage mixture inside the wonton cups appears to be a light brown or tan color, which suggests it might be cooked and seasoned"
f4c5c78433d6d23,Where are the green scallions placed,sprinkled over,"the green scallion, also known as green onion or spring onion, is placed on top of the wonton cups in the image"
f4c5c78433d6d23,What is the color of the tray holding the sausage flowers,silver tray,"the tray holding the sausage flowers appears to be silver or metallic in color, as it reflects light and has a shiny surface typical of metal trays used for serving food"
0f4169610c6b102,What type of meat is used in the dish,sausage,"the dish appears to be sweet and sour chicken, which typically uses chicken as the main ingredient. however, it's also possible that the dish could include other types of meat such as beef or pork, depending on regional variations or personal preferences. the dish in the picture seems to have chunks of meat, which could be chicken, beef, or pork, but without more specific information, it's hard to determine the exact type of meat used in the dish"
0f4169610c6b102,What color is the sausage,reddish-brown,"the sausage in the image appears to be a light brown or golden color, which is typical for cooked sausages that have been fried or grilled"
0f4169610c6b102,What shape is the bowl,in a leaf-shaped bowl,"the bowl in the image has a leaf-like or organic shape, with curves and indentations resembling the outline of a leaf"
0f4169610c6b102,How was the sausage cooked,grilled,"the image shows a dish that appears to be sweet and sour sausage, which typically involves cooking the sausage in a sweet and sour sauce. this type of dish is often prepared by frying or sauting the sausage pieces until they they are browned and cooked through. the sauce is then added, and the dish is simmered until the sauce thickens and coats the sausage evenly. it's possible that the sausage has been pan-fried or sauteed before being added to the sweet and sour sauce. however, without more information about the specific cooking method used, it's difficult to say for certain"
0f4169610c6b102,What fruit is mixed with the sausage,pineapple,the dish in the picture appears to include pineapple as one of the fruits ingredients mixed with the sausage and vegetables
b03fd7734dcd1f9,What is the color of the scallops,creamy,"the scallops in the image appear to be white, which is typical for cooked scallops"
b03fd7734dcd1f9,What type of dish is served alongside the scallops,pasta,"the dish served alongside the scallops appears to be spaghetti with herbs and possibly some small pieces of seafood or vegetables, garnished with fresh herbs. additionally, there are a side of garlic bread, which is a common accompaniment to seafood dishes"
b03fd7734dcd1f9,What color is the pasta,white,"the pasta in the picture appears to be white, which suggests it could be a type of white pasta such as fettuccine or linguine, often used in dishes like alfredo"
b03fd7734dcd1f9,Where is the toast located in the image,on the side,"the toast is located on the right side of the image, placed on a red napkin next to a fork and knife"
0165a5347fc3006,What shape is the scone,triangular,the scone in the picture appears to be round in shape
0165a5347fc3006,What type of food is shown in the image,scone,"the image shows a slice of scones with clotted cream and jam, which is a traditional british snack or dessert. the scones are typically served warm and are often accompanied by tea"
0165a5347fc3006,What color is the lemon wedge,yellow,"the lemon wedge in the image appears to be yellow, which is the typical color of for a lemon"
0165a5347fc3006,Where is the scone placed,on a plate,"the scone is placed on a white plate with a decorative edge, which is set on a table. the plate is part of a larger arrangement that includes a teacup and saucer in the background, along with a teapot. the setting appears to be a breakfast or tea time scene"
0165a5347fc3006,What color is the plate,white,"the plate in the image is white with a decorative pattern that includes green and yellow elements, possibly depicting leaves or flowers"
06b69ab2d9fd200,What color is the plate the scones are on,white,the plate the scones are on appears to be white
06b69ab2d9fd200,What type of baked goods are shown in the image,scones,"the image shows scones, which are a type of light, tender, and slightly sweet biscuit-like bread. they are often served with clotted cream and jam as a traditional british snack or accompaniment to tea"
06b69ab2d9fd200,What color is the scone in the foreground,golden brown,"the scone in the foreground appears to be light golden brown, which is typical for freshly baked scones"
06b69ab2d9fd200,Where is the golden brown scone located,in the foreground,the golden brown scone is located on the top right of the plate in the image
76051d98525aa3b,What color are the scrambled eggs,yellow,"the scrambled eggs in the picture appear to be yellow, which is typical for scrambled eggs made with eggs and butter or oil"
76051d98525aa3b,What fruit is interspersed throughout the eggs,tomato,"the fruit interspersed throughout the eggs appears to be cherry tomatoes. they have a red color and are cut into halves, which is typical for cherry tomatoes used in this type of dish"
76051d98525aa3b,What color is the basil leaf,green,the basil leaf in the image is green
76051d98525aa3b,Where is the basil leaf positioned,towards the center,the basil leaf is positioned on top of the scrambled eggs in the center of the dish
5befd704424b15d,What is the primary color of the seasoning,reddish-brown,the primary color of the seasoning in the image is brown
ea86b8337adee6c,What color are the pumpkin seeds,brown,"the pumpkin seeds in the picture appear to be a mix of brown and golden hues, indicating they have been roasted or seasoned with spices"
ea86b8337adee6c,What type of seeds are shown in the image,pumpkin seeds,"the image shows almonds that have been coated with a sugar and spice mixture, giving them a candied appearance"
ea86b8337adee6c,What is the white coating on the pumpkin seeds,sugar,"the white coating on the pumpkin seeds appears to be a mixture of sugar and possibly spices or seasonings. it looks like they have been coated with a sweet and savory mixture, which could include ingredients such as salt, cinnamon, nutmeg, or other spices commonly used in roasted nuts. this type of coating is often used to enhance the flavor and make the seeds more palatable for snacking"
9bdab5eeae956d5,What color is the semifreddo,orange,"the semifreddo in the picture appears to be a light yellow or beige color, which is typical for many types of semifreddo, especially those made with vanilla or other light-colored flavors"
9bdab5eeae956d5,What type of dessert is shown,semifreddo,"the image shows a christmas tree-shaped dessert, which appears to be a type of pastry or cake. it has a golden-brown color and seems to have a filling or topping that gives it a textured appearance. the shape and the decoration suggest it could be a festive holiday treat, possibly a christmas-themed dessert"
9bdab5eeae956d5,What color is the tray,silver,the tray in the picture is silver or metallic in color
9bdab5eeae956d5,What color is the base of the semifreddo,off-white,"the base of the semifreddo appears to be white, likely due to the color of the cream or mmallow that forms the base"
9bdab5eeae956d5,Where is the semifreddo placed,on a tray,"the semifreddo is placed on a metal tray, which is resting on a table covered with a white tablecloth that has a floral pattern"
6976d7e77ced1df,What color is the bowl,white,the bowl in the picture is white
6976d7e77ced1df,What color are the shrimp,pinkish-orange,"the shrimp in the picture appear to be pinkish-orange, which is typical for cooked shrimp"
6976d7e77ced1df,Where are the shrimp arranged,in the center,the shrimp are arranged on top of a bed of white rice in the center of the plate
6976d7e77ced1df,What color are the vegetables in the sauce,green,"the vegetables in the sauce appear to be green, likely indicating the presence of green bell peppers or green onions"
8e0a5a668884897,What color is the plate,white,the plate in the image appears to be white
8e0a5a668884897,What type of seafood is shown,shrimp,"the image shows shrimp that have been cooked and appear to be seasoned, possibly with butter or a similar sauce. the shrimp are peeled and deveined, which is a common preparation method for shrimp before cooking"
8e0a5a668884897,What color are the spots on the shrimp,reddish-orange,"the spots on the shrimp appear to be a reddish-orange color, which is typical for cooked shrimp"
8e0a5a668884897,Where are the shrimp located on the plate,in the center,"the shrimp are located on a white plate, arranged in a circular pattern"
b37293b876e011e,What color is the plate,blue,the plate in the image is blue
b37293b876e011e,What type of seafood is shown,shrimp,"the image shows a dish that appears to be shrimp, which is a type of seafood. it looks like it might be a shrimp scampi or a similar dish, as it has been cooked with herbs and garlic, which are common in such dishes"
b37293b876e011e,What ingredient is visible on the shrimp,garlic,"the shrimp in the image appear to be garnished with chopped green herbs, which could be parsley or cilantro. it's also possible that there might be some garlic or other spices mixed in, but the primary visible ingredient on the shrimp is the green herb"
b37293b876e011e,What color are the shrimp,pink-orange,"the shrimp in the picture appear to be a pinkish-orange color, which is typical for cooked shrimp"
b37293b876e011e,Where is the garlic shrimp placed,on a blue plate,"the garlic shrimp is placed on a dark blue plate, which is set on a striped tablecloth"
5bb240fd272bf4e,What is the base of the dish made of,hash brown,"the dish appears to be a frittata, which is an italian omelette. the base of the dish is likely a mixture of eggs, which are cooked until set and then baked in the oven. this creates a solid, flat base that holds the other ingredients together. in this particular frittata, you can see see various toppings such as cheese, ham, and possibly some vegetables or herbs, which are distributed evenly over the egg base during cooking"
5bb240fd272bf4e,What color are the bacon pieces,red,"the bacon pieces in the image appear to be a light brown color, which is typical for cooked bacon"
5bb240fd272bf4e,What garnish is sprinkled atop the dish,scallions,the dish appears to be topped with finely cheese and chopped green onions
acd98ebf33a8275,What color is the plate,white,the plate in the image is white
acd98ebf33a8275,What fruit is on top of the slaw,pineapple,the fruit on top of the slaw appears to be pineapple chunks
acd98ebf33a8275,What color are the pineapple chunks,yellow,"the pineapple chunks in the salad appear to be a light yellowish-orange color, which is typical for fresh pineapple"
acd98ebf33a8275,What color are the celery slices,green,the celery slice in the image appears to be green
acd98ebf33a8275,Where is the slaw placed,on a white plate,"the coleslaw (or potato salad, depending on the ingredients) is placed on a white plate, which is set on a placemat with a decorative design featuring grapes and leaves"
abe4eca7b50eea2,What is the main ingredient in the slaw,corn,"the main ingredients in the slaw appear to be shredded carrots, corn kernels, and possibly some red bell peppers or other vegetables. the dressing seems to be a creamy sauce, which could be mayonnaise-based or a similar type of dressing"
abe4eca7b50eea2,What color are the corn kernels,yellow,"the corn kernels in the image appear to be a mix of yellow and white, which is typical for sweet corn"
abe4eca7b50eea2,How are the corn kernels distributed in the slaw,scattered,"the corn kernels in the slaw appear to be evenly distributed throughout the dish. they are interspersed among the other ingredients, which include what looks like shredded meat and possibly some vegetables like red bell peppers or carrots. the distribution seems consistent, ensuring that each bite of the slaw contains a mix of the different components flavors"
abe4eca7b50eea2,What color are the small cubes of bell pepper,red,the small cubes of bell pepper in the image appear to be red
abe4eca7b50eea2,Where is the slaw located on the plate,on the left side,"the slaw, which appears to be a mix of shredded vegetables and possibly some corn kernels, is located on the left side of the plate. it is placed next to what looks like a serving of pulled pork or a similar dish. the slaw is served in a small portion on the plate, separate from the main dish"
67cc22c854d166a,What color is the cabbage in the image,green,"the cabbage in the image appears to be a mix of green and purple, indicating it might be a variety like red cabbage or a blend of different cabbage types"
67cc22c854d166a,What is the main vegetable in the dish,cabbage,"the main vegetable in the dish appears to be shredded cabbage, which is commonly used in coleslaw or similar salads"
67cc22c854d166a,How are the ingredients arranged in the image,mixed,"the image shows a coleslaw salad, which typically consists of shredded cabbage and carrots mixed together. the ingredients appear to be evenly distributed throughout the salad, with no specific arrangement or pattern"
67cc22c854d166a,What color are the carrots in the image,orange,the carrots in the image are orange
a8534ffc026fa1a,How are the ingredients arranged in the bowl,scattered,"the ingredients in the bowl appear to be mixed together, creating a uniform blend of shredded cabbage, carrots, and possibly other vegetables like celery or onions. the mixture looks well combined, with no distinct layers or separate sections visible"
a8534ffc026fa1a,What type of salad is shown in the image,coleslaw,"the image shows a coleslaw salad. coleslaw typically consists of shredded cabbage and carrots, often mixed with mayonnaise or a similar creamy dressing, and can sometimes include other ingredients such as celery, onions, and sometimes raisins or apples. it appears to be a classic coleslaw with visible shredded cabbage, carrots, and possibly some celery and onions"
a8534ffc026fa1a,What color are the shreds of carrot in the coleslaw,orange,the shredsreds carrot in the coleslaw are orange
a8534ffc026fa1a,Where is the coleslaw located in the image,in the bowl,the coleslaw is located in a large glass bowl in the center of the image
ce59e2b561648cc,What color is the orange slice,orange,"the orange slice in the picture appears to be a bright, vibrant yellow-orange color"
ce59e2b561648cc,What is the orange slush served in,glass,the orange slush is served in a clear glass
ce59e2b561648cc,How would you describe the color of the orange slice,bright,"the orange slice in the image appears to be a vibrant yellow-orange color, which is typical for ripe oranges"
ce59e2b561648cc,Where is the orange slice placed,on the rim,"the orange slice is placed on the rim of of the glass, adding a decorative touch to the drink"
8e0e736b1ed4313,What material is the tray made of,metal,"the tray in the image appears to be made of metal, likely stainless steel or aluminum, which is commonly used for serving trays due to its durability and ease of cleaning"
8e0e736b1ed4313,What type of drink is shown in the image,slushies,"the image shows three different types of drinks, each served in a plastic bag and placed on ice. the drinks appear to be smoothies or frozen cocktails, as they have a thick consistency and are are served with straws. the colors suggest that one might be a fruit-based smoothie (like pineapple), another could be a berry-based smoothie (like strawberry) and the third one could be a juice-based drink ( like orange). however, without tasting or having more information, it's not possible to determine the exact ingredients of the drinks"
8e0e736b1ed4313,What color is the slushie at the top of the image,red,the slushie at the top of the image appears to be a dark red or purple color
8e0e736b1ed4313,Where are the slushies placed,in a metal tray,"the slushies are placed in a box of filled with ice cubes. the box is on a tiled surface, and each slushie has a straw inserted into it"
fdc7674729342a7,What flavor is the smoothie,chocolate,"the smoothie in the image appears to be chocolate-flavored, as indicated by its dark brown color and the visible cocoa powder at the bottom of the glass"
fdc7674729342a7,What is the smoothie served in,cup,"the smoothie appears to be served in a clear glass with a handle, which is commonly used for smoothies and other beverages"
fdc7674729342a7,What color is the smoothie,brown,the smoothie in the picture appears to be a dark brown or chocolate color
1d68b70e9d2f4a0,What color are the specks in the smoothie,pink,"the specks in the smoothie appear to be small, dark-colored pieces, possibly seeds or pieces of fruit like berries. they are not clearly visible due to the smooth texture of the smoothie, but they are present and add a contrast to the pink color of the smoothie"
1d68b70e9d2f4a0,What type of drink is in the glass,smoothie,"the drink in the glass appears to be a smoothie or a milkshake. it has a pink color, which suggests it might contain ingredients like strawberries, raspberry, or another fruit that gives it this hue. the presence of a mint leaf garnish also indicates it could be a fruit-based beverage, possibly with a hint of freshness from the mint"
1d68b70e9d2f4a0,What color are the mint leaves,green,the mint leaves in the picture are green
1d68b70e9d2f4a0,Where is the sprig of mint leaves positioned,on top of,"the sprig of mint leaves is positioned on top of the glass, resting on the rim and slightly overhanging it"
150e8e2edb2a656,What is the main flavor of the smoothie,chocolate,"the main flavor of the smoothie appears to be chocolate, as indicated by its rich brown color and the visible cocoa powder on top"
150e8e2edb2a656,What type of drink is shown in the image,smoothie,"the image shows a chocolate smoothie or milkshake served in a mason jar with a straw. it appears to be a thick, creamy beverage, likely made from ingredients such as chocolate, milk, and possibly some fruits or protein powder for added nutrition. the setting suggests it's a homemade or artisanal-style drink, presented on a decorative plate with a natural backdrop"
150e8e2edb2a656,What color is the smoothie,brown,"the smoothie in the picture appears to be a rich, dark brown color, which suggests it might be a chocolate or cocoa-based smoothie"
150e8e2edb2a656,What color are the swirling patterns on the plate,green,"the swirling patterns on the plate appear to be in shades of green and brown, with some red accents"
a462ea5e69d2845,What fruit is used to make the smoothie,pineapple,"the smoothie in the picture appears to be a pineapple smoothie, as indicated by the presence of a whole pineapple in the background. and the color and texture of the smoothie itself, which resembles that of a pineapple smoothie"
a462ea5e69d2845,What is the color of the glass mug,clear,"the glass mug in the picture is clear, allowing you to see through it and view the contents inside"
a462ea5e69d2845,What type of drink is in the glass,smoothie,"the drink in the glass appears to be a smoothie or a milkshake, given its creamy texture and the presence of a straw"
a462ea5e69d2845,Where is the whole pineapple located,to the right,the whole pineapple is located to the right of the glass mug in the image
be72e9b3eb9427e,What color are the mint specks in the smoothie,green,"the mint specks in the smoothie appear to be green, which is typical for fresh mint leaves"
be72e9b3eb9427e,What type of drink is in the glass,smoothie,"the drink in the glass appears to be a strawberry smoothie or juice. it has a vibrant pink color, which is characteristic of a strawberry-based beverage. the presence of lime slices and mint leaves suggests it might be garnished for flavor and presentation. the texture looks smooth, indicating it could be blended with other ingredients like yogurt, milk, or ice"
be72e9b3eb9427e,What fruit is on top of the smoothie,strawberry,"the fruit on top of the smoothie appears to be a strawberry, garnished with a slice of lime and a sprig of mint"
be72e9b3eb9427e,Where is the strawberry placed,on top of,"the strawberry is placed on top of the smoothie in the glass, adding a decorative touch and likely contributing to the flavor of the drink"
5abab4fc0138458,What is the consistency of the Pina Colada Sorbet,solid,"the image you've provided appears to be a close-up of a substance that looks like it could be sorbet, possibly a pina colada flavor given the context. however, without tasting or having more information, it's difficult to definitively identify the consistency. generally, sorbet has a soft, creamy, and slightly grainy texture due to the frozen state of the fruit or juice base. it should be smooth enough to melt quickly in your mouth but not too liquidy. the texture can vary depending on how finely the ingredients were ground before freezing and the temperature at which it was served. if this is indeed sorbet, it"
5abab4fc0138458,What type of dessert is shown in the image,sorbet,"the image appears to show a close-up of a dessert that looks like it could be a type of whipped cream or mering
 addcriterion
"
5abab4fc0138458,What is the color of the Pina Colada Sorbet,pale,"the image you provided appears to be a close-up of a white, creamy substance that resembles pina colada sorbet. however, it's important to note that the color of sorbet can vary depending on the ingredients and flavor. in this case, the sorbet seems to have a white color which could indicate it contains coconut or pineapple flavors, but without more information, it's not possible to definitively identify the exact flavor"
5abab4fc0138458,What shade of white is the Pina Colada Sorbet,off-white,"the image you've provided appears to be a close-up of a substance that resembles pina colada sorbet. however, it's important to note that the color can vary depending on the specific ingredients and preparation method used by different manufacturers. the pina colada flavor typically includes pineapple and coconut flavors, which might contribute to a slightly off yellowish or off whitish hue. the exact shade of white in this image could be influenced by the lighting conditions and the specific product formulation"
dc3896d8b1db274,What color is the blueberry sorbet described as,rich,"the sorbet in the image appears to be a deep, rich purple color, which is characteristic of blueberry sorbet"
dc3896d8b1db274,What type of dessert is the purple food,sorbet,"the image shows a bowl with a purple substance that appears to be a beetroot-based dessert or spread. it could be a beetroot sorbet, a beetroot ice cream, or a beetroot-based smoothie blended into a thick consistency. the exact type would depend on the recipe and preparation method used"
dc3896d8b1db274,What color is the sorbet,purple,"the sorbet in the image appears to be a deep red or purple color, which is characteristic of beetroot sorbet"
dc3896d8b1db274,Where is most of the sorbet contained,in the bowl,"most of the sorbet is contained in the bowl, which appears to be a white ceramic or plastic container"
dc3896d8b1db274,What fruit is the sorbet made from,blueberry,"the sorbet in the image appears to be made from beets, as indicated by the deep red color of the mixture"
3caf51c2d92cd50,What is the bowl doing on the plate,resting,"the bowl appears to be sitting on top of a plate, which is placed on a surface that looks like a tablecloth or a placemat. the bowl contains what seems to be a baked dish, possibly a casserole or a pie with a golden-brown crust. the banana in the background suggests it might be part of a breakfast or brunch setting"
3caf51c2d92cd50,What color is the bowl and plate,pale green,"the bowl appears to be white with a green rim, and the plate underneath it is also white"
3caf51c2d92cd50,What color is the souffle,golden-brown,"the soufflé in the picture appears to be golden brown on top, indicating it has been baked and is likely crispy or crunchy on the outside. the interior seems to have a lighter color, possibly white or off a pale yellow, which is typical for soufflés made with eggs and sugar"
3caf51c2d92cd50,What texture does the top of the souffle have,crispy,"the top of the soufflé in the image appears to have a golden-brown, slightly crispy texture. this is typical for baked soufflés, where the top is often browned and slightly firm from being baked at high heat. the surface looks uneven with some areas appearing more toasted than others, which can be desirable as it adds a nice contrast in both flavor and texture"
3caf51c2d92cd50,Where is the banana prop located in the image,in the upper-left corner,"the banana prop is located in the background of the image, to the left side, partially behind the dish containing the baked dessert"
61fc5053796ebfe,What color is the bowl containing the soup,blue,the bowl containing the soup is black
61fc5053796ebfe,What type of vegetable is scattered on the surface of the soup,mushrooms,"the vegetables scattered on the surface of the soup appear to be mushrooms and possibly some leafy greens, such as spinach or kale"
61fc5053796ebfe,Where are the mushrooms located in the soup,scattered on the surface,"the mushrooms are located on top of the soup, scattered across the surface"
61fc5053796ebfe,What type of green leaves are visible in the soup,spinach,"the green leaves visible in the soup appear to be spinach. they are commonly used as a garnish or ingredient in many types of soups, especially those that are creamy and rich, like the one shown in the image"
330898f48df1db1,What color is the bowl containing the soup,white,the bowl containing the soup is white
330898f48df1db1,What type of food is in the white bowl,soup,"the white bowl, there appears to be a bowl of chili. it looks like it contains ground meat (possibly beef or turkey), beans, and is garnished with chopped red onions and cilantro. the presence of these ingredients suggests it's a traditional chili dish, often served as a hearty meal"
330898f48df1db1,What color is the broth of the soup,brown,"the broth of the soup appears to be a dark red or brownish color, which suggests it might be a tomato-based or chili-based soup"
330898f48df1db1,What color are the cilantro leaves on the soup,green,the cilantro leaves on the soup appear to be green
18f853cc27fadce,What color is the bowl that holds the soup,white,the bowl holding the soup is white
18f853cc27fadce,What color is the broth of the soup,reddish-brown,"the broth of the soup appears to be a reddish-brown color, suggesting it might be a tomato-based or vegetable broth"
18f853cc27fadce,Where is the bowl of soup situated in the image,in the right half,"the bowl of soup is situated on a dark surface, likely a table or countertop. it is placed next to a spoon and a blue and white checkered napkin"
18f853cc27fadce,What are the visible chunks in the broth,vegetables,"the visible chunks in the broth appear to be pieces of vegetables, possibly including potatoes and carrots, along with what might be chickpeas or another type of legume. the broth itself looks like it could be a vegetable or bean soup"
74a9a3f58309faa,What color is the soup,orange,"the soup in the picture appears to be a light, creamy color, which could suggest it might be a cream-based soup such as cream of chicken or a similar type of soup"
74a9a3f58309faa,What type of dish is shown in the image,soup,"the image shows a bowl of soup, likely a creamy or smooth-textured variety, served on a white plate with a small piece of bread placed beside it"
74a9a3f58309faa,What is placed to the left of the soup bowl,bread,"to the left of the soup bowl, there appears to be a piece of bread or a cracker"
74a9a3f58309faa,Where is the soup bowl placed,on top of,"the soup bowl is placed on a white plate, which is set on a wooden surface"
c5462855d00750c,What type of pasta is shown in the image,spaghetti,"the image shows a plate of spaghetti, which is a long, thin, flat noodle typically made from wheat flour and water. sometimes with egg added. it is often served with a sauce, such as tomato sauce, as seen in the image"
c5462855d00750c,What color is the tomato sauce,red,"the tomato sauce in the image appears to be a rich, deep red color"
c5462855d00750c,What type of dairy product is scattered on top,cheese,"the dairy product scattered on top of the dish appears to be shredded cheese, likely mozzarella or a similar type of cheese commonly used in pizzas and other italian dishes"
c5462855d00750c,Where is the spaghetti arranged in the dish,around the perimeter,"the spaghetti appears to be arranged around the edges of the dish, forming a border around the pizza"
5eac54e4802fefe,What color is the spaghetti sauce,reddish-brown,"the spaghetti sauce in the picture appears to be a rich, dark red color, which is typical for a bubala sauce made with tomatoes and often seasoned with herbs like basil or oregano"
5eac54e4802fefe,What is the sauce on top of,spaghetti,"the sauce in the picture appears to be a bolognese sauce, which is typically made with ground meat (often beef or pork), tomatoes, onions, garlic, and various herbs and spices. served over spaghetti. the presence of the parsley garnish is also common for this dish"
5eac54e4802fefe,What is the texture of the sauce,chunky,"the sauce in the image appears to be a rich, chunky tomato-based sauce, likely a bolognese or similar pasta sauce. it has a thick and slightly glossy texture, which suggests it contains ingredients like ground meat, vegetables, and possibly some type of thickening agent such as tomato paste or flour. the presence of visible chunks indicates that it's not overly smooth but rather has a hearty consistency"
d3e4bdd012fe051,What color is the spaghetti,light,"the spaghetti in the image appears to be white, which is typical for plain spaghetti. however, there are some red specks visible, which could suggest that there might be some tomato-based sauce or possibly some vegetables like tomatoes or red peppers mixed into it"
d3e4bdd012fe051,What is the white topping on the spaghetti,cheese,"the white topping on the spaghetti appears to be melted cheese, likely mozzarella or a similar type of cheese. it looks like it has been baked, as the cheese has melted and slightly browned in some areas, which is typical for baked pasta dishes"
d3e4bdd012fe051,What color are the pepper pieces in the spaghetti,red,"the pepper pieces in the spaghetti appear to be red, indicating they are likely red bell peppers"
d3e4bdd012fe051,Where is the spaghetti located,in a casserole dish,"the spaghetti is located in a casserole dish, which appears to be a baked pasta dish with melted cheese on top"
f9048429e64a34c,What type of pasta is shown in the image,spaghetti,"the pasta shown in the image appears to be spaghetti. this is characterized by its long, thin, and flat shape, which is typical for spaghetti"
f9048429e64a34c,How are the white shreds distributed over the dish,scattered,"the white shreds, which appear to be thinly sliced onions, are are distributed over the dish in a somewhat scattered manner. they are not uniformly spread but rather placed on top of the meatballs and spaghetti, adding a garnish that enhances both the visual appeal and flavor profile of the dish"
f9048429e64a34c,What are the deep red items on top of the spaghetti,meatballs,"the the deep red items on top of the spaghetti appear to be meatballs. they are typically made from ground meat, often beef or pork, and are usually served in a tomato-based sauce. in this image, they are garnished with chopped onions and parsley, which are common toppings for meatballs"
f9048429e64a34c,Where are the meatballs placed,placed on top,the meatballs are placed on top of a bed of spaghetti in the image. they appear to be covered in a tomato-based sauce and garnished with chopped onions and fresh parsley
6f68655695a3194,What color is the plate,blue,the plate in the image is blue
6f68655695a3194,What is the name of the dish,musubi,"the dish in the picture appears to be ""gyōza"" (also known as dumplings), but in this context, it seems to be a type of sushi roll. the rice is topped with what looks like a slice of salmon or another type of fish, and there nori (se

 addcriterion
"
6f68655695a3194,What color is the Spam,orange-red,the spam in the picture appears to be red
6f68655695a3194,Where is the nori wrapped,around,"the nori (se
 addcriterion
"
6f68655695a3194,What color is the rice,white rice,the rice in the image appears to be white
7477038f95780fb,What color is the barbecue sauce on the sandwich,reddish-brown,"the barbecue sauce on the sandwich appears to be a reddish-brown color, which is typical for many barbecue sauces"
7477038f95780fb,What is the main item in the image,sandwich,"the main item in the image appears to be a plate of food that includes a sandwich, chips, and a bowl of soup or dip. the sandwich seems to have ingredients like cheese, jalapeño pepper, pickles, and possibly some type of meat or sauce. the chips look like tortilla chips. the bowl contains what looks like a creamy soup or dip garnished with herbs"
7477038f95780fb,How does the barbecue sauce on the spam appear,glazed,"the barbecue sauce on the spam appears to be spread evenly across the surface of the spam. it looks glossy and has a rich, reddish-brown color, which is typical for barbecue sauce. the texture seems smooth and slightly thick, as expected from a barbecue sauce that might have been cooked or heated before being applied to the spam"
7477038f95780fb,What color is the bowl in the image,blue,the bowl in the image is blue
2f21b09945b7362,What is the color of the bacon strips,light-brown,"the bacon strips in the image appear to be a reddish-brown color, which is typical for cooked bacon"
2f21b09945b7362,What type of food is the main item in the image,burger,"the main item in the image appears to be a sandwich or burger with a crispy, golden-brown fried patty, possibly chicken or fish, topped with bacon and a sesame seed bun"
2f21b09945b7362,What is the color of the bacon strips,reddish-brown,"the bacon strips in the image appear to be a reddish-brown color, which is typical for cooked bacon"
2f21b09945b7362,Where is the bun located,on top,"the bun is located on top of the fried food item in the center of the image. it appears to be a hamburger bun with sesame seeds, placed over what looks like a fried chicken or fish fillet"
2f21b09945b7362,What is the main ingredient of the patty,spam,"the main ingredient of the patty in the image appears to be a type of fried fish, possibly a fillet of cod or haddock, coated in a crispy batter and fried until golden brown"
3939b19ee46c259,What color is the spinach,green,"the spinach in the picture appears to be a vibrant green color, which is typical for fresh spinach"
3939b19ee46c259,What is the main ingredient in the dish,spinach,"the main ingredient in the dish appears to be leafy greens, likely spinach or a similar type of green vegetable. it looks like it has been stir-fried with some garlic and possibly ginger, as indicated by the presence of sliced garlic pieces and what seems to be ginger slices"
3939b19ee46c259,What color is the plate,white,the plate in the image is primarily white with a decorative green and blue floral pattern around the edge
3939b19ee46c259,What does the plate have around its edge,with a patterned rim,"the plate has a decorative border around its edge, featuring a pattern of green leaves and swirls in shades of blue and green"
3939b19ee46c259,What is scattered throughout the spinach,onions,"the spinach in the image appears to be mixed with thinly sliced garlic and possibly some ginger. the dish looks like it might be stir-fried or sautéed, as the vegetables look cooked but retain some crispness. the presence of garlic and ginger suggests that these ingredients are likely used for flavoring the spinach"
a07f90b218b678c,What is the condition of the spinach leaves,fresh,"the spinach leaves in the image appear to be fresh and vibrant, with a bright green color. they look clean and have not been washed yet, as there are no visible water droplets or signs of wilting. the leaves seem to be have been recently harvested or prepared for cooking, as they are still attached to their stems and some leaves have small white onion pieces on them, which suggests that they might be used in a recipe that includes onions"
a07f90b218b678c,What type of dish is shown in the image,salad,"the image shows a dish that appears to be a salad or a fresh vegetable preparation. it includes leafy greens, possibly spinach or arugula, and what looks like sliced onions or scallions. the dish is served on a dark, square-shaped plate, which could be a serving dish for a meal"
a07f90b218b678c,What is the primary color of the spinach leaves,green,the primary color of the spinach leaves in the picture is green
a07f90b218b678c,What color are the onion slices scattered in the salad,white,the onion slice scattered in the salad appears to be white
a07f90b218b678c,Where is the spinach salad placed,in a bowl,"the spinach salad appears to be placed in a black, square-shaped bowl or dish. it looks like it might be a serving dish for a meal"
0aa19bafe23c2b6,What color are the spinach leaves,green,"the spinach leaves in the image appear to be dark green, which is typical for fresh spinach"
0aa19bafe23c2b6,What type of vegetable is shown in the image,spinach,"the image shows a close-up of what appears to be kale or another leafy green vegetable that has been cooked and possibly seasoned, as indicated by the dark spots which could be from browning or seasoning. it's difficult to determine the exact type without more context, but it looks like a type of leafy green vegetable that has been prepared for consumption"
0aa19bafe23c2b6,How is the spinach arranged in the image,haphazard,"the spinach in the image appears to be wilted and slightly curled, which is typical for cooked or steamed spinach. it seems to be be arranged in a pile or heap, with some pieces overlapping each other. the spinach looks to have been cooked as it has a darker green color and a softer texture compared to fresh spinach"
0aa19bafe23c2b6,What texture is suggested by the glossy sheen on the spinach leaves,oily texture,"the glossy sheen on the spinach leaves suggests a smooth and slightly slippery texture. this is often indicative of the leaves being coated with oil or a dressing, which can enhance their shine and make them appear more vibrant in color"
3ac1c74df484d2b,What type of leaves are in the bowl,spinach,"the bowl contains spinach leaves. spinach is a leafy green vegetable known for its nutritional value, including being high in vitamins a and k, iron, and other essential nutrients. it is often used in salads, soups, and as a side dish. the image shows it cooked and garnished with what appears to be a slice of lemon, which is a common way to enhance the flavor of cooked spinach"
3ac1c74df484d2b,What color are the spinach leaves,green,"the spinach leaves in the picture appear to be a vibrant green color, which is typical for fresh spinach"
3ac1c74df484d2b,What is the spinach served in,bowl,the spinach is served on a white plate
3ac1c74df484d2b,What is mixed with the spinach in the bowl,with shallots,"the bowl contains sautéed spinach, which appears to be mixed with some garlic and possibly a bit of oil or butter. there's also a slice of lemon on the side, which could be used as a garnish or to add a citrusy flavor to the dish"
900103ca5bb4951,What color are the Brussels sprouts,green,"the brussels sprouts in the picture appear to be green, which is their typical color when they are cooked and prepared"
900103ca5bb4951,What type of vegetable is shown in the image,sprouts,"the image shows brussels sprouts, which are small, green, cabbage-like vegetables that are often roasted or sauted with other ingredients like bacon or garlic for added flavor"
900103ca5bb4951,What color is the baking dish,blue,the baking dish in the picture is blue with white handles
900103ca5bb4951,What meat is scattered among the sprouts,bacon,"the meat scattered among the brussels sprouts appears to be bacon. the pieces have a characteristic color and texture consistent with cooked bacon, which is often used as a topping for roasted brussels sprouts to add flavor and a crispy texture"
900103ca5bb4951,Where is the baking dish placed,on a white surface,the baking dish containing the brussels sprouts with bacon is placed on a striped kitchen towel. the towel appears to be resting on a marble countertop
9bdba56968b4d9b,What color are the Brussels sprouts,green,"the brussels sprouts in the image appear to be green, which is their typical color when they are cooked"
9bdba56968b4d9b,What type of vegetable is shown in the image,sprouts,"the image shows brussels sprouts, which are small, green, cabbage-like vegetables that are often used in various cuisines. they are typically cooked and can be served as a side dish or incorporated into main dishes. the brussels sprouts in the image appear to be sautéed with other ingredients, possibly including onions and possibly some form of protein like chicken or tofu, given the brownish color and texture"
9bdba56968b4d9b,What type of sauce coats the sprouts,creamy,"the sprouts in the image appear to be coated with a light, glossy sauce that looks like it could be a vinaigrette or a light oil-based dressing. it's not a thick or heavy sauce, but rather something that is more translucent and spread evenly over the sprouts. this type of sauce is often used for salads or as a topping for roasted vegetables"
9bdba56968b4d9b,How are the sprouts arranged in the image,overlapping,"the sprouts in the image appear to be mixed together with other ingredients, likely in a stir-fry or sauté dish. they are are not neatly arranged but rather seem to be evenly distributed throughout the dish. the sprouts are cut into bite-sized pieces and are coated with what looks like a sauce or seasoning, giving them a glossy appearance"
e2f1b28722a3845,What color are most of the brussels sprouts,green,"the brussels sprouts in the picture are primarily green, which is their natural color"
e2f1b28722a3845,What type of vegetable is primarily on the plate,sprouts,"the primary vegetable on the plate appears to be brussels sprouts. they are small, green, and round, which are characteristic characteristics of this vegetable"
e2f1b28722a3845,What color are the roasted tips or edges of some sprouts,brown,"the the roasted tips or edges of some sprouts appear to be a golden brown color, indicating they they have been roasted to a crisp texture"
e2f1b28722a3845,How are the brussels sprouts arranged on the plate,scattered across,"the brussels sprouts in the image appear to be arranged in a somewhat scattered manner on the plate. they are not neatly stacked or lined up, but rather seem to be distributed across the plate in a casual, natural style. some of them are closer together, while others are more spaced out. this arrangement gives the dish a rustic and home-cooked appearance"
e2f1b28722a3845,What color are the lemon wedges,yellow,the lemon wedges in the image are yellow
cd4727b9541285f,What color are the brussels sprouts,green,"the brussels sprouts in the picture appear to be green, which is their typical color when they are cooked or prepared for consumption"
cd4727b9541285f,What type of vegetable is shown in the image,sprouts,"the image shows a dish that appears to be pickled or marinated green vegetables, possibly cucumbers or zucchinisi, coated with a mixture that includes sesame seeds and possibly some kind of paste or sauce. the exact type of vegetable can't be determined with certainty without more context, but it looks like a preparation commonly in asian cuisine, such as korean or japanese dishes"
cd4727b9541285f,What color is the breading on the brussels sprouts,brown,"the breading on the brussels sprouts appears to be a light brown or golden color, suggesting it has been breaded and possibly baked or fried until crispy"
cd4727b9541285f,Where are the darker brown crumbs located,around the sprouts,"the darker brown crumbs appear to be located on top of the green, textured pieces in the image. these crumbs seem to be distributed
��
 addcriterion
the image"
ad4a650ab046c06,What color are the brussels sprouts,green,"the brussels sprouts in the picture appear to be green, which is their natural color. however, some of them have a slightly browned or roasted appearance, indicating they they may have been cooked with a bit of heat, possibly pan-fried or roasted"
ad4a650ab046c06,What type of vegetable is shown in the image,brussels sprouts,"the image shows roasted brussels sprouts. these are small, green, cabbage-like vegetables that have been cooked until they develop a slightly caramelized exterior and a tender interior"
ad4a650ab046c06,What color is the bowl,white,the bowl in the picture is white with a colorful striped pattern on the inside
ad4a650ab046c06,What color are the charred spots on the brussels sprouts,brownish,"the charred spots on the brussels sprouts appear to be a dark brown or almost black color, indicating they they have been roasted or grilled until they developed a charred texture and flavor"
ad4a650ab046c06,Where are the brussels sprouts located,in a bowl,the brussels sprouts are located on a white plate in the foreground of the image
585df28df4130ee,How is the butternut squash distributed in the dish,dispersed,"the butternut squash appears to be mixed throughout the dish, likely incorporated into the scrambled eggs and spinach. it seems to be have been cooked together, as there are no distinct chunks or separate areas where it is concentrated. the squash is distributed evenly across the surface of the dish, suggesting that it was well combined during cooking"
585df28df4130ee,What color is the kale,green,the kale in the image appears to be green
585df28df4130ee,Where are all the ingredients contained,bowl,"the image shows a bowl of scrambled eggs with what appears to be spinach and possibly some other ingredients mixed in. the bowl is placed on a countertop, and there is a spoon partially visible on the left side of the bowl. it seems like the ingredients are contained within the bowl itself"
67b896c431bcb75,What color is the spaghetti squash in the dish,yellowish-white,"the spaghetti squash in the dish appears to be a light yellow or orange color, which is typical for cooked spaghetti squash"
67b896c431bcb75,What is the cheese doing to the beans and onions,covering,"the cheese appears to be melting over the beans and onions, creating a gooey layer that binds them together. this suggests that the dish might be a type of casserole or baked dish where the cheese has been melted and spread evenly across the top"
67b896c431bcb75,Where is the melted cheese located in the dish,on top,"the melted cheese is located on top of the dish, covering the beans and other ingredients"
67b896c431bcb75,What color are the beans in the dish,black,the beans in the dish appear to be black
aa98211e256f592,What color are the squash skins,green,the the squash skins in the picture appear to be green
aa98211e256f592,What type of vegetable is used in this dish,squash,"the vegetable used in this dish is zucchini. the image shows zucchini halves that have been stuffed and baked, likely with a mixture of ground meat, cheese, and possibly vegetables like tomatoes or bell peppers"
aa98211e256f592,What color is the filling inside the squash,orange,"the filling inside the squash appears to be a mix of red and orange colors, which suggests it might contain ingredients like tomatoes, bell peppers, and possibly cheese or other seasoningsings. the exact colors can vary depending on the specific ingredients used in the recipe"
aa98211e256f592,Where are the stuffed squash halves placed,on a white plate,"the stuffed squash halves are placed on a white plate. the plate appears to be clean and uncluttered, allowing the focus of to remain on the food"
4343704aac2ef25,What color is the spaghetti squash,yellow,"the spaghetti squash in the image appears to be yellow, which is typical for this type of squash when it's cooked and prepared"
4343704aac2ef25,What type of vegetable is being described,squash,"the image shows a spoonful of what appears to be a yellow, chunky substance, which could be a type of vegetable puree or spread. however, without more context or a clearer view, it's difficult to definitively identify the specific vegetable. it could be a variety of things such as squash, pumpkin, sweet potato, or even a vegetable-based spread like pesto or a similar condiment. the exact type would depend on the recipe and preparation method used"
4343704aac2ef25,Where is the spaghetti squash mounded,on the concave part,the spaghetti squash appears to be mounded on a spoon in the image
4343704aac2ef25,What color is the parsley behind the spoon,green,the parsley behind the spoon appears to be green
63a0d4e6b2fcc53,What color is the rind of the acorn squash,green,the rind of the acorn squash in the picture appears to be a dark green color
63a0d4e6b2fcc53,What color is the flesh of the squash,yellow,the flesh of the squash in the picture appears to be a deep orange color
63a0d4e6b2fcc53,How are the squash halves positioned on the plate,overlapping,"the squash halves are positioned side by side on the plate, with their cut sides facing upwards. the cut surfaces appear to have been drizzled with a sauce or glaze, which is more concentrated in the center of each half"
63a0d4e6b2fcc53,Where are the squash halves placed,on the plate,"the squash halves are placed on a white plate. the plate is set on what appears to be a surface with green foliage in the background, suggesting it might be outdoors or near a plant"
a0db3aca84f3043,What color is the flesh of the squash,orange-yellow,"the flesh of the squash in the picture appears to be a vibrant orange color, which is typical for many varieties of squash such as butternut squash or acorn squash"
a0db3aca84f3043,What type of vegetable is shown in the image,squash,"the image shows roasted acorn squash. acorn squash is a small, greenish-yellow squash with a nutty flavor and a sweet, tender flesh when it's cooked. the squash appears to be cut into wedges and seasoned with salt, which is common for roasting to enhance its natural sweetness"
a0db3aca84f3043,What color is the skin of the squash,green,"the skin of the squash in the picture appears to be green with some orange hues, indicating that it is likely a type of winter squash, such as butternut or acorn squash"
a0db3aca84f3043,How do the tips of the squash appear,charred,"the tips of the squash in the image appear to be cut or trimmed, likely to remove any tough outer skin or to prepare them for roasting"
a0db3aca84f3043,Where are the squash slices mainly clustered,in the center,the squash slices in the image are mainly clustered on the left side of the baking tray
a4539523aa36409,What color are the diced cubes of squash,orange,"the diced cubes of squash in the image appear to be a mix of orange and yellow, which is typical for roasted or cooked squash"
a4539523aa36409,What type of vegetable is shown in the image,squash,"the image shows roasted or baked cubes of what appears to be sweet potato. the golden-brown color and the texture suggest it has been cooked, likely roasted or baked, which is a common preparation method for sweet potatoes"
a4539523aa36409,What color is the bowl containing the squash,blue,the bowl containing the squash is blue
a4539523aa36409,Where is the bowl positioned in the image,in the center-left,"the bowl is positioned on the left side of the image, taking up a significant portion of the frame"
b3947b98f069ed9,What is the soup doing around the steak,surrounding,"the sauce in the image appears to be a light, creamy sauce that is spread around the steak and over the rice. underneath it. the sauce looks like it could be a béchamel or a similar type of sauce, which is often used in dishes like chicken à la king or certain as a base for other sauces. it's not a traditional soup but rather a sauce that is typically served with the steak"
b3947b98f069ed9,What is the main protein in the dish,steak,"the main protein in the dish appears to be chicken. it looks like it has been cooked and possibly marinated or seasoned, as indicated by the sauce and the garnish on top. which could be mushrooms or another type of vegetable. the sauce also suggests that it might be a savory dish, possibly a chicken dish with a sauce that could be a white wine sauce or a similar type of sauce"
b3947b98f069ed9,What color is the soup,tan,"the soup in the image appears to be a light brown or beige color, which suggests it might be a creamy or possibly a mushroom-based soup"
b3947b98f069ed9,What color are the steaks,brown,"the image shows a plate of food that appears to include steaks, but the steaks themselves are not clearly visible in this image. the steaks seem to be covered with a sauce and possibly some garnish or vegetables underneath. if you're asking about the color of the steaks, it's not possible to determine their exact color from this image as they are not fully visible"
34155128095ebcd,What color are the steak fingers,golden-brown,"the steak fingers in the picture appear to be a golden brown color, which is typical for breaded and fried food items"
34155128095ebcd,How would you describe the surface of the steak fingers,crispy,"the surface of the steak fingers appears to be crispy and golden brown, indicating that they have been fried or baked until they achieved a crunchy texture. the coating looks thick enough to provide a satisfying bite, which is typical for steak fingers"
34155128095ebcd,How are the steak fingers positioned in the image,arranged,"the steak fingers in the image are arranged horizontally across the frame, with one piece slightly overlapping another. they appear to be coated in a crispy breading and are placed on a surface that looks like a plate or a tray. in the background, there there is a small bowl containing what appears to be a dipping sauce, possibly ranch dressing or a similar creamy condiment. the overall presentation suggests they are ready to be served and eaten"
34155128095ebcd,Where is the creamy white sauce placed,bowl,"the creamy white sauce, which appears to be ranch dressing or a similar dip, is placed in a small bowl in the center of the image. it is positioned between two pieces of fried food, likely chicken tenders or fish sticks, which are arranged on a plate. the dipping sauce is typically used to complement the flavor of the fried food"
34155128095ebcd,What is the color of the sauce in the bowl,white,"the sauce in the bowl appears to be white, which suggests it could be a creamy dip such as ranch dressing or tartar sauce"
577f563155789a4,What color is the exterior of the fish,golden-brown,"the exterior of the fish appears to be a golden-brown color, which suggests it has been cooked, likely grilled or pan-fried"
577f563155789a4,What type of food is on the plate,fish,"the image shows a piece of grilled or baked fish, likely salmon, based on its color and texture. it appears to be a fillet that has been cooked and then possibly seasoned with herbs or spices before being served on a plate"
577f563155789a4,What color is the interior of the fish,white,"the interior of the fish appears to be white, which is typical for many types of fish when cooked"
577f563155789a4,Where is the fish located,on the plate,the fish is located on a white plate with a decorative blue and white pattern around the edge
577f563155789a4,What color is the pattern around the edge of the plate,blue,the pattern around the edge of the plate appears to be blue with a floral or leafy design
05fd940d8cb03b7,What color are the mushroom steaks,golden-brown,"the mushroom steaks in the picture appear to be brown, which is typical for cooked mushrooms that have been sauted or grilled"
05fd940d8cb03b7,What color are the chives garnishing the steaks,green,the chives garnishing the steak in the picture appear to be green
05fd940d8cb03b7,Where is the dark purple-black rice located,beneath the steaks,"the dark purple-black rice is located at the bottom of the plate, beneath the two pieces of fish"
7584477e98cfefa,What color is the broth of the stew,reddish-brown,"the broth of the stew appears to be a rich, reddish-orange color, which suggests it might be tomato-based or contains ingredients like tomatoes or tomato paste"
7584477e98cfefa,What type of meat is visible in the stew,hamburger,"the stew appears to contain ground meat, which could be beef or a similar type of meat. it's difficult to determine the exact type of meat from the image alone without additional context or information about the ingredients used in its preparation"
7584477e98cfefa,What vegetable is distributed throughout the stew,potatoes,"the stew in the picture contains corn, which is distributed throughout the dish"
7584477e98cfefa,Where are the green beans and green peas located,throughout the stew,"the image you provided does not show any green beans or green peas. the dish appears to be a tomato-based stew with visible ingredients such as corn, possibly potatoes, and what looks like ground meat. there is no clear indication of the presence of green beans or green peas in the visible portion of the dish"
7b52ddf044f5e3f,What color is the bowl,red,the bowl in the picture is primarily red with a yellow rim
7b52ddf044f5e3f,What type of dish is being described,stew,"the image shows a bowl of coleslaw, which is a salad made primarily from shredded cabbage and carrots, often mixed with other vegetables like celery and sometimes ham or other meats. the coleslaw in the picture appears to be dressed with a creamy dressing, possibly mayonnaise-based, and includes visible pieces of ham and red bell peppers. it is served in a ceramic bowl with a spoon placed inside"
7b52ddf044f5e3f,What type of meat is in the stew,ham,the stew contains pieces of ham
7b52ddf044f5e3f,What color is the cabbage,green,"the cabbage in the image appears to be green, which is typical for many varieties of cabbage"
7b52ddf044f5e3f,Where do the chunks of ham appear,on the left,"the chunks of ham appear in the bowl, mixed with other ingredients such as shredded cabbage and sliced red bell peppers. the ham is visible throughout the salad, providing a pinkish hue among the green cabbage and orange-red peppers"
9e25af6e0f1e9b3,What color are the beef chunks,brown,"the beef chunks in the soup appear to be a dark brown or reddish-brown color, which is typical for cooked beef that has been braised or stewed"
9e25af6e0f1e9b3,How are the beef chunks distributed in the stew,scattered,"the beef chunks appear to be evenly distributed throughout the stew. they are interspersed among the other ingredients, which include carrots and potatoes. the distribution seems consistent, suggesting that the stew was likely stirred or cooked thoroughly to ensure even distribution of of the meat"
9e25af6e0f1e9b3,What color are the carrots,orange,the carrots in the image are orange
9e25af6e0f1e9b3,What color is the bowl,white,the bowl in the picture is white
cff67dfc76f90d1,What color are the chicken pieces that are deeper in shade,brown,"the chicken pieces that are deeper in shade appear to be a rich, dark brown color"
cff67dfc76f90d1,What type of meat is featured in the stew,chicken,"the image shows a dish that appears to be a stew with chunks of meat, likely chicken or pork, given its color and texture. it's garnished with chopped herbs, possibly parsley, and accompanied by diced potatoes and what looks like carrots and onions. the meat seems to be have been cooked until tender, which is typical for stews. however, without tasting or having more specific information, it's not possible to definitively identify the exact type of meat"
cff67dfc76f90d1,What color are the carrot slices in the dish,orange,the carrot slice in the dish appears to be orange
cff67dfc76f90d1,Where is the slice of orange colored food located,on the left side,"the slice of orange-colored food appears to be located in the top left corner of the image, next to the plate containing the main dish"
db61a4da902bdd2,What color is the base broth of the stew,brown,"the base broth of the stew appears to be a rich, dark red color, which is typical for chili or chili con carne"
db61a4da902bdd2,What red ingredient is visible in the broth,tomatoes,the red ingredient visible in the broth appears to be diced tomatoes
db61a4da902bdd2,What type of protein is found in small bits throughout the stew,meat,"the small bits throughout the stew appear to be beans, which are a type of legume"
db61a4da902bdd2,Where is the bright yellow shredded cheese placed,on top,the bright yellow shredded cheese is placed on top of the chili in each bowl
db61a4da902bdd2,What color is the shredded cheese on top of the stew,yellow,"the shredded cheese on top of the stew appears to be yellow, which is typically the color of cheddar cheese"
ffc1a5a062f3888,What color are the corn kernels in the stew,yellow,the corn kernels in the stew appear to be yellow
ffc1a5a062f3888,Where is the dollop of sour cream located,atop the center,"the dollop of sour cream is located on top of the chili dish, placed in the center of the plate"
c910f76bf4763c0,What is the overall color of the stew,orange-brown,"the overall color of the stew appears to be a mix of brown and orange hues, suggesting it might contain ingredients like meat, vegetables, and possibly spices such as turmeric or paprika"
c910f76bf4763c0,What color are the individual grains of rice in the stew,white,"the individual grains of rice in the stew appear to be white, which is typical for cooked white rice"
c910f76bf4763c0,Where are some of the translucent yellow onions located,on the surface,"the translucent yellow onions can be seen scattered throughout the dish in the image. they appear to be mixed into the rice and other ingredients, adding a subtle texture and color contrast to the dish"
c910f76bf4763c0,What is the appearance of the yellow onions in the stew,translucent,"the yellow onions in the stew appear to be finely-cut, which means they they have been finely-cut into small, thin pieces. they are are evenly distributed throughout the dish and seem to be cooked until translucent, as indicated by their their light yellow color. the onions look soft and tender, suggesting suggesting that they have been cooked for a sufficient amount of time to become fully cooked and integrated into the stew"
0aa0330f3238b29,What is the flavor profile of the stir-fry,savory,"the dish in the picture appears to be a stir-fry with a variety of vegetables, including what looks like zucchini, bell peppers, broccoli, and possibly mushrooms. the stir-fry is likely seasoned with a combination of flavors that could include:

1. **soy sauce**: a commonly ingredient in stir-fries, providing a savory and umami taste.
2. **oyster sauce**: adds a salty, savory, and slightly sweet flavor.
3. **garlic and ginger**: these provide a pungent and aromatic base to the dish.
4. **pepper**: could be red or black pepper, adding a spicy"
0aa0330f3238b29,What type of food is being cooked,vegetables,"the image shows a stir-fry dish, which appears to be a mix of vegetables and possibly some protein (like chicken or tofu). the vegetables include sliced zucchini, bell peppers, broccoli, and mushrooms. it looks like it could be a vegetarian dish or one with plant-based protein. the dish seems to be be cooked in oil or a sauce, giving it a glossy appearance"
0aa0330f3238b29,What color are the broccoli pieces,green,the broccoli pieces in the image appear to be green
0aa0330f3238b29,Where are the green broccoli pieces mostly located,around the top,the green broccoli pieces are mostly located towards the top right section of of the pan in the image
0aa0330f3238b29,What color are the bell pepper segments,yellow,the bell pepper segments in the image are yellow and red
b7b5f7fb4c23822,What color is the base of the strawberry whip,pink,"the base of the strawberry whip appears to be white, which suggests it might be a cream or miffle base"
b7b5f7fb4c23822,What fruit is arranged on top of the whip,strawberries,the fruit arranged on top of the whipped cream appears to be strawberries
b7b5f7fb4c23822,How are the sliced strawberries arranged on the whip,displaying,"the sliced strawberries in the image appear to be arranged in a decorative pattern on top of a layer of whipped cream or a similar creamy substance. the strawberries slices are placed in a way that they overlap slightly, creating a visually appealing and appetizing presentation. this arrangement is likely done to enhance the visual appeal of the dish and to add a fresh, fruity element to the dessert"
b7b5f7fb4c23822,What color are the outer edges of the sliced strawberries,red,the outer edges of the sliced strawberries in the image are red
b7b5f7fb4c23822,Where are the sliced strawberries placed on the whip,on top,the sliced strawberries are placed on top of the whipped cream in the image
28f3831cc0cf2c8,What color are the sugar crystals on the strawberries,red,the sugar crystals on the strawberries appear to be red in color
28f3831cc0cf2c8,What type of fruit is shown in the image,strawberries,"the image shows a strawberry that has been coated with a red, granular substance, possibly sugar or a similar sweetener. it is placed on a glass plate and garnished with a sprig of mint"
28f3831cc0cf2c8,How do the sugar crystals on the strawberries appear,bright,"the sugar crystals on the strawberries appear to be evenly distributed across the surface of the fruit. they have a vibrant red color, which suggests they might be coated with a red sugar mixture or possibly a glaze that includes red food coloring. the crystals seem to be adhering well to the strawberry's, giving it a textured and slightly sparkling appearance. the presence of a mint leaf in the background adds a fresh contrast to the sugary texture of the strawberries"
28f3831cc0cf2c8,Where are the strawberries placed,on a white paper liner,"the strawberries appear to be placed on a clear glass plate or dish, which is sitting on a white surface. the strawberries are garnished with a sprig of mint and sprinkled with what looks like red sugar crystals"
7c7cf1bb8fede70,What color are the strawberries,red,the strawberries in the picture are red
7c7cf1bb8fede70,What fruit is shown in the image,strawberries,the image shows strawberries that have been dipped in chocolate and topped with a dollop of cream or whipped topping
7c7cf1bb8fede70,What color is the chocolate on the strawberries,brown,"the chocolate on the strawberries appears to be dark chocolate, which is typically a rich brown color"
7c7cf1bb8fede70,Where is the chocolate on the strawberries,on the bottom,"the chocolate is on the top of the strawberries, covering the surface where the cream or frosting is applied"
27d0d3a6a8dbde3,What color are the strawberries,red,the strawberries in the picture are red
27d0d3a6a8dbde3,What type of fruit is in the salad,strawberries,the salad contains strawberries
27d0d3a6a8dbde3,Are the strawberries whole or sliced,sliced,"the strawberries in the image appear to be sliced. they are not whole, as they have been cut into smaller pieces, which is typical for serving them in a salad"
27d0d3a6a8dbde3,Where are the whole strawberries located,on the upper side,"the whole strawberries are located on top of the salad, scattered among the other ingredients such as lettuce, crumbled cheese (likely feta), and possibly nuts or seeds. in the bowl"
27d0d3a6a8dbde3,What color is the cheese,white,"the cheese in the image appears to be white, which is typical for feta cheese"
4679824a46cf2b8,What color are the strawberries in the image,red,"the strawberries in the image appear to be red, which is their typical natural color"
4679824a46cf2b8,What type of fruit is shown in the image,strawberries,"the image shows a bowl containing what appears to be sliced watermelon. the red color and the texture suggest it could be watermelon, which is often used in desserts or as a refreshing snack"
4679824a46cf2b8,How are the strawberry slices arranged in the bowl,clustered,"the strawberry slice is arranged in the bowl with its edges overlapping slightly, creating a layered and somewhat compact appearance"
4679824a46cf2b8,How do the strawberry slices appear due to the sauce,juicy,"the strawberry slice in the image appears to be coated with a glossy, red sauce. this suggests that the sauce has been applied to the surface of the strawberry, likely to enhance its flavor or texture. the sauce gives the strawberry a shiny and slightly wet appearance, which can make it look more appetizing and vibrant. the sauce might also add sweetness or a tangy flavor to complement the natural sweetness of the strawberry"
c488e64add203b0,What color is the Fresh Strawberry Granita,red,"the fresh strawberry granita in the image appears to be a vibrant red color, which is characteristic of strawberry-flavored granita"
c488e64add203b0,What fruit is used in the Fresh Strawberry Granita,strawberry,the fresh strawberry granita in the picture appears to be made using fresh strawberries. the vibrant red color of the granita and the presence of whole strawberries pieces on the plate suggest that strawberries are the primary ingredient used in this dessert
c488e64add203b0,What type of container is the Fresh Strawberry Granita served in,glass,"the fresh strawberry granita is served in a stemmed glass, which resembles a wine glass but is typically used for desserts or sorbets"
c488e64add203b0,How would you describe the color of the Fresh Strawberry Granita,bright,"the fresh strawberry granita in the image appears to have a vibrant, deep red color, which is characteristic of fresh strawberries. the granita itself looks finely and granular, indicating it has been freshly prepared with a smooth texture. the garnish of mint leaves adds a contrasting green hue, enhancing the visual appeal of the dish"
c488e64add203b0,Where is the red strawberry placed,on the plate,the red strawberry is placed on the plate in front of one of the glasses containing the dessert
7b607810af9b476,What type of nut is in the stuffing,chestnut,"the stuffing in the image appears to contain what looks like pecans. pecans are have a distinctive shape and texture that can be recognized by their their size, shape, and the way they they split open when they're cut. open
 addcriterion

 addcriterion




































"
7b607810af9b476,What color are the toasted bread cubes,brown,"the the toasted bread cubes in the image appear to be golden brown, which is typical for bread that has been toasted or baked until it achieves a crispy exterior and a slightly darker color"
7b607810af9b476,How do some of the bread cubes appear,toasted,"the bread cubes in the image appear to be toasted or baked, giving them a golden-brown color. they seem to have a slightly crispy exterior and a soft interior, which is typical for croutons or panzanella. the cubes also appear to be mixed with other ingredients, possibly including herbs, nuts, and possibly some liquid, suggesting they might be part of a dish like a panzanella salad or a crouton-based side dish"
7b607810af9b476,What color are the softer bread cubes,yellow,"the the softer bread cubes in the image appear to be a light brown or golden color, which is typical for bread that has been toasted or baked"
3c68b3ad534c61b,What color are the darker pieces of the stuffing,brown,"the darker pieces in the stuffing appear to be a rich, dark brown color. this suggests they might be made from ingredients like dried fruits or nuts that have been roasted or caramelized during the cooking process"
3c68b3ad534c61b,How are the darker brown pieces distributed in the dish,scattered,"the darker brown pieces, which appear to be pecans or possibly dried fruits, are scattered throughout the dish. they are not uniformly distributed but rather seem to be clustered more densely in some areas and more sparsely in others. the distribution gives the dish a rustic and homemade appearance"
3c68b3ad534c61b,What is the stuffing served in,dish,"the stuffing is served in a rectangular white ceramic dish. it appears to be a traditional serving dish for holiday meals, such as thanksgiving or christmas. the dish is garnished with a sprig of rosemary, which adds a touch of color and freshness to the presentation"
3c68b3ad534c61b,What color is the dish,white,the dish in the picture is white
3c68b3ad534c61b,Where are the darker brown pieces of the stuffing located,throughout the dish,the darker brown pieces of the stuffing appear to be located towards the bottom and right side of the dish in the image
21b0cdcf0eacf35,What color are the darker bread cubes,brown,"the the darker bread cubes in the image appear to be a golden-brown color, which is typical for baked or toasted bread pieces"
21b0cdcf0eacf35,What are the green flecks in the stuffing,herbs,"the green flecks in the stuffing appear to be herbs leaves, likely sage or parsley, which are common ingredients in stuffing recipes"
280ee18dd93e4e5,What is the stuffing being prepared for,baking,"the image shows a dish of stuffing, which is typically a side dish served with roasted poultry, such as turkey or chicken, during thanksgiving or christmas dinners in many cultures. it can also be enjoyed as a standalone dish at other times of the year. the stuffing often includes ingredients like bread cubes, herbs, vegetables, and sometimes meat or sausage"
280ee18dd93e4e5,What color is the baking dish,white,the the baking dish in the picture is white
280ee18dd93e4e5,How are the green specks of herbs distributed in the stuffing,scattered,"the green specks of herbs appear to be evenly distributed throughout the stuffing. they are not concentrated in any particular area but are spread out across the surface and within the layers of the stuffing, suggesting that they they were mixed well during preparation"
280ee18dd93e4e5,What color is the stuffing,brown,"the stuffing in the image appears to be a mix of brown and green colors, indicating it likely contains ingredients such as bread crumbs, herbs, and possibly vegetables like celery or onions. which contribute to the green hue. the brown color suggests the presence of seasoningsings and possibly some cooked meat or poultry"
280ee18dd93e4e5,Where is the stuffing located in the image,in the center,"the stuffing is located in a white rectangular baking dish, which appears to be placed on a wooden surface with a red and white checkered cloth underneath it"
bfbe4bfd83aca81,What is the texture of the sugar in the glass,powdered,"the sugar in the glass appears to have a fine, granular texture. this is typical for granulated sugar, which is commonly used in home and commercial kitchens for baking, cooking, and as a sweetener"
bfbe4bfd83aca81,What material is the container made of,glass,"the container in the image appears to be made of glass. this can be inferred from its transparency, the way it reflects light, and the shape which is typical for glassware"
0457d45f6c3b8ad,Is the sushi vegetarian,vegetarian,"the image shows sushi rolls that appear to be vegetarian. the rolls contain ingredients such as carrots, cucumber, and possibly other vegetables, which are typically vegetarian. however, it's important to note that without specific information about the exact ingredients or any possible non-vegetarian components (like fish roe, which is often used in some types of sushi), it's best to assume that the sushi is vegetarian unless otherwise stated"
0457d45f6c3b8ad,What type of food is shown in the image,sushi,"the image shows sushi rolls, which are a type of japanese cuisine. the sushi rolls appear to be made with white rice and topped with various ingredients such as vegetables and possibly some type of fish or seafood. the nori (se
 addcriterion

 addcriterion

 addcriterion

 addcriterion

 addcriterion

 addcriterion

 addcriterion

 addcriterion

 addcriterion

 addcriterion

 addcriterion

 addcriterion

 addcriterion

 addcriterion

 addcriterion

 addcriterion

 addcriterion

 addcriterion

 addcriterion

 addcriterion

 addcriterion"
0457d45f6c3b8ad,What color is the plate,black,the plate in the image is black
0457d45f6c3b8ad,Where are the sushi rolls placed,on the plate,"the sushi rolls are placed on a black rectangular plate. there is also a small bowl of soy sauce next to the plate, which is commonly served with sushi for dipping"
0457d45f6c3b8ad,What color are the scallions in the dipping sauce,green,the scallion in the dipping sauce appears to be green
f6ec970b5ce1712,What type of fish is used as the base of the dish,swordfish,"the image shows a dish that appears to be a type of baked or poached fish, possibly cod or haddock, topped with a mixture of vegetables and possibly some herbs"
f6ec970b5ce1712,Where is the vibrant mixture located in the dish,atop,"the vibrant mixture, which appears to be a colorful salad or topping, is located on top of the white base, likely a type of bread or flatbread. it includes ingredients such as tomatoes slices, capersers, and possibly beans or chickpeas. the mixture is spread evenly across the surface of the base, creating a visually appealing contrast with the white base"
f6ec970b5ce1712,What color are the diced tomatoes scattered throughout the dish,red,the diced tomatoes in the dish appear to be red
8b0ae37343af5d4,What is the Strawberry-Rhubarb Syrup stored in,pitcher,"the strawberry-rhubarb syrup appears to be stored in a glass pitcher with a spout, which is commonly used for serving and pouring liquids like syrups or juices. the pitcher has a decorative pattern on it, adding to its aesthetic appeal"
8b0ae37343af5d4,Where is the pitcher placed,on a tablecloth,"the pitcher appears to be placed on a decorative surface, possibly a table or a countertop. it is resting on a glass coaster that has a floral design. the background includes a patterned cloth with polka dots and a floral design, suggesting it might be a tablecloth or placemat"
5187f1afaf34eae,What color are the carrot matchsticks,orange,the carrot matchsticks in the image appear to be orange in color
5187f1afaf34eae,What is the base ingredient of the slaw,cabbage,"the base ingredient of the slaw in the image appears to be shredded cabbage, which is commonly used in coleslaw or similar salads"
5187f1afaf34eae,What color are the cilantro sprigs,green,the cilantro sprigs in the image are green
5187f1afaf34eae,What vegetable is scattered among the cabbage,carrot,"the vegetables scattered among the cabbage in the image appear to be carrots and possibly some cilantro or parsley. the carrots are identifiable by their bright orange color, and the green leaves could be cilantro or parsley, which are common herbs used in salads"
5187f1afaf34eae,Where are the cilantro sprigs placed,on top,"the cilantro sprigs are placed on top of the coleslaw in the bowl, adding a fresh and vibrant garnish to the dish"
b33b2265b8e3f87,What color is the plate,red,the plate in the image is red
b33b2265b8e3f87,What type of food is shown,tacos,"the image shows a plate with two tacos. the tacos appear to be filled with ingredients such as lettuce, tomato slices, shredded cheese, and possibly some kind of protein like chicken or fish. the tortillas look to be be lightly fried or grilled, giving them a crispy texture. this type of food is commonly found in mexican cuisine and is often served as a main dish or snack"
b33b2265b8e3f87,What color are the taco shells,golden-brown,"the taco shells in the picture appear to be a light brown or golden color, which is typical for corn tortillas that have been fried or baked into taco shells"
b33b2265b8e3f87,What is happening to the fillings,spilling,"the image shows a plate with tacos that appear to be being topped with fresh ingredients such as lettuce, tomatoes, and possibly some shredded cheese or other toppings. the fillings seems to be include a fried item, which could be a type of meat or fish, and possibly some shredded or diced ingredients mixed in. it looks like someone is preparing or serving the tacos, adding the fresh toppings for flavor and presentation"
b33b2265b8e3f87,Where are the tacos placed,on a red plate,"the tacos are placed on a red plate, which is resting on a wooden surface"
f1801f8847dee20,What color is the mahi mahi's crust,brown,"the crust of the mahi mahi appears to be a dark brown color, which is typical for seared marks on cooked fish"
f1801f8847dee20,What is the mahi mahi served on,plate,"the mahi mahi in the picture appears to be served on a bed of what looks like a creamy sauce, possibly a white sauce or a light vinaigrette. based on its color and consistency. the dish also includes a colorful topping that seems to be a mix of diced fruits (possibly mango) and vegetables, garnished with fresh herbs, which could be cilantro or parsley. this type of presentation is common in seafood dishes, especially those inspired by tropical or caribbean cuisines"
f1801f8847dee20,Where is the taco topping primarily placed,on top,"the image you provided does not show a taco or any taco toppings. instead, it shows a piece of grilled or baked fish served on a plate with a side of what appears to be a fruit salsa or salad, which includes ingredients like pineapple and possibly mango, along with some greens. if you're referring to a specific different image or have another question about this image, feel free to ask!"
f1801f8847dee20,What is on top of the mahi mahi,topping,"the dish in the picture appears to be a piece of mahi-mahi fish topped with a colorful salsa or relish. the relish seems to contain diced mango, avocado, and possibly cilantro, which are are common ingredients in a fresh fruit salsa often served with seafood dishes"
b5a3740d260a0cf,What type of food is being described,tacos,"the image shows tacos, which are a type of dish consisting of a soft flatbread (usually made from corn or wheat flour) filled with various ingredients such as meat, vegetables, cheese, and sauces. the tacos in the picture appear to be vegetarian, containing black beans, shredded cheese, diced tomatoes, and slices avocado. served on a plate with some cherry tomatoes on the side"
b5a3740d260a0cf,What color are the tomato slices,red,the tomato slice in the image is red
b5a3740d260a0cf,Where are the tacos placed,on plate,"the tacos are placed on a plate, which is situated on a surface that appears to be a table or countertop"
b5a3740d260a0cf,What color are the avocado slices,green,the the avocado slices in the picture is green
03945ba374db01c,What type of food is shown in the image,tacos,"the image shows a plate of food that appears to be a type of taco or burrito dish. it includes a tortilla filled with what looks like shredded cheese, lettuce, and possibly some meat or other ingredients. there are also some tortilla chips on the side, along with small bowls containing what might be salsa, guacamole, or other condiments. the presentation suggests it's a mexican-inspired meal"
03945ba374db01c,What color are the taco shells,golden-brown,"the taco shells in the picture appear to be yellow, which is typical for corn tortillas used to make tacos"
03945ba374db01c,What color are the tomatoes inside the tacos,red,the tomatoes inside the tacos appear to be red in color
03945ba374db01c,Where are the other tacos located,behind,"the image shows one taco on a plate in the foreground. the other tacos appear to be located in the background, partially visible and possibly on another plate or surface. they seem to be part of a meal setup that includes various accompaniments like salsa, guacamole, and possibly some tortilla chips"
6318b209c5d8b65,What color are the taffy pieces,brown,"the taffy pieces in the picture appear to be a mix of orange and brown colors, with some pieces having a more reddish hue"
6318b209c5d8b65,What type of candy is shown in the image,taffy,"the image shows pieces of what appear to be polished, natural stone or possibly a type of gemstone rather than candy. the stones have a smooth, polished surface and come in various shades of brown and orange. they do not resemble any common types of candy. if you you're looking for information on a specific type of candy, please provide more details!"
6318b209c5d8b65,What color is the surface the taffy is on,white,"the image shows a collection of taffy pieces, but there is no visible surface beneath them. the taffy pieces appear to be resting on a plain background that does not provide any specific color information"
6318b209c5d8b65,What other color tone do some taffy pieces have,orange,"the image you provided does not show any taffy pieces, but rather what appears to be polished stones or gemstones with a variety of colors and tones. the stones in the image have a range of warm hues, including shades of brown, orange, and red. there is no indication of taffy pieces in different color tones in this image. if you have another image or need information about taffy pieces, please provide it"
6318b209c5d8b65,Where are the taffy pieces placed,across a white surface,"the image shows a collection of taffy pieces that appear to be arranged on a flat surface, possibly for display or sale"
b0f66d2cb4c1f77,What type of food is displayed in the foreground,tamale,"the image shows what appears to be a piece of bread or a baked good, possibly a loaf or a roll, placed on a wooden surface"
b0f66d2cb4c1f77,What color is the corn husk under the tamale,yellow,"the corn husk under the tamale appears to be yellowish-brown, which is typical for corn husks used in making tamales"
b0f66d2cb4c1f77,Where are the tamales placed,on a white plate,"the tamales appear to be placed on a wooden surface, possibly a cutting board or a serving board. the background suggests they might be part of a meal setting, with a colorful tablecloth visible in the upper part of the image"
d28b39d99db3e0b,What color are the taquitos,golden-brown,"the taquitos in the picture appear to be golden brown, which is typical for fried tortillas that have been cooked until they achieve a crispy texture and a light golden hue"
d28b39d99db3e0b,What type of food is shown in the image,taquitos,"the image shows what appears to be a baked pastry or bread, possibly a type of flatbread or a stuffed bread roll. it looks like it could be a pita bread or a similar type of bread that is often filled with various ingredients such as vegetables, meats, or cheese. the exact type would depend on the specific filling and preparation method which isn't visible in this image"
d28b39d99db3e0b,What color variations are visible on the taquitos,brown,"the taquitos in the image show a golden-brown color, which is typical for fried foods like these. they appear to have some darker spots and lines, which could be from the frying process or natural variations in the dough. the overall color suggests they were cooked at a high temperature, giving them a crispy texture"
db022623a32e7ae,What color are the baked taquitos,tan,"the baked taquitos in the picture appear to be golden brown, which is typical for taquitos that have been fried or baked until they achieve a crispy texture and a rich, golden hue"
db022623a32e7ae,What type of food is shown in the image,taquitos,"the image shows a plate of pizza slices topped with melted cheese, black olives, and fresh herbs, likely parsley or basil. there is also a small bowl of what appears to be a dipping sauce, possibly a garlic butter or olive oil-based sauce, and a side of a tomato-based soup in a white bowl. the setting suggests a casual meal, possibly served as an appetizer or part of a larger meal"
db022623a32e7ae,What color is the melted cheese on the taquitos,orange,"the melted cheese on the taquitos appears to be a golden yellow color, which is typical for cheese that has been cooked and melted"
db022623a32e7ae,Where are the fresh green cilantro leaves placed,scattered over,"the fresh green cilantro leaves are placed on top of the pizza slices, adding a touch of color and freshness to the dish"
db022623a32e7ae,What material is the board under the plate made of,wooden,the board under the plate appears to be made of wood
1aa5ae3b9f6e0db,What color is the base layer of the tart,yellow,"the base layer of the tart appears to be a light yellow or beige color, which is typical for a shortbread or pastry crust"
1aa5ae3b9f6e0db,Where are the Pineapple Meringue Tart pieces placed,plate,"the pineapple meringue tart pieces appear to be placed on a plate with a decorative pattern, which includes leaves and possibly some text or design elements. the tart is cut into triangular pieces, and one piece is prominently displayed in the foreground, showcasing its layers of mcrust, pineapple filling, and mmering on top. the background suggests that this is likely a kitchen or dining area, as there can be a countertop and other items like a plastic bag partially visible"
1aa5ae3b9f6e0db,What color is the meringue layer,white,the mérangue (meringue) in the image appears to be white
1aa5ae3b9f6e0db,What is the texture of the top of the meringue,toasted,"the top of the meringcue appears to have a slightly crumbly texture, with small, irregular pieces that suggest it might be a mérangue or a similar type of dessert"
1aa5ae3b9f6e0db,Where are the tart pieces located,on a plate,"the tart pieces appear to be on a plate, which is placed on a countertop. the plate has a floral design with the word ""cafe"" visible on it"
90ead502d026745,What color are the tater tots,golden brown,"the tater tots in the picture appear to be a golden brown color, which is typical for tater tots that have been fried or baked until they achieve a crispy texture and a golden hue"
90ead502d026745,What is the main ingredient in the dish,tater tots,"the dish appears to be a casserole or baked dish, likely containing ground meat (possibly sausage or beef), cabbage, and a creamy sauce. it could be a variation of a cabbage roll casserole or a similar comfort food dish. the exact ingredients would depend on the specific recipe used for this particular dish"
90ead502d026745,What color is the plate,white,"the plate in the image is white with a subtle, horizontal striped pattern around its edge"
90ead502d026745,Where is the sauce drizzled,over the tater tots,"the sauce appears to be drizzled over the top of the dish, likely on the mashed potatoes or creamy topping that covers the main components of the meal"
d1ad9c754aa697a,What color is the tea,orange,"the tea in the picture appears to be a light brown color, which is typical for milk-based teas like chai or latte"
d1ad9c754aa697a,What is the tea served in,glass,"the tea appears to be served in a glass with a handle, which is commonly used for serving hot beverages like tea or coffee. however, given that there is ice and what looks like a cinnamon stick and star anise on top, it seems to be be iced tea"
d1ad9c754aa697a,How are the ice cubes arranged in the tea,scattered,"the ice cubes in the tea are scattered throughout the glass, with some floating on the surface and others partially submerged"
d1ad9c754aa697a,What color is the cinnamon stick,brown,"the cinnamon stick in the image appears to be a light brown or reddish-brown color, which is typical for cinnamon sticks"
d1ad9c754aa697a,Where is the cinnamon stick placed,on top,"the cinnamon stick is placed on top of the drink, resting on the surface of the milk or cream that is in the glass"
b71b76cf8d104b4,What is the color of the tea in the glass teacup,amber,"the color of the tea in the glass teacup appears to be a light yellow or golden hue, which is typical for lemon tea"
b71b76cf8d104b4,What type of beverage is in the glass teacup,tea,"the glass teacup appears to contain a hot beverage, likely tea, given the context and appearance. the presence of a lemon slice suggests it might be a lemon tea or a similar flavored tea"
b71b76cf8d104b4,What is floating on the surface of the tea,lemon,the lemon slice is floating on the surface of the tea in the image
b71b76cf8d104b4,What color is the decorative saucer,green,the decorative saucer in the image is green with a floral design
b71b76cf8d104b4,Where is the thin slice of lemon located,on the surface,"the thin slice of lemon is located on top of the cup, resting on the rim"
34b57aacca7966a,What type of container is the tea in,mug,the tea is in a glass mug
34b57aacca7966a,What color is the tea,beige,"the tea in the image appears to be light brown, which is typical for a light or weak brew of tea"
34b57aacca7966a,Where is the mug placed,on a white tiled surface,"the mug appears to be placed on a white surface, possibly a table or countertop"
34b57aacca7966a,What type of beverage is in the mug,tea,"the mug appears to contain a light-colored beverage, possibly milk or a milk-based drink such as a latte, cappuccino, or a similar coffee-based drink. it could also be a smoothie or a milkshake. the exact type cannot be determined with certainty without additional context or information about the ingredients"
0eb658c957d98c0,What is the tea served in,glass,"the tea is served in a glass cup with a decorative base, which appears to be a type of glassware often used for serving beverages like tea or coffee"
0eb658c957d98c0,What color describes the tea,tan,"the tea in the picture appears to be a light brown or amber color, which is typical for many types of tea, such as black tea, ool

 addcriterion

 addcriterion

 addcriterion










































"
0eb658c957d98c0,Where is the tea positioned in the image,in the center,"the tea is positioned in the center of the image, placed inside a glass with a decorative base"
ab815925487ce3b,What is the temperature of the tea,hot,"the image shows a cup of tea, but it does not provide any information about its temperature. it's not possible to determine the temperature of the tea from the visual information alone"
ab815925487ce3b,What type of beverage is shown,tea,"the beverage shown in the image appears to be tea, as indicated by the cup and saucer, which are are typically used for serving tea. the dark liquid inside the cup also resembles the appearance of tea"
ab815925487ce3b,What color is the tea,amber,"the tea in the image appears to be a dark brown color, which is typical for black tea"
ab815925487ce3b,Where is the teacup resting,resting on a saucer,"the teacup is resting on a saucer, which is placed on a flat surface, likely a table or a similar setting"
ab815925487ce3b,What flavor is the tea,ginger,"the image shows a cup of tea with a saucer and two cookies, but it does not provide enough information to determine the specific flavor of the tea. it could be black tea, green tea, herbal tea, or any other type of tea. the flavor can only be determined by tasting the tea or having additional information about its preparation"
b0fdc6af7f2645a,What is the color of the glass teapot,clear,"the glass teapot in the picture is clear or transparent, allowing you to see through it"
b0fdc6af7f2645a,What color are the basil leaves,green,the basil leaves in the image appear to be green
b0fdc6af7f2645a,What is the hue of the tea,reddish-pink,"the tea in the image appears to be a dark amber color, which is typical for black tea"
b0fdc6af7f2645a,Where are the loose basil leaves and dried hibiscus flowers positioned,to the left,"the loose basil leaves and dried hibiscus flowers are positioned on the left side of the image, placed on a wooden surface next to a glass teapot"
dc7078acdfb1703,What color are the chicken tenders,brown,"the chicken tenders in appear to be brown, which is typical for cooked chicken that has been breaded and fried or baked. the breading appears to have a slightly crispy texture, suggesting it might be a breaded and fried preparation"
dc7078acdfb1703,What type of meat is shown in the image,chicken,"the image shows a dish that appears to be braised pork, possibly ribs or shoulder, coated with a rich, dark sauce. the sauce looks to have a savory and slightly sweet flavor profile, often achieved through the use of ingredients like figs, which are visible in the background. the dish also includes some herbs, likely thyme, adding a touch of freshness and aroma"
dc7078acdfb1703,What color is the plate,white,the plate in the image is white with a decorative edge
d44ef12ebd2068c,What color is the plate,white,the plate in the image appears to be white
d44ef12ebd2068c,What type of meat is featured in the dish,tenderloins,"the dish appears to feature roasted pork, likely a cut such as a shoulder or a leg roast"
d44ef12ebd2068c,What color is the outside of the tenderloins,reddish-brown,"the outside of the tenderloins appears to be a rich, dark brown color, which suggests it has been cooked to a well-done or medium-well level"
d44ef12ebd2068c,How is the brownish sauce applied to the tenderloins,drizzled,"the brownish sauce appears to be a type of gravy or au jus, which is commonly served with roasted meats like tenderloins. it is likely applied by brushing it over the surface of the meat while it's still warm from cooking. this can be done using a basting brush or by pouring it over the meat after it has been carved and plated. the sauce adds flavor and moisture to the meat, enhancing making it more tender and delicious"
d44ef12ebd2068c,Where is the sprig of green parsley placed,on top,"the sprig of green parsley is placed on top of the sliced meat, likely as a garnish to add a touch of color and freshness to the dish"
22730038e750ba4,What color is the interior of the pork,pink,"the interior of the pork in the image appears to be a light pinkish color, which is typical for cooked pork"
22730038e750ba4,What type of meat is shown in the image,pork,"the image shows slices of what appears to be grilled or roasted pork. the meat has a charred on the surface, which is typical for grilled meats, and it's served with a side of fresh salad"
22730038e750ba4,What color is the outer layer of the pork,dark brown,"the outer layer of the pork in the picture appears to be a dark brown or almost black color, which suggests it has been grilled or charred"
22730038e750ba4,How was the pork prepared to achieve its outer color,seared,"the pork in the image appears to have a charred or seared on the outside, which is typically achieved through high-heat cooking methods such as grilling, pan-fryinging, or searing. this technique involves cooking the meat over direct heat until the surface develops a crusty, caramelizeded exterior while keeping the interior juicy and tender. the charred or sear gives the meat a rich, smoky flavor and a desirable appearance"
22730038e750ba4,Where is the largest slice of pork located in the image,from the bottom left,"the largest slice of pork is located on the left side of the image, extending towards the center"
1ab59eb690c3b5d,What color are the baked chicken thighs,golden,"the baked chicken thighs in the picture appear to be golden brown, which is typical for chicken that has been cooked in an oven until it achieves a crispy exterior and a tender interior"
1ab59eb690c3b5d,What type of meat is shown in the image,chicken,"the image shows a dish that appears to be chicken, specifically chicken thighs, which have been cooked and served with a sauce. the sauce seems to contain mushrooms and possibly some herbs or spices, giving it a rich and savory appearance"
1ab59eb690c3b5d,What color are the mushrooms,brown,"the mushrooms in the picture appear to be a dark brown or almost black color, which is typical for certain mushrooms"
1ab59eb690c3b5d,Where are the mushrooms placed,piled on top,the mushrooms are placed on top of the chicken pieces in the image
1ab59eb690c3b5d,What color is the parsley,green,the parsley in the image appears to be green
3f9831aeae8dd21,What color is the tilapia,white,"the tilapia in the picture appears to be a golden brown color, which is typical for baked or pan-fried fish"
3f9831aeae8dd21,What type of fish is shown in the image,tilapia,"the image shows a piece of fish that appears to be coated with a mixture of breadcrumbs and possibly some herbs or spices. it looks like it could be a breaded fish fillet, which is commonly prepared for frying or baking. however, without more specific information or context, it's difficult to definitively identify the exact type of fish. it could be any type of fish that is commonly breaded and fried, such as cod, haddock, tilapia, or others"
3f9831aeae8dd21,What color are the crumbs on the tilapia,golden-brown,"the crumbs on the tilapia appear to be a light golden brown color, which is typical for breaded and fried fish"
3f9831aeae8dd21,Where is the purplish food item located relative to the fish,to the left,"the purplish food item appears to be located in the top left corner of the image, separate from the fish"
3f9831aeae8dd21,How would you describe the surface of the crumbs on the tilapia,textured,"the surface of the crumbs on the tilapia appears to be textured and slightly uneven, with some larger pieces of crumb visible. the texture suggests that the crumbs have been evenly distributed over the surface of the fish, likely providing a crunchy coating"
2eb69d1ad1c14be,What color is the burrata cheese,white,"the burrata cheese in the picture appears to be white with a creamy texture, which is typical for this type of cheese"
2eb69d1ad1c14be,What color are the tomato slices,red,the tomato slice in the picture is red
2eb69d1ad1c14be,Where are the tomato slices and tomato sauce located,on top,"the tomato slice and tomato sauce are located on top of the bread slices in the image. the tomato slice is placed on one side, while the tomato sauce is spread over the other side of the bread slice"
fd3101be707b71f,What type of dessert is located inside the small glass jar,ice cream,"the image shows a small glass jar containing what appears to be a creamy, light-colored dessert. it could be a type of mousse, custard, or possibly a light ice cream or sorbet. the exact type cannot be definitively determined from the image alone without additional context or information about the ingredients"
fd3101be707b71f,Where is the green tea ice cream located,located inside,"the green tea ice cream is located in a small glass jar with a metal clasp lid, which is placed on a dark surface. the jar appears to be part of a set of similar containers, and there there is a spoon resting inside the jar, suggesting that someone has been eating the ice cream"
fd3101be707b71f,What is the lighter green ice cream possibly made of,tofu,"the lighter green ice cream in the image appears to be pistachio flavored. pistachio ice cream typically has a light green color due to the natural pigments in the pistachio nuts, which can range from pale green to a deeper olive hue depending on the variety and roasting process used. the texture and consistency also align with that of pistachio ice cream. however, without tasting it or having more information about its ingredients, this is an educated guess based on common characteristics of pistachio ice cream"
fd3101be707b71f,How does the tofu ice cream appear,creamy,"the tofu ice cream in the image appears to be smooth and creamy, with a pale green color that suggests it might contain ingredients like matcha or spirulina for its hue. it is served in a small glass jar with a metal clasp lid, which is commonly used for storing and serving ice cream. the ice cream looks thick and rich, indicating a good texture typical of ice cream made from tofu"
fd3101be707b71f,How is the green tea ice cream served,scooped,"the green tea ice cream in the picture appears to be served in small glass jars with metal clasp lids. a spoon is placed inside one of the jars, indicating that it is ready to be eaten. the ice cream looks smooth and creamy, and there the jar is decorated with a small flower, adding an aesthetic touch to the presentation"
b3d4f40408a3449,What is the main protein in the dish,tofu,"the main protein in the dish appears to be grilled tofu. it is skewered with vegetables such as zucchini, bell peppers, and mushrooms, which are often used as side ingredients or garnishes rather than being the primary protein source"
b3d4f40408a3449,What color are the bell peppers on the skewers,red,the bell peppers on the skewers appear to be red and yellow
b3d4f40408a3449,What color is the tofu on the skewers,golden-brown,"the tofu on the skewers appears to be a light brown or golden color, which suggests it has been grilled or cooked until it has developed a slight char and a golden hue"
b3d4f40408a3449,What vegetable is dark and threaded onto the skewers,eggplant,the vegetable that appears to be dark and threaded onto the skewers in the image is likely eggplant
cb9d2c39afa6e98,What is the name of the Japanese dish in the bowl,agedashi,"the dish in the bowl appears to be **gyoza** (also known as dumplings). gyoza are a type of pan-fried or steamed dumpling that is popular in japanese cuisine. it typically consists of a thin, pleated-edged wrapper filled with a mixture of ground meat (usually pork and/or shrimp) and vegetables. the dish you has a light brown color, which suggests it might be a variation where the meat filling is lightly breaded before frying"
cb9d2c39afa6e98,What color is the rim of the bowl,brown,the rim of the bowl in the foreground is brown
cb9d2c39afa6e98,How are the tofu pieces arranged in the bowl,scattered,"the tofu pieces in the bowl appear to be arranged in a somewhat scattered manner, with some pieces overlapping each other. they do not seem to be be in any specific pattern or are neatly stacked. the arrangement looks casual and natural, which is typical for serving dishes like this where the focus is on the food itself rather than an artistic presentation"
6ae90b789637671,What color are the tofu pieces,tan,"the tofu pieces in the image appear to be light beige or off a pale yellowish color, which is typical for tofu that has been cooked and possibly seasoned"
6ae90b789637671,Where are the tofu pieces located within the plate,shifted to the left,"the tofu pieces are scattered throughout the plate, mixed with various vegetables such as broccoli, red bell peppers, and possibly mushrooms. they appear to be coated in a sauce, which gives them a glossy appearance. the vegetables are interspersed among the tofu, creating a colorful and appetizing dish"
6ae90b789637671,What color are the broccoli florets,green,the broccoli florets in the image are green
6ae90b789637671,How are the red bell pepper chunks distributed,scattered,"the red bell pepper chunks appear to be evenly distributed throughout the dish. they are interspersed among other ingredients, such as broccoli florets and what looks like tofu or another type of protein. the red peppers add a vibrant color contrast to the dish, which includes green broccoli and possibly some mushrooms or other vegetables. the distribution seems random yet balanced, ensuring that each bite likely contains a mix of these colorful components"
328211d7fd13871,What color are the tofu pieces,orange,"the tofu pieces in the image appear to be a light brown color, which is typical for tofu that has been pan-fried or grilled"
328211d7fd13871,What type of protein is used in the dish,tofu,"the dish appears to contain a piece of fried or baked fish, which is a common protein source in many cuisines"
328211d7fd13871,Where is the snow pea resting,resting between,"the snow pea is resting on top of the rice, to the left of the piece of fish in the center of the plate"
328211d7fd13871,What is the tofu resting on,rice,the the tofu appears to be resting on a bed of of rice
328211d7fd13871,How are the carrots arranged around the tofu,scattered,"the carrots in the image are arranged around the tofu in a circular pattern. there is one carrot slice at each corner of the plate, surrounding the tofu"
817a2e78403865a,What color are the edges of the tofu,brown,"the edges of the tofu in the image appear to be browned, indicating that they it has been cooked, likely pan-fried or stir-fried"
817a2e78403865a,How is the tofu arranged in the bowl,scattered,"the tofu in the bowl appears to be cut into cubes and is scattered throughout the dish, mixed with other ingredients such as broccoli and rice. it seems to be be evenly distributed across the bowl, not stacked or piled on top of each other"
817a2e78403865a,What vegetable is mixed with the tofu,broccoli,the vegetable mixed with the tofu in the image appears to be broccoli
817a2e78403865a,What color is the broccoli,green,the broccoli in the picture appears to be green
2fad435041d2dc8,What is the main ingredient of the dish,tofu,"the main ingredient in the dish appears to be a type of fried or baked food item, possibly tofu or a similar protein, served alongside mashed potatoes and green beans"
2fad435041d2dc8,What color is the plate,blue,the plate in the image is blue
2fad435041d2dc8,Where are the tofu pieces located on the plate,on the left side,"the tofu pieces are located on the left side of the plate, stacked on top of each other"
2fad435041d2dc8,What color are the fried tofu pieces,golden-brown,the the fried tofu pieces in the picture appear to be golden brown in color
97b516e3344fd79,What type of bowl is the dish served in,decorative,the dish appears to be served in a ceramic or porcelain bowl with a blue floral pattern around the rim
97b516e3344fd79,What is the main ingredient in the dish,tofu,"the main ingredient in the dish appears to be tofu, which is often used in chinese cuisine. the dish also includes what looks like a sauce or seasoning that could include soy sauce, chili oil, and possibly other ingredients such as garlic, ginger, and green onions. it's common for dishes like this to have a variety of flavors and textures, so it's hard to pinpoint exactly without more information"
97b516e3344fd79,What color is the decorative bowl,blue,"the decorative bowl in the image appears to be blue and white, with a floral pattern on the rim"
97b516e3344fd79,Where is the small spoon located,on the upper left,"the small spoon appears to be located in the top left corner of the image, outside of the bowl containing the food"
97b516e3344fd79,What is scattered throughout the bowl alongside the tofu,mushrooms,"the bowl contains tofu in a sauce, and there appear to be green onions (scallions) scattered throughout it. these are are commonly garnishes in many asian dishes, adding both flavor and visual appeal. the sauce itself looks rich and possibly savory, which could suggest it's a dish like mapo tofu or a similar style of chinese dish"
f4f9e7ee742b6e5,What color are the tomatoes,red,the tomatoes in the picture are red
f4f9e7ee742b6e5,What type of vegetable is shown in the image,tomatoes,"the image shows stuffed tomatoes. these are typically made by hollowing out the centers of ripe tomatoes and then filling them with a mixture that can include ingredients such as rice, quinoa, vegetables, herbs, cheese, and seasoningsings. the tops of the tomatoes are then usually covered with breadcrumbs or cheese and baked until golden brown"
f4f9e7ee742b6e5,What color is the plate,white,the plate in the image is white
f4f9e7ee742b6e5,Where is the front tomato positioned relative to the viewer,closer to,the front tomato is positioned closer to the viewer than the other two tomatoes in the image
f4f9e7ee742b6e5,What color is the parsley,green,the parsley in the picture is green
e98a385db039315,What color are the tomatoes,red,"the tomatoes in the picture appear to be red, which is typical for ripe tomatoes. however, some of them have a darker, almost blackened on their, which could indicate they were grilled or roasted"
e98a385db039315,What type of vegetable is shown in the image,tomatoes,"the image shows roasted or grilled vegetables, including cherry tomatoes halves and green bell peppers. the tomatoes appear to be charred, which suggests they have been cooked over an open flame or in a grill, giving them a slightly charred exterior while retaining their juicy interior. the green bell peppers also seem to have been roasted or grilled, as indicated by their slightly softened texture and charred skin"
e98a385db039315,What color are the patches on some of the tomatoes,yellow,"the patches on some of the tomatoes appear to be brown or black, which could indicate that they have been roasted or grilled"
26c7b4853f446d6,What is the main ingredient in the casserole,tomato,"the image shows a casserole dish with a golden-brown, cheesy topping that appears to be melted cheese, possibly cheddar or mozzarella. however, without more information about the ingredients listed on the recipe or the appearance of the filling beneath the cheese, it's difficult to determine the exact main ingredients. it could be a variety of dishes such as lasagna, shepherd's pie, or a baked pasta dish. if you you have any additional details or if you can describe the filling underneath the cheese, i would be happy to help further"
26c7b4853f446d6,What type of dish is the casserole in,transparent,"the casserole appears to be in a glass baking dish, which is commonly used for baking and serving casseroles. the dish looks like it could be a lasagna or a similar baked pasta dish, given the layers and the melted cheese on top"
26c7b4853f446d6,What color is the melted cheese on top of the casserole,orange,"the melted cheese on top of the casserole appears to be a golden brown color, which is typical for cheese that has been baked and melted to achieve a crispy texture"
ea0d52534352951,Is the onion topping gluten-free,gluten-free,"the image you've provided appears to be a dish topped with what looks like crispy fried onions. fried onions can vary in their gluten content depending on the ingredients used. if the onions were fried in oil or butter, they would not inherently contain gluten. however, if there any flour or other gluten-containing ingredients were used as a basting or coating (such as breadcrumbs), then it could potentially introduce gluten.

to determine if this specific is gluten-free, you should check the recipe or the preparation method. if you're unsure about the ingredients, it's best to contact the restaurant or the person who prepared the dish for more information"
ea0d52534352951,What color is the majority of the onion topping,yellow,"the majority of the onion topping in the image appears to be a golden brown color, indicating that it has been fried or baked until crispy and slightly caramelized"
ea0d52534352951,Where is the onion topping placed,on the plate,"the onion topping appears to be placed on top of a dish, likely a baked or fried item such as fries or a casserole. it looks like it has been fried until crispy and then sprinkled with some seasoning, possibly including salt and pepper. the dish is served on a dark plate, which contrasts nicely with the golden-brown color of the onions"
ea0d52534352951,What color are the edges of some of the onion topping,brown,"the edges of some of the onion topping in the image appear to be golden brown, indicating they have been fried or baked until crispy and slightly caramelized"
39d55e56600d302,What color is the topmost layer of the dessert,white,"the topmost layer of the dessert appears to be a light brown or tan color, which suggests it might be a crumbly or a crumble topping"
39d55e56600d302,What is the topmost layer of the dessert made of,meringue,"the topmost layer of the dessert appears to be a layer of crushed nuts, possibly walnuts or pecans, mixed with what looks like a sweet, creamy substance, possibly a custard or a mvel"
39d55e56600d302,What describes the patches on the meringue,browned,"the image you provided appears to be a close-up of a dessert, possibly a slice of a layered cake or pie. the top layer looks like a mmergue with some patches that could be indicative of caramelization or a slight browning, which is common in the edges of a mmergue when it's baked or toasted. the bottom layer seems to have a crumbly texture, which could be indicative of a crust or a layer of crushed nuts or cookie crumbs. the overall appearance suggests a dessert that has been baked and possibly topped with a sweet filling and a layer of mmergue on top"
39d55e56600d302,What color is the translucent filling,amber-colored,"the translucent filling in the image appears to be a light yellow or beige color, which could suggest it might be a custard or a similar type of filling"
39d55e56600d302,Where is the dessert resting,on a dark surface,"the dessert appears to be resting on a dark surface, possibly a plate or a cutting board"
e3d1141db582a02,What color is the surface where the tortes are placed,white,"the tortes are placed on a white surface, which appears to be a table or countertop"
e3d1141db582a02,What type of pastries are shown in the image,tortes,"the pastries shown in the image appear to be small, cylindrical cakes or muffins with a topping that looks like a layer of jam or fruit preserve. the texture and appearance suggest they could be a type of fruit cake or a similar dessert. the presence of the jam on top adds a sweet and fruity element to the pastry. these types of pastries are often enjoyed as a snack or dessert and can be found in various flavors depending on the fruit used for the topping"
e3d1141db582a02,What color is the wire tray holding the tortes,copper-colored,the wire tray holding the tortes is silver or metallic in color
e3d1141db582a02,Where are the three tortes placed,on a plate,"the three tortes are placed on a round, wire cooling rack on the left side of the image. on the right side, there is one of the tortes partially eaten and placed on a white plate with a fork next to it. the background appears to be a light-colored wooden surface"
817d0a6dd591446,What color is the mousse layer,green,"the mousse layer in the image appears to be white, which suggests it might be a vanilla or cream-based mousse"
817d0a6dd591446,What is the pale green layer made of,mousse,"the pale green layer on top of the cake appears to be a lime-flavored frosting or glaze. it is likely made from a combination of ingredients such as lime juice, zest, and possibly cream cheese or buttercream to achieve the desired texture and flavor. the green color suggests the use of lime zest or extract for both flavor and decoration"
817d0a6dd591446,What color is the plate,white,the plate in the image is white
817d0a6dd591446,What color is the base of the torte,brown,"the base of the tort (which appears to be a cake) is light brown, indicating it might be a sponge or carrot cake"
817d0a6dd591446,Where are the small white dollops of cream placed,on top of,"the small white dollops of cream are placed on top of the cake, arranged in a circular pattern around the edge and in the center. of the cake"
960127d6c89ac13,What type of fruit is used in the torte,plum,"the image shows a fruit tart with a lattice crust, and the fruit appears to be apricots. the golden-brown color and the shape of the fruit pieces are characteristic of apricots"
960127d6c89ac13,What shape is the torte,round,"the image you provided appears to be a close-up of a baked dish that looks like a tart or pie, but it's not clear what the overall shape of the entire dish is from this close-up view"
960127d6c89ac13,What color is the torte filling,yellow,"the image you provided does not show a tort, but rather what appears to be a baked dish with a filling that looks like it could be apricots or another type of fruit. the filling has a golden-brown color, which suggests it might be caramelizeded or baked in an oven. if you have any other images or need further clarification, feel free to share!"
960127d6c89ac13,What color is the powdered sugar,white,the powdered sugar in the image appears to be white
960127d6c89ac13,Where is the powdered sugar sprinkled,over the surface,"the powdered sugar appears to be sprinkled over the top of the baked dish in the image. it is evenly distributed across the surface, creating a dusting that contrasts with the golden-brown color of the dish itself"
72f70fbadf48fe7,What color are the tortellini,yellow,"the tortellini in the picture appear to be a light yellow or offzo color, which is typical for cheese-filled pasta like tortellini"
72f70fbadf48fe7,What type of pasta is shown in the image,tortellini,"the pasta shown in the image appears to be fettuccine. fettuccine is a flat, wide noodle that is often used in creamy sauces and is commonly in italian cuisine. the dish in the image seems to have a creamy sauce with what looks like chicken and possibly some herbs, which is consistent with a fettuccine alfredo or a similar dish"
eb4315397495532,What color is the plate,orange,the plate in the image is orange
eb4315397495532,What type of pasta is in the dish,tortellini,"the pasta in the dish appears to be tortellini, which is a type of stuffed pasta. it looks like it's mixed with other ingredients such as cherry tomatoes halves, corn kernels, broccoli florets, and possibly some type of meat (possibly salami or pepperoni) and grated cheese. the dish seems to be be a salad or a light pasta dish"
eb4315397495532,What color are the diced bell peppers,yellow,the the diced bell peppers in the image are yellow and red
eb4315397495532,What color are the cherry tomatoes,red,the cherry tomatoes in the image are red
eb4315397495532,Where is the tortellini served,on an orange plate,"the tortellini is served on a plate with a variety of vegetables and possibly some meat, creating a colorful and appetizing salad or pasta dish"
195e9585a01590a,What color is the surface the tortellini are placed on,blue,"the tortellini are placed on a light blue surface, which appears to be a cloth or mat"
195e9585a01590a,What type of pasta is shown in the image,tortellini,"the image shows what appears to be ravioli, which is a type of stuffed pasta. the green color suggests that it might be spinach ravioli, as spinach is commonly used as a filling for this type of pasta"
195e9585a01590a,What color are the tortellini,green,"the tortellini in the picture appear to be green. this suggests that they they may be made with spinach or another green vegetable as an ingredient, which is common for certainellini to add flavor and color"
195e9585a01590a,How does the surface of some tortellini appear,powdered,"the surface of some of the tortellini appears to have a slightly rough or textured look, which is typical for fresh pasta. this texture can be due to the way the dough is rolled and cut, as well as the process of shaping the tortellini. the roughness might also be a result of the filling being pressed into the dough, creating small ridges or indentations on the surface"
4911dd059ba7f62,What color are the tortellini,yellow,"the tortellini in the picture appear to be a light yellow or beige color, which is typical for cooked tortellini"
4911dd059ba7f62,What color are the sausage pieces,brown,"the sausage pieces in the image appear to be brown, which is typical for cooked sausages. the color can vary depending on the type of sausage and how it was cooked, but in this particular image, they look like they have been cooked to a brownish hue"
4911dd059ba7f62,Where are the ingredients located in the image,in the center,"the image shows a plate of pasta with various ingredients. the ingredients appear to include:

1. **pasta**: likely a type of shell-shaped pasta, possibly tortellini or rigatoni.
2. **meat**: slices of what looks like grilled meat, possibly chicken or beef.
3. **vegetables**: sliced red bell peppers and possibly some green vegetables, which could be zucchini or spinach.
4. **cheese**: grated cheese sprinkled on top, likely parmesan.
5. **herbs**: a small amount of chopped herbs, possibly parsley.

these ingredients are are typically found in a"
c21bd7781469b7f,What color are the tortillas,yellow-tan,the tortillas in the picture appear to be light yellow or beige in color
c21bd7781469b7f,What type of food item is shown in the image,tortillas,"the image shows a stack of tortillas, which are flat, thin, unleavened breads typically made from corn or wheat flour"
c21bd7781469b7f,How are the tortillas arranged,stacked,"the tortillas in the image appear to be arranged in a single layer, with each one overlapping slightly on top of the others. they are placed on what looks like a cloth or paper towel, which is likely used to absorb any excess moisture and keep them fresh"
c21bd7781469b7f,What shape are the tortillas,round,the tortillas in the picture appear to be round or slightly oval in shape
d3374dbac8ec3d1,What color are the tortillas,tan,"the tortillas in the picture appear to be light brown with some darker spots, which is typical for whole wheat or multi-grain tortillas. the exact shade can vary depending on the type of flour used and the cooking method"
d3374dbac8ec3d1,What type of food is shown in the image,tortillas,"the image shows a stack of flatbreads, which appear to be naan or a similar type of bread. these are typically made from unleavened dough and are often used as a side dish or for wrapping food. the golden-brown color and slightly puffed texture suggest they might have been baked or grilled"
d3374dbac8ec3d1,What color is the cloth under the tortillas,blue,the cloth under the tortillas appears to be green and white striped
d3374dbac8ec3d1,Where are the tortillas placed,on top of,"the tortillas appear to be placed on a colorful, striped cloth or napkin. the cloth has alternating stripes of green and white, with some pink and yellow tones visible in the background"
da1d6472e13aadf,What is the base of the tostada made of,tortilla,"the base of the tostada appears to be a tortilla, which is a common base for tostadas"
da1d6472e13aadf,What color is the ground turkey,brown,"the ground turkey in the image appears to be a light brown color, which is typical for cooked ground turkey"
da1d6472e13aadf,What color is the diced avocado,green,the the diced avocado in the image appears to be green
da1d6472e13aadf,Where are the sliced red onions placed,on top,"the sliced red onions are placed on top of the taco, adding a vibrant color and a sharp, tangy flavor to complement the other ingredients. such
styletype"
117a60f129fb597,What color is the plate,white,the plate in the picture is white
117a60f129fb597,What color are the tater tots,golden-brown,"the tater tots in the picture appear to be golden brown, which is typical for fried tater tots"
117a60f129fb597,What is the main ingredient in the dish,meat,"the main ingredient in the dish appears to be taterters, which are a type of potato that has been cut into small cubes and fried until crispy"
117a60f129fb597,Where is the sloppy joe meat placed,on top of,"the sloppy joe meat is placed on top of the tater-tat-tat (tater-tat-tat is likely a misspelling of ""tater-tat-tat,"" which refers to tater tots, a type of potato-based food item). the tatties are covered with a layer of the meat mixture, which appears to be a combination of ground beef and possibly some vegetables or seasoningsings, topped with shredded cheese"
dada488561e65c8,How are the treats arranged on the parchment paper,scattered,"the treats, which appear to be rice krispie treats decorated with green icing and colorful candy pieces, are arranged in a scattered pattern on the parchment paper. they are not neatly lined up but rather placed loosely, giving them a casual and homemade look"
dada488561e65c8,What colorful items are embedded in the green clusters,marshmallows,"the the green clusters appear to be cereal treats, possibly rice krispies, with colorful candy pieces embedded in them. the colors of the candy pieces include pink, yellow, and blue, which are commonly colors for easter-themed candies like m&ms or similar types"
dada488561e65c8,What is the texture of the cereal clusters,congealed,"the cereal clusters in the image appear to have a textured, slightly crunchy surface. this texture is typical for cereal clusters, which are made by combining cereal pieces with a sweet binding agent, often resembling a cracker or cookie-like consistency. the green color and the presence of colorful candy pieces suggest that these are festive treats, possibly made for a special occasion like easter, given the pastel colors and shapes"
dada488561e65c8,Where are the treats placed,on wrinkled sheet,"the treats appear to be placed on a piece of parchment paper, which is resting on a wooden surface. the parchment paper seems to have been used to hold or present the treats, possibly for serving or display purposes"
979f8486655d8c9,What is the texture of the white filling in the trifle,creamy,"the white filling in the trifle appears to be creamy and smooth, likely made from whipped cream or a similar dairy-based product. it is interspersed with layers of cake and possibly some fruit, creating a light and airy texture that contrasts nicely with the denser layers of cake and the crunchy topping"
979f8486655d8c9,What type of dessert is shown in the image,trifle,"the image shows a dessert that appears to be a banana pudding. this classic dessert typically consists of layers of vanilla pudding, sliced bananas, and crushed vanilla wafers (often referred to as nilla wafers). the dessert in the image has these characteristic layers, with the top layer being the crushed vanilla wafers"
979f8486655d8c9,What color is the custard layer in the trifle,yellow,the custard layer in the trifle appears to be a creamy yellow color
979f8486655d8c9,Where are the whole cookies placed on the trifle,on top,"the whole cookies are placed on top of the trifle, forming a decorative layer that adds a crunchy texture to the dessert"
979f8486655d8c9,What color are the whole cookies on top of the trifle,brown,"the whole cookies on top of the trifle appear to be a light brown color, which is typical for vanilla wafers or ladyfinger cookies"
82ad0c5889276b1,What color are the cake cubes in the base layer,golden-brown,"the cake cubes in the base layer of the dessert appear to be white, which is typical for vanilla or white cake"
82ad0c5889276b1,What is the base layer of the trifle made of,cake,"the base layer of the trifle in the picture appears to be ladyfinger cookies, which are a common choice for trifle bases due to their their sponge-like texture and ability to soak up liquid without becoming soggy"
82ad0c5889276b1,What color are the strawberries in the trifle,red,the strawberries in the trifle appear to be red
82ad0c5889276b1,What is the trifle topped with,with whipped topping,"the trifle in the picture appears to be topped with a variety of fresh fruits, including strawberries and possibly some other berries. it also seems to have a layer of whipped cream or a similar white topping, which could be cream cheese or yogurt. additionally, there are some small pieces of what looks like sponge cake or ladyfinger cookies scattered on top. the overall presentation suggests a classic trifle dessert"
82ad0c5889276b1,What type of dish is the berry trifle,dessert,"the dish in the picture is a berry trifle. it consists of layers of sponge cake, fresh berries (likely strawberries and possibly other fruits), whipped cream or custard, and sometimes jelly or fruit compote between the layers. the dessert is often served in a glass bowl or trifle dish, as shown in the image. trifles are known for their layered, fruity, and creamy texture, making them a popular choice for special occasions or dessert courses"
f7bcbfa5d91a502,What is the primary color of the Oven-Roasted Tri-Tip,reddish-brown,"the primary color of the oven-roasted tri-tip in the image appears to be brown, which is typical for cooked meat that has been roasted"
f7bcbfa5d91a502,What type of meat is shown in the image,tri-tip,"the image shows a dish that appears to be a steak, likely a cut such as a ribeye or filet mignon, served with caramelized onions and possibly some green onions for garnish"
f7bcbfa5d91a502,What color is the plate the Tri-Tip is served on,white,the tri-tip is served on a white rectangular plate
f7bcbfa5d91a502,Where is the Tri-Tip located in the image,on a plate,"the tri-tip is located on the plate in the foreground of the image. it appears to be a piece of grilled meat, likely served with caramelized onions and garnished with green onions"
f7bcbfa5d91a502,What color are the onions covering the Tri-Tip,yellow-brown,"the onions covering the tri-tip appear to be caramelized, which typically means they have a rich, golden-brown color due to the maillard reaction that occurs when they are cooked at high temperatures"
1fab03e9b59ddee,How would you describe the size of the fish,large,"the fish in the picture appears to be a medium-sized portion, likely suitable for one meal. it is cooked and seasoned, with a visible layer of seasoning on its surface. the green beans on the side provide a sense of scale, indicating that the fish is not overly large but also not small"
1fab03e9b59ddee,What type of protein is the main dish,fish,"the main dish in the picture appears to be salmon, which is a type of fish"
1fab03e9b59ddee,What color is the Steelhead Trout,orange,"the steelhead trout in the picture appears to be a reddish-orange color, which is typical for this type of fish when it's cooked"
1fab03e9b59ddee,Where is the fish located on the plate,on the right,the fish is located on the right side of the plate
8532d483872df44,What type of food is being served on the platter,fish,"the image shows a platter with what appears to be baked fish, likely sea bass or another similar type of fish, garnished with herbs and possibly some nuts or breadcrumbs. the fish is accompanied by lemon slices, which is commonly used as a garnish for seafood dishes. the dish looks like it might be a mediterranean-inspired preparation"
8532d483872df44,What color are the lemon wedges placed around the fillets,yellow,the lemon wedges in the image are yellow
8532d483872df44,Where are the Trout Meunière fillets placed,on the platter,"the trout meunière fillets are placed on a large, round plate with a blue and white pattern. the plate is garnished with lemon slices wedges and fresh herbs, likely parsley or dill, which are commonly accompaniments for this dish. the fillets appear to be seasoned and possibly topped with a crumbly mixture, which is characteristic of the meunière preparation method"
8532d483872df44,What are the main components of the dish on the platter,fillets,"the main components of the dish on the platter appears to be baked fish, likely sea bass or another similar type of fish, topped with a mixture that looks like breadcrumbs and herbs. possibly parsley or cilantro. the fish is garnished with lemon slices and fresh herbs, which could be parsley or cilantro, adding a fresh and aromatic touch to the dish. the platter itself has a blue and white pattern, giving it a decorative and appetizing look"
2663a5718fa18fe,What is the color of the truffles,dark,"the truffles in the picture appear to be dark brown, indicating they are likely chocolate truffles"
2663a5718fa18fe,What color are the truffles,brown,"the truffles in the picture appear to be dark brown, which is typical for chocolate truffles. the white specks on top suggest they might have been sprinkled with sea salt, adding a contrasting texture and flavor to the smooth chocolate"
2663a5718fa18fe,Where are the truffles placed,in a box,"the chocolate truffles in the picture are placed in a white, rectangular box with a clear plastic lid. the box appears to be made of cardboard and is designed to hold multiple truffles securely. the lid is partially open, revealing the truffles inside. the truffles themselves are coated in a smooth, dark chocolate and sprinkled with what looks like coarse salt on top"
2663a5718fa18fe,What color are the salt crystals on the truffles,white,the salt crystals on the truffles appear to be white
0b5e5c68ea86508,What color is the plate,white,the plate in the image is white
0b5e5c68ea86508,What is the main ingredient of the truffles,chocolate,"the image shows chocolate truffles coated with what appears to be shredded coconut. the main ingredients in truffles typically include:

1. **chocolate**: this can be dark, milk, or white chocolate, depending on the recipe.
2. **butter or cream**: often used as a binding agent and to add richness.
3. **sugar**: sometimes added for sweetness.
4. **nuts or fruits (optional)**: these can be mixed into the chocolate mixture before shaping the truffles.

in this case, the truffles appear to have a layer of shredded coconut on top, which is often used as a decorative and flavorful topping"
0b5e5c68ea86508,What color are the truffles coated in cocoa powder,brown,"the truffles coated in cocoa powder appear to be a rich, dark brown color"
0b5e5c68ea86508,Where are the truffles located,on a plate,"the truffles are located on a white plate, which is placed on a surface that appears to be a light pink or peach color"
3aa0bced2f8335c,What type of dessert is shown in the image,truffles,"the image shows chocolate-covered cookies or truffles with colorful sprinkles on top. these appear to be festive holiday treats, possibly decorated for christmas or other celebrations. the cookies or truffles seem to have a cookie dough filling, which is then coated in chocolate and topped with sprinkles"
3aa0bced2f8335c,What color is the cookie dough center,brown,"the cookie dough in the image appears to be a mix of brown and dark colors, suggesting it might contain chocolate chips or pieces. it does not have a uniform color but rather a speckled appearance with darker spots, which could indicate the presence of chocolate chips or other ingredients mixed into the dough"
3aa0bced2f8335c,What is the appearance of the chocolate shell on the sliced truffle,studded,"the chocolate shell on the sliced truffle appears to be smooth and glossy, indicating it has been properly coated with melted chocolate. the truffle itself looks rich and dense, with visible chunks of what could be nuts or dried fruits embedded within, suggesting a mix-in for added texture and flavor. the truffle is cut in half, revealing its interior, which is a dark brown color, consistent with the chocolate coating. the exterior of the truffle is also decorated with colorful sprinkles, adding a festive touch to the presentation"
3aa0bced2f8335c,Where are the sprinkles located on the truffles,at the top,"the sprinkles are located on top of the chocolate coating of the truffles. they appear to be colorful, adding a festive touch to the presentation"
c1139da94258750,What is inside the chocolate truffles,strawberry-filled,"the image shows chocolate truffles with various designs on their tops, but it does not provide information about what is inside them. chocolate truffles can contain a variety of fillingsings such as cream, ganache, fruit, nuts, or even other chocolates. the specific filling depends on the recipe and the preference of the chocolatier who made them. to check the specific filling, you would need to look at the label or ask the person who made them"
c1139da94258750,What type of dessert is shown in the image,truffles,"the image shows chocolates. the chocolates appear to be heart-shaped and some have a swirl design, suggesting they might be valentine's day-themed or simply decorative chocolates. they seem to be filled with a white cream or ganache, which is common in certain of chocolate desserts"
c1139da94258750,What color is the truffle in the center,brown,"the truffle in the center appears to be dark brown, which is typical for chocolate truffles"
c1139da94258750,What color is the heart-shaped decoration on the center truffle,with a darker brown,the heart-shaped decoration on the center truffle appears to be white
c1139da94258750,What shape are all the truffles,circular,the truffles in the picture are heart-shaped
7f0c8af27a6478f,What color are the noodles in the casserole,yellow,"the noodles in the casserole appear to be a light yellow or offzo color, which is typical for cooked pasta like elbow macaroni"
7f0c8af27a6478f,What type of fish is used in the casserole,tuna,"the image shows a casserole dish with what appears to be a pasta-based dish, possibly a tuna noodle casserole or a similar pasta and fish dish. however, it's not possible to definitively identify the specific type of fish used in the casserole from the image alone. the fish could be tuna, salmon, cod, or any other type of fish commonly used in such dishes"
7f0c8af27a6478f,What is the texture of the sauce in the casserole,creamy,"the image shows a casserole dish with a creamy, cheesy sauce that appears to be baked. it has a smooth and slightly glossy texture, which is typical for a baked pasta dish with a cheese-based sauce. the sauce looks thick enough to coat the noodles evenly but not so thick that it's clumpy or lumpy"
7f0c8af27a6478f,Where are the crushed potato chips located,on the top of casserole,"the crushed potato chips are located on top of the pasta dish in the foreground of the image, adding a crunchy texture to the meal"
7f0c8af27a6478f,What color is the creamy sauce in the casserole,white,"the creamy sauce in the casserole appears to be a light yellow or beige color, which is typical for a cheese-based sauce"
81f47512853201e,What color is the baking dish,white,the baking dish in the picture is blue
81f47512853201e,What color are the zucchini slices,green,"the zucchini slice in the image appears to be light green in color, which is typical for fresh zucchini"
81f47512853201e,What has happened to the cheese on top of the casserole,melted,"the image shows a casserole dish with a baked dish that appears to be a zucchini casserole, topped with melted and slightly browned cheese"
81f47512853201e,Where is the casserole placed in the image,in a white baking dish,"the casserole is placed in a rectangular baking dish, which appears to be on a surface that could be a table or countertop"
31fa025b78a3458,What is the texture of the sauce on top of the dish,creamy,"the sauce on top of the dish appears to be a creamy, melted cheese sauce with visible chunks that suggest it might contain ingredients like mushrooms or other vegetables. it looks smooth and slightly glossy, indicating it's likely baked until the cheese has melted and possibly browned in some areas, giving it a rich and appetizing appearance"
31fa025b78a3458,What type of meat is used in the dish,turkey,"the dish appears to be a baked casserole or lasagna, which typically does not include meat as a primary ingredient. however, it could contain meat as an optional addition. the visible toppings suggest the presence of mushrooms and possibly cheese, but without a closer look at the ingredients list or the specific preparation method, it's difficult to determine if there any meat is included"
31fa025b78a3458,What color is the creamy sauce on top of the dish,yellow,"the creamy sauce on top of the dish appears to be a light yellow or beige color, which is typical for a cheese-based sauce like bechamel or béchamel"
31fa025b78a3458,What type of vegetable is visible on the top layer of the dish,mushrooms,the top layer of the dish appears to have mushrooms as the visible vegetable
31fa025b78a3458,Where is the Turkey Tetrazzini located in the image,in a dish,"the turkey tetrazzini, which appears to be a baked dish with a creamy sauce and possibly mushrooms or other ingredients, is located in the center of the image. it is placed on a stovetop, inside a glass baking dish"
342068e032bf8d6,What color is the rub on the turkey,brownish-orange,"the rub on the turkey appears to be a mix of brown and green colors, suggesting it might include spices like paprika, cumin, and possibly herbs like rosemary or thyme"
342068e032bf8d6,What type of meat is shown in the image,turkey,"the image shows a whole chicken that appears to be seasoned and ready for cooking. the seasoning includes herbs and possibly spices, which could include items like salt, pepper, garlic powder, paprika, or other common seasoningsings used for roasting chickens. the chicken is placed in a disposable aluminum tray, which is often used for baking or roasting"
342068e032bf8d6,How is the rub distributed on the turkey,scattered,"the rub appears to be evenly distributed over the surface of the turkey. the seasoning looks to be be rubbed into the skin and possibly under the skin as well, which is common for preparing a turkey for roasting. this method helps to lock in moisture and enhance flavor. the rub seems to cover the entire visible surface area of the turkey, ensuring that it will cook evenly and have a consistent flavor throughout"
342068e032bf8d6,What color are the specks and flakes on the turkey,green,"the specks and flakes on the turkey appear to be a mix of green, brown, and possibly some other colors, which could indicate various spices or herbs used in the seasoning process"
342068e032bf8d6,Where is the rub located on the turkey,on the surface,"the rub appears to be generously applied all over the surface of the turkey, covering its skin and extending into the folds and crevices"
79b81189e77204a,What color is the plate,white,the plate in the image is white
79b81189e77204a,What type of fruit is used in the turnover,blueberry,"the turnover in the picture appears to be filled with blueberries, as indicated by the visible blueberry pieces and the blueberry glaze on top"
79b81189e77204a,What color is the pastry,golden-brown,"the pastry appears to be golden brown in color, which is typical for baked goods like pastries or croissants"
79b81189e77204a,How are the blueberries arranged around the pastry,scattered,the blueberries are arranged around the pastry in a circular pattern on the plate
304ea6b80cd8e93,What color is the bowl,red,the bowl in the picture is primarily red with a black rim and a decorative pattern on the inside
304ea6b80cd8e93,What shape is the bowl,square,the bowl in the picture is square-shaped
304ea6b80cd8e93,What vegetable is scattered in the broth,carrots,"the vegetables scattered in the broth appear to be carrots and possibly some leafy greens, such as spinach or parsley"
304ea6b80cd8e93,Where are the cilantro and carrots located,on top,"in the image, the cilantro is located on top of the soup, sprinkled over the noodles and other ingredients. the carrots are are also in the soup, visible among the noodles and other vegetables"
30265394037d14c,What is the color of the Veal Scaloppini,golden-brown,"the veal scaloppini in the picture appears to be a golden brown color, which is typical for veal that has been breaded and fried or pan-fried until it achieves a crispy exterior while remaining tender inside. the sauce on top adds creamy white color, likely a béchamel or a similar type of sauce. the lemon garnish adds a bright yellow color"
30265394037d14c,What type of meat is used in the dish,veal,"the dish appears to be a breaded and fried cutlet, likely chicken or pork, topped with a creamy sauce. it could also be veal, but it's more likely to be be chicken or pork due to the breading and the shape of the cutlets. the lemon garnish suggests that it might be a chicken cutlet, as chicken is commonly served with lemon"
30265394037d14c,What color is the Lemon Cream Sauce,white,"the lemon cream sauce in the image appears to be a light yellow or offang color, which is typical for lemon-based sauces"
30265394037d14c,Where is the Veal Scaloppini placed,on the plate,"the veal scaloppini appears to be served on a white plate, garnished with a slice of lemon and a sprig of parsley"
30265394037d14c,How is the Lemon Cream Sauce applied to the veal,drizzled,the lemon cream sauce appears to be drizzled over the top of the breaded veal cutlets in the image
d1b61b8147cf662,What color is the plate,white,the plate in the image is white
d1b61b8147cf662,What type of food is on the plate,vegetables,"the plate contains a dish that appears to be a roasted vegetable salad. it includes slices of red bell peppers, chunks of eggplant, and possibly some herbs like parsley or cilantro. the vegetables seem to have been roasted as they have a slightly charredred color which is typical for roasted vegetables"
d1b61b8147cf662,What color are the peppers,red,the peppers in the image appear to be red
d1b61b8147cf662,Where are the vegetables located,on a plate,"the vegetables in the image appear to be arranged on a white plate, which is placed on a wooden surface. the vegetables include what looks like roasted or grilled pieces of eggplant and red bell peppers, garnished with fresh herbs, possibly parsley"
950b1803631181d,What color are the decorative leaves on the Wellington,brown,"the decorative leaves on the wellington appear to be green, likely rosemary or a similar herb, which is commonly used for garnishing and flavoring wellingtons"
950b1803631181d,What type of dish is shown in the image,wellington,"the image shows a dish that appears to be savory pastries, possibly filled with ingredients like cheese or meat, given their golden-brown color and the presence of what looks like herbs on top. they could be a type of empanada, calzone, or another baked pastry dish. the small bowl next to them might contain a dipping sauce or condiment"
950b1803631181d,What color is the plate the Wellington is served on,dark blue,the wellington in the picture is served on a black plate
6e329e616c77aad,What color are the bell pepper chunks,green,the bell pepper chunks in the image appear to be green
6e329e616c77aad,What type of food is being prepared,vegetables,"the image shows a variety of vegetables that appear to be being roasted or grilled. the vegetables include zucchini, bell peppers (green and red), onions, and possibly mushrooms. these ingredients are often used in various dishes such as ratatouille, vegetable stir-fries, or as part of a vegetarian meal. the presence of a grill pan suggests that the vegetables might be being cooked on a grill or in an oven"
6e329e616c77aad,How are the green bell pepper chunks arranged,scattered,"the green bell pepper chunks appear to be scattered across the grill tray, mixed with other vegetables such as zucchini and red onions. they are not arranged in any particular pattern but rather seem to be distributed randomly, which is typical for grilling where ingredients are often tossed around to ensure even cooking"
6e329e616c77aad,Where are the vegetables arranged,on a black grill pan,"the vegetables in the image appear to be arranged on a grill or baking tray, likely for roasting or grilling. the arrangement includes slices of zucchini, bell peppers, and onions, which are typically seasoned and cooked together for a balanced flavor profile"
4ac1c59a0e69f40,What is the appearance of the sauce on the venison,glazed,"the sauce appears to be a dark, rich, and glossy red or purple color, which suggests it could be a berry-based sauce, possibly made from blackberries or another similar fruit. it is evenly distributed over the venison, indicating that it has been cooked into the meat, likely through braising or slow cooking methods, which allows the flavors to meld together. the sauce looks thick and concentrated, which is typical for a reduction or compote, adding depth and sweetness to the dish"
4ac1c59a0e69f40,What color is the sauce around the base of the venison,reddish-brown,"the sauce around the base of of the venison appears to be a deep red color, which suggests it might be a berry-based sauce, possibly made with blackberries or another dark fruit"
4ac1c59a0e69f40,Where are the blackberries located in relation to the venison,around the base,"the blackberries are located around and on top of the venison. they appear to be garnishing the dish, adding a pop of color and likely a sweet contrast to the savory flavor of the venison"
4ac1c59a0e69f40,What fruit is scattered around the venison,blackberries,the fruit scattered around the venison appears to be blackberries
518f951a9a03867,What color is the venison,brown,"the image shows a dish that appears to be a type of stew or casserole with a thick, brown gravy. the meat in the dish looks like it could be venison, but the exact color cannot be determined from this image alone. venison can vary in color depending on the cut and how it has been cooked. it can range from light brown to dark brown"
518f951a9a03867,What type of meat is in the dish,venison,"the dish appears to contain a type of meat that has been cooked and topped with a thick, brown gravy or sauce. the meat looks like it could be beef, as it resembles the texture and color often associated with beef dishes. however, without more context or a clearer view, it's difficult to definitively identify the exact type of meat. it could also be pork, lamb, or another type of meat, but based on the visual cues, beef seems the most likely possibility"
518f951a9a03867,What is covering the venison,gravy,"the the venison in the picture appears to be covered with a thick, brown gravy or sauce. this type of sauce is often used in venison dishes and can be made from various ingredients such as onions, garlic, herbs, and sometimes wine or stock. it's common in many cuisines traditions, especially in american-style venison dishes where it's often served over mashed potatoes or rice"
518f951a9a03867,What color is the plate,green,the plate in the image appears to be green
518f951a9a03867,Where is the dish presented,on the plate,"the dish appears to be presented on a green plate. the focus of of the image is the food, which looks like a piece of meat covered in a thick, brown gravy or sauce"
5bd2d4f17e38c6e,What color are the fried venison backstrap pieces,golden-brown,"the fried venison backstrap pieces in the picture appear to be golden brown, which is typical for fried meat"
5bd2d4f17e38c6e,What type of meat is shown in the image,venison,"the image shows breaded and fried pieces of chicken. the breading appears to be a crispy, golden-brown coating, which is typical for fried chicken"
5bd2d4f17e38c6e,Where are the fried venison backstrap pieces placed,on a plate,"the fried venison backstrap pieces are placed on a white plate with a decorative edge, which is sitting on a wooden surface. possibly a table or countertop. the plate is set against a background that includes a striped cloth, suggesting it might be in a kitchen or dining area"
5bd2d4f17e38c6e,How are the fried venison backstrap pieces arranged,overlapping,"the fried venison backstrap pieces are arranged on a plate in a somewhat overlapping manner. they appear to be stacked or layered, with some pieces slightly leaning against each other, creating a casual and rustic presentation. the arrangement allows for a good view of the bstrap pieces while also showcasing their golden-brown, crispy texture"
b15c979347195d8,What type of dish is the blueberry vinaigrette dressing used on,salad,"the blueberry vinaigrette dressing is typically used on a salad, as shown in the image you provided. it appears to be a mixed green salad with blueberries, walnuts pieces, and crumbled goat cheese. the dressing adds a sweet and tangy flavor that complements the other ingredients well"
b15c979347195d8,What color are the lettuce leaves in the salad,green,"the lettuce leaves in the salad appear to be green, which is typical for many types of lettuce used in salads. such as romaine or spinach"
b15c979347195d8,Where are the blueberries located,in the salad,"the blueberries are located in the salad, scattered among the greens and other ingredients"
b15c979347195d8,What fruit is included in the salad,blueberries,the salad includes blueberries as one of its fruits
bd3b4a1c7f9f373,What shade is the liquid in the pitcher,brown,"the liquid in the pitcher appears to be a dark, almost black color. it could be a type of syrup or a concentrated sauce, possibly balsamic vinegar or a similar dark liquid used for drizzling over dishes"
bd3b4a1c7f9f373,What is the vinaigrette doing to the light,reflecting,"the vinaigrette in the image appears to be a dark, glossy liquid, likely a type of salad dressing such as balsamic vinaigrette or a similar vinegar-based dressing. it is being poured into a clear glass bowl. the light reflecting off the surface of the vinaigrette suggests that it has a smooth and slightly viscous texture, which is typical for dressingsings like this. the light reflection on the surface indicates that the dressing is not too thick and is allowing to flow smoothly"
bd3b4a1c7f9f373,What is the vinaigrette contained in,pitcher,"the vinaigrette appears to be contained in a glass pitcher or carafe, which is commonly used for serving and pouring dressingsings over salads. the dark color of the liquid suggests it could be a balsamic vinaigrette, which is often made with balsamic vinegar, olive oil, and sometimes other ingredients like mustard, herbs, and salt"
bd3b4a1c7f9f373,What type of dressing is shown in the image,vinaigrette,"the image shows a dark-colored liquid, which appears to be a type of salad dressing. the specific type cannot be determined with certainty without additional context or information about the ingredients used in the dressing. however, based on its color and consistency, it could potentially be a balsamic vinaigrette, a soy sauce-based dressing, or another similar type of dressing that is often served with salads"
bd3b4a1c7f9f373,Where is the pitcher positioned in the image,in the foreground,"the pitcher is positioned on the right side of the image, placed on a white plate"
b78d3c1f05149a8,What type of dressing is shown in the image,vinaigrette,"the image shows a jar of mustard-based salad dressing, likely a vinaigrette or a mustard vinaigrette. this type of dressing typically includes ingredients such as mustard, olive oil, vinegar (often apple cider vinegar), and sometimes honey or maple syrup for sweetness. it's commonly used to dress salads and can be adjusted with various seasonings like garlic, herbs, or spices depending on personal preference. the presence of cherry tomatoes and what appears to be a red onion in the background suggests that this dressing could be used for a fresh summer salad"
b78d3c1f05149a8,What material is the surface the jar is sitting on,wooden,"the jar appears to be sitting on a wooden surface, likely a cutting board or a similar type of wooden table or countertop"
b78d3c1f05149a8,What color is the vinaigrette,yellow-brown,"the vinaigrette in the image appears to be a yellowish-orange color, which suggests it might contain ingredients like mustard or turmeric, common in some types of vinaigrettes dressings"
678de4c539aadec,What is the Mama's Balsamic Vinaigrette contained in,jar,"the mama's balsamic vinaigrette appears to be contained in a glass jar with a metal clasp lid. the jar is placed on a wooden surface, and there is a plate of salad in the background, suggesting that this vinaigrette is likely intended as a dressing for the salad"
678de4c539aadec,What material is the surface that the jar is placed on,wooden,"the jar appears to be placed on a wooden surface, likely a cutting board or a serving board"
678de4c539aadec,Where is the jar positioned,on a wooden surface,"the jar is positioned on the right side of the image, placed on a wooden surface"
da7ef8b9b9c353a,What color is the lettuce in the salad,green,"the lettuce in the salad appears to be green, which is typical for leafy greens like romaine or butter lettuce"
da7ef8b9b9c353a,How are the pomegranate seeds distributed in the salad,scattered,"the pomegranate seeds are distributed throughout the salad, adding pops of of color and texture to the dish. they appear to be scattered among the lettuce leaves, with some pieces of pomegranate seeds visible on top of the salad as well"
da7ef8b9b9c353a,What color are the pomegranate seeds,red,the pomegranate seeds in the picture are red
da7ef8b9b9c353a,What type of vegetable is red and present in the salad,tomato,the red vegetable in the salad appears to be pomegranate seeds
da7ef8b9b9c353a,Where is the clear glass bowl containing pomegranate vinaigrette dressing located,above the middle,"the clear glass bowl containing the pomegranate vinaigrette dressing is located in the center of the plate, slightly to the back and above the salad"
8388d987f7f6275,What color are the waffles,golden-brown,"the waffles in the picture appear to be golden brown in color, which is typical for freshly cooked waffles"
8388d987f7f6275,What food item is shown in the image,waffles,"the image shows waffles. waffles are a type of flat, square or round cake made from a leavened batter and cooked on a griddle or in an oven. they are often served with toppings such as syrup, whipped cream, or fruit"
8388d987f7f6275,What color is the plate,white,the plate in the image appears to be white
8388d987f7f6275,What describes the color variation of the waffles,darker,"the waffles in the picture show a range of golden-brown shades, indicating they they have been cooked to a consistent level of crispiness and don not appear to be overcooked or undercooked. the color variation is subtle but noticeable, with some areas appearing slightly darker than others, which could be due to the angle of the light hitting the waffles or the natural variation in cooking time across different sections"
8388d987f7f6275,Where are the waffles placed,on a white plate,"the waffles appear to be placed on a white plate, which is resting on a wooden surface"
0cd49eee53547b6,What color are the waffle fries,golden,"the waffle fries in the picture appear to be golden brown, which is typical for fried foods like waffle fries"
0cd49eee53547b6,What color is the ground beef in the bowl,brown,"the ground beef in the bowl appears to be brown, which is typical for cooked ground beef"
0cd49eee53547b6,Where are the waffle fries located in the bowl,on the left,"the waffle fries are located on the left side of the bowl, partially covered by what appears to be a piece of bacon and some ketchup"
0cd49eee53547b6,What color are the diced tomatoes,red,the the diced tomatoes in the image appear to be red
57c2735d6cec16a,What is the main food item in the image,waffle,"the main food item in the image appears to be a savory waffle, which looks like it might be filled with a mixture of ingredients such as cheese and possibly vegetables or herbs. it is garnished with a dollop of sour cream, chopped onions, and cilantro. the waffle seems to have a golden-brown color, suggesting it has been cooked thoroughly"
57c2735d6cec16a,What color are the tomatoes on the waffle,red,"the tomatoes on the waffle appear to be red, which is typical for ripe tomatoes"
57c2735d6cec16a,Where are the tomatoes located,on the waffle,the tomatoes are located on top of the waffle in the image. they appear to be diced and placed as a garnish or topping for the dish
57c2735d6cec16a,What color are the cilantro pieces,green,the cilantro pieces in the image are green
4ff6dd8fefab333,How would you describe the walleye pieces,awesome,"the walleye pieces in the image appear to be fillets that have been prepared for cooking. they are placed on a piece of aluminum foil, which is likely used to help with the cooking process and to keep the fish moist. the fillets seem to be have been seasoned, as there are visible specks of what looks like black pepper or another seasoning on their surface. the fish itself appears to be white, which is typical for walleye fillets. the yellowish liquid surrounding the fillets could be a marinade or a sauce that has been applied before cooking, possibly to add flavor and moisture to the fish"
4ff6dd8fefab333,What type of fish is shown in the image,walleye,"the image shows two pieces of fish that appear to be cod. cod is a common type of fish known for its mild flavor and flaky texture, which makes it suitable for various cooking methods including baking as seen here. the fish is placed on a piece of aluminum foil with what looks like melted butter or oil, which is often used to enhance the flavor and moisture of baked fish"
4ff6dd8fefab333,What color are the grilled walleye pieces,tan,"the grilled walleye pieces in the image appear to be a light golden-brown color, which is typical for fish that has been cooked on a grill or in an oven"
9518cfaa471cdac,What color are the watermelon slices,red,the watermelon slice in the picture is red
9518cfaa471cdac,What fruit is used in the carpaccio,watermelon,the fruit used in the carpaccio in the picture is watermelon
9518cfaa471cdac,What color is the plate,white,the plate in the image appears to be white
9518cfaa471cdac,Where are the feta cheese crumbles placed,on top,the feta cheese crumbles are scattered on top of the watermelon slices in the image
9518cfaa471cdac,What color are the pumpkin seeds,green,the pumpkin seeds in the image appear to be white or light beige in color
ef4405d0a3ebb18,What is the color of the My Rosy Watermelon Milk Shake,pink,"the my rosy watermelon milk shake appears to be a light pink color, which is characteristic of watermelon-flavored beverages due to the natural red and white hues of watermelon"
ef4405d0a3ebb18,What fruit is attached to the rim of the glass,watermelon,the fruit attached to the rim of of the glass appears to be a slice of watermelon
ef4405d0a3ebb18,What color is the interior of the watermelon wedge,red,"the interior of the watermelon wedge appears to be a vibrant red, which is typical for ripe watermelon"
ef4405d0a3ebb18,What is the color of the glass containing the My Rosy Watermelon Milk Shake,clear,"the glass containing the my rosy watermelon milk shake is clear, allowing the pinkish-red color of the milkshake to be be visible through it"
5eb218e918c79aa,What color is the plate,orange,the plate in the image is orange
5eb218e918c79aa,What shape are the potato pieces,wedges,"the potato pieces in the image appear to be cut into wedges. this is a common way to prepare potatoes for roasting or frying, as it allows for even cooking and a crispy exterior while keeping the inside soft and tender"
5eb218e918c79aa,What color are the potato wedges,golden-brown,"the potato wedges in the picture appear to be golden brown, which is typical for baked or fried potato wedges that have been cooked until crispy on the outside and tender on the inside"
5eb218e918c79aa,Where are the potato wedges placed,on plate,the potato wedges are placed in an orange bowl on a wooden surface
5eb218e918c79aa,What are the green flecks on the potato wedges,herbs,"the the green flecks on the potato wedges appear to be herbs, likely parsley or dill, which are commonly used as garnishes for roasted potatoes"
92fa4c525eb49da,What color is the sausage in the hot dogs,brown,"the sausage in the hot dogs appears to be a light brown or tan color, which is typical for cooked sausages"
92fa4c525eb49da,What color is the bun of the hot dogs,white,"the buns on the hot dogs in the picture appear to be white or light-colored, which is typical for hot dog buns"
92fa4c525eb49da,What food item is in the bowl next to the hot dogs,fries,the food item in the bowl next to the hot dogs appears to be french fries topped with ketchup and possibly some cheese or a creamy sauce
d6ecf0c1e85cc2a,What fruit is used to garnish the drinks,orange,the drinks in the picture appear to be garnished with a slice of orange or lemon
d6ecf0c1e85cc2a,What are the drinks served in,glasses,"the the drinks are served in glasses that appear to be stemmed, which suggests they might be wine glasses or cocktail glasses. the glasses have a decorative element at the rim, possibly a small piece of fruit or a garnish, which is often used for both aesthetic and flavor enhancement purposes in cocktails. the drinks themselves seem to be a light-colored beverage, possibly a type of punch or a cocktail, given the context of the presentation on a tray with other decorative items like cinnamon sticks and what looks like a cross-shaped decoration"
d6ecf0c1e85cc2a,What color is the mulled orange wine,amber,the mulled orange wine in the image appears to be a light orange or amber color
d6ecf0c1e85cc2a,Where are the glasses placed,on the tray,the glasses are placed on a decorative tray with a red and gold pattern in the background
5c6270288c1f68c,What material is the bowl made of,metallic,"the bowl in the image appears to be made of metal, likely stainless steel or aluminum, given its reflective and durable surface. however, without more context or a closer look at the material's texture, it's difficult to determine with certainty"
5c6270288c1f68c,What part of the chicken are the buffalo wings made from,wings,"the buffalo wings in the picture appear to be made from chicken drumettes and wingettes, which are the smaller, more tender pieces of the chicken wing"
5c6270288c1f68c,What color are the buffalo wings,orange,"the buffalo wings in the picture appear to be a golden brown color, which is typical for buffalo wings that have been cooked and possibly coated with a sauce or seasoning"
5c6270288c1f68c,Where are most of the wings located in the image,in the center,"most of the wings are located on the left side of the image, with some pieces extending towards the center and right side"
5c6270288c1f68c,What is the texture of the wings' coating,saucy,"the wings in the image appear to have a thick, glossy coating that suggests they might be coated with a sauce or glaze. this could be a sweet and spicy sauce, a barbecue sauce, or even a thick, sticky glaze that gives them a shiny appearance. the texture looks somewhat sticky and possibly slightly crispy on the outside, which is common for wings that have been baked or fried after being coated. however, without tasting or having more context, it's hard to determine the exact texture"
807ba3fcd1dc8e1,What vegetable is the main ingredient in this dish,cauliflower,"the main ingredient in this dish appears to be cauliflower. the pieces have been cooked and appear to be seasoned, which is common for cauliflower dishes"
807ba3fcd1dc8e1,What color are the cauliflower wings,golden brown,"the cauliflower ""wings"" in the picture appear to be golden brown, indicating they have been fried or baked until crispy and golden"
807ba3fcd1dc8e1,How are the cauliflower wings arranged on the plate,scattered across,"the cauliflower wings appear to be arranged in a somewhat scattered manner on the plate. they are not neatly stacked or lined up, but rather seem to be placed in a casual, natural way, which is typical for a dish that might be served as a snack or appetizer"
807ba3fcd1dc8e1,What is the cauliflower served on,plate,the cauliflower in the picture appears to be served on a blue plate
6a04e8ccad17554,What color are the wontons,golden-brown,"the wontons in the picture appear to be a golden brown color, which is typical for fried or pan-fried wontons"
6a04e8ccad17554,What food is in the bowl,wontons,"the bowl contains what appears to be a variety of fried dumplings or pastries. these could be potstickers, which are a type of chinese dumpling that is pan-fried and then steamed, or they could be another type of fried dumpling or pastry dish. the filling inside the dumplings looks like it might include vegetables or possibly meat, but without more context, it's difficult to determine the exact ingredients"
6a04e8ccad17554,How do the wontons appear,crispy,"the wontons in the image appear to be freshly cooked and golden brown, indicating they have been fried or pan-fried. they are are arranged neatly in a bowl, suggesting they are ready to be served. the filling inside the wontons seems to be be visible through the slightly translucent wrapper, which could suggest that it is a savory filling, possibly containing ingredients like vegetables or meat"
6a04e8ccad17554,What contains the wontons,bowl,"the image shows a bowl containing several wontons. wontons are are typically filled with a mixture of ingredients such as ground meat, vegetables, and sometimes cheese or noodles. they are often served in a broth or as a snack. the bowl appears to be ceramic with a decorative pattern around the rim"
6a04e8ccad17554,Where are the wontons,in the bowl,the wontons are in a bowl on a table
49f5905aa2f4a48,What color are the cabbage leaves,green,the cabbage leaves in the picture are green
49f5905aa2f4a48,What color is the ground beef filling inside the wraps,brownish,"the ground beef filling inside the wraps appears to be a brownish-red color, which is typical for cooked ground beef"
49f5905aa2f4a48,Where is the small bowl of sesame seeds located in the image,on the lower right,"the small bowl of sesame seeds is located on the right side of the image, near the bottom corner"
49f5905aa2f4a48,What herb is scattered throughout the wraps,cilantro,"the herb scattered throughout the wraps appears to be cilantro. it is commonly used in asian cuisine and is often found in dishes like lettuce wraps, which seem to be the type of dish shown in the image"
262601b88efcd8d,What color are the wraps,tan,"the wraps in the picture appear to be a light brown or tan color, which is typical for tortillas used in making burritos or wraps"
262601b88efcd8d,What are the two halves of food called,wraps,"the image shows two halves of what appears to be a burrito or a similar type of wrap. the filling includes ingredients such as beans, corn, and possibly some vegetables like tomatoes and possibly lettuce. burritos are typically made by wrapping a tortilla around a mixture of cooked rice, beans, cheese, and various other fillingsings. the specific name for this dish can vary depending on regional cuisine but it is commonly known as a burrito in many parts of the world"
262601b88efcd8d,What type of vegetable is visible in the filling,corn,"the image shows a burrito with visible ingredients that include corn, black beans, and possibly diced tomatoes. the green pieces could be either green bell peppers or cilantro, but without a closer look, it's difficult to determine definitively"
262601b88efcd8d,What color is the meat in the filling,pink,"the meat in the filling appears to be a mix of colors, including shades of brown and possibly some red, which could indicate the presence of ingredients like ground beef or other meats that have been seasoned or cooked"
262601b88efcd8d,Where is some corn located,on the plate,"in the image, there appears to be a burrito or a similar wrap that contains various ingredients. the corn can be seen in the lower left part of the burrito, mixed with other ingredients such as beans and possibly some vegetables like tomatoes. it's not clearly visible throughout the entire burrito but is present in one section"
d7cd03469abbcd0,What type of green vegetable is in the filling,spinach,the green vegetable in the filling appears to be spinach
d7cd03469abbcd0,What color are the scrambled eggs,yellow,"the scrambled eggs in the picture appear to be a light yellow color, which is typical for scrambled eggs that have been cooked with butter or oil and possibly some seasoning"
a3aedc3e6df1f95,What color are the yams,orange,"the yams in the picture appear to be a light orange or yellowish-orange color, which is typical for sweet potatoes or yams when they are cooked and served"
a3aedc3e6df1f95,What type of vegetable is being served,yams,"the dish in the picture appears to be roasted or sauted carrots, which are a common vegetable side dish. the carrots seem to have been cooked with some kind of sauce or seasoning, possibly including nuts and seeds as garnish, which adds a bit of crunch and flavor contrast to the softness of the carrots"
a3aedc3e6df1f95,What is the appearance of the yams' coating,glistening,"the yams in the image appear to be coated with a glossy, reddish-brown sauce or glaze. this suggests that they might have been roasted or baked and then drizzled with a sweet or savory sauce, possibly containing ingredients like honey, maple syrup, or spices such as cinnamon or nutmeg. the surface also seems to have some small green garnishes, which could be herbs leaves or edible flowers, adding a touch of color and freshness to the dish"
a3aedc3e6df1f95,Where are the pistachios placed,on top of,"the pistachios appear to be sprinkled on top of the dish, likely as a garnish"
a3aedc3e6df1f95,What color are the pistachios,green,the pistachios in the image appear to be green
e687d60cc671e96,What color are the yams,orange,"the image you provided shows slices of sweet potatoes, which are typically orange in color"
e687d60cc671e96,What type of vegetable is shown in the image,yams,"the image shows slices of sweet potato. sweet potatoes are a type of root vegetable that is often used in various dishes, including baked, roasted, or mashed. and can also be used to make sweet potato chips as seen in the image"
e687d60cc671e96,How are the yam slices arranged on the surface,scattered,"the yam slices in the image appear to be arranged randomly on a flat surface. they are not aligned in any specific pattern, but rather seem to be placed loosely and without much order. this arrangement gives them a scattered or natural look"
e687d60cc671e96,What color is the surface the yams are on,white,"the yams in in the picture appear to be on a white surface, likely a baking sheet or a similar flat cooking surface"
e687d60cc671e96,Where are the yams positioned,on a white surface,"the image shows a collection of round, flat pieces that appear to be sweet potato slices rounds. they are are spread out on what looks like a baking sheet or a similar surface. the positioning is somewhat scattered, with some pieces overlapping and others spaced apart"
c7c9a7e27e680e6,What color is the yogurt,white,the yogurt in the picture appears to be white
c7c9a7e27e680e6,What color are the pancakes,brown,"the pancakes in the picture appear to be a light brown or golden color, which is typical for pancakes cooked on a griddle or pan"
c7c9a7e27e680e6,What fruit is mixed with the yogurt,blueberries,the fruit that appears to be mixed with the yogurt in the image is blueberries
69795dbeec9b2ce,What is the texture of the yogurt,creamy,"the texture of the yogurt in the image appears to be smooth and creamy. this is typical for yogurt, which is often made by culturing milk with bacteria that break down lactose into lactic acid, resulting in a thick, smooth consistency. the presence of fresh berries on top suggests that it might also have a slightly soft and juicy texture from the fruit"
69795dbeec9b2ce,What is the main ingredient in the bowl,yogurt,"the main ingredient in the bowl appears to be yogurt, topped with fresh blueberries and raspberries"
69795dbeec9b2ce,What color are the raspberries on top of the yogurt,red,the raspberries on top of the yogurt are red
69795dbeec9b2ce,Where are the raspberries located,on top,"the raspberries are located on top of the yogurt in the bowl, positioned to the left side of the image"
d3abfd664deac6e,What color is the bowl in the image,blue,the bowl in the image is blue with a white interior
d3abfd664deac6e,What fruit is on top of the yogurt in the image,raspberries,the fruit on top of the yogurt in the image appears to be raspberries
2c056c7914aa530,What color is the baking dish,blue,the baking dish in the picture is black
2c056c7914aa530,What type of pasta is in the dish,ziti,"the pasta in the dish appears to be pennei, which is a short, cylindrical pasta with a square cross-section"
2c056c7914aa530,What color is the tomato sauce,reddish-orange,"the tomato sauce in the image appears to be a rich, deep red color, which is typical for a traditional tomato-based sauce"
e95d2afc654400d,What color is the turkey,reddish-brown,"the image you provided does not contain any turkey. it shows a dish that appears to be zucchini noodles (zoodles) topped with a meat sauce, likely ground beef or turkey, in a skillet. the meat is brown and mixed with vegetables like spinach. if you have another image or need help with something else, feel free to ask!"
e95d2afc654400d,What is the pale yellow food mixed with the turkey,spaghetti,"the pale yellow food in the image appears to be zucchini noodles (zoodles). zoodles are a low-carb alternative to pasta, made by spiralizing zucchini into noodle-like strands. they are often used in dishes like this one, which seems to be a bolognese sauce over zoodles, giving it a pale yellow color due to the zucchini"
e95d2afc654400d,"Where are the turkey, spaghetti, and zoodles scattered",throughout the entire pan,"the image shows a dish that appears to be a mix of spaghetti and zucchini noodles (zoodles) topped with a meat sauce, likely ground turkey or a similar lean protein. the dish is served in a frying pan on a red napkin placed on a wooden surface. there is no visible turkey in the image, only the cooked ingredients"
73c6313f570a1cd,What color are the grilled zucchini sticks,yellow,"the grilled zucchini sticks in the picture appear to have a mix of colors, primarily green and yellow. the green is from the outer skin of the zucchini, while the yellow is likely from the seasoning or possibly from the grill marks that have caused some parts of the zucchini to become slightly caramelized. the overall coloration suggests they they were seasoned with something that gave them a golden hue, perhaps a mixture of spices or oil"
73c6313f570a1cd,What vegetable is shown on the platter,zucchini,"the vegetable shown on the platter appears to be zucchini. it has been sliced lengthwise and grilled, as indicated by the char marks on its surface"
73c6313f570a1cd,What color is the pepper sprinkled on the zucchini,black,"the pepper sprinkled on the zucchini appears to be black, likely from a black pepper seasoning"
73c6313f570a1cd,Where are the zucchini piled on the plate,in the center,"the zucchini is piled on the plate in a somewhat scattered manner, with some pieces overlapping each other. the plate appears to be a round, dark-colored plate with a decorative pattern around its edge"
